time_s,x_m,y_m,z_m,roll_rad,pitch_rad,yaw_rad,u_mps,v_mps,w_mps,p_radps,q_radps,r_radps,Fx_N,Fy_N,Fz_N,Mx_Nm,My_Nm,Mz_Nm,depth_truth_m,depth_measured_m,heading_truth_rad,heading_measured_rad,dvl_x_mps,dvl_y_mps,dvl_z_mps,gyro_x_radps,gyro_y_radps,gyro_z_radps,accel_x_mps2,accel_y_mps2,accel_z_mps2
0.02,0.0,0.0,-6.0,0.03490658503988659,-0.026179938779914945,0.17453292519943295,0.0042429595695450606,-0.00042501642122106894,-6.070129652276728e-06,-0.010953649453359542,0.005546880081385704,0.0001847124292305006,10.0,0.0,0.0,0.0,0.0,0.0,6.0,5.993435157268228,0.17453292519943275,0.1819676601136817,-0.13317153023007852,0.08786670584869036,0.020562134527493156,-0.008910867229695217,0.0039766022554084965,-0.0025676689356496697,0.4868168052134254,0.3347612946117195,9.818347260954862
0.04,8.502655924623357e-05,6.370577082265549e-06,-5.999998196487922,0.03468731398929114,-0.026069197685893004,0.17454049145681075,0.008480574235287348,-0.0008437147013941935,-8.38685542683076e-06,-0.021769448392853486,0.011036490412470887,0.00036457806547637395,10.035999514001968,0.0119999280001296,0.007499968750039062,0.0005599817068459404,0.0005499889084004378,0.0005599954266778713,5.999998196487922,6.088529222990104,0.17454049145681072,0.18898779912152852,-0.14692741522374986,0.0887667953882097,0.0014229418178311254,-0.022439219556358216,0.013888931750902946,-0.0007233462500914281,0.5073702953383044,0.2971434905050178,9.856216512556005
0.06,0.00025495115504326306,1.92157777767044e-05,-5.999994527940375,0.03425153540294177,-0.025848853530417715,0.17455543869958678,0.012713019119529403,-0.0012561592066699478,-6.305387732498423e-06,-0.03237659839045493,0.016445080568197712,0.0005402897886482606,10.071996112062985,0.023999424004147188,0.014999750001249996,0.0011198536590700154,0.0010999112688139887,0.0011199634136918807,5.999994527940375,6.086974433050419,0.17455543869958667,0.19383643944624396,-0.14573259744271455,0.07106765374862986,0.0002646176854803183,-0.03142233971707748,0.014352431134087577,-0.0012190207517315589,0.4837960462005249,0.2673866270921653,9.841142074181144
0.08,0.000509649058007162,3.8640299390577945e-05,-5.9999889423765325,0.033603433014119326,-0.025520514871295686,0.17457750871286667,0.01694046566551983,-0.0016624159747110558,8.022553800131725e-07,-0.0427062309503897,0.021749436193515728,0.0007125022106428328,10.107986878478288,0.03599805603149255,0.022499156259492135,0.001679506123561914,0.0016497005413059912,0.0016798765227227053,5.9999889423765325,6.019057786062838,0.1745775087128667,0.15632246338260858,-0.13896545565370316,0.09255762129169712,-0.00858536349166586,-0.04222117366997168,0.021219250076695766,-0.0011997190450363168,0.4734315047905997,0.3150054011871317,9.884543051515742
0.1,0.0008489992950575522,6.474952057549718e-05,-5.999981397379815,0.03274857180594718,-0.02508625047722155,0.1746063744755868,0.02116308139505329,-0.00206255337230197,1.3542520571829875e-05,-0.052691916724315446,0.026926986649990783,0.0008818203679844734,10.143968898015476,0.04799539213270858,0.02999800003999962,0.0022388294102302186,0.00219929020204526,0.002239707318140031,5.999981397379815,6.065986849230223,0.1746063744755868,0.16496575347338505,-0.11021655113598605,0.08287609623739872,0.0022496971333110932,-0.053128478751793363,0.02613240776351725,0.0026568185307842503,0.5051618769313744,0.26321266195646564,9.81606482658875
0.12000000000000001,0.0012728846089665737,9.764952082761037e-05,-5.999971860073356,0.03169384873950474,-0.024548576965907013,0.17464164577929675,0.025381029720193425,-0.0024566426030539538,3.2495692890973465e-05,-0.0622701473201446,0.03195590824910222,0.001048789606569549,10.179939256150641,0.05999100040499132,0.037496093872068495,0.00279771389350131,0.002748613751353387,0.002799428368346895,5.999971860073356,6.0490387894690025,0.17464164577929697,0.19063151442489445,-0.12902362735864945,0.10491587792844524,-0.011308414617953679,-0.0644345770327847,0.032402599134641386,0.0028276367406948845,0.46490223073763165,0.2632547523734997,9.85525932174318
0.14,0.0017811914145759648,0.00013744708871308642,-5.999960307049328,0.030447433747009343,-0.0239104444634588,0.17468287618339406,0.029594469816460495,-0.0028447580446282336,5.821139648271442e-05,-0.07138078483435951,0.03681522249627846,0.0012138868738108995,10.215895039304439,0.0719844490077385,0.04499325030374349,0.003356050033805632,0.003297604721751125,0.003359012247123828,5.999960307049328,5.968808956082264,0.17468287618339406,0.19849845104381325,-0.11215478559788251,0.07043711267831233,0.024381609429479742,-0.07085069268909971,0.03585906089770553,0.00036808262181379386,0.4292262043278299,0.26922325310348855,9.7763884799361
0.16,0.0023738097518608155,0.00018424971887245477,-5.999946724252468,0.02901870165970382,-0.023175220361894285,0.1747295711330549,0.03380355656332491,-0.0032269774000922022,9.120424879955632e-05,-0.07996747481708848,0.0414848888128161,0.001377513596420621,10.251833335078093,0.08397530617809572,0.052489281906504294,0.003913728399047093,0.0038461966860008677,0.0039184315349727345,5.999946724252468,5.949612900922769,0.17472957113305476,0.1849505900403856,-0.1401667634108537,0.08744202235310972,0.00801436917469996,-0.07928195753868028,0.04153017955419246,0.0030461653813019752,0.4658337368948182,0.2663639186882979,9.800791635908686
0.18,0.0030506332360802487,0.00023816559810987088,-5.9999311068183205,0.027418155828630844,-0.022346671260091735,0.1747811970425093,0.03800844055620353,-0.0036033816537180702,0.00013194969536638147,-0.0879780190242321,0.0459458912495122,0.001539990281210451,10.287751232489294,0.09596314024649985,0.05998400127995124,0.004470639686051407,0.004394323265144265,0.004477658820460437,5.9999311068183205,6.060839961608223,0.17478119704250927,0.15701048032296194,-0.12247944511676276,0.0741763924434466,-0.010716285870775145,-0.08707811067793149,0.04684317157353357,-0.0006883897913330743,0.43942584280496666,0.21568573084003323,9.84046073159217
0.19999999999999998,0.003811559005310384,0.0002993035811110545,-5.999913458866948,0.025657344270870068,-0.02142894318219014,0.17483719112779433,0.04220926819240553,-0.0039740548275545495,0.00018088005251199634,-0.09536470500362008,0.05018031875580481,0.001701552932828518,10.323645822207991,0.1079475196522191,0.06747722105649034,0.00502667474198917,0.004941918136533999,0.005036666701561842,5.999913458866948,6.110492920193325,0.17483719112779417,0.16477807380181897,-0.11693993248128601,0.0806559983152337,-0.03270168272022131,-0.09193784178110856,0.0480734458640759,0.002563030853784524,0.40592111169922285,0.2443903065094529,9.834088236652743
0.21999999999999997,0.004656487665702753,0.0003677731565511109,-5.999893793253093,0.023748769233065598,-0.020426540176439766,0.17489697176003458,0.04640618183165958,-0.0043390835412662416,0.00023838078552794532,-0.10208459028385283,0.05417143862113545,0.001862351337530996,10.359514196792045,0.11992801295888919,0.0749687539060175,0.005581724585769459,0.005488915041858742,0.00559542778700262,5.999893793253093,6.024480670151802,0.1748969717600346,0.19491086059099239,-0.11179968535037145,0.08565965646479597,0.002756505791560895,-0.0992684847981104,0.053469883801082176,0.003962098436234209,0.45107840140763783,0.21222739965508475,9.84194250802178
0.23999999999999996,0.005585323234851249,0.0004436844045459261,-5.999872131273948,0.02170579110762114,-0.019344301406654742,0.17495994910284832,0.05059932003001523,-0.004698556383855965,0.00030478704939857984,-0.1080997396663927,0.05790376276075244,0.0020224492171511755,10.39535345092272,0.13190418887004499,0.0824584125406016,0.0061356804293997815,0.006035247795160324,0.006153914697601387,5.999872131273948,6.079718005508895,0.17495994910284818,0.19363279887690998,-0.11611043498561431,0.061025440774481084,0.018179357421982026,-0.10867909109987635,0.055369860032117475,0.005093623040191057,0.4323283771646196,0.2096242154824896,9.821333541819438
0.25999999999999995,0.006597973083682287,0.0005271479465642903,-5.999848502335942,0.01954252766466373,-0.01818737685757307,0.17502553579570468,0.054788817844091425,-0.005052563111779325,0.00038038051851660084,-0.1133774148454634,0.06136310657584831,0.0021818262135811996,10.43116068164003,0.14387561624464706,0.08994600971916689,0.006688433699308172,0.006580850290842168,0.006712100067611264,5.999848502335942,6.023062688624639,0.17502553579570446,0.17215580363401983,-0.08555285994881559,0.10790787599587769,0.0034671004533116433,-0.1111546540054529,0.05754494336599828,0.0017346708763474284,0.3797870357045003,0.13964180503816886,9.834025665533884
0.27999999999999997,0.0076943478773058216,0.0006182748890491293,-5.999822943582129,0.017273749575066097,-0.016961201784379508,0.1750931574488558,0.05897480720088572,-0.0054011936934547046,0.00046538653062632574,-0.11789021627942979,0.06453664017728969,0.002340381622450483,10.466932988577863,0.15584186411260292,0.0974313582521739,0.007239876057623264,0.007125656511667975,0.007269956546060806,5.999822943582129,6.055471683156494,0.17509315744885567,0.18276653747302207,-0.08327003382604166,0.07652076025791336,0.006972892116181852,-0.11663456714447332,0.06607519517918696,0.0009557888868216378,0.39270182498823153,0.15326423048324941,9.859708328166
0.3,0.008874361515279101,0.0007171767620928872,-5.99979549948198,0.01491477319714973,-0.015671470045149686,0.17516226272459176,0.06315741732669897,-0.005744537225106546,0.0005599715686125134,-0.12161617789630635,0.06741293182270616,0.002497939756286493,10.502667474198917,0.16780250169028163,0.10491427100629916,0.0077898994234081665,0.007669600536749728,0.007827456798094186,5.99979549948198,5.964178779659821,0.17516226272459168,0.19237535265796968,-0.11463850568824079,0.0844643659229423,0.012257291160826975,-0.12055896036747078,0.06713728762482292,0.00036901120639087166,0.3621439331911496,0.14627722965564183,9.862429353532763
0.32,0.01013793107174046,0.0008239654545727918,-5.999766221385571,0.012481351583182997,-0.014324106462765582,0.17523233279363473,0.06733677522721049,-0.006082680747115639,0.0006642411016853187,-0.12453881582172865,0.06998198347774225,0.0026542567831571657,10.538361244029392,0.17975709839602208,0.11239456090911351,0.008338395993843983,0.008212616549524049,0.008384573506310599,5.999766221385571,5.985525332998193,0.1752323327936347,0.1913225380552932,-0.10067521132590125,0.06945504341360705,0.020212069177775335,-0.12126967049792024,0.06781384350357166,0.004088594367194303,0.376453277891871,0.12626025636936827,9.86359118829477
0.34,0.011484976735867281,0.0009387531471759723,-5.999735167044347,0.009989564632746133,-0.012925238369663784,0.17530288997401205,0.07151300620939252,-0.006415707993470801,0.0007782378050309811,-0.1266471328593715,0.07223525847316632,0.0028090288573402664,10.574011406893451,0.19170522386563407,0.11987204095375904,0.008885258265358815,0.008754638845715914,0.008941279372102814,5.999735167044347,6.014356610572199,0.1753028899740121,0.16430894477797153,-0.10091645979947371,0.08422835164252997,0.0037445973927647132,-0.12638645441639326,0.07052686767926998,0.005390653227134314,0.35465561211148455,0.12110720342458942,9.86651561245034
0.36000000000000004,0.012915421753100769,0.0010616522447326605,-5.999702400100807,0.007455709279989403,-0.011481166494350265,0.17537350538213456,0.07568623443481033,-0.006743698109431851,0.000901940174150395,-0.12793558092323912,0.07416570128954543,0.002961901334491671,10.60961507514739,0.20364644796789103,0.12734652420362402,0.009430379054698127,0.009295601841288794,0.009497547116994794,5.999702400100807,5.979496855317867,0.17537350538213436,0.18721498965323224,-0.08625216209003782,0.0659980582881473,0.0007948482239453023,-0.12663004265807218,0.07755850434738557,0.005349729655380335,0.36363863352797793,0.04704224198944187,9.83921092500403
0.38000000000000006,0.014429192367560599,0.0011927753092293124,-5.99966798954965,0.004896190552456915,-0.009998335352715909,0.17544380545139865,0.07985658349294236,-0.007066724374062373,0.001035261546956571,-0.1284039840129587,0.07576774955957295,0.003112478845461229,10.64516936491355,0.21558034082001493,0.13481782379701657,0.009973651519932307,0.009835440080380238,0.01005334948397834,5.99966798954965,5.994715449450937,0.17544380545139848,0.18669184412816886,-0.07635326191549717,0.08243161886492648,0.013493777186723876,-0.1276700011015984,0.0754257999462168,0.0008890526498929827,0.36901435645014297,0.01360222992721605,9.824466528557911
0.4000000000000001,0.016026217766045674,0.0013322349947946326,-5.999632009173032,0.00232741428227961,-0.008483303309622372,0.17551347720171095,0.08402417698249229,-0.0073848529648399336,0.0011780495433223806,-0.12805742463424272,0.07703733843410267,0.0032603359905221535,10.680671396313896,0.22750647280315192,0.14228575295183596,0.010514969181397353,0.010374088243221967,0.010608659238848673,5.999632009173032,5.983517331593792,0.17551347720171107,0.18647568439308015,-0.07629170989907039,0.10147694796304131,0.006488422053389871,-0.12594271780982455,0.07620780774841236,0.0058031592495233365,0.3126563687217331,-0.010498157027729705,9.847780766784043
0.4200000000000001,0.017706430023983408,0.00148014398584308,-5.999594536952756,-0.0002343178120142158,-0.006942712476855056,0.1755822721731607,0.08818913908826757,-0.007698141801097878,0.0013300859282455559,-0.1269060967965789,0.07797189751073169,0.0034050284093562894,10.716118293703296,0.23942441457783872,0.14975012497024223,0.011054225942564548,0.010911481154043468,0.011163449171538917,5.999594536952756,5.922432950341241,0.1755822721731608,0.20110674746286206,-0.05399814635479592,0.05057033193487122,0.004970803433805295,-0.12186749570948306,0.07743980534070942,0.0008638707753897794,0.33210301360542577,-0.04588048966817605,9.841746693426176
0.4400000000000001,0.019469764053650168,0.0016366149394260532,-5.999555654462321,-0.002772910021257693,-0.005383258612274776,0.17565000896788593,0.09235159514107415,-0.008006639501621166,0.0014910869012167273,-0.12496512887072997,0.07857034057265559,0.0035461039815312917,10.751507185902444,0.2513337370994585,0.15721075324332373,0.011591316110835033,0.01144755378895819,0.011717692097453372,5.999555654462321,5.999437625368159,0.17565000896788607,0.19775629645988513,-0.08097518684384145,0.07199089197820338,0.013443410681443186,-0.12772168055705602,0.07459332328828377,0.007906548339065471,0.24622112860392456,-0.09925432832822156,9.841559398184021
0.46000000000000013,0.02131615755494038,0.0018017604326847113,-5.999515446241864,-0.005272570935744064,-0.003811661181821525,0.17571657437525767,0.0965116721482264,-0.008310384489359845,0.0016607038108263962,-0.12225437966353768,0.07883304842982228,0.00368311391713128,10.78683520643042,0.2632340116336867,0.1646674512557622,0.012126134418255217,0.011982241283831362,0.012271360858799563,5.999515446241864,5.968865775156659,0.17571657437525756,0.19552916184142122,-0.0694158315092904,0.08518616483658761,0.022102083134808933,-0.12566212051899456,0.08182669831373827,0.004424112450821132,0.26623497145934333,-0.054077629536196894,9.804182578066147
0.48000000000000015,0.02324555096891233,0.001975692916124816,-5.999473999159119,-0.007717907615556187,-0.002234633740976826,0.17578192308613275,0.10066949928269169,-0.008609404273011774,0.0018385242902121746,-0.11879821107224904,0.07876184519354847,0.0038156235072506046,10.822099493736873,0.2751248097719254,0.17212003259049574,0.012658576042148966,0.012515478942128467,0.012824428325918964,5.999473999159119,6.083467150846349,0.1757819230861326,0.17321846630371018,-0.07925948344265395,0.07116964960948538,-0.0072294879518745424,-0.11704312925937886,0.0786134904537497,0.006478626332799458,0.2367019623942381,-0.08151050393500874,9.8124702775782
0.5000000000000001,0.02525788743428569,0.00215852467324788,-5.999431401759576,-0.010094015195218038,-0.0006588547854834634,0.1758460760314467,0.10482520831956778,-0.008903714931255611,0.0020240738057046167,-0.11462524062188317,0.07835996834925427,0.00394322231872019,10.857297191433817,0.28700570344672566,0.17956831093337905,0.01318853662566251,0.013047202242743437,0.013376867398616344,5.999431401759576,6.0234987381630845,0.17584607603144686,0.19174017116125164,-0.05079127590750925,0.07625992589574035,-0.001004381302529481,-0.10857005038837525,0.07676275224966432,0.00499123438885481,0.28211813574844824,-0.118181929462401,9.87070859664987
0.5200000000000001,0.02735311274701048,0.00235036778687928,-5.999387743609077,-0.012386561542765476,0.0009090607872813466,0.17590911740823334,0.1089789340095144,-0.009193320820796382,0.002216817608043752,-0.10976807707480728,0.07763203301945536,0.004065533636118684,10.892425448526982,0.29887626494719843,0.18701210007784153,0.013715912298218055,0.013577346847805644,0.013928651007487676,5.999387743609077,6.014952934106111,0.17590911740823323,0.2036397341146694,-0.030197688111579316,0.06756924293842198,-0.007417995983563429,-0.10498073613706317,0.0750085361984943,0.007470584299046299,0.20996605850227082,-0.14676790455455693,9.830549805239885
0.5400000000000001,0.02953117532297013,0.002551334112337829,-5.9993431146321194,-0.014581866656072317,0.0024625894746640523,0.1759711904817451,0.1131308143799052,-0.009478214524242565,0.00241616307286081,-0.10426304214013934,0.07658399083040604,0.004182222976183148,10.927481419646748,0.31073606693441175,0.1944512139295423,0.014240599695872064,0.014105848610464697,0.014479752115246528,5.9993431146321194,6.050216894218614,0.17597119048174514,0.20360811198701567,-0.045676807284015526,0.05534438091693951,0.022264966027093738,-0.1010926723384937,0.07661219534563733,0.002863984995575715,0.19462832030884863,-0.19566966177808434,9.856625513407227
0.5600000000000002,0.03179202616382413,0.00276153525739753,-5.9992976044491435,-0.016666976537876188,0.003995326102109979,0.1760324922752637,0.11728099095580752,-0.009758377048297066,0.00262146241478721,-0.09814988111067169,0.07522308381072515,0.004293005524501498,10.96246226527862,0.32258468245677485,0.20188546651102246,0.014762495981574295,0.014632643582652125,0.015030143718048885,5.9992976044491435,5.994669825327365,0.17603249227526385,0.17595467194531578,-0.06462197479896409,0.06782133576632171,0.017447390897342624,-0.09630555767579743,0.07581088917536596,0.003222815425120148,0.18216996594726795,-0.18156231575452253,9.841767918178144
0.5800000000000002,0.03413561882593885,0.0029810825688055707,-5.999251301716075,-0.01862973134477654,0.005501009784575408,0.17609326727907393,0.121429608894406,-0.010033778276951007,0.002832015757586252,-0.09147146502563921,0.07355779375902455,0.004397652371156519,10.99736515199323,0.33442168496540864,0.20931467196635473,0.015281498865323498,0.015157668022819024,0.015579798846816333,5.999251301716075,6.00926828361284,0.17609326727907382,0.20399657911184033,-0.03142068906350598,0.0792671398617635,-0.011284073170795763,-0.08860427940242858,0.07025810815426203,0.006029708117162198,0.1833335542918688,-0.2048270390817513,9.851533156382487
0.6000000000000002,0.03656190939229999,0.003210087124945485,-5.9992042934693695,-0.02045882765408178,0.006973548819257874,0.17615380032664854,0.1255768170281288,-0.010304377678455934,0.00304707454110656,-0.084273486707625,0.07159778752019866,0.004495995450122993,11.032187252675838,0.3462466483295011,0.2167386445657896,0.015797506624215946,0.0156808584036487,0.01612869056855754,5.9992042934693695,5.994113924105936,0.17615380032664874,0.20647361604481418,-0.060604268428186364,0.050690120672343034,0.009434603193450335,-0.08333490946380477,0.06884844428566503,0.006952142504489115,0.14660073223323802,-0.1804060517005954,9.814211202470023
0.6200000000000002,0.03907085644724724,0.0034486597340747907,-5.999156664479763,-0.02214387473551791,0.008407044425405125,0.17621440879917394,0.12972276781347883,-0.010570125258951507,0.003265845244619212,-0.07660415275964583,0.0693538586069616,0.004587931116044758,11.066925746755324,0.35805914685164836,0.22415719871039883,0.016310418122382805,0.01620215141974342,0.016676791987687966,5.999156664479763,6.081964179020588,0.17621440879917394,0.1541668640519811,-0.02018859141160321,0.06240480699797775,0.012417052282049841,-0.0807136763770909,0.06970785380067346,0.007951611117873191,0.15818555306401166,-0.24036016989426692,9.851734411223514
0.6400000000000002,0.041662421053822604,0.0036969109374259197,-5.999108496617892,-0.023675444752413823,0.009795813259356686,0.176275434329021,0.13386761718438026,-0.010830962749871241,0.003487493405197713,-0.06851387334192581,0.06683786559489309,0.004673422320925795,11.101577820432665,0.3698587552831793,0.23157014893671513,0.016820132830812424,0.016721483995284243,0.017224076247347737,5.999108496617892,5.99749398289018,0.17627543432902115,0.16955038934420008,-0.02937346143867299,0.05880022987277114,-0.0038481034481233824,-0.06636863364742848,0.06617486229411111,0.006314653338226468,0.1827414060920835,-0.2849648021196833,9.87067534145777
0.6600000000000003,0.04433656673347843,0.003954951016340819,-5.99905986823485,-0.025045116849148123,0.011134408644995058,0.1763372341786075,0.13801152431068772,-0.011086825010759816,0.00371114790919444,-0.06005495128434802,0.06406266770623939,0.004752499381696438,11.136140666908835,0.3816450488394647,0.23897730992136895,0.017326550847053698,0.017238793291663158,0.01777051653071763,5.99905986823485,6.02004262739171,0.17633723417860736,0.19789142556894612,-0.02064507214630472,0.0645839821724816,-0.004324824683564543,-0.0583487284001111,0.062282440491321575,0.004456567052043898,0.12641622697123064,-0.2874721228123524,9.825370088355838
0.6800000000000003,0.047093259447851366,0.0042228900025157445,-5.999010853560682,-0.026245515108621872,0.012417640471180115,0.17640017247334353,0.14215465126433552,-0.011337641624023882,0.003935905534512246,-0.051281271836648386,0.06104205798065943,0.004825259357057263,11.17061148661217,0.3934176032152095,0.24637849648572147,0.017829572914796657,0.01775401671508646,0.018316086062333103,5.999010853560682,6.108480886113496,0.17640017247334372,0.20366490996796616,-0.009585317350212254,0.08974262071849069,-0.019044127444097197,-0.052276408834444996,0.056834546654986905,0.006424554087315891,0.13567330093459354,-0.2539751589058318,9.871225044234055
0.7000000000000003,0.04993246758227367,0.004500837690365243,-5.998961522123729,-0.027270340385674573,0.01364059371829061,0.17646461146610593,0.14629716259739275,-0.011583338653504522,0.0041608357212119355,-0.042247994119871665,0.05779069441072256,0.00489186407801511,11.204987487425118,0.4051759945997277,0.25377352360049404,0.01832910044332635,0.01826709192414853,0.018860758109396254,5.998961522123729,5.963023664700906,0.17646461146610593,0.22208566762627058,-0.024439615451558188,0.07810259301514232,0.0020040462949363104,-0.039655902300822055,0.05801976170330862,0.0027846328383483642,0.07804222025965303,-0.23561829131387405,9.847925245822356
0.7200000000000003,0.05285416193066525,0.0047889036504743755,-5.998911938193604,-0.02811439604014948,0.014798645585524947,0.17653090300610705,0.15043922483800473,-0.011823840534692546,0.004384985547977611,-0.03301124512441842,0.05432402939700876,0.004952536900727566,11.239265884910411,0.41691979969219917,0.26116220639039395,0.01882503552684632,0.018777956837375067,0.019404505983085765,5.998911938193604,6.014237405035003,0.17653090300610685,0.17643191481735077,-0.015839891546530753,0.05594324776624724,0.013434578793024475,-0.03630070631267482,0.055972201051651516,0.00336374880268241,0.11490662172295177,-0.3092962928612086,9.877287534335819
0.7400000000000003,0.055858315681428086,0.005087197243096407,-5.998862160250493,-0.028773607607278325,0.015887481198991225,0.17659938037731915,0.15458100591181004,-0.012059072060983087,0.004607384892023698,-0.023627816906313145,0.05065823785291079,0.005007558272346503,11.273443902536593,0.428648595716909,0.2685443601387363,0.019317280963667853,0.019286549640734854,0.019947303039864615,5.998862160250493,5.9324378192510165,0.17659938037731937,0.2071242418264112,-0.005802327763822412,0.053812898269088666,0.02512771808227964,-0.022897467694184027,0.05133726090617634,0.0076304217219841505,0.08009139564698253,-0.3192566271358732,9.837342757028066
0.7600000000000003,0.05894490440395016,0.00539582763066943,-5.998812240483316,-0.029245036453789883,0.01690310788776629,0.17667035066103245,0.1587226744978981,-0.012288960427646805,0.004827051750112704,-0.014154867467430558,0.04681014426346222,0.00505726022024133,11.307518771902924,0.44036196043846704,0.2759198002920618,0.01980574027526116,0.019792808795119216,0.020489122682785625,5.998812240483316,6.045407096510508,0.17667035066103232,0.18515254901715839,-0.01100744084170641,0.07705954831826074,0.014698533322076386,-0.017231528834362044,0.04588778313236931,0.008456943314629983,0.0924681004984937,-0.32701233237892474,9.797680840870537
0.7800000000000004,0.062113906035318696,0.005714903788369027,-5.998762224319192,-0.029526887476283643,0.017841868020997898,0.17674408776394648,0.16286439932968902,-0.012513437293231039,0.005042997698408766,-0.004649625669834059,0.042797148976467074,0.005102019892089153,11.341487732963612,0.45205947217700826,0.2832883424647509,0.020290317725164875,0.02029667304378815,0.021029938362794705,5.998762224319192,6.0381617862502335,0.17674408776394657,0.17897574972970753,-0.017564699396155924,0.06765090800496779,0.0009429186833241517,-0.004354637020378889,0.0432961549501823,0.004099674614455221,0.04363451928387975,-0.3320275331325109,9.841194719362491
0.8000000000000004,0.0653653008668428,0.006044534511783839,-5.998712149986458,-0.02961851090459899,0.018700450403785256,0.17682082623772868,0.1670063484522534,-0.012732440816932722,0.005254233468872795,0.004830899569171942,0.038637153978591014,0.005142252288695369,11.375348034251388,0.46374070982337356,0.2906498024436329,0.0207709183377501,0.02079808141978232,0.021569723580031744,5.998712149986458,6.054299668975623,0.17682082623772866,0.1877702571469686,0.0195122638487376,0.0766649295728063,0.022025794059058475,0.008491526147152923,0.03903328132554669,0.003971830207295053,0.03946011714244292,-0.3062408132601085,9.840810267363672
0.8200000000000004,0.0686990715299928,0.006384828420895035,-5.9986620481133865,-0.02952039827780512,0.01947590023306915,0.17690075599855007,0.17114868707913689,-0.012945917630129998,0.005459774619773245,0.01422945882232673,0.03434848838453892,0.005178402342955227,11.40909693310036,0.47540525285426916,0.2980039961925918,0.021247447916835336,0.021296973253299985,0.022108451885129096,5.9986620481133865,6.024377177775238,0.17690075599855026,0.1815328104063587,-0.01790455679295161,0.0920547227694122,-0.004229447923189496,0.015296040877145204,0.03224236463306209,0.005107736761114749,0.0466057210996961,-0.349238879792783,9.828677307251938
0.8400000000000004,0.0721152029544237,0.006735893954838027,-5.998611941364022,-0.029234187600735904,0.020165627617202465,0.1769840180360715,0.17529140175079186,-0.013153824784667156,0.005658647044632495,0.023485360458324993,0.02994983379421132,0.005210936633973297,11.442731695868172,0.4870526813474057,0.305350739857167,0.021719813064148587,0.021793288179037976,0.022646096880507605,5.998611941364022,6.0546707881042,0.17698401803607133,0.20200776275777166,0.06457586300084639,0.06840387567811335,0.0077597969104479785,0.02558896056090418,0.02899723584155031,0.005183786022186015,0.0026860417783959555,-0.3032973808336781,9.797483259788478
0.8600000000000004,0.07561367887906523,0.007097838745409257,-5.998561844043519,-0.02876273249014675,0.02076741466476099,0.1770707011746386,0.17943435327060778,-0.01335613195791228,0.005849891316253672,0.032538585360758085,0.02546014949307559,0.005240335372917818,11.47624959815743,0.49868257599661536,0.3126898497691493,0.022187921197633166,0.022286966143495825,0.023182632221670066,5.998561844043519,6.0827320599250925,0.1770707011746384,0.19125165890045803,0.054160203736779974,0.08675976291610411,0.005540084151179427,0.03392308060057693,0.025128545814116766,0.006690118669654809,-0.022747522618076634,-0.29918534395946444,9.877210218848813
0.8800000000000004,0.07919447941949258,0.007470769173181251,-5.998511761762329,-0.028110088968802373,0.021279421150311957,0.1771608399191054,0.18357739935807427,-0.013552823097249594,0.006032568261828722,0.041330920018578826,0.02089859818753795,0.00526708322827904,11.509647925036374,0.5102945181269468,0.3200211424511734,0.022651680569593484,0.022777947412242157,0.023718031618492112,5.998511761762329,6.06392915728372,0.17716083991910558,0.17235388561743914,0.03330977266103214,0.07394219929922227,0.003771050811823649,0.043771215418329186,0.018717299053002182,0.007041705271629398,0.007070883486519056,-0.3286099377116767,9.806043914320707
0.9000000000000005,0.08285758106314452,0.0078547903521508,-5.998461691193105,-0.027281479527698188,0.02170018876260336,0.17725441347020238,0.18772039389020925,-0.013743897748415041,0.006205764912590377,0.049806374224790576,0.016284472241271344,0.0052916599048427665,11.542923971258787,0.5218880897097374,0.32734443462130397,0.023111000284677267,0.023266172577142488,0.024252268836510434,5.998461691193105,5.980591017685716,0.17725441347020254,0.1925257949172665,0.04533182531234799,0.057666863753022435,0.0074521529809634494,0.04727853488854721,0.015797302328350447,0.006628457186451724,-0.01724405160818644,-0.2864395094291053,9.783444937937658
0.9200000000000005,0.08660295666235308,0.008250006108740753,-5.998411619874949,-0.02628324875582575,0.022028643941101142,0.1773513459200109,0.19186318618139706,-0.01392937209309774,0.006368600498025105,0.05791157495929085,0.01163712048568035,0.005314530946548496,11.576075041483122,0.5334628733776623,0.33465954319761815,0.02356579031769078,0.023751582563547542,0.02478531769820823,5.998411619874949,6.078757176477442,0.17735134592001067,0.21519675812983285,0.06186756988166818,0.0423810119892824,0.008552815159505608,0.06221305690022982,0.011100685726235805,0.0072513860151634125,-0.04394651003805901,-0.27711650668938864,9.853626656693455
0.9400000000000005,0.09043057542501007,0.008656518955296425,-5.99836152606598,-0.02512281100895126,0.02226409930628854,0.17745150760672473,0.19600562031502672,-0.014109279667564619,0.006520232453598951,0.06559613274913219,0.006975875730652411,0.00533613895818254,11.609098450490812,0.5450184524397595,0.3419662853027826,0.02401596153124349,0.024234118637441203,0.025317152084297932,5.99836152606598,5.959680052253865,0.17745150760672468,0.16417336412269012,0.03582418751063472,0.06507512674868102,0.03475366603081021,0.07086689648662915,0.0035507259499780743,0.005456323857594671,0.02685120071005059,-0.27330002653584873,9.881765792797818
0.9600000000000005,0.09434040290275056,0.009074430058401167,-5.998311378644978,-0.02380859066662211,0.022406253688764925,0.17755471758388836,0.2001475345396254,-0.014283671741116812,0.00665986240776505,0.07281297726282726,0.002319983095525593,0.005356895428216408,11.641991523403785,0.5565544108964309,0.3492644782686252,0.024461425693218665,0.024713722412547254,0.02584774593500104,5.998311378644978,5.982628812051067,0.17755471758388852,0.17219046015905226,0.05599734130913975,0.07774781934659997,0.013360446106503327,0.07502586892745298,0.0041293389799822375,0.0036240496756420795,0.04470110457235546,-0.24562381652269094,9.839688217871648
0.9800000000000005,0.09833240097659113,0.009503839202512894,-5.9982611370625785,-0.022349955595088435,0.02245519076212597,0.177660747136622,0.20428876074125404,-0.0144526173408421,0.006786742111014584,0.07951865940277437,-0.0023114707228249114,0.005377173318578438,11.674751595901117,0.5680703334544176,0.35655393964070187,0.024902095494066634,0.025190335857394067,0.02637707325132502,5.9982611370625785,6.023458231421212,0.17766074713662183,0.18515204299731458,0.021357645972058442,0.036360527711302465,0.0035418021620171915,0.07827463125063193,-0.0021285431783752335,0.0056635303391442335,0.032245791425629416,-0.264581958951408,9.874872832409519
1.0000000000000004,0.10240652784001958,0.009944844749590141,-5.998210751342285,-0.02075714449198757,0.022411376285055025,0.1777693242564446,0.2084291240027844,-0.014616202917194435,0.006900179267023396,0.08567361769813545,-0.006899482725340581,0.005397300567229272,11.707376014434852,0.5795658055417516,0.3638344871828581,0.02533788456391716,0.02566390130233632,0.026905108096337296,5.998210751342285,6.029313499427003,0.17776932425644443,0.2161732382742989,0.0029226585630403035,0.07412621616486054,-0.008367151663597538,0.08989130364114377,-0.0034415146168895617,0.004504730562269502,0.025056074079653497,-0.1935547177056462,9.763972274956334
1.0200000000000005,0.10656273797959345,0.010397543595527955,-5.998160162131275,-0.019041188837072252,0.022275656846583922,0.1778801389076457,0.21256844223806334,-0.014774531653204288,0.006999543815513421,0.09124240734844971,-0.011424494696273182,0.005417554566063425,11.739862136444922,0.5910404133226791,0.3711059388817844,0.02576870748950764,0.02613436144653296,0.02743182459643611,5.998160162131275,5.971945718618094,0.17788013890764587,0.2087384418337508,0.07106516561794118,0.06405000786724395,-0.005076395860309358,0.0900584574357039,-0.01395573491736317,0.0022555358367322407,-0.008638496038889637,-0.22274438556127182,9.862040693622244
1.0400000000000005,0.1108009821531378,0.010862031124322286,-5.998109300801196,-0.017213830211381943,0.02204927138176223,0.17799284877605773,0.21670652582325833,-0.014927722427043991,0.007084277038333453,0.09619389080540865,-0.015867222194802653,0.005438157437673567,11.772207330573206,0.6024937437125594,0.3783681129515671,0.026194479830923864,0.026601659364880542,0.027957196942618334,5.998109300801196,6.054950030389763,0.1779928487760576,0.21338729938897938,0.05324710065340253,0.05356391858274173,0.015101387643271909,0.09731658135076698,-0.021356561047381532,0.008100245758784461,0.01849003905924366,-0.2117210783153504,9.816248548348643
1.0600000000000005,0.11512120736558298,0.011338401160837418,-5.998058089601015,-0.015287433751308685,0.021733846091730784,0.1781070860229366,0.22084317744829474,-0.015075908439395975,0.007153897517382958,0.10050138943525845,-0.02020888885357731,0.0054592727819318815,11.804408976876665,0.6139253843927351,0.3856208278382327,0.026615118138149936,0.027065738514901086,0.02848119939174413,5.998058089601015,6.143168074576719,0.17810708602293657,0.18336970990713075,0.08544504590754257,0.05856816161391052,0.017320305954037208,0.10252653930903463,-0.016941107213949383,0.007207441581738293,0.05205824116459097,-0.22018250831285122,9.840714006199837
1.0800000000000005,0.11952335684281622,0.011826745923465285,-5.99800644186072,-0.01327489854044094,0.021331384643455468,0.178222464569554,0.22497819211274936,-0.015219235537510754,0.007208006120279487,0.1041427962265514,-0.024431310922474518,0.005481003778768256,11.836464467039557,0.6253349238253767,0.39286390222428663,0.02703053996742424,0.02752654274358365,0.029003806267798336,5.99800644186072,5.974009466547285,0.17822246456955382,0.18323606299844153,0.07614804351476101,0.0726258219907079,-0.0010467590269726598,0.10621954284057837,-0.022801776448576363,0.005393089935799149,0.05904940348597511,-0.17486779394089494,9.849611289250062
1.1000000000000005,0.12400737000387799,0.012327155977956026,-5.997954262244505,-0.011189565737067442,0.020844256630587817,0.1783385876780803,0.22911135724704035,-0.015357860272158309,0.007246290544418513,0.10710065002746941,-0.0285169779942035,0.0055033926113779354,11.868371204584701,0.6367219512682966,0.4000971550332467,0.027440663897398132,0.02798401629417878,0.02952499196314859,5.997954262244505,6.000979825415442,0.17833858767808053,0.1957053109899376,0.07132834770296986,0.07215314434317935,0.062319721469470346,0.10929966317704591,-0.028471645387245573,0.00622516099009078,-0.00821409502493016,-0.10103757258595734,9.81623171644539
1.1200000000000006,0.12857318243186025,0.012839720193705885,-5.997901447051946,-0.009045125223821235,0.020275184361174696,0.17845505565936975,0.23324245295816318,-0.015491947729018374,0.007268529375073763,0.10936217226001321,-0.03244912945890196,0.005526421196533943,11.900126605083804,0.6480860567897367,0.4073204054341693,0.02784540954509427,0.028438103812945006,0.0300447309398001,5.997901447051946,6.007450872003317,0.1784550556593696,0.20362533095223778,0.07242407795033463,0.07522887786068605,0.018338833167387644,0.10980999915176658,-0.03299964354064287,0.005689327840878161,0.013725717960692248,-0.11396790414145805,9.886281636082632
1.1400000000000006,0.13322072584390937,0.013364525703788347,-5.997847884565369,-0.006855521546373709,0.01962722804964372,0.17857147353856478,0.23737125239672635,-0.015621669181419436,0.007274595617282969,0.11091926746536827,-0.036211826271196124,0.005550013179519416,11.931728096366786,0.6594268312831256,0.41453347284617065,0.02824469758166143,0.028888750355846583,0.030562997730646996,5.997847884565369,5.980138896842773,0.17857147353856462,0.19535086344710528,0.0833123367965712,0.047946882625265065,0.013882148360849129,0.1132310240369205,-0.03435725505333032,0.003609157462196173,0.016078394067817366,-0.07207972379989919,9.871252079027421
1.1600000000000006,0.13794992806077638,0.013901657869981057,-5.9977934554413554,-0.004634859879667959,0.01890376950178892,0.1786874585135916,0.24149752223958942,-0.01574719961552738,0.007264459666001754,0.11176848938774013,-0.03979001765376461,0.005574037123895581,11.963173118730133,0.6707438664818064,0.4217361769429411,0.028638449747922682,0.029335901395201647,0.03107976694072023,5.9977934554413554,6.034062698581299,0.17868745851359158,0.21670463038159582,0.10794769684588926,0.05629330296551011,0.010955610654451362,0.11167259026413828,-0.03946213714498506,0.005812160585173899,0.0783192428385653,-0.06164459528850735,9.851914565389798
1.1800000000000006,0.1427607129763893,0.01445120025397534,-5.997738033144058,-0.0023973127240691917,0.01810849439213124,0.17880264704942692,0.24562102328005428,-0.015868715182003203,0.007238191684285576,0.11191097459921555,-0.043169602405740796,0.005598310801485226,11.994459125144223,0.682036754973734,0.4289283376572533,0.02902658886971396,0.029779502826279988,0.03159501324843189,5.997738033144058,6.08524900797367,0.17880264704942705,0.19237422649142877,0.07152272768760319,0.04960035083001898,0.002546182449443093,0.11256915439003537,-0.04761886968504159,0.007356074975211515,0.06217969934645926,-0.004587079405518578,9.842318982699771
1.2000000000000006,0.14765300052794517,0.015013234595858481,-5.997681484417758,-0.00015702799126677712,0.017245373242796288,0.1789167014621879,0.24974151111536166,-0.015986390629732627,0.007195963364958593,0.1113523459038979,-0.04633748453168192,0.005622606466087662,12.025583581459644,0.6933050902161424,0.4361097751854641,0.029409038873009965,0.030219500973849674,0.03210871140681602,5.997681484417758,5.980043317743276,0.17891670146218797,0.20046748040592854,0.08977174338539723,0.07219630204825042,0.015595253482004455,0.10946897374274443,-0.047873072811669984,0.007411725313154844,0.05169860012050614,0.012680712609998923,9.784097190157954
1.2200000000000006,0.15262670666703523,0.015587840800833567,-5.997623669795887,0.002071960907894132,0.01631864122172036,0.1790293158612743,0.25385873691924965,-0.01610039677745332,0.007138049057220647,0.11010258793556062,-0.04928162295661694,0.005646656975954333,12.056543966612452,0.7045484665501799,0.4432803099920093,0.029785724798834373,0.03065584259867169,0.03262083624476561,5.997623669795887,6.056744110790824,0.17902931586127435,0.20083248852170055,0.1126377122296872,0.07920596466993411,0.002113899287359675,0.10859131021865506,-0.05076286676539986,0.003327086012380015,0.07400011723425721,-0.025157333722698426,9.80025604145935
1.2400000000000007,0.1576817433323212,0.01617509693499068,-5.997564444143524,0.004275822412908702,0.015332776885375314,0.17914022133454557,0.25797244828558274,-0.016210898077979777,0.007064826245794847,0.10817589748081215,-0.05199107514409029,0.005670162615240956,12.087337772828377,0.7157664792155128,0.4504397628138923,0.030156572817951623,0.0310884749039418,0.03313136266826609,5.997564444143524,6.068901274815749,0.17914022133454566,0.17974591867489131,0.08050249793503836,0.05201647207630335,0.0002557442017606555,0.1097446623895226,-0.05070822241056313,0.008513786078894586,0.09580587888181633,0.06370206850481469,9.834520235669146
1.2600000000000007,0.16281801842427807,0.01677507923077013,-5.99750365723022,0.00644101109359391,0.014292479997138742,0.17924919028038014,0.26208239012760115,-0.016318050327298616,0.006976775376393908,0.10559051112210806,-0.054456034486331004,0.00569279845369905,12.117962505825952,0.7269587243648966,0.4575879546651652,0.03052151024533717,0.03151734554167891,0.03364026566162485,5.99750365723022,5.9903911107083,0.17924919028038033,0.18361855951814832,0.11038666592620323,0.06666291550852776,0.00201223435543322,0.10819986699916453,-0.05891272659254236,0.008028061230295255,0.09532455148554493,0.02048921055320297,9.862293634789895
1.2800000000000007,0.16803543578250496,0.017387862102567327,-5.997441154329824,0.008554348408821775,0.013202648556815036,0.17935603981092987,0.26618830561619955,-0.01642199856715776,0.006874479027353258,0.10236851280589017,-0.056667861387867974,0.005714222076856173,12.148415685018549,0.7381247990787148,0.4647247068414043,0.03088046555442351,0.03194240261905911,0.034147520288697025,5.997441154329824,5.9517607692957135,0.17935603981092996,0.2014971525222573,0.08962556723784243,0.06513875608242585,0.006063413129121028,0.105173583287793,-0.05862007699978753,0.004181867467551791,0.07641253327298608,0.07710666471695428,9.82478023174067
1.3000000000000007,0.17333389516608488,0.018013518172724226,-5.9973767768438995,0.0106030995474178,0.012068355179568505,0.17946063417243363,0.2702899371398504,-0.01652287522501049,0.0067586204331224675,0.09853562390563408,-0.058619108015257035,0.005734081515837625,12.1786948437153,0.7492643013794834,0.47184984092417664,0.031233368391119207,0.03236359470469463,0.034653101694107395,5.9973767768438995,6.075866465394649,0.1794606341724334,0.19146918409819413,0.09070044004593521,0.054559919539988996,0.021632700605267403,0.10083310381872787,-0.05914404992738265,0.004407053695388808,0.12220403547834466,0.10124016050281337,9.861635234787752
1.3200000000000007,0.1787132922374424,0.018652118307939163,-5.997310362945178,0.012575046008765899,0.010894822963642133,0.17956288615056326,0.2743870272683536,-0.01662079852943309,0.006629981370816676,0.0941209782733084,-0.06030353673529142,0.005752023206686756,12.208797529320911,0.7603768302463229,0.47896317878550143,0.031580149587598014,0.03278087083485702,0.035156985104468255,5.997310362945178,6.00500687080719,0.17956288615056337,0.16507375901268118,0.13223953988226048,0.08798343663228188,0.032083584129869835,0.09180995774378407,-0.06574115246756576,0.0052922501166879545,0.11529351709043424,0.13194752705618498,9.836871994944687
1.3400000000000007,0.18417351855011088,0.019303731665909575,-5.997241748237452,0.01445855363284355,0.009687400985733976,0.17966275745093457,0.2784793197025315,-0.016715871232566223,0.006489439426115892,0.08915688466184238,-0.06171613231139302,0.005767699813347159,12.238721303534302,0.771461985629394,0.4860645425923026,0.03192074117585558,0.03319418051964362,0.035659145829593314,5.997241748237452,6.059731007841597,0.1796627574509344,0.18432240697501268,0.12706452355832162,0.04073983190969002,0.007787694025095998,0.09148593215191446,-0.06465331778875553,0.009687877732391083,0.0970739446379184,0.12959890902226712,9.879944580070008
1.3600000000000008,0.1897144615407743,0.019968425751806306,-5.99717076642825,0.016242635838867807,0.00845153956086142,0.17976025806663565,0.28256656019229187,-0.016808179663904046,0.006337964659391485,0.08367857876208602,-0.06285310797215989,0.005780777756107771,12.268463742546125,0.7825193684643004,0.4931537548108547,0.03225507640103094,0.033603473749086836,0.03615955926370751,5.99717076642825,5.999129342980934,0.17976025806663554,0.15622303773071167,0.1233007817402854,0.048609505948859766,0.013599281023449965,0.08194191604696485,-0.0683682240122211,0.007576177627903699,0.17718653031924883,0.12533688555618344,9.839724434777853
1.3800000000000008,0.1953360045258963,0.020646266483968067,-5.997097250010597,0.01791701187783808,0.007192765400077407,0.17985544466545392,0.2866484974061511,-0.01689779313204997,0.006176615696985201,0.07772396693692692,-0.06371190550669863,0.005790944297952782,12.298022437235081,0.793548580686454,0.5002306382112216,0.03258308973449028,0.0340087009992053,0.0366582008866527,5.997097250010597,6.012003920870597,0.1798554446654541,0.2043739392799413,0.1284013415652307,0.05373910574118082,0.007969536258529359,0.0779957600601983,-0.06607260270614386,0.0075265492952300665,0.1702565917777784,0.19450949149713126,9.820977690773327
1.4000000000000008,0.20103802670319204,0.02133731826800521,-5.997021030950191,0.019472159946546753,0.005916656794663307,0.17994841804901313,0.2907248837363149,-0.016984763683057614,0.006006535276037554,0.07133336355911181,-0.06429118957792414,0.005797914054528994,12.327394993363061,0.8045492252454061,0.5072950158716869,0.0329047168866703,0.034409813237996134,0.037155046265089114,5.997021030950191,6.042971956611583,0.17994841804901318,0.19911616638504315,0.13133003463014506,0.05137944433758128,-0.01638799484020879,0.07171410588202978,-0.06753108976153276,0.011468081327384076,0.1804457067689196,0.2267349130682812,9.802855546985814
1.4200000000000008,0.20682040315813424,0.022041644078317418,-5.996941941374314,0.02089936504878089,0.0046288189495903844,0.1800393197539008,0.29479547602474543,-0.017069126215864296,0.005828945274150861,0.06454922367407684,-0.06459083647710444,0.0058014348089387244,12.356579031769078,0.8155209061191404,0.5143467111831771,0.03321989481967882,0.03480676193136784,0.03765007105369264,5.996941941374314,5.976117954948889,0.18003931975390097,0.20101857452818495,0.14245732689522378,0.10227427419123736,0.012084088760761164,0.06311520054039002,-0.0662156494899452,0.006776033153107607,0.19682046787466215,0.12886533014758184,9.855127759095936
1.4400000000000008,0.2126830048756212,0.022759305545864104,-5.996859814258859,0.022190761523295518,0.0033348595823161414,0.18012832788077615,0.2988600361972607,-0.017150898947282747,0.005645141257488719,0.057415872520532055,-0.06461191757032159,0.005801292529862398,12.385572188561978,0.8264632283283306,0.5213855478536764,0.03352856175964994,0.03519949904901283,0.038143250996347675,5.996859814258859,5.974152284996649,0.18012832788077615,0.21251912389710936,0.11697723604722589,0.07067211397111893,0.0023111861083546705,0.056910406140061355,-0.06789061218432851,0.007174776341557163,0.15967047431484882,0.1337663476113063,9.837392612343702
1.4600000000000009,0.21862569875686497,0.023490363050882795,-5.996774484109897,0.023339370187679682,0.0020403648955764466,0.18021565225114725,0.30291833179458083,-0.017230084211217654,0.005456486582686865,0.04997923325503381,-0.06435667771009071,0.005797315510179627,12.414372115311913,0.8373757979505589,0.5284113499126349,0.033830657208851575,0.03558797707021904,0.038634561927335706,5.996774484109897,6.0368824978298585,0.18021565225114733,0.20780806341038538,0.14160538352427565,0.0617260037707381,0.0006011782498694645,0.04760699870539822,-0.06034502698257685,0.00597457481341123,0.2584918731717926,0.26576267456271496,9.838601783650134
1.4800000000000009,0.2246483476414897,0.02423487581913225,-5.996685787636304,0.024339130072568223,0.000750876024966153,0.18030152900281024,0.30697013639131987,-0.017306669569379617,0.005264406089223858,0.04228655404714981,-0.06382850890312046,0.005789377562862034,12.442976479240562,0.8482582221344976,0.535423941715367,0.03412612195754277,0.03597214898961988,0.03912397977251942,5.996685787636304,6.026583354863941,0.18030152900281005,0.15804234000569073,0.14693105467124573,0.04948243992223272,-0.004495424217815819,0.041481763983336965,-0.0649170437688182,0.005788157530880732,0.22506963137742297,0.2173575291039932,9.882605048642457
1.5000000000000009,0.2307508103347617,0.024992902020146188,-5.99659356441003,0.02518492474199775,-0.0005281339460170538,0.1803862147437202,0.31101522989617036,-0.017380629203929018,0.005070379419729494,0.034386135543340246,-0.0630319195382172,0.005777400231037969,12.471382963410086,0.8591101091140512,0.542423147947443,0.034414898095578676,0.03635196832288181,0.03961148055052232,5.99659356441003,6.085588810401315,0.18038621474372007,0.2201837864245224,0.167890558041861,0.09047834577115978,-0.009862004691769568,0.035822576584024324,-0.06306327184824045,0.009018955721048055,0.2727005094815326,0.26979537333955017,9.81568302375395
1.520000000000001,0.2369329416398052,0.025764498865921474,-5.996497657510737,0.02587260321338517,-0.0017912823189570855,0.18046998039023976,0.3150533987289005,-0.017451925556330235,0.004875934006158737,0.026327059544004792,-0.061972499486836065,0.005761353989380698,12.4995892669108,0.8699310682224604,0.5494087936290714,0.034696929023760675,0.03672738911232893,0.040097040373903825,5.996497657510737,6.011281645484189,0.18046998039023965,0.20454385201412695,0.1473206934603263,0.06747329166680449,0.026398507411720253,0.029385966609480094,-0.06020835627764977,0.005977840153896367,0.2271130047326186,0.24252301792111947,9.82162031926027
1.540000000000001,0.2431945923945934,0.026549722708433175,-5.996397914151627,0.02639899550502491,-0.0030332983850548546,0.18055310481926484,0.31908443587222823,-0.017520511171349184,0.004682637759898848,0.018158919602318902,-0.06065688139306059,0.005741258433974737,12.52759310504754,0.880720709906366,0.556380704119474,0.03497215946492973,0.037098365932503756,0.04058063545032975,5.996397914151627,6.131429377727032,0.180553104819265,0.18130731055491855,0.17910799124753,0.04686097543307345,0.02931760019932718,0.02077950420270834,-0.05894812727031209,0.004453158812649566,0.27681959759610086,0.22313020199927064,9.862118037221247
1.560000000000001,0.24953560951344367,0.02734862913436785,-5.996294186283406,0.026761922850624266,-0.004249044232473624,0.18063586846468563,0.32310814079910916,-0.017586330700683835,0.004492091503779104,0.009931554137920585,-0.05909269847021733,0.0057171814772263765,12.55539220952473,0.8914786457398328,0.5633387051212518,0.03524053547480047,0.037464853895663654,0.0410622420837381,5.996294186283406,6.087589933183463,0.1806358684646856,0.16078312960317964,0.17694908317550265,0.0582654929343378,-0.011027792961134791,0.014596673164146076,-0.06228520897179277,0.006692724474100605,0.2877574032679767,0.2666540455769862,9.84349201023613
1.580000000000001,0.25595583603268895,0.028161273055496126,-5.9961863311735035,0.026960202629741078,-0.005433534695062663,0.18071854698707251,0.32712431927842284,-0.01764932301725843,0.004305921183686113,0.001694782565009989,-0.057288539118331344,0.005689237582893154,12.582984328630102,0.9022044884383325,0.5702826226847422,0.03550200445253412,0.037826808657212246,0.0415418366755002,5.9961863311735035,6.079275193971876,0.18071854698707268,0.18157726317884082,0.17384406089205337,0.08899667223529253,0.00212619994980951,-0.00041056727322792783,-0.060453151865875555,0.005075845257440178,0.32362428676799926,0.23560529692397394,9.849437628467726
1.600000000000001,0.2624551111601475,0.028987708793165083,-5.996074211957784,0.026993648070599733,-0.0065819563878087035,0.18080140514149703,0.33113278306442645,-0.01770942338879962,0.004125769897119458,-0.006501855135816602,-0.05525389867067259,0.005657585093636442,12.6103672274171,0.9128978518726865,0.5772122832123675,0.03575651515104807,0.03818418642106498,0.04201939572557703,5.996074211957784,6.013158377866946,0.180801405141497,0.19028083687904296,0.18562403301818992,0.06908731252787066,0.0007081940632156225,-0.005062942521695071,-0.05837293930848958,0.004260908152200723,0.286931171160181,0.24477218825704458,9.879723902019355
1.620000000000001,0.2690332703279679,0.029827990155478868,-5.995957698162169,0.026863062788202226,-0.0076896857805484956,0.1808846909621484,0.3351333494776155,-0.017766565657989546,0.0039532897756112345,-0.014608002247203634,-0.052999128569230385,0.005622422719409533,12.637538687885893,0.9235583510829658,0.5841275134629758,0.0360040176870602,0.03853694394494847,0.04249489583367067,5.995957698162169,5.972339793295485,0.1808846909621482,0.20690282875218502,0.17988818674579146,0.09102750345176552,0.03465376861325046,-0.014654951212882125,-0.05377709337316951,0.0030151141189907918,0.3399824334110292,0.2354008673655232,9.849937101576423
1.640000000000001,0.2756901452483896,0.03068217050585056,-5.995836666191741,0.0265702572819171,-0.008752306267025497,0.1809686303740664,0.3391258408867515,-0.017820684266733004,0.003790134304621529,-0.02257133581826232,-0.050535383159918554,0.005583985620436186,12.664496509163037,0.9341856022923503,0.5910281405561706,0.03624446355086577,0.038885038545632716,0.042968313700370964,5.995836666191741,6.101533082661541,0.1809686303740663,0.16795585460336016,0.20500501350628772,0.06712406081105672,-0.007187189459065537,-0.020162619485083553,-0.04915340450559611,0.0034893303496577755,0.3394728396543626,0.24046259805401987,9.845300513563004
1.660000000000001,0.2824255639718989,0.03155030282184896,-5.995710999783775,0.026118088450019148,-0.00976562419179183,0.1810534223117393,0.34311008410403365,-0.017871716097932096,0.003637951155993155,-0.030340747584374175,-0.04787456439596573,0.005542541090270526,12.691238507679747,0.9447792229209442,0.5979139919766344,0.036477805615845224,0.039228428104095735,0.043439626128297174,5.995710999783775,6.031185915522074,0.18105342231173926,0.21662460908178138,0.21029904734250068,0.071242990635727,0.0065818779163674,-0.030306206309176926,-0.05002353190114662,0.004581543572476497,0.30800671447229305,0.28615840021593125,9.86491770926674
1.680000000000001,0.28923935094725145,0.03243243974327983,-5.995580590421095,0.025510435502853333,-0.010725683802175166,0.1811392344197622,0.34708590970702446,-0.01791960243249223,0.0034983738247217726,-0.03786679974968393,-0.04502926504333547,0.0054983827959469685,12.717762517348767,0.955338831599549,0.6047848955784401,0.03670399814770082,0.039567071070619915,0.043908810023234615,5.995580590421095,6.06181474106419,0.1811392344197622,0.18615557718318998,0.18316486570616167,0.06386502869824848,0.020151519688779727,-0.03590306045049424,-0.045706195152535,0.005908227554567058,0.3172273932748253,0.25207926338315306,9.820420819709799
1.700000000000001,0.29613132708293644,0.033328633608160685,-5.99544533770629,0.02475216676615721,-0.011628781094966123,0.1812261994658797,0.35105315130145504,-0.01796429071232553,0.0033730131722237828,-0.04510207094031394,-0.04201271041560935,0.00545182450832426,12.744066389739814,0.9658640481833927,0.6116406795893552,0.036922996813420435,0.03990092646981948,0.04437584239526633,5.99544533770629,6.080765583177406,0.18122619946587992,0.19957640356954398,0.20133607709503418,0.07699136806919561,0.03547341460126143,-0.04366369127986739,-0.04316087196676292,0.006220264604507163,0.31937294700134833,0.28524752761425026,9.89067398966726
1.720000000000001,0.30310130980956046,0.0342389364759329,-5.995305149695305,0.02384909956003681,-0.012471476531056506,0.18131441253184058,0.3550116447408642,-0.018005736053525668,0.0032634489515939993,-0.0520014815537328,-0.03883869886559626,0.00540319349172674,12.770147994253605,0.976354493765815,0.6184811726151371,0.037134758689966664,0.040229953905598456,0.04484070035989953,5.995305149695305,6.041796067715274,0.18131441253184066,0.21525320154123673,0.18897976192491395,0.061386255171285854,-0.000512203232630638,-0.049949183111512065,-0.0411318080989403,0.007736859458874108,0.361651586121164,0.23201889827171135,9.83024907597956
1.740000000000001,0.31014911314262694,0.03516340013749799,-5.995159943189034,0.022807953555014554,-0.013250606593947497,0.18140392902854857,0.35896122731996677,-0.0180439024685716,0.0031712213553657994,-0.05852259562257984,-0.03552154125514494,0.005352823700623862,12.796005218294438,0.9868097906919079,0.6253062036438162,0.03733924227268963,0.04055411356603855,0.04530336113918697,5.995159943189034,6.0684190160877405,0.18140392902854874,0.22736577914051015,0.1977525575792044,0.06508046222056608,-0.023226338209049204,-0.05713539266672426,-0.03502075702206454,0.007012751916493755,0.34414187333359336,0.24550864328432598,9.783912661264443
1.7600000000000011,0.3172745477451946,0.03610207611189922,-5.9950096439817555,0.02163629806509015,-0.013963294170420531,0.18149476356396377,0.3629017369592616,-0.018078763763859966,0.0030978226276918933,-0.06462589668191845,-0.03207599961213489,0.005301048932487212,12.8216359674413,0.9972295625721112,0.6321156020499721,0.03753640748346172,0.04087336622821636,0.045763802062843015,5.9950096439817555,6.047123011045217,0.18149476356396388,0.1849802580642197,0.2344557420248819,0.05123092588545136,0.019054915574685097,-0.06284507936479213,-0.03360169170346469,0.004942593619276621,0.3718157685966248,0.2152625632126703,9.865651276066611
1.7800000000000011,0.3244774209899149,0.03705501562970516,-5.994854187065472,0.020342493789279336,-0.014606957733863918,0.18158688967390263,0.36683301139869157,-0.018110304087203457,0.003044688784124041,-0.07027503553047448,-0.02851722517213839,0.005248196083957349,12.847038165617523,1.0076134342957626,0.6389091975989994,0.037726215678532835,0.04118767326294926,0.046222000569354535,5.994854187065472,5.924694107249336,0.1815868896739028,0.20329704008394733,0.22380160072208055,0.06862690622737413,0.029469607828099948,-0.06816550475942434,-0.028326815366631536,0.005364311600302183,0.2918163333269472,0.19917680031047186,9.820251696566336
1.8000000000000012,0.3317575370199717,0.038022269603383965,-5.994693516789393,0.0189356295569357,-0.015179319312897462,0.181680240407694,0.37075488741814994,-0.018138518108946705,0.003013191483211525,-0.07543704819898969,-0.02486069599194632,0.00519457865218092,12.872209755258947,1.0179610320446013,0.6456868204513633,0.037908629656104344,0.04149699663946954,0.046677934207086394,5.994693516789393,6.088002276345339,0.18168024040769382,0.1756090485845303,0.21755439273132116,0.08503390142345667,-0.0036808032628446227,-0.07309940262991052,-0.024089388765780467,0.004338327472212871,0.37250558126888783,0.13868525869187298,9.882736073635279
1.8200000000000012,0.3391146968084755,0.03900388858518117,-5.9945275869740575,0.017425454667817634,-0.01567841123014991,0.18177470974296026,0.37466720010228566,-0.018163410829808463,0.003004630094890639,-0.08008254287228911,-0.021122154313130796,0.005140490614859156,12.89714869748057,1.0282719833062264,0.6524483011668454,0.03808361366362063,0.04180129893002603,0.04713158063538156,5.9945275869740575,5.971690702155277,0.18177470974296028,0.21744261071666937,0.2096512122108927,0.08710178682439658,0.040971791298665405,-0.08335351381790787,-0.026514529448178708,0.007837576232816754,0.3580289190953399,0.1650986253971482,9.826949488910259
1.8400000000000012,0.346548698215903,0.03999992271322481,-5.994356360979756,0.015822307445027953,-0.016102581598420176,0.18187015478697185,0.37856978216640547,-0.018184997018213894,0.003020224011037784,-0.084185854946086,-0.017317543846108736,0.0050862008114685685,12.921852972241709,1.0385459168875053,0.6591934707087799,0.03825113340477639,0.04210054331441285,0.04758291762565583,5.994356360979756,6.0114476950147395,0.18187015478697166,0.18574797213330374,0.20725030553335555,0.06543899533988434,-0.011224783008577115,-0.0849216586594742,-0.02389286391402063,0.007431701473333568,0.3608113766677626,0.12383305147456664,9.832112250239275
1.8600000000000012,0.35405933604521356,0.041010421646776346,-5.994179811729178,0.014137040637513604,-0.016450498564074795,0.18196639870641093,0.3824624633593025,-0.018203300289487214,0.0030611052435545317,-0.08772516982545367,-0.01346294713874958,0.005031947934617192,12.946320578509617,1.0487824629279394,0.6659221604482797,0.03841115604623865,0.042394693584424596,0.04803192306248698,5.994179811729178,6.1110735216955385,0.18196639870641107,0.20554681465515312,0.2105790288394389,0.07782603275032102,0.021426050365352826,-0.08646593889213836,-0.015983095701415262,0.0067388916208318125,0.3638556205267955,0.1146594738169428,9.848151293021523
1.8800000000000012,0.3616464020943228,0.04203543449171927,-5.993997921684374,0.012380944318840893,-0.01672115329046013,0.18206323431327784,0.38634506995758383,-0.018218351848589838,0.0031283113549053494,-0.09068261348054255,-0.009574523188367452,0.004977936224974762,12.970549534421561,1.0589812529129763,0.6726342021684517,0.038563650224081945,0.04268371414823747,0.048478574944698434,5.993997921684374,6.027057955045197,0.18206323431327798,0.19642755556774638,0.2187554474539054,0.05139815020425671,0.0019264629091322646,-0.08612726434829596,-0.012774937657981208,0.0033378797311386555,0.4009075517991815,0.13669034911328515,9.830450267581083
1.9000000000000012,0.3693096852056651,0.04307500971752792,-5.99381068277838,0.010565666930709698,-0.016913861677374215,0.1821604282223513,0.3902174243645332,-0.018230188926880747,0.003222778765114301,-0.09304431115874429,-0.005668445451847399,0.0049243319460853235,12.99453787744536,1.0691419196872782,0.6793294280686025,0.03870858604993562,0.042967570034715886,0.04892285138643733,5.99381068277838,6.046619430472691,0.18216042822235146,0.2203111473237218,0.22760602198345273,0.09282714045545797,0.019715390032025687,-0.0898196054940562,-0.006729235150420612,0.004250447960845749,0.38613996854556254,0.08117652385669,9.86274203997193
1.9200000000000013,0.3770489713126324,0.044129195067082336,-5.993618096302022,0.0087031351135521,-0.017028264816259877,0.18225772548528804,0.39407934482475987,-0.018238852951429706,0.0033453364778392508,-0.09480041500447957,-0.0017608404055466367,0.00487126069707841,13.018283664538345,1.0792640974679386,0.6860076707684333,0.038845935116841784,0.0432462268976439,0.049364730618246935,5.993618096302022,6.010056978257919,0.18225772548528818,0.17200043313420332,0.23985436968818488,0.06103143662181374,0.013627154398557204,-0.0940495706169909,-0.006342704112096658,0.007825834763552766,0.3959053829604322,0.08912491752553375,9.870586286184695
1.9400000000000013,0.3848640434827345,0.045198037460790784,-5.993420172746665,0.006805472953133634,-0.017064328184734807,0.18235485459829393,0.39793064526387345,-0.018244387492537522,0.003496700266291128,-0.09594510165276335,0.0021322731956606093,0.00481880560229006,13.041784972304745,1.0893474218576502,0.6926687633122244,0.03897567050482302,0.043519651019881096,0.04980419098813327,5.993420172746665,6.0345634177030165,0.18235485459829404,0.19512369846472444,0.23715727446609114,0.07957718944134519,0.017496756349627676,-0.09989070685374123,0.002710837915879673,0.005872374051474006,0.4224889220234514,0.0450097926331476,9.837446350331875
1.9600000000000013,0.3927546819573866,0.046281582896547394,-5.993216931603853,0.0048849212520166016,-0.017022339588329684,0.1824515327744356,0.4017711352602239,-0.018246836041145784,0.0036774673574777664,-0.09647654113667645,0.0059949213316293735,0.004767006397532667,13.065039897151479,1.0993915298578247,0.6993125391730091,0.03909776678615861,0.04378780931744227,0.050241210962626175,5.993216931603853,5.93921699305348,0.1824515327744356,0.18237210825907502,0.26066135983434474,0.06280058217809047,0.02444941125114243,-0.09858295945096704,0.008325772952713025,0.006444281203729845,0.3497375631660001,0.020531632949191442,9.84476266924471
1.9800000000000013,0.40072066418828817,0.04737987634708768,-5.993008401122993,0.0029537574090320925,-0.016902908319394654,0.18254747135615498,0.4056006201637784,-0.018246239672616245,0.00388811071143361,-0.09639683867357854,0.00981075512244479,0.00471585935557691,13.08804655544235,1.1093960598816583,0.705938832256737,0.03921220003036828,0.044050669343500604,0.05067576912783432,5.993008401122993,6.0542228197886745,0.182547471356155,0.18098338418982696,0.22432676848331493,0.041481971442810094,0.012982788835428645,-0.09486193159909279,0.011005734488451373,0.007974643479600717,0.36263036572275376,0.022181355199918516,9.81238254858214
2.0000000000000013,0.40876176487042204,0.048492961656268055,-5.992794618027292,0.0010242164585349766,-0.016706972662587534,0.1826423812607443,0.4094189013998751,-0.01824263465451909,0.0041289701363658995,-0.09571195106964189,0.013563662043413329,0.004665317865903492,13.110803083650616,1.1193606517671508,0.7125474769064262,0.039318947808902494,0.04430819929231363,0.051107844190494564,5.992794618027292,6.031821780764528,0.18264238126074428,0.19087520653998213,0.25560270326544116,0.05836201167325558,0.031635309347351204,-0.09579218096726777,0.013336737248907946,0.006652941373430495,0.3427958019589797,-0.003457925152342227,9.891876190809665
2.0200000000000014,0.4168777559717526,0.049620881435662255,-5.992575627184613,-0.0008915862161942652,-0.016435795129894838,0.18273597847385237,0.4132257768777345,-0.018236050051416368,0.004400248111061854,-0.09443157968437771,0.01723792248625292,0.004615294134330757,13.133307638509933,1.1292849467900707,0.7191383079063045,0.03941798919953841,0.044560368003071775,0.05153741497901528,5.992575627184613,6.097916386321273,0.18273597847385226,0.17490857544928007,0.27369625318644236,0.0639780108048582,-0.006654217407738982,-0.09284698222554304,0.014961012496624349,0.0041903831739890035,0.38310022038672376,-0.014818478622525964,9.830601189653503
2.0400000000000014,0.42506840675967467,0.050763676963180536,-5.992351481238754,-0.002781730013960027,-0.01609095451855672,0.18282798936542782,0.417021041532813,-0.018226505400233496,0.004702007002491893,-0.092569041928252,0.02081827937949169,0.004565661743504911,13.155558397163663,1.1391685876768687,0.7257111604859403,0.03950930479048051,0.04480714496366869,0.0519644604445138,5.992351481238754,5.964308187328637,0.18282798936542788,0.2048959095522167,0.26309976700998344,0.051486801738373764,0.0076638790741181805,-0.09263560107874917,0.024177040963965894,0.00972144850926266,0.35584058790105494,-0.01925619905578339,9.855075746617052
2.0600000000000014,0.43333348382440684,0.05192138808518315,-5.992122240203909,-0.004634561652377361,-0.015674336533450337,0.18291815570447725,0.4208044880028593,-0.018214008521197003,0.005034167063201099,-0.09014112333720094,0.024290004831583775,0.004516258963726523,13.177553557312518,1.1490112186175403,0.7322658703243612,0.0395928766841653,0.045048500314393225,0.05238895966184773,5.992122240203909,6.056148607646659,0.18291815570447723,0.20292936399665518,0.2301802889638651,0.0661798180535743,0.022312667775488043,-0.08817651636991099,0.021433787967801127,0.006620230435664068,0.3546136308339457,-0.04585933334302712,9.831265647805159
2.0800000000000014,0.441672751099585,0.05309405312342078,-5.991887971024652,-0.006438764714059477,-0.01518812303798522,0.1830062392714367,0.4245759074281583,-0.01819855352540357,0.00539650522131444,-0.08716791228740801,0.02763896343654158,0.004466892728913311,13.199291337360554,1.1588124852784347,0.7388022735541631,0.03966868850076916,0.04528440485154242,0.05281089183064037,5.991887971024652,6.014540202559205,0.18300623927143667,0.2361232115361438,0.2530075084727187,0.09205913379496189,0.019127136030127685,-0.09045266765090368,0.029017616680220695,0.007249180486887538,0.2846112998316935,-0.04076727346361407,9.84886254239937
2.1000000000000014,0.45008596988035815,0.05428170878800023,-5.991648747103976,-0.008183425848761501,-0.01463478000623976,0.18309202597750243,0.4283350903637605,-0.018180119076282416,0.005788654669727688,-0.083672619394586,0.030851671912709315,0.0044173431805393576,13.22076997655947,1.1685720348150108,0.7453202067656051,0.039736725381418744,0.045514830030955106,0.05323023627629987,5.991648747103976,5.9843983374957315,0.18309202597750263,0.196837058796397,0.2516477296146063,0.04530917196078503,0.01034551533412622,-0.08399228197692399,0.030641121106345866,0.004656653064928385,0.3805993105599108,-0.09110644602651632,9.844499683299983
2.1200000000000014,0.4585728988393259,0.05548439009741922,-5.991404647802079,-0.009858097320581174,-0.01401704425682153,0.18317532941254547,0.4320818277890301,-0.01815866695708879,0.006210105254990137,-0.07968138359206005,0.03391535477898651,0.004367368672889283,13.24198773515124,1.178289515884539,0.7518195070106969,0.03979697399110324,0.04573974797146571,0.053646972451032296,5.991404647802079,6.046201953493488,0.18317532941254555,0.20107337129613123,0.25377492181940187,0.04084394266950955,0.0032083207880536507,-0.07449997610667806,0.033257470144896675,0.0031441197321805626,0.3662583052788449,-0.0946867237586056,9.816747979508209
2.1400000000000015,0.46713329404068527,0.056702130306543745,-5.9911557579087455,-0.011452855631082363,-0.01333790905566163,0.1832559937569181,0.4358159121976518,-0.018134140990252033,0.006660204660598332,-0.075223066805781,0.0368179958087737,0.004316711126030837,13.262942894509012,1.1879645786587507,0.7583000118072705,0.03984942252128802,0.045959131458277847,0.05406107993484848,5.9911557579087455,6.051648656052167,0.18325599375691803,0.17256710980278012,0.2579751560128786,0.058272786571001295,0.017169679204641807,-0.07456875047106232,0.03472987817726976,0.0052626975730612835,0.33091882251200133,-0.11527786990842667,9.8557508494708
2.1600000000000015,0.47576690895297696,0.057934960843218905,-5.990902167092283,-0.012958355989519969,-0.012600608680580177,0.1833338960072086,0.43953713874936023,-0.01810646634705158,0.007138160373987969,-0.0703290390468333,0.03954838503954566,0.00426510160858542,13.283633757276338,1.1975968748364305,0.7647615591430438,0.03989406069222908,0.04617295394625728,0.05447253843656455,5.990902167092283,6.0590932968201345,0.18333389600720862,0.21292910264520648,0.2982474393066459,0.06008760765630517,0.022237955057415895,-0.07026370258904294,0.037564294707457944,0.0067535253695280625,0.35696591448558473,-0.1584800111755981,9.848804190108122
2.1800000000000015,0.48447349446083215,0.05918291125401422,-5.9906439693280955,-0.014365882439689212,-0.011808602044944468,0.18340894748145387,0.44324530646313526,-0.01807554927788132,0.00764304242149315,-0.0650329556279302,0.04209616115463671,0.004212266030647445,13.304058647504647,1.2071860576559565,0.7712039874796698,0.03993087975498782,0.046381189563143826,0.054881327794796264,5.9906439693280955,5.991753648799998,0.18340894748145375,0.22444306618870646,0.2997432813088723,0.059611976798496655,0.011863843307900345,-0.06863138427614439,0.0384359724427108,0.003654949944097822,0.32399642738068096,-0.15169334321924022,9.812235094574797
2.2000000000000015,0.4932527988761238,0.06044600915941107,-5.990381262310062,-0.01566739348888398,-0.010965555481072623,0.18348109458512368,0.4469402194304742,-0.018041277284472274,0.008173786850979452,-0.059370528084645914,0.044451849092928764,0.004157930827998458,13.324215910788997,1.216731781907783,0.7776271357567756,0.0399598724931458,0.046583813112681935,0.05528742797894685,5.990381262310062,6.071185803149383,0.18348109458512374,0.188648033097087,0.2981313575817264,0.06860926486240443,0.010888871869058346,-0.0579380350497632,0.04630063192699446,0.0032127768356857303,0.33026238516560436,-0.12364642840204845,9.85495994179318
2.2200000000000015,0.5021045679489202,0.06172428021854779,-5.9901141468479535,-0.016855563117717128,-0.010075324786233752,0.18355031883499318,0.450621688026624,-0.018003519746070677,0.008729199937772865,-0.05337929024938148,0.04660689278106505,0.004101828521959409,13.344103914402082,1.2262337039468676,0.7840308433959888,0.03998103322421916,0.0467808000776693,0.05569081909018854,5.9901141468479535,6.019735159509012,0.1835503188349934,0.20516702961353417,0.2803422828146897,0.08424570149498158,0.05055974268863074,-0.0548057495304828,0.04489999705619926,0.004344866747711756,0.3482439438532171,-0.19091859849176743,9.851244422462475
2.2400000000000015,0.5110285448786247,0.06301774810345076,-5.989842726254165,-0.017923817079923056,-0.009141936635208923,0.18361663615348708,0.4542895300973542,-0.017962129001911707,0.009307963085906127,-0.04709836079069932,0.048553682921008326,0.004043703044659373,13.363721047426486,1.2356914817050433,0.790414950304952,0.03999435780077235,0.04697212662292352,0.056091481362437606,5.989842726254165,6.04438497282074,0.183616636153487,0.20935456156754917,0.2988590071914671,0.0874146607013312,-0.018256399133606493,-0.046961438710671155,0.048319008483146006,0.003815829064433271,0.3041450203985566,-0.1770092697964995,9.844532858521184
2.2600000000000016,0.5200244703256586,0.06432643448250226,-5.989567105723071,-0.018866364428623432,-0.008169569463477815,0.183680095460895,0.4579435720989699,-0.017916941882587113,0.009908638393576455,-0.04056820339675036,0.050285579802702964,0.0039833147269704335,13.383065720885158,1.245104774703332,0.7967792968813251,0.03999984361123103,0.04715776959816605,0.05648939516332286,5.989567105723071,6.023358350201947,0.18368009546089503,0.1747015743557645,0.295615485803072,0.04432512149223823,-0.003366114677064779,-0.0405998507117678,0.05187375514224336,0.002965722049164579,0.26132938224329977,-0.21182959615852034,9.815730303515839
2.2800000000000016,0.5290920824240173,0.06565035901273053,-5.989287391706331,-0.019678224229880116,-0.007162533924276722,0.1837407766067373,0.46158365016980774,-0.017867781673272774,0.010529674849028838,-0.03383038565271801,0.05179693114682995,0.003920444855635889,13.402136367870124,1.2544732440642026,0.803123724016775,0.0399974895803939,0.047337706540823365,0.05688454099514767,5.989287391706331,5.973977819957495,0.18374077660673738,0.19871887097508178,0.2827162374839179,0.053824215278989174,0.022359415483187022,-0.03344032236044619,0.04918835879101731,0.006332634758557307,0.2658597406899726,-0.17215164585505227,9.82472526925572
2.3000000000000016,0.5382311167949879,0.06698953934035862,-5.989003691287431,-0.02035524744576407,-0.006125253021142772,0.18379878769425018,0.46520961111240505,-0.017814460482447694,0.011169415120809694,-0.026927337541736217,0.05308308501576977,0.00385489971694978,13.420931443669405,1.2637965525237698,0.8094480731009539,0.03998729616964347,0.047511915678744965,0.057276899495845364,5.989003691287431,6.044974658078807,0.18379878769425018,0.1819955085215761,0.3138480892624878,0.04866086016086243,0.0040264211527088235,-0.027167038990587644,0.0495150474627503,0.006162048042540726,0.21710313087205027,-0.19183024652801947,9.807574817244001
2.3200000000000016,0.5474413065622733,0.06834399110891838,-5.98871611155875,-0.020894133987795226,-0.005062242015235154,0.18385426186323903,0.46882131326686993,-0.01775678198087689,0.011826102904429934,-0.01990211038935201,0.05414039786159182,0.003786514056462117,13.439449425892139,1.273074364443936,0.815752186025464,0.03996926537685562,0.04768037593283769,0.05766645143992788,5.98871611155875,6.006033362612555,0.18385426186323883,0.22358112868722424,0.31923519349160945,0.08674663050778841,0.016082464827752465,-0.018168762259104833,0.0475966665949257,0.008279354815934406,0.23819666039872847,-0.22419135509789212,9.865624821032203
2.3400000000000016,0.5567223823687164,0.06971372797412681,-5.988424759004372,-0.021292444957686445,-0.003978088203830711,0.18390735360623908,0.4724186272576739,-0.01769454446741283,0.012497890785881335,-0.01279813697555874,0.05496623780792625,0.0037151538973088814,13.457688814591888,1.282306345824474,0.8220359051878103,0.039943400736008015,0.047843066919616345,0.05805317773942792,5.988424759004372,6.0248279857044595,0.183907353606239,0.21547311193859242,0.3426385009741681,0.09294244440472338,0.025419806879716744,-0.011013858976093728,0.05473015880881516,0.0034797870878380158,0.26556765359484735,-0.15081939389860122,9.853155778872866
2.3600000000000017,0.5660740723947678,0.07109876162463584,-5.988129738891803,-0.02154861010614616,-0.0028774306630522453,0.18395823470088296,0.47600143659810906,-0.017627544210744486,0.013182848581109404,-0.005658993457490305,0.05555898328777566,0.0036407186736186524,13.475648132388143,1.2914921643150512,0.8282990734953414,0.03990970731648746,0.047999968953670015,0.05843705944483418,5.988129738891803,6.076121095551865,0.1839582347008828,0.20302569807508286,0.3480256739024566,0.059759217050587794,0.03340161907478163,-0.005960323914958701,0.053584346975655235,0.006111842939776956,0.23693249813248735,-0.26850004698903424,9.857690275713454
2.3800000000000017,0.5754961023787779,0.07249910180770475,-5.987831154675662,-0.021661930552398904,-0.0017649400442227331,0.18400708984749986,0.47956963813895415,-0.017555579009725455,0.013878972109402938,0.0014718363186879318,0.055918017181593685,0.00356314264975,13.49332592458598,1.3006314892271942,0.8345415343691757,0.039868191722096304,0.04815106305004402,0.05881807774601993,5.987831154675662,5.935321761556289,0.18400708984749992,0.20729243533369957,0.31254420944499023,0.040141990431824884,0.02646348499458182,0.0014927879505253175,0.057573670685122716,0.003911673545850876,0.22541177951022853,-0.24020146136884307,9.870026430850762
2.4000000000000017,0.5849881956391418,0.07391475635880701,-5.987529107416347,-0.021632576817447645,-0.0006452985093582876,0.18405411210520145,0.4831231423504398,-0.017478451909460638,0.014584192357661698,0.008551124263873607,0.056043716619267936,0.003482395610593455,13.510720759293896,1.3097239915461931,0.8407631317481162,0.03981886208975816,0.04829633092653704,0.0591962139731646,5.987529107416347,6.0497278865065205,0.18405411210520128,0.1677750733092438,0.3388365328503475,0.05946647149614522,0.022999351823393573,0.011583726892923864,0.0578397761816663,0.007449295510377808,0.2116223969042513,-0.2574874164883669,9.850209946127814
2.4200000000000017,0.5945500730982626,0.07534573123417158,-5.987223695216509,-0.021461583619761665,0.00047682011268401704,0.18409949822201527,0.4866618734293377,-0.01739597502704265,0.015296384963928296,0.015534065596529315,0.05593743862289958,0.0033984828415956313,13.52783122753979,1.3187693439429462,0.8469637100925531,0.03976172808792304,0.04843575500591327,0.059571449597668746,5.987223695216509,5.898560346537958,0.18409949822201543,0.17768406096020106,0.34828283730428344,0.07417397358021552,0.0397314190561532,0.016568714920728894,0.05518114306849837,0.0009849048243423396,0.21199907538908308,-0.2444492239903865,9.859726910029131
2.4400000000000017,0.604181453308242,0.07679203054527278,-5.986915012678181,-0.021150881353623068,0.0015967698719226851,0.1841434439538494,0.49018576922589197,-0.01730797405604461,0.01601337918329953,0.02237575098632523,0.055601501697471925,0.0033114449577731483,13.54465594338509,1.3277672207857445,0.8531431143883501,0.0396968009146724,0.048569318418029195,0.05994376623306184,5.986915012678181,6.001531834823156,0.1841434439538494,0.20576304043503635,0.331453650772458,0.07332409427875562,0.027364423195155755,0.021878951388382372,0.05932423594873942,-0.000678972445596207,0.17491320049140088,-0.17633919885427168,9.845007373876015
2.4600000000000017,0.613882052478138,0.07825365659437798,-5.98660315038527,-0.020703298159071962,0.002709951871535148,0.1841861394322463,0.4936947809887107,-0.01721429246158309,0.01673296760536446,0.029032513109087235,0.05503916375735286,0.0032213566834592322,13.561193544037012,1.336717298151993,0.8593011901507219,0.03962409329552435,0.04869700500187491,0.060313145635903245,5.98660315038527,6.059250699206026,0.18418613943224615,0.2066846669170146,0.33915995569883145,0.07176716380932857,0.02308047822380338,0.03068264754581734,0.04972170045390023,0.0009783300192878707,0.1495889487421078,-0.15901613770114004,9.909816639839184
2.4800000000000018,0.623651584502552,0.07973060991037903,-5.986288194413055,-0.02012253509456869,0.0038118330015096628,0.18422776469532964,0.49718887292800523,-0.017114795225639322,0.017452916529548394,0.03546223010226187,0.05425459657367339,0.0031283246430656047,13.577442689958943,1.3456192538398735,0.8654377834280952,0.03954361948093948,0.048818799307529574,0.06067956970667613,5.986288194413055,6.009611212789789,0.18422776469532964,0.19147156177372038,0.34979800962130625,0.05178536995263023,0.023791452983318365,0.037683828303837846,0.054524323746877476,0.0014339072936264585,0.18519087830029635,-0.17876257934519252,9.837549326327485
2.5000000000000018,0.6334897609912891,0.08122288928412807,-5.985970225866004,-0.019413135272028856,0.004897964166111849,0.18426848549039906,0.5006680216005529,-0.017009372343989436,0.018170976541796318,0.04162461364520978,0.05325285689671617,0.0030324845048402033,13.59340206497895,1.3544727673799422,0.8715527408059576,0.03945539524352782,0.04893468659803078,0.06104302049067434,5.985970225866004,6.0571916025913035,0.18426848549039887,0.1783540744103056,0.3408834840416355,0.052528355426658596,0.05334889404863157,0.041686424467752003,0.05217438648937372,0.0013318213888795696,0.18809752563447343,-0.17483769249012063,9.825927854028969
2.520000000000002,0.6433962912998086,0.08273049180253739,-5.985649320445915,-0.018580447257952975,0.005963997943087527,0.18430844943208738,0.5041322151229045,-0.016897941998337607,0.018884893239947548,0.04748147913410046,0.05203985447309185,0.0029339975507935577,13.609070376396382,1.3632775200466682,0.8776459094106933,0.03935943787495748,0.049044652851157784,0.06140348017888217,5.985649320445915,6.0249121842354105,0.18430844943208724,0.16555899423208187,0.3643566834090926,0.08359366189491999,0.021709258488621413,0.046941093746839954,0.05278201252131129,-0.0005257665559623079,0.16572669073722562,-0.19057534112678798,9.84986476024662
2.540000000000002,0.6533708825601483,0.0842534128808145,-5.985325548052142,-0.017630583093782428,0.007005705615958076,0.18434778259105733,0.5075814522221734,-0.016780453333187947,0.019592418053278115,0.0529969956896771,0.05062231717954449,0.002833046757286627,13.624446355086578,1.3720331948699065,0.8837171369134043,0.0392557661825655,0.049148684761128124,0.06176093110884702,5.985325548052142,5.979566610880194,0.18434778259105755,0.19579014412446494,0.36146255310500547,0.07142978561835567,0.02095900567735222,0.054064996422527614,0.04642622448833693,0.003589163948467999,0.11583203460220759,-0.1484395847373728,9.872457187180634
2.560000000000002,0.6634132397119803,0.08579164629232941,-5.984998972415525,-0.01657037133290445,0.008018993524073254,0.1843865865778442,0.5110157411364088,-0.0166568887745601,0.020291319100032505,0.058137914033744964,0.04900775349580877,0.0027298324799184355,13.639528755603672,1.3807394766463088,0.8897662715337193,0.039144400485671714,0.04924676974020761,0.062115355765544854,5.984998972415525,6.061121346825267,0.184386586577844,0.21686993087139328,0.361770454956132,0.049368607291474055,0.021710524969835176,0.06070535079053614,0.04700057953441609,0.0021084124333967547,0.16186432335082396,-0.143097091179356,9.8655034270896
2.580000000000002,0.6735230655334362,0.08734518419574466,-5.984669650767378,-0.015407305530354902,0.00899991867830498,0.1844249361749075,0.5144350983790105,-0.016527265836661306,0.020979392025406194,0.06287377058981591,0.04720441253827033,0.002624567843159951,13.65431635628147,1.3893960519506714,0.8957931620435882,0.03902536261159619,0.04933889592023346,0.062466736782238415,5.984669650767378,6.029203530746045,0.1844249361749073,0.1446533683952138,0.34133090096284846,0.06933185779571502,0.03563572506635634,0.06404135911487578,0.04731892345851906,0.002311356329089842,0.09005755705924184,-0.18538876320027625,9.829904241057005
2.600000000000002,0.6837000606713295,0.08891401715917978,-5.984337633544722,-0.014149488653810348,0.00994470359343803,0.1844628775575106,0.5178395473838631,-0.0163916383728494,0.021654470761450245,0.06717706649749439,0.045221241874466786,0.0025174739395531598,13.668807959332401,1.3980026091472186,0.9017976577710616,0.03889867589138117,0.04942505215405028,0.06281505694132818,5.984337633544722,5.980394536685736,0.18446287755751056,0.1781947065776439,0.35776335669275455,0.05515010411343163,0.023594883931994843,0.06896478985232347,0.04113763173463139,7.793119197946341e-05,0.07106782404380635,-0.18170099146967328,9.856695265263992
2.620000000000002,0.6939439236703996,0.09049813418132296,-5.984002964132719,-0.012805573910637106,0.010849750291487851,0.18450042713099277,0.5212291170498049,-0.01625009723840421,0.02231443814981985,0.07102342057141076,0.04306784333589701,0.002408774945197998,13.683002390944543,1.4065588384008203,0.9077796086040593,0.03876436515521826,0.049505228016858895,0.06316029917519603,5.984002964132719,6.007373694288835,0.18450042713099268,0.20386662879604112,0.3739348023551721,0.08012507386068612,0.03222089107117027,0.07331979149640637,0.03906361163107053,0.004575967225256539,0.07647613476398529,-0.1038031657334249,9.813681945446863
2.640000000000002,0.7042543510012091,0.09209752270954324,-5.9836656786450675,-0.01138470250542687,0.01171165343340003,0.18453757099862522,0.5246038402046795,-0.016102770344494387,0.02295723636824277,0.07439169557643623,0.040754427043341895,0.00229869325771481,13.696898501376694,1.415064431688148,0.9137388649941223,0.038622456727581765,0.04957941380747773,0.0635024465670416,5.9836656786450675,6.0533970570935,0.184537570998625,0.22156548249465358,0.36025723437312407,0.08242856798116895,0.006996118755833627,0.07570277132337483,0.039418931989448236,0.0035282158903638993,0.11804839101414506,-0.12200109634980646,9.815738191068535
2.660000000000002,0.7146310370863399,0.09371216865519036,-5.9833258057428935,-0.009896438855582541,0.012527212539904572,0.184574265060845,0.5279637520105146,-0.015949822094996416,0.02358087710209147,0.07726409752455372,0.038291763855075815,0.00218744475998598,13.710495165051507,1.4235190828087616,0.9196752779601507,0.03847297842206921,0.04964760054951664,0.06384148235171117,5.9833258057428935,5.983049025321479,0.18457426506084484,0.20950200927530327,0.3756454752257903,0.06286934228743618,0.024917172642462477,0.07989727098109117,0.0395309686550864,0.0008890178994384163,0.03273112418208571,-0.07974380161742617,9.80217877085191
2.680000000000002,0.7250736743245557,0.09534205640639515,-5.982983366492492,-0.008350703799238383,0.013293443265748427,0.1846104357335242,0.5313088883323192,-0.015791452210200608,0.024183451403539162,0.0796262480186683,0.035691136444076586,0.002075234307891416,13.723791280646658,1.431922487396134,0.92558869909213,0.03831595953594996,0.04970977999246301,0.06417738991651907,5.982983366492492,6.040145687716629,0.1846104357335241,0.17805678872868658,0.38896469989408117,0.06486450864132652,0.018869412244918594,0.08101155964810065,0.03186871215888663,0.0004605034052061873,0.08844280139054146,-0.058095358977133096,9.823038275713198
2.700000000000002,0.7355819531126325,0.09698716883879599,-5.982638374262053,-0.006757706330338021,0.01400758769513903,0.18464598126032597,0.5346392840935691,-0.015627893953637128,0.02476313918248164,0.08146722996909311,0.032964289205711254,0.0019622515331505306,13.736785771184053,1.4402743429286076,0.9314789805548396,0.03815143084442302,0.049765944612680135,0.06451015280206188,5.982638374262053,6.0091707696237515,0.18464598126032605,0.15468874774395447,0.3869518772300915,0.0770531443321701,0.023951518076736282,0.08083329541278368,0.03266846437124827,0.0028936913101452817,0.05976763528080241,-0.02244755484192565,9.846297886846525
2.720000000000002,0.7461555618645926,0.09864748732471527,-5.9822908346573165,-0.005127874390391285,0.014667123630015785,0.18468077358238014,0.537954971641658,-0.015459411789997594,0.025318218275711468,0.08277960728455885,0.030123377192457872,0.0018486670435002412,13.749477584117066,1.4485743487402851,0.9373459750915498,0.03797942459458522,0.049816087614317474,0.06483975470302478,5.9822908346573165,6.008516452118943,0.1846807735823801,0.2056661593535507,0.32771954015931315,0.10175218888383154,0.03173099984627481,0.08432503408424107,0.027159291326838017,0.0029238126516444034,0.05025865110353431,-0.04893398469284461,9.887445861159145
2.740000000000002,0.7567941870281268,0.10032299174139074,-5.98194074549592,-0.0034717852357170967,0.015269772846728293,0.18471466071770395,0.5412559791464235,-0.015286298513155789,0.025847073043715692,0.08355941938741357,0.02718091426707655,0.0017346290920381836,13.761865691415787,1.4568222060318539,0.943189536027703,0.037799974499110885,0.04986020293013302,0.06516617946898055,5.98194074549592,6.046023123228802,0.18471466071770415,0.2046578041003997,0.3794233154272495,0.06723169964933487,0.02788511084260372,0.08727790128461581,0.024724602193700696,0.0034339109579692418,0.017320913918853573,-0.06763632298204242,9.870958307348005
2.760000000000002,0.7674975130980387,0.10201366047892846,-5.981588096820006,-0.0018000958833611302,0.015813508300829417,0.1847474695932017,0.5445423290543272,-0.015108871893371682,0.02634820244789156,0.08380615161923731,0.024149720660314018,0.001620260775929857,13.773949089650296,1.465017617881342,0.9490095172745795,0.03761311572964426,0.04989828522222737,0.065489411105181,5.981588096820006,6.01825672365254,0.18474746959320187,0.20773966621836326,0.394838464559287,0.07248458478004381,0.033882260695392595,0.08579913585162015,0.023993444027166938,-0.0012448134043240872,-0.00871576574452242,-0.025701064510436137,9.843826163558585
2.780000000000002,0.7782652226266004,0.10371947044868618,-5.981232870946495,-0.0001234741189191967,0.01629656026396515,0.18477900926386687,0.5478140366199729,-0.01492747090169273,0.026820227564876353,0.08352268278642076,0.021042870113757658,0.0015056578121192602,13.785726800071947,1.4731602892548084,0.954805773332952,0.03741888490990595,0.04993032988268965,0.0658094337733406,5.981232870946495,6.048476083326621,0.1847790092638668,0.1785379474090747,0.4001909130099231,0.07621819540518485,0.03834857803804757,0.08542426762161069,0.020760639151838144,0.0009919626152357518,-0.01591620209773111,-0.01438247431587249,9.860597809070025
2.800000000000002,0.7890969962307726,0.10544039709281612,-5.980875042554257,0.0015474694741931625,0.016717421381227563,0.1848090744471183,0.5510711085354244,-0.014742451577175764,0.027261898498993044,0.08271521124435861,0.017873636782887524,0.0013908869245022766,13.797197868692631,1.4812499270169623,0.9605781592967205,0.03721732010851484,0.04995633303415505,0.06612623179241267,5.980875042554257,5.980155286467332,0.18480907444711825,0.18556307346511014,0.3854530153478311,0.059350404909406206,0.03329527461670982,0.08388001297438626,0.016453447137166028,0.00010053375519149038,0.020068170973338406,0.01720215401806699,9.849393540235466
2.820000000000002,0.7999925125963008,0.1071764143956959,-5.980514578807256,0.003202248031276591,0.017074850641788278,0.18483744929512477,0.5543135416762394,-0.01455418260870917,0.027672100658435176,0.0813931610337248,0.014655442069750979,0.0012759848635261817,13.808361366362064,1.4892862399417188,0.9663265308565367,0.03700846083152673,0.049976291530273956,0.06643978963935764,5.980514578807256,6.028035888214514,0.18483744929512458,0.1971898619082788,0.41184177257279625,0.06884051324234428,0.03883585074306525,0.07982878055656051,0.012593838176880182,0.0014395916468757162,0.037224106720181116,-0.003982733198415488,9.883283116743767
2.840000000000002,0.8109514484787691,0.10892749489795435,-5.9801514395126,0.004830563065196443,0.017367876260097358,0.18486391132457264,0.5575413219813061,-0.014363040707824012,0.02804986036565677,0.07956906966362588,0.01140180154904962,0.0011609580656635993,13.819216388843035,1.4972689387226799,0.9720507443034108,0.03679234801469129,0.04999020295609269,0.06675009194990375,5.9801514395126,5.992110859079189,0.1848639113245727,0.20689599322177132,0.4066544003949872,0.07326252859234024,0.04136256420547543,0.07676736762271269,0.008267462796307669,0.0036637330272908043,0.034514648069676745,0.043408111981827036,9.829324594178983
2.860000000000002,0.8219734787017551,0.11069360971375714,-5.979785577312292,0.00642236689513862,0.017595797469361595,0.1848882354216355,0.5607544234814875,-0.01416940585188871,0.028394349777395644,0.07725845918582766,0.00812627214583347,0.001045782946955966,13.829762056884665,1.5051977359835518,0.9777506565323049,0.03656902401542877,0.04999806562834572,0.06705712351929988,5.979785577312292,5.99219444666798,0.18488823542163546,0.20027978149000703,0.39693448118956115,0.07080365637363376,0.04419832984945934,0.07835917404076717,0.006648995517725059,-0.00026400935518860395,-0.011982249693305847,0.1159328488027894,9.880486506462507
2.880000000000002,0.8330582761522971,0.11247472855195602,-5.97941693790734,0.0079679225051778,0.017758185233350716,0.18491019783990018,0.5639528074897744,-0.013973656478467012,0.028704891094740555,0.07447969222393493,0.004842399717498917,0.0009304068120901506,13.8399975162936,1.5130723462884894,0.9834261250457104,0.0363385326045281,0.04999987859565926,0.06736086930306055,5.97941693790734,5.933061792642955,0.18491019783990037,0.20569513453006083,0.41246218288380965,0.07524433083192511,0.014855780871683981,0.074769004845292,0.005896892414417736,0.0010333905237221248,0.05413836623818323,0.061419652071018946,9.845182358010726
2.900000000000002,0.8442055117739485,0.11427081974162674,-5.97904546031277,0.009457860525520534,0.017854881886765768,0.18492958011064853,0.5671364219631689,-0.013776164711401796,0.028980960048557335,0.07125381461412472,0.0015636671874455312,0.0008147493484973558,13.84992193800323,1.5208924861523725,0.9890770079572097,0.03610091895756792,0.04999564163866651,0.06766131441770315,5.97904546031277,6.02149156603228,0.18492958011064875,0.21396629356551378,0.41763387327270474,0.08878321290118339,0.03566888632331752,0.07115225927683565,0.00018910114912633103,0.00257216432455855,0.04063211577074047,0.07928228088272363,9.872636285597052
2.920000000000002,0.8554148545577532,0.1160818502624267,-5.9786710771419855,0.010883233062358421,0.017885999718390805,0.1849461727881112,0.5703052010439015,-0.01357729169741988,0.02922218865032666,0.06760438628295973,-0.0016965566273734328,0.0006987046639524093,13.859534518140823,1.5286578740510102,0.9947031639950246,0.0358562296460624,0.04998535527003408,0.06795844414147714,5.9786710771419855,6.068032303283223,0.18494617278811099,0.18558389076499893,0.4023150162483794,0.08947870071579242,0.03384044931628911,0.06921386619058233,-0.0016182428546099503,0.0033819045240955875,-0.0046660687231264665,0.1137742557060615,9.854941104368454
2.940000000000002,0.8666859715315344,0.11790778578009599,-5.978293714918799,0.01223556413497515,0.017851918514994194,0.18495977895699545,0.5734590647848709,-0.013377383128817616,0.029428367202937997,0.0635573019364037,-0.004924989565596271,0.000582143816280279,13.868834478092639,1.536368230431277,1.000304452505547,0.03560451262833323,0.04996902073440003,0.06825224391508554,5.978293714918799,6.012974869745784,0.18495977895699545,0.2056202859090588,0.4427555074534489,0.07627647980673043,0.030634168835105235,0.06647191504913186,-0.0011945463786913711,0.0026669971439027733,0.001738084908309459,0.11862398577945314,9.80315678756624
2.960000000000002,0.8780185277479399,0.11974859068730717,-5.97791329441539,0.013506896511015084,0.01775328364313887,0.18497021745465095,0.5765979190120665,-0.013176765023192743,0.029599446409530335,0.05914060306563622,-0.008108141942429044,0.00046491775097278506,13.877821064567009,1.5440232777211755,1.0058807334568556,0.035345817240110086,0.04994664000822324,0.0685426993423982,5.97791329441539,5.941784466963871,0.18497021745465103,0.18072190054936765,0.416752192711958,0.07524874547527105,0.04699546145934019,0.05876443206789611,-0.012316424317755648,0.0017391564416474325,0.027728367061095587,0.20578747268202022,9.816620719724003
2.980000000000002,0.8894121862716504,0.12160422814991974,-5.977529731015499,0.014689834762730971,0.01759101000815553,0.1849773258315972,0.5797216551524943,-0.01297573982407857,0.029735542489518783,0.05438428269325985,-0.011232748249753491,0.00034686051294909357,13.886493549655341,1.5516227403398306,1.0114318674422176,0.03508019418486088,0.04991821579954427,0.06882979619115735,5.977529731015499,5.983343640084891,0.1849773258315972,0.19493039966955594,0.43687184744682694,0.0800139715518697,0.02485422467042501,0.05683145967898364,-0.014679902268835655,0.0004085066442365264,-0.01691361661549988,0.13683193314473552,9.85262483267837
3.000000000000002,0.9008666081658967,0.12347466015851397,-5.97714293510628,0.01577758439177996,0.017366277379204542,0.18498096283045828,0.5828301504877645,-0.01277458287601787,0.029836937484162662,0.04932008419604598,-0.014285891481696556,0.00022779290429789472,13.894851230891089,1.5591663447074087,1.0169577156835723,0.0348076955238541,0.0498837515476577,0.06911352039367477,5.97714293510628,5.9974204535851054,0.1849809628304584,0.2109234675411482,0.42898720809682334,0.08510568072637899,0.034797646480773055,0.04966359936367147,-0.012566002199700065,-0.0010388169407077757,0.016761264607144145,0.15812280142192014,9.820998117921555
3.0200000000000022,0.9123814524792885,0.1253598475852042,-5.976752812492131,0.016763986901392424,0.017080523233559224,0.1849810103785328,0.5859232686389505,-0.01257353933327893,0.02990407799887122,0.043981295443049254,-0.017255058720599854,0.00010752638739286076,13.902893431306637,1.5666538192549666,1.0224581400350012,0.03452837466595496,0.049843251422695946,0.06939385804752135,5.976752812492131,6.010768870006614,0.18498101037853276,0.1584600664364726,0.4222533167313038,0.06682867245521076,0.02255412579432237,0.04613458291240658,-0.015303344962550173,0.0008952225783639443,0.017343946307306544,0.18959275862909,9.858900896436307
3.0400000000000023,0.9239563762336445,0.1272597502454433,-5.976359264827401,0.017643550720355897,0.016735434500389553,0.18497737507323048,0.5890008602310945,-0.01237282154597041,0.029937573113143556,0.03840253938947838,-0.02012819422582777,-1.4132874182993673e-05,13.91061949948815,1.57408489443423,1.0279330029861824,0.0342422863571574,0.04979672032512472,0.06967079541620813,5.976359264827401,5.989135997416439,0.18497737507323064,0.175583894676286,0.4267598739355735,0.06974720313242584,0.030599563691384835,0.03930946516088893,-0.021613310707429608,0.0004083820628788377,-0.003531480285228523,0.13715246820773788,9.851570163064517
3.0600000000000023,0.9355910344134483,0.12917432696436484,-5.975962190065625,0.018411477907073957,0.01633293825910897,0.18496998913764068,0.5920627637247691,-0.012172606956558476,0.029938191480720626,0.03261956216906371,-0.02289374976787844,-0.0001373799172095597,13.91802880962833,1.581459302727295,1.033382167665827,0.0339494866698541,0.04974416388515006,0.06994431892985946,5.975962190065625,6.009043008162926,0.18496998913764084,0.19946484979011458,0.4402415043583171,0.07289674846107753,0.04109234748465427,0.034192648233901675,-0.02309137748735345,-0.0006651497395266935,0.03831654947686873,0.1540241335682129,9.852903045188924
3.0800000000000023,0.9472850799575601,0.13110353564707714,-5.9755614829228705,0.019063686584044535,0.01587519145185699,0.18495881083493104,0.5951088063995763,-0.011973036530001212,0.029906857646383993,0.026669019633749735,-0.02554073197393876,-0.00026240647469693646,13.925120761577107,1.5887767786562588,1.038805497845102,0.03365003299184641,0.04968558846203708,0.07021441518587791,5.9755614829228705,6.011159884856364,0.18495881083493115,0.23698382904254567,0.45322445417889856,0.061550121927148135,0.03645425203288737,0.02586573528468708,-0.027331025606954332,-0.001616499219080441,0.02785279026668731,0.22019195204053096,9.83333555560613
3.1000000000000023,0.9590381637538045,0.13304733335220253,-5.975157035352781,0.01959682907339951,0.015364569673390146,0.1849438243502744,0.5981388054721868,-0.011774213735635837,0.029844647609187154,0.020588263201862664,-0.028058746475782635,-0.00038939716639613893,13.93189478089025,1.596037058792779,1.044202857941035,0.0333439840150966,0.049621001143340504,0.07048107094960095,5.975157035352781,5.992089999919351,0.18494382435027434,0.18660979436976532,0.4384487972973107,0.04718138322111919,0.0352720214170709,0.019109589039168838,-0.030615224685090398,0.002651184507484288,-0.028117753085657993,0.17863360424872407,9.864207583315832
3.1200000000000023,0.9708499346370395,0.13500567636784766,-5.97474873703082,0.020008305722116804,0.014803655105258101,0.18492503913975597,0.6011525693297973,-0.011576204077346258,0.029752783664780378,0.014415125796123477,-0.03043803867716541,-0.0005185260257325389,13.938350318875898,1.6032398817675542,1.0495741130199052,0.03303139972422432,0.04955040974404709,0.07074427315494954,5.97474873703082,6.079562360538714,0.1849250391397561,0.22237497244324578,0.4401085786830496,0.0652719668930581,0.04951866197534851,0.014360296680586903,-0.0270418657343256,-0.0036695958905366088,0.027226152650837852,0.2348076615369023,9.841294870688445
3.1400000000000023,0.9827200393912809,0.13697852028909013,-5.9743364758452415,0.02029627442226343,0.014195223663649996,0.18490248876511503,0.6041498988583062,-0.011379035163523359,0.029632628561909846,0.008187708583404351,-0.03266953098380874,-0.0006499530069552221,13.944486852639006,1.6103849882797356,1.0549191288006152,0.032712341384749946,0.04947382280563004,0.07100400890506824,5.9743364758452415,6.027552942413604,0.18490248876511517,0.2003431528612989,0.4342936577007782,0.044442934907690565,0.03694389540731176,0.0071968157320690465,-0.035695366085808734,0.0004906153973134611,0.017746774804148404,0.19168133580858832,9.868385014663934
3.1600000000000024,0.9946481227564188,0.1389658200959858,-5.973920138392288,0.020459655846784986,0.013542231432191765,0.1848762292517732,0.6071305888433253,-0.011182697303777887,0.02948567901020751,0.0019441691700066866,-0.03474485636544278,-0.0007838208253929042,13.950303885123692,1.6174721211062604,1.0602377716580489,0.03238687153108657,0.04939124959501545,0.0712602654729573,5.973920138392288,6.06315073898484,0.18487622925177316,0.15463555607468837,0.4595882440120468,0.06344818777035874,0.04073247930536816,0.0015771995858290526,-0.035243043888782195,-0.001330936152651111,0.03468001557437064,0.22992081308259607,9.868230031297733
3.1800000000000024,1.0066338274400157,0.1409675302310412,-5.973499610473132,0.02049813443491612,0.012847800452626413,0.18484633701104514,0.6100944294214746,-0.01098714460715287,0.029313558578084282,-0.0042774881398457195,-0.03665638814589962,-0.0009202521899048029,13.955800945153504,1.6245010251111118,1.0655299086264116,0.03205505395428361,0.049302700103461064,0.07151303030209614,5.973499610473132,6.049651916020121,0.18484633701104514,0.2103686096169648,0.4239941647617181,0.053867154345397524,0.031918508258881755,0.0009222289749495384,-0.0368153320261443,0.00018202737019072397,0.04357870868545317,0.2351203504349807,9.832783450602404
3.2000000000000024,1.018676794134621,0.14298360467505444,-5.97307477759008,0.020412155173802005,0.012115203947393077,0.18481290637558817,0.6130412075591013,-0.010792296548285356,0.02911801002094337,-0.010439033946882517,-0.0383972659432494,-0.0010593474779151983,13.96097758746959,1.6314714472545053,1.0707954074025552,0.03171695368952383,0.04920818504534732,0.07176229100705875,5.97307477759008,5.985041541161189,0.18481290637558834,0.19742859854129646,0.46819780630493435,0.05974367129224935,0.03763948885264275,-0.012332058531394754,-0.03602588695964867,-0.0003948039228813766,0.03508587982108898,0.16182360461334624,9.869584372138894
3.2200000000000024,1.0307766615409701,0.14501399702020631,-5.972645525439617,0.020202927944563274,0.011347851048786653,0.18477604680416196,0.6159707085356606,-0.010598039609320516,0.0289008872391767,-0.016501079353264683,-0.039961417715384036,-0.0012011827838135946,13.965833392766745,1.6383831366019965,1.0760341363492842,0.03137263700337681,0.049107715856880924,0.0720080353741204,5.972645525439617,5.983247606481744,0.18477604680416215,0.16988248117361238,0.4621105165510399,0.07526293388702586,0.03292470065234318,-0.013568189205373097,-0.043196160321784305,0.0020983067073735845,0.03924387509049876,0.20305862030673846,9.851319990328191
3.2400000000000024,1.0429330663973313,0.14705866053952205,-5.972211740399194,0.01987245055821807,0.010549271109942299,0.18473587981037665,0.6188827174095348,-0.010404228639209106,0.02866414704725264,-0.02242502158457852,-0.04134357790911681,-0.0013458082392269544,13.970367967727404,1.645235844333515,1.0812459644986476,0.031022171380810714,0.04900130469471112,0.07225025136185631,5.972211740399194,6.045640533650479,0.18473587981037642,0.19571204227476136,0.4548909302383048,0.06710883285664793,0.019239088387597837,-0.024011612427747155,-0.03942601383550191,-2.856757195293441e-05,0.016935286654487028,0.1757648368405637,9.848222655594734
3.2600000000000025,1.0551456435151632,0.14911754825200563,-5.971773310003935,0.019423492885874884,0.009723097673033124,0.18469253566576302,0.6217770204449905,-0.010210689622680845,0.028409840024464037,-0.028173431837439377,-0.04253930169316512,-0.0014932471768443786,13.974580945053468,1.652029323752323,1.0864307615552138,0.03066562551196566,0.04888896443445868,0.07248892710173153,5.971773310003935,5.966273906329043,0.18469253566576294,0.201251897404767,0.4866888250123238,0.10039067131040907,0.03560932616633635,-0.028811409885377927,-0.04271767068092881,0.00045244226056929027,0.05499905481646868,0.16878585484720587,9.82212326694008
3.2800000000000025,1.0674140258213747,0.1511906129814319,-5.9713301234126,0.018859573243539488,0.00887305216807504,0.18464614996563997,0.6246534064800181,-0.010017222838356245,0.028140100917715707,-0.03371031005665901,-0.04354497527124473,-0.0016434959007572923,13.978471983496078,1.6587633302938947,1.0915883978993257,0.030303069278690496,0.048770708669158044,0.07272405089868259,5.9713301234126,6.000247935699376,0.18464614996563977,0.17348269045339348,0.5019603291316997,0.06659870644830501,0.02807768608096089,-0.037072824762247686,-0.04129306572060333,-0.005846413691786956,0.053043594791119086,0.18347864951594547,9.847410267025852
3.3000000000000025,1.0797378444072658,0.15327780740769972,-5.970882071860815,0.018184929696892598,0.008002927416231024,0.18459686013343152,0.6275116682164062,-0.009823606261109393,0.027857138676065662,-0.03900132608502738,-0.04435782231056842,-0.0017965240397777797,13.98204076788325,1.665437621534722,1.096718744590344,0.02993457374084631,0.048646551707612534,0.07295561123169045,5.970882071860815,5.969898083031353,0.18459686013343157,0.19578537157670883,0.4663180811578296,0.0796874842194635,0.041525636188511364,-0.03797471370020473,-0.04602847404802498,-0.0005730935235506745,0.0693578748999117,0.17983125513896167,9.862647301828053
3.3200000000000025,1.0921167285841262,0.1553790841098133,-5.9704290490995735,0.017404486561678985,0.007116571010855745,0.18454480193790365,0.6303516034152447,-0.009629599135254196,0.027563226164957332,-0.04401404517966512,-0.044975906541839916,-0.00195227546859349,13.985287009145399,1.672051957201041,1.1018216733698678,0.029560211122378832,0.048516508572663,0.07318359675434513,5.9704290490995735,5.999885327284345,0.18454480193790346,0.1647313411966569,0.4577038361062987,0.03181395433200622,0.027925717555540155,-0.04215125203023186,-0.047212836778520686,0.0020816097069975533,0.052952268952491985,0.13898339551310024,9.85776724149823
3.3400000000000025,1.104550305945384,0.15749439559967823,-5.96997095181713,0.01652381641453018,0.006217868648600566,0.18449010609625419,0.6331730159831378,-0.009434945643885397,0.027260689608972332,-0.04871813610797132,-0.045398130605251094,-0.0021106697693208942,13.988210444338755,1.6786060991774823,1.106897056664944,0.029180054797162853,0.04838059499937013,0.07340799629540164,5.96997095181713,5.995003727095349,0.18449010609625427,0.18187295683560523,0.4664352144599194,0.07351124308410285,0.06061757970524996,-0.04614859602046352,-0.04640954369300969,-0.00022721092802584675,0.10297332117145344,0.10940603727457399,9.846851755845382
3.3600000000000025,1.1170382024351124,0.1596236943460325,-5.969507680042487,0.015549097963785775,0.005310727481800499,0.18443289503290045,0.6359757169367092,-0.009239378600198977,0.026951897812769736,-0.05308556027617101,-0.0456242312340265,-0.0022716041945800235,13.990810836666668,1.6850998115156424,1.1119447675912544,0.0287941792746211,0.04823882743311045,0.07362879885932737,5.969507680042487,5.975717764111794,0.1844328950329004,0.22555184585836363,0.48543420439395524,0.07742061238439057,0.01695265185370974,-0.052577158439280104,-0.04495923514556986,-0.0035879728018626527,0.10943648890925951,0.16384473506421607,9.848368740872305
3.3800000000000026,1.129580042422617,0.16176693278798263,-5.96903913752884,0.014487070159809656,0.004399059562087944,0.1843732798592727,0.6387595252354376,-0.00904262308879479,0.02663925121064562,-0.057090740599015054,-0.045654770882691584,-0.0024349560828867555,13.993087975498781,1.6915328604425786,1.116964679956289,0.02840266018512067,0.04809122302758651,0.07384599362684087,5.96903913752884,5.956361097538771,0.18437327985927254,0.1902915882411671,0.4969524465455687,0.0852130245767695,0.010864175385147723,-0.05494598726052258,-0.04496477991829999,-0.0039899916836695255,0.091873294610836,0.14289568506763292,9.893848510170278
3.4000000000000026,1.142175448782749,0.163924063337776,-5.968565232115434,0.013344982949151034,0.0034867654437151776,0.18431135763406917,0.6415242684754436,-0.008844399988736089,0.0263251707958228,-0.06071070908476241,-0.04549112592146016,-0.0026005856681613434,13.995041676388094,1.697905014369224,1.1219566682624997,0.028005574265149758,0.04793779964275131,0.07405956995544198,5.968565232115434,6.018399478226831,0.18431135763406914,0.19642150130873137,0.4927668391306237,0.04421557617184273,0.008877960811832526,-0.06089616213159983,-0.05174484811400724,-0.0026578010561352063,0.07372236861608591,0.12311763100103627,9.856621647225907
3.4200000000000026,1.1548240429815144,0.16609503837260783,-5.9680858760664375,0.012130545096516511,0.0025777180134056877,0.18424720895641922,0.6442697834394918,-0.00864442931537618,0.026012086981133515,-0.06392523237961206,-0.04513547153093962,-0.002768339217662117,13.996671781085904,1.704216043898726,1.126920607710439,0.027602999342277456,0.0477785758426472,0.07426951737993333,5.9680858760664375,6.01698139059688,0.18424720895641933,0.21218132355917696,0.47196608247992783,0.05642993660671038,0.05266773694633271,-0.06370192253864601,-0.04775361755694489,-0.003795592410046741,0.0931625584706498,0.09729422891089433,9.865212498220686
3.4400000000000026,1.167525445166485,0.16827981021543484,-5.967600986385576,0.010851869512847388,0.0016757466116777853,0.1841808959364166,0.6469959165011384,-0.00844243332449848,0.025702428443150478,-0.06671691478481509,-0.04459076344274235,-0.00293805242680526,13.99797815755462,1.7104657218347024,1.1318563742018795,0.027195014319899905,0.04761357089315974,0.07447582561293314,5.967600986385576,6.030801903867838,0.18418089593641662,0.20824346819474826,0.48237713635431784,0.09192513275146719,-0.011987460128650342,-0.06538374927277774,-0.04565638306755251,0.0013913286728150119,0.13227917881781998,0.1299427808079544,9.852874296285568
3.4600000000000026,1.1802792742614487,0.1704783311049411,-5.967110485105408,0.009517416536885981,0.000784621508476056,0.18411246057872063,0.649702523883598,-0.008238139329960816,0.025398611002013544,-0.06907127852263344,-0.04386071668157674,-0.00310955399521393,13.998960699978461,1.7166538231894228,1.1367638443429153,0.026781699161775384,0.0474428047596865,0.07467848454537926,5.967110485105408,5.981182511849124,0.18411246057872077,0.20589037704121926,0.49785922059671345,0.06298389510881143,0.031761661507878444,-0.06453316038683082,-0.04737869941101765,-0.0006649448848054774,0.15133812682707717,0.11669053810596247,9.840682060694576
3.4800000000000026,1.1930851480646962,0.17269055315497217,-5.966614299550274,0.00813593562161273,-9.19612064076284e-05,0.18404192360558969,0.6523894717764653,-0.008031282194574047,0.025103026589151107,-0.07097682127938665,-0.04294978147298219,-0.0032826693059952567,13.999619328772031,1.722780125191907,1.1416428954470494,0.026363134876351748,0.04726629810472128,0.07487748424702455,5.966614299550274,6.078067850814139,0.1840419236055899,0.1798073571788592,0.4807798910206308,0.08013780642907031,0.028105444717934896,-0.0691488152246935,-0.042292857895800354,-0.0031583132804374604,0.15877490212863116,0.11950784735237271,9.790602212949524
3.5000000000000027,1.2059426833502866,0.17491642830391968,-5.9661123625721,0.006716405876075027,-0.0009503942602526996,0.18396928373602325,0.6550566363158832,-0.007821606463148988,0.024818032354769683,-0.07242505129083308,-0.04186311648808389,-0.0034572241296694783,13.999953990586757,1.7288444072959444,1.1464934055382576,0.025939403500888965,0.047084072285353974,0.07507281496692345,5.9661123625721,5.970676591749718,0.1839692837360234,0.16807516256647714,0.5099491813256631,0.07364051384983257,0.0410260372617239,-0.07193521531536773,-0.04238905090970205,0.0004958604346995067,0.17363768960903958,0.07995657317682679,9.885561670196596
3.5200000000000027,1.2188514959716088,0.17715590825469374,-5.965604612758394,0.005267975907717804,-0.0017871733066706968,0.18389451742786236,0.6577039034360371,-0.007608868116275288,0.0245459399663513,-0.07341050045347669,-0.04060655960259531,-0.0036330482753263024,13.999964658315212,1.734846451188034,1.1513152533540407,0.02551058808538016,0.0468961493506864,0.07526446713390976,5.965604612758394,6.012438258929344,0.18389451742786234,0.19217851483061832,0.5067613815665101,0.09771296736397385,0.027869768575193986,-0.07108463191967025,-0.04342022387587284,-0.001994604224015232,0.1577435529008443,0.07976626767676075,9.814996473743964
3.5400000000000027,1.2318112009665292,0.17940894440606583,-5.965090994611925,0.003799903400736729,-0.002598910455345502,0.18381757907994592,0.6603311686019626,-0.007392835933209603,0.024289005148432786,-0.07393071614216101,-0.039186596351812424,-0.003809979114374854,13.99965133109332,1.7407860407952438,1.156108318348454,0.025076772676273965,0.04670255203916438,0.07545243135706567,5.965090994611925,5.95902786458372,0.18381757907994611,0.20855461007124987,0.50008929464351,0.08090820129235281,0.04121239995376455,-0.07227551253370462,-0.03837809154125187,-0.0033780249498296775,0.19656459785002112,0.02656087853003325,9.85848257726986
3.5600000000000027,1.2448214126634034,0.18167548777629353,-5.964571458701729,0.0023214948526293477,-0.00338234717377668,0.1837384016819477,0.6629383364355188,-0.007173292462010357,0.024049417512630452,-0.07398623258731062,-0.037610326266557324,-0.003987864906565417,13.999014034300412,1.74666296229299,1.1608724806951225,0.02463804230000182,0.04650330377582639,0.0756366984261818,5.964571458701729,6.104186531058227,0.18373840168194766,0.17782736464222682,0.5284724045156824,0.05255978127421004,0.02128146765071596,-0.07421083791889094,-0.041280959579479144,-0.006715106922490529,0.12276690588477163,0.02489047798515933,9.899612404366785
3.5800000000000027,1.2578817447872266,0.18395548892005206,-5.964045961785251,0.0008420458744761077,-0.00413436651617024,0.1836568978905153,0.6655253202480061,-0.006950034604534372,0.023829290725214988,-0.07358052281293348,-0.03588542727697871,-0.004166567863643791,13.998052819557183,1.7524770041127327,1.1656076212902358,0.024194482946312934,0.046298428669469205,0.07581725931220869,5.964045961785251,6.01939253787901,0.1836568978905153,0.21045975934673633,0.5049711445260291,0.10105885457981749,0.020462164323650653,-0.07179922077843862,-0.03563665731614226,-0.004888758372619256,0.21824015743476607,0.029012862357453838,9.862308572083542
3.6000000000000028,1.2709918105652058,0.18624889783979193,-5.96351446690156,-0.000629217558976908,-0.004852004638450031,0.18357296150197594,0.6680920414942422,-0.006722873832893543,0.023630653057542958,-0.07271993225824919,-0.03402011837185516,-0.00434596689287814,13.996767764721497,1.7582279569495947,1.1703136217555254,0.023746181551420675,0.046087951509730725,0.07599410516769901,5.96351446690156,5.98967846237902,0.1835729615019761,0.19109287379406314,0.5112209008911885,0.06448164884629863,0.02185313612605757,-0.07352543599431488,-0.034401893769683674,-0.002282343326603011,0.1851484218821753,-0.009163290236608824,9.847646975719051
3.6200000000000028,1.2841512228310545,0.188555663892716,-5.962976943435759,-0.0020831965451472262,-0.005532461562366462,0.18348646928431753,0.6706384291639566,-0.006491636062264059,0.023455438362332097,-0.07141359530147873,-0.03202312070063516,-0.004525959970580657,13.995158973882095,1.763915613769895,1.1749903644412252,0.023293225980963277,0.04587189776409049,0.07616722732724127,5.962976943435759,5.9453904900727395,0.18348646928431744,0.20304123299622212,0.5118859404754676,0.05970606405439725,0.03921745140691543,-0.07112561792200871,-0.03734452508028568,-0.004044218704099775,0.18997990716495455,-0.005307470409225351,9.860232132591984
3.640000000000003,1.2973595941273353,0.19087573569462346,-5.962433367154822,-0.003510975034693011,-0.006173111155816881,0.1833972831245351,0.6731644191271019,-0.006256161212376369,0.023305477516157077,-0.06967333597447757,-0.029903617303961093,-0.004706466104426561,13.993226577350157,1.7695397698186022,1.179637732429011,0.022835705012782516,0.04565029357478811,0.07633661730788424,5.962433367154822,6.029124973567189,0.18339728312453518,0.1937520780098727,0.5189196131140231,0.0835982741361862,0.013238365089178042,-0.06971612703121907,-0.031045991047142,-0.0057056465318337905,0.2369596123341294,-0.03585603509520967,9.866843980335043
3.660000000000003,1.3106165368052136,0.19320906102189964,-5.961883720215254,-0.00490387364215686,-0.00677151030071813,0.18330525244185655,0.6756699534500972,-0.0060163024964475275,0.023182490365677974,-0.06751355420263289,-0.027671211655950403,-0.004887426852637997,13.990970731648744,1.775100222626706,1.1842556095349257,0.02237370831952346,0.04542316575566011,0.07650226680955279,5.961883720215254,6.039628457703897,0.18330525244185658,0.20141693265664262,0.5230480049043873,0.07632193314472033,0.029282965311320797,-0.06589260697361313,-0.027152894963390368,-0.0023752816002772827,0.21844370958101555,-0.05339844501191168,9.859820600332137
3.680000000000003,1.3239216631210309,0.19555558671294143,-5.961327991143093,-0.0062535011963872535,-0.007325407224037138,0.18321021681291833,0.6781549797001266,-0.0057719254816335575,0.023088078212040154,-0.06495109892738886,-0.025335885198146366,-0.00506880737773622,13.988391619500126,1.7805967720185059,1.1888438803122818,0.02190732645105902,0.045190541788895505,0.07666416771545446,5.961327991143093,6.037314593012028,0.18321021681291816,0.1804559332911566,0.5364955283454531,0.05188083360831395,0.02596159863435023,-0.06583951493064535,-0.023373827897748348,-0.0039295602585083635,0.23295773417941923,-0.07377277957332948,9.81155415022042
3.700000000000003,1.3372745853291494,0.19791525857029774,-5.960766174786904,-0.007551803767328095,-0.007832748971838938,0.18311200875170533,0.6806194502544057,-0.005522906969192552,0.023023716864650913,-0.0620051294709272,-0.022907954040915963,-0.005250597022361014,13.985489449810975,1.7860292201188173,1.1934024300545492,0.02143665081674236,0.04495244982171045,0.0768223120924773,5.960766174786904,6.02479350611324,0.18311200875170552,0.15956555389877414,0.5204225492540374,0.07485183711222355,0.047073927924976194,-0.059866617064517076,-0.027256271018230565,-0.007058711349629182,0.21901368317703374,-0.10010311525405434,9.873981520429046
3.720000000000003,1.350674915770589,0.20028802126477274,-5.960198272244526,-0.008791110932251104,-0.008291688010402478,0.18301045658503579,0.6830633216308163,-0.005269133745403862,0.022990750292196306,-0.05869696648625135,-0.02039802500328658,-0.005432809404408981,13.98226445765545,1.7913973713600952,1.1979311447982215,0.020961773667491045,0.04470891866294248,0.07697669219157842,5.960198272244526,5.922664233286566,0.1830104565850359,0.20162783684783925,0.510134773890494,0.06298024082836036,0.03042204324800941,-0.055686648271701285,-0.023604512196636316,-0.005051612437744669,0.22134845874676484,-0.08151955722656701,9.869773841435565
3.740000000000003,1.3641222669570272,0.2026738182426902,-5.9596242907644585,-0.009964179070754992,-0.008700587942534616,0.18290538736356626,0.6854865538555102,-0.005010501255859055,0.02299038489536281,-0.0550499338037738,-0.01781695115690797,-0.005615482038260839,13.978716904256151,1.7967010324894752,1.2024299113256658,0.020482788077706076,0.044459977779564674,0.07712730044816389,5.9596242907644585,5.964699255431281,0.18290538736356643,0.2022861543287804,0.5362384002751586,0.07639752117361248,0.008035865899011781,-0.0549803716027058,-0.0216725542858486,-0.00444861595031423,0.20099199160610473,-0.12170691866719022,9.898085717211538
3.760000000000003,1.3776162516498076,0.20507259163744834,-5.95904424362286,-0.011064231503576475,-0.009058028331137516,0.1827966297486992,0.6878891098820087,-0.004746912256028988,0.023023684422321763,-0.05108919244020682,-0.015175787034139005,-0.0057986754979762675,13.974847076962966,1.8019400125757288,1.2068986171679537,0.019999787927029694,0.044205657293120204,0.07727412948245926,5.95904424362286,5.930493394203074,0.18279662974869915,0.21544866829447873,0.5519514248999212,0.08710826818686296,0.0303136636246678,-0.05322929182583006,-0.0175346134572088,-0.00540002315945147,0.24779981195822504,-0.09367111961079211,9.83969185924609
3.780000000000003,1.3911564829336682,0.20748428218641038,-5.958458149977225,-0.012084995315206817,-0.009362808625815936,0.18268401681735416,0.6902709550750057,-0.004478275490047969,0.02309156554466432,-0.04684156797989595,-0.012485743654330495,-0.005982472146874229,13.97065528922979,1.807114123016139,1.2113371506076716,0.01951286788194517,0.043945987976077634,0.07741717209987124,5.958458149977225,5.993624920475408,0.18268401681735424,0.19922389192832313,0.5281475611947548,0.09149675549010737,0.02399117167839091,-0.04265643479569279,-0.014397139968397553,-0.003856131980336566,0.21378650035166138,-0.14022604007878053,9.841697224958889
3.800000000000003,1.404742574284969,0.20990882915407813,-5.957866034697896,-0.013020734724289416,-0.009613951191817658,0.18256738872925396,0.692632056770539,-0.004204504447494837,0.023194794108179397,-0.042335372475495396,-0.009758143516346133,-0.006166974465747651,13.966141880589133,1.8122231775432887,1.2157454006817145,0.01902212337722258,0.043681001248107525,0.07755642129134019,5.957866034697896,5.986101546216345,0.18256738872925382,0.1858066420591804,0.5230781543225989,0.07362277181858902,0.05981819083835137,-0.04181796767833688,-0.012870010656383185,-0.0012984022027997585,0.25084184821735045,-0.14371830568476146,9.848375423518398
3.820000000000003,1.4183741396342755,0.21234617026238453,-5.957267928178644,-0.013866280888643208,-0.009810703443859922,0.18244659520509712,0.6949723839224615,-0.003925516244668699,0.023333982069676993,-0.03760022194677321,-0.007004375699369252,-0.006352303018964769,13.961307216624633,1.8172669922317666,1.2201232571840606,0.01852765059721381,0.04341072917228062,0.07769187023368357,5.957267928178644,5.93320685131103,0.18244659520509732,0.2211954080103431,0.5147269147561593,0.08146179026453154,0.01659817678706,-0.036595425966711975,-0.00947740130123493,-0.008943624001934627,0.19530994661385628,-0.1551446207585132,9.825289898589135
3.840000000000003,1.4320507934232178,0.2147962416288212,-5.956663866127582,-0.014617058053415762,-0.009952539090393755,0.1823214977686435,0.6972919068432493,-0.0036412306725502656,0.023509585127996096,-0.03266685048592814,-0.004235851208212236,-0.006538594103787099,13.956151688941423,1.8222453855047889,1.2244706106685253,0.01802954645700079,0.043135204451188375,0.07782351228993033,5.956663866127582,5.966629486226021,0.1823214977686436,0.188585083098332,0.5186685531283057,0.09492291107622142,0.03826353126942481,-0.030363587962544007,-0.004894550531217594,-0.009291024114939239,0.2618917966434051,-0.14898695060571437,9.843880554355511
3.860000000000003,1.44577215065562,0.21725897771298935,-5.9560538893397785,-0.015269105971266218,-0.01003915849659258,0.1821919717112169,0.6995905970451599,-0.0033515694484214605,0.023721901054412818,-0.027566921907492554,-0.0014639586937953606,-0.006725997133308965,13.95067571513443,1.8271581781407351,1.2287873524514974,0.017527908583400413,0.042854460422985866,0.07795134100964604,5.9560538893397785,5.916971560263501,0.18219197171121682,0.18119308811520618,0.5323549574748415,0.08154838436866643,0.0473898457440571,-0.02429635294503636,-0.0024595482598894713,-0.004651272151161375,0.221527984296913,-0.18207647484580566,9.837935047785614
3.880000000000003,1.4595378269429555,0.21973431127203008,-5.955438043452937,-0.01581909854260094,-0.01007048817682683,0.18205790774330727,0.7018684271856478,-0.0030564557021132734,0.023971068724883308,-0.022332839812855245,0.0012999793257045347,-0.006914671807439456,13.944879738754539,1.8320051932796013,1.2330733746146576,0.017022835295829982,0.04256853105735797,0.07807535012924902,5.955438043452937,5.995123946882082,0.1820579077433071,0.19848455034410817,0.5539113852479999,0.08132280367723138,0.03406067888353636,-0.020306828114769134,0.0026017044261984978,-0.004145877045594467,0.22553198873845043,-0.18495852984662217,9.872781501793735
3.900000000000003,1.4733474385442484,0.22222217332525365,-5.954816378687572,-0.016264358641761775,-0.010046679429616812,0.1819192133047028,0.7041253711187705,-0.0027558137212027834,0.024257067853911945,-0.016997556875574485,0.004044703948009718,-0.0071047851292684394,13.938764229272664,1.8367862564293655,1.237328570007675,0.016514425587037,0.0422774509514091,0.07819553357231722,5.954816378687572,5.986596757608448,0.18191921330470295,0.21365454415242047,0.5754965626556189,0.09019277304073131,0.01759275761057593,-0.01568598624688203,0.0070374876955111715,-0.009753182475319953,0.20341656156585294,-0.16156610683733863,9.848472681359238
3.920000000000003,1.4872006024005984,0.22472249312815398,-5.954188949573122,-0.016602869111908655,-0.009968107043427857,0.18177581352661693,0.7063614040765742,-0.0024495689723312863,0.02457971882505864,-0.01159438409870768,0.006758803339518688,-0.007296508329769413,13.932329682041733,1.8415011954722713,1.2415528322508864,0.016002779103696782,0.04198125532547689,0.07831188544988597,5.954188949573122,6.017274493787457,0.18177581352661676,0.18247637211299406,0.5645267033952709,0.06280655952355806,0.022915874866007074,-0.008269404834495198,0.00813805988873356,-0.0048990446957858326,0.2679751500534601,-0.14643258308990167,9.836170499766938
3.940000000000003,1.5010969361645847,0.22723519815587465,-5.953555814660613,-0.01683327992743169,-0.009835372355351283,0.18162765190449026,0.708576503095277,-0.0021376484081214566,0.024938679782935014,-0.006156800756103516,0.009431017645203828,-0.0074900137655371036,13.92557661825655,1.8461498406710217,1.2457460557379556,0.015487996126882148,0.04167998001887074,0.07842440006073656,5.953555814660613,5.972557223834854,0.18162765190449015,0.19520509530309704,0.560232030686525,0.08695886146929489,0.033752060641444856,-0.003467045035555981,0.007975399629657612,-0.0054715959997407495,0.24594502078740813,-0.113380450196159,9.833286942053848
3.960000000000003,1.5150360582249778,0.22976021409615374,-5.952917036218343,-0.01695491153448689,-0.009649300236364308,0.18147469050480994,0.71077064740668,-0.0018199810615179349,0.025333447860045894,-0.000718265633507506,0.012050345787137312,-0.007685471791846633,13.918505584911593,1.850732024674892,1.2499081356385142,0.014970177552408544,0.04137366148553513,0.07853307189167556,5.952917036218343,6.000554644678356,0.1814746905048099,0.2084617055869713,0.5529892394501067,0.06891382940409152,0.01899241258381066,0.0019011639077737064,0.010734532000003325,-0.0069984985638391695,0.21894858507388193,-0.14857429508626385,9.869306931199223
3.980000000000003,1.5290175877268328,0.23229746485148992,-5.952272679916376,-0.01696775439701717,-0.009410933965828101,0.18131690976128834,0.7129438188895989,-0.0014964989252297712,0.025763361956589705,0.004687969794382997,0.014606092333228436,-0.007883047712291804,13.911117154756694,1.8552475825257528,1.2540389679007808,0.014449424871058898,0.0410623367896389,0.07863789561780499,5.952272679916376,5.909973778248506,0.18131690976128834,0.20597033903102613,0.54507638076237,0.07324442320248503,0.031249480048195034,0.005317000689567343,0.012007595375139776,-0.009021184048253205,0.2070114780330416,-0.11888802163497168,9.866059615645234
4.000000000000003,1.543041144587279,0.23484687255018685,-5.951622814502501,-0.016872464788223313,-0.009121529193766059,0.1811543078878315,0.7150960026028448,-0.0011671381032416239,0.026227606288052187,0.010028342384481557,0.017087912522768787,-0.008082898870938939,13.903411926250659,1.8596963516640093,1.2581384492541645,0.01392584014869163,0.04074604360109038,0.07873886610278327,5.951622814502501,6.000059609219587,0.1811543078878315,0.1825832033393615,0.5601748764683565,0.08077534354208257,0.0715037325541254,0.009196098469575708,0.013778993542514243,-0.0066731098622696255,0.23296746420538642,-0.13540934584314882,9.844216372143302
4.020000000000002,1.5571063495073831,0.23740835756584192,-5.9509675114713305,-0.016670370945093087,-0.008782547027157155,0.180986899925495,0.7172271873886252,-0.0008318405963347135,0.026725214619760112,0.015268761607459594,0.019485855310650748,-0.00828517188242654,13.89539052351278,1.8640781719344526,1.2622064772118446,0.013399526006236204,0.04042482019097951,0.07883597839907681,5.9509675114713305,6.000720390592756,0.18098689992549488,0.19404811605877326,0.563275800588367,0.09411344037856037,0.05629760953137756,0.012529926532478627,0.015095353792470612,-0.010710679567019262,0.22758325089284126,-0.1829669026480319,9.824335356578896
4.040000000000002,1.5712128239805334,0.2399818385445924,-5.950306844729144,-0.01636348352285709,-0.008395646280960364,0.18081471644360775,0.7193373665336016,-0.0004905565650718673,0.027255075207766027,0.020375996373118464,0.02179040422932527,-0.008490000027034173,13.887053596272297,1.8683928855920269,1.2662429500733348,0.012870585599579605,0.04009870542694697,0.07892922774820255,5.950306844729144,5.965007393368754,0.1808147164436078,0.20181087082982785,0.5721439359261339,0.06805235982991896,0.02757385071907839,0.022452673750876295,0.01898952004434153,-0.007187042534871123,0.19951405300303726,-0.12452252388425142,9.84771496557763
4.060000000000001,1.5853601902977486,0.24256723243955797,-5.949640890256877,-0.015954478301085727,-0.007962674937356197,0.1806378019204861,0.7214265384734214,-0.00014324615899323349,0.027815936543526907,0.025317916723888004,0.02399251572857022,-0.00869750100308677,13.878401819815757,1.8726403373075056,1.2702477669270227,0.012339122599348273,0.03976773876848133,0.07901860958096102,5.949640890256877,6.039749428380665,0.18063780192048595,0.175504579490791,0.5694808284883581,0.07667630504275785,0.04300821816685967,0.026548357850090694,0.01979217227957226,-0.006345427545328504,0.16055116900412003,-0.14703841175705595,9.83311092691937
4.080000000000001,1.5995480715502333,0.24516445455225433,-5.948969725771587,-0.015446674047112717,-0.007485660857412014,0.1804562128456717,0.7234947075254102,0.00021011854076415586,0.028406413759371956,0.030063708600148797,0.026083654910386993,-0.00890777503149214,13.869435894932323,1.8768203741730864,1.2742208276526965,0.011805241170588836,0.039431960262144475,0.07910411951766029,5.948969725771587,5.94029555389768,0.1804562128456717,0.20735769599756004,0.5874239317586483,0.069953803138837,0.0543370133780388,0.02610781353563571,0.021722823363788432,-0.0037431113473985513,0.17206043409368993,-0.1296677324087461,9.867156608563791
4.1000000000000005,1.6137760916295911,0.24777341858022453,-5.948293430387861,-0.014844006078602583,-0.006966801794014473,0.18027001558791192,0.7255418846333297,0.0005695515052469072,0.02902499565370301,0.03458407651737561,0.028055828513511037,-0.009120903345191375,13.860156547857006,1.880932845707893,1.2781620329240444,0.011269045952352248,0.03909141053672599,0.0791857533683306,5.948293430387861,5.927874585501946,0.180270015587912,0.16871150802953538,0.5765753255783844,0.04737305448342854,0.038040595771444474,0.03340537077573404,0.026508568605859577,-0.011647184882780836,0.15355250788588212,-0.14778298795343486,9.842102743427953
4.12,1.628043875226099,0.2503940366700793,-5.947612084280582,-0.01415099577037497,-0.006408454757541842,0.1800792840774643,0.7275680881076059,0.0009350507200183699,0.029670052292853213,0.0388514325530595,0.029901615019451697,-0.009336947088248036,13.850564530211848,1.884977603863395,1.2820712842111401,0.010730642037184735,0.038746130798327144,0.07926350713292958,5.947612084280582,5.916330218128855,0.18007928407746432,0.20516008407770592,0.5442593297182764,0.09854028131112821,0.0141063434402273,0.03708920217068013,0.02983344978174032,-0.009804805120673152,0.20458718306696008,-0.15035497430812392,9.881957096403726
4.14,1.6423510478254317,0.25302621947510767,-5.946925768350414,-0.013372716282592678,-0.005813124788122213,0.17988409735459765,0.7295733443442486,0.0013065961804633428,0.03033984314332202,0.04284007022182049,0.031614191771067265,-0.009555946639928627,13.840660618945034,1.8889545030287351,1.2859484837829052,0.010190134950530052,0.038396162825375,0.07933737700153833,5.946925768350414,5.944104933445538,0.17988409735459765,0.1905401129159885,0.5813383930532579,0.09765643243630681,0.027306743984289006,0.047972609872894985,0.029126355049586067,-0.007888995904547287,0.2063409762799676,-0.11931375719029667,9.833255812080063
4.159999999999999,1.6566972357041991,0.25566987621660536,-5.94623456389331,-0.012514754815668242,-0.005183453190462741,0.17968453703826412,0.731557688505818,0.00168414797541335,0.031032525685193917,0.04652632201257137,0.0331873590140273,-0.009777921369589725,13.830445616267962,1.892863400035973,1.2897935347095517,0.00964763063004689,0.03804154896356734,0.07940735935454807,5.94623456389331,6.065054895993105,0.17968453703826404,0.20568160765627663,0.5784772596360341,0.0949364021555871,0.03315103555579603,0.04754450245576931,0.02897276082638211,-0.011580965068815612,0.209227966805525,-0.09802697361442984,9.820270033172134
4.179999999999999,1.6710820659246326,0.25832491474807256,-5.945538552275273,-0.01158317172145724,-0.0045222052891302714,0.1794806847698065,0.7335211651482464,0.002067644514018088,0.03174616445496744,0.04988869956795745,0.03461556079096372,-0.010002869818716096,13.81992034959026,1.8967041541652387,1.2936063408650076,0.0091032354048453,0.03768233212074874,0.07947345076283749,5.945538552275273,5.975561619188105,0.1794806847698065,0.20725856443270274,0.5627557293174269,0.09133113598859947,0.0480592601033921,0.051468325727299286,0.03611101821457714,-0.006965746866581829,0.17326527425904326,-0.1191154576622927,9.814908627677504
4.199999999999998,1.6855051663287222,0.2609912416214523,-5.944837814613523,-0.01058445682028372,-0.003832257763801719,0.17927261968624483,0.7354638287780756,0.002457000949030532,0.03247874046380465,0.05290801569939582,0.0358939026375159,-0.01023077029727192,13.80908567145278,1.9004766271497981,1.2973868069293168,0.00855705597464668,0.037318555761718955,0.07953564798794081,5.944837814613523,5.9302249783088055,0.17927261968624464,0.17772790086072154,0.5918634771689315,0.07159359530455263,0.048000768675596904,0.056283060442113834,0.03563811214662814,-0.009658984982863683,0.16242543596290546,-0.07998148848313917,9.838340608375782
4.219999999999998,1.69996616553207,0.2636687621546145,-5.944132431465193,-0.009525483288970954,-0.0031165856253666936,0.17906041597618993,0.7373857443257142,0.002852107846632856,0.033228160935393845,0.05556748764669825,0.037018166048685366,-0.010461581872842804,13.797942459458522,1.9041806831810315,1.3011348383910255,0.00800919938887082,0.03695026390297353,0.07959394798220648,5.944132431465193,5.917820000114827,0.17906041597619016,0.22097658479275317,0.5675047501638543,0.08023328144418923,0.05040542840350724,0.05457983313897257,0.03380137832500888,-0.009192682349481576,0.1873457320522256,-0.09031654326077912,9.871587456619705
4.2399999999999975,1.7144646929176817,0.26635738049933944,-5.943422482524552,-0.008413459496302412,-0.0023782488948364284,0.1788441405688142,0.7392869875216197,0.003252830148692035,0.03399226930623274,0.057852821205442446,0.037984819702790315,-0.010695245723049905,13.786491616201568,1.9078161889133214,1.3048503415495412,0.00745977302565471,0.03657750110737809,0.0796483478889464,5.943422482524552,5.977908176803708,0.17884414056881415,0.1976964840245965,0.5835610238599735,0.08395925352220965,0.05010236057519731,0.05859373017372901,0.04287957789046974,-0.00817602756670131,0.14786077551044274,-0.07430193942228418,9.86851234058843
4.259999999999997,1.7290003786298827,0.26905699970911384,-5.942708046329728,-0.007255879169270178,-0.0016203790477725413,0.1786238510026573,0.7411676451638537,0.003659006468010531,0.03476885543021612,0.0597522755541439,0.03879102744870795,-0.0109316868145766,13.774734069193961,1.9113830134688548,1.3085332235174794,0.006908884570806617,0.03620031247877607,0.07969884504257604,5.942708046329728,5.9789330090383395,0.1786238510026572,0.16269808462893476,0.5858483260979447,0.1103363870823301,0.005736991932051898,0.059052771904555074,0.03426434532845916,-0.008955279632470524,0.14554887264144525,-0.06192228952768074,9.87056956138424
4.279999999999997,1.743572853568494,0.27176752180612074,-5.941989199979821,-0.006060470276214373,-0.0008461652873775461,0.17839959351645704,0.7430278152672094,0.0040704487508662355,0.03555566592897449,0.06125670881338493,0.039434653079878854,-0.011170815866003015,13.762670770790578,1.9148810284423319,1.3121833922229822,0.006356641996700161,0.03581874365653135,0.07974543696874499,5.941989199979821,5.933543714434155,0.17839959351645707,0.191793812130574,0.5864700282474291,0.07759651807353606,0.05905446236487655,0.06049097854918228,0.03471870184756698,-0.009455073532863408,0.11935574797620271,-0.04204336001817085,9.828339123204747
4.299999999999996,1.758181749383367,0.2744888478468832,-5.941266018863201,-0.0048351430117208995,-5.8840709469385366e-05,0.17817140139879778,0.7448676070860262,0.004486942334074491,0.03635041462947703,0.06235960455729049,0.03991426193559171,-0.011412531546605794,13.750302698111996,1.9183101079055924,1.3158007564120224,0.0058031535411119314,0.03543284081000583,0.07978812138445816,5.941266018863201,5.930585008286673,0.1781714013987976,0.21736240941421547,0.580628326225082,0.048474654404240466,0.04607219956800668,0.06475215570523885,0.038452190876882966,-0.013647507713581072,0.1550693560812843,-0.05116936232022306,9.8584010233817
4.319999999999996,1.7728266984693286,0.2772208779861026,-5.940538576397772,-0.003587937263189149,0.00073833157771894,0.17793929362729588,0.7466871410048637,0.004908246416126313,0.03715079303099178,0.06305707967147023,0.040229119386246286,-0.011656722859429721,13.73763085296534,1.9216701284121451,1.3193852256506835,0.005248527686007369,0.03504265063297318,0.07982689619818775,5.940538576397772,5.979213380250358,0.1779392936272961,0.17762672561143633,0.6011246033195776,0.05176026570791548,0.0250080665108649,0.06494486921988234,0.0395309126099157,-0.013309101068004604,0.11139943136319724,-0.07391879098795506,9.847022845606997
4.339999999999995,1.7875073339615541,0.2799635115383183,-5.9398069437838465,-0.0023269699306195405,0.0015420723166250975,0.17770327382144224,0.7484865482933606,0.005334094953843968,0.03795448074458725,0.0633478741086456,0.04037918627449344,-0.01190327165432307,13.724656261763139,1.9249609690016156,1.3229367103274212,0.004692873136278509,0.03464822033796871,0.07986175950997564,5.9398069437838465,5.956464893328451,0.17770327382144213,0.1908609884016701,0.5811090354760496,0.0868378790611639,0.07220618848876631,0.06052071354750811,0.038189608421481384,-0.014147366445805007,0.09355094330627413,0.008205679123975507,9.849820316425143
4.359999999999995,1.8022232897313406,0.28271664703710264,-5.939071189770272,-0.0010603824597551284,0.00234909988506382,0.17746332952625066,0.7502659707238083,0.0057641979876358294,0.03875915584995217,0.06323332323204581,0.0403651113982699,-0.01215205521526702,13.711379975440185,1.9281825112040971,1.3264551216553038,0.004136298798438309,0.034249597650576905,0.07989270961152652,5.939071189770272,5.970672817116341,0.17746332952625066,0.2135783886227678,0.609051746946517,0.11855492961375438,0.036547759544656826,0.063394659083559,0.03829960876113919,-0.013222913040824631,0.08677528067641023,-0.0724163473075495,9.864102931773
4.379999999999995,1.8169742003822251,0.2854801822915914,-5.938331380434339,0.00020371106537818038,0.0031561439426838153,0.17721943183667613,0.7520255600521971,0.006198243390014854,0.03956250511638011,0.06271731355621658,0.04018822113469285,-0.012402948866208479,13.69780306936841,1.931334639044419,1.3299403716742308,0.0035789137592751813,0.033846830803656545,0.0799197449862916,5.938331380434339,6.012018619101941,0.1772194318366762,0.19864820592832233,0.5900251104039924,0.04727449211210352,0.04792634121588736,0.06187822491075034,0.04082291379546825,-0.014366056741778294,0.0936126592951742,-0.008337088112484181,9.851795482622407
4.399999999999994,1.8317597012463591,0.2882540144402306,-5.9375875789759665,0.0014572749408556227,0.003959958881058483,0.176971535365527,0.7537654773656952,0.006635899023752389,0.04036223403728089,0.061806222794592955,0.039850506315478915,-0.012655828540684068,13.683926643269787,1.9344172390463192,1.3333923732531339,0.003020827264472475,0.03343996853150476,0.07994286430954295,5.9375875789759665,5.901668677907343,0.176971535365527,0.1828565462958247,0.5921859322914022,0.05877886617330619,0.031378248389966806,0.0597416712519651,0.04205280465134577,-0.011050530084964184,0.026683351547384535,-0.006143630646308155,9.859623648698543
4.419999999999994,1.8465794283810266,0.29103804000170175,-5.936839845526573,0.00269240166072762,0.004757337021388039,0.176719578550453,0.7554858923016622,0.007076815288045294,0.041156076630495864,0.06050884520299211,0.03935460647494552,-0.012910573262734374,13.669751821127239,1.9374302002365305,1.3368110400921531,0.002462148697196526,0.033029060063960024,0.07996206644843833,5.936839845526573,5.902587362584497,0.17671957855045317,0.17389306058386955,0.5962636890637368,0.09698722779131647,0.034306164504917885,0.06140589860837216,0.04007698397997032,-0.012261490325197473,0.05412880007013594,0.0023948904792388155,9.866678339457403
4.439999999999993,1.8614330185651708,0.29383215492305687,-5.936088236973012,0.0039013602426706106,0.00554512150620068,0.17646348428869502,0.7571869821453467,0.007520628023540779,0.04194180495995753,0.058836303268497855,0.038703791600699894,-0.013167067489862698,13.655279751093612,1.9403734141487754,1.3401962867247952,0.0019029875566580513,0.03261415512044561,0.07997735046207678,5.936088236973012,6.019810798454805,0.17646348428869496,0.1678325031922263,0.5918025461688091,0.09148294677771093,0.06175186597489235,0.06087090077950891,0.03883126823607754,-0.014406483986310057,0.040216908472710984,0.03836717964163619,9.805126779367095
4.459999999999993,1.8763201092957817,0.29663625462515925,-5.935332806796858,0.005076642790515912,0.006320218834134404,0.17620316088176807,0.7588689308153355,0.007966961740134849,0.042717238337782314,0.056801946834863455,0.03790194152480038,-0.013425203272983162,13.640511605398665,1.9432467748276712,1.3435480285200714,0.0013434534366505119,0.03219530390395342,0.0799887156015447,5.935332806796858,6.0592678391335735,0.17620316088176802,0.19690394446354187,0.6258117049812688,0.0907655029279512,0.03346438351424423,0.06145648052574755,0.03654649556696188,-0.015329304428706498,0.055528132127049545,0.031696816304075226,9.856509999715971
4.479999999999992,1.8912403387839867,0.2994502340455818,-5.934573604929308,0.00621100904430291,0.007079610989821661,0.1759385032662402,0.7605319277475793,0.008415433125263272,0.04348025216965252,0.054421240779744494,0.03695352309948648,-0.013684882193305844,13.625448580254124,1.9460501788325435,1.346866181684611,0.0007836560040702206,0.03177255709496968,0.07999616130995255,5.934573604929308,5.938258955160177,0.17593850326624016,0.19948306931142445,0.6165282548443913,0.09309383357651223,0.04003605696228041,0.05290315461974637,0.03661303623083217,-0.015187759716450843,0.04845438909962112,0.05224767692187483,9.856265694276964
4.499999999999992,1.9061933459506804,0.30227398767915803,-5.933810677621881,0.007297528690443507,0.00782036712404393,0.17566939450137678,0.7621761666903986,0.00886565478504425,0.04422878641025708,0.05171164236728205,0.03586356530653803,-0.013946017041786352,13.610091895756792,1.948783525241151,1.3501506632647575,0.00022370497742184165,0.03134596584534244,0.07999968722246206,5.933810677621881,6.051032787593781,0.17566939450137697,0.1766283387333476,0.6176776686068383,0.09555360217875389,0.03827009325834499,0.05280929373464648,0.033183880586187466,-0.01509298992173433,0.010997468656214704,0.060642042051834245,9.836246257991396
4.519999999999992,1.921178770421536,0.3051074096164173,-5.933044067333059,0.00832962122661922,0.00853965474262716,0.17539570747973487,0.7638018444242342,0.009317239166193802,0.04496085359954698,0.04869246939352048,0.03463763245298018,-0.014208533212981224,13.594442795789718,1.9514467156533182,1.3534013911486427,-0.0003362898946859447,0.030915581772092467,0.07999929316630425,5.933044067333059,5.9892198028381625,0.17539570747973476,0.19695902485088013,0.5885024055066732,0.08630198878399689,0.036183217123736816,0.050687034617717924,0.03561322875299379,-0.012625325000750112,0.01206500721746244,0.06338695678179765,9.829003548806204
4.539999999999991,1.9361962525212426,0.3079503935801577,-5.9322738126309735,0.009301093197896095,0.009234750365964552,0.1751173068228899,0.7654091594210563,0.009769802603180123,0.045674546454546903,0.04538476022377511,0.03328179560825954,-0.014472369791751883,13.578502547921438,1.9540396541944778,1.3566182840682388,-0.0008962188550509593,0.030481456951167475,0.0799949791607878,5.9322738126309735,5.988399907713108,0.17511730682288995,0.17852314536602476,0.6012365562365866,0.07341104632477148,0.05505273604699078,0.04624235673795258,0.030645273151055155,-0.013263596719565523,0.004921387621971528,0.03289592598992855,9.867140452479342
4.559999999999991,1.9512454332668314,0.31080283296042455,-5.931499948112174,0.010206172642011114,0.009903049624532404,0.17483405092141635,0.7669983104592449,0.0102229694326519,0.046368044995379165,0.041811126792386806,0.03180260243925604,-0.014737480318100855,13.562272443303318,1.9565622475191224,1.3598012616013904,-0.0014559721593894429,0.03004364391114119,0.0799867454172981,5.931499948112174,5.93038100692934,0.17483405092141613,0.1680645094380071,0.6055291457593943,0.09854941425241323,0.010988291399595666,0.042148083297694636,0.03414800084815427,-0.010296265637282202,-0.0008325672935292003,0.10303511864872748,9.866664909800686
4.57999999999999,1.9663259543599652,0.31366462084816243,-5.930722504336482,0.011039540602673443,0.010542076759261445,0.17454579407606174,0.7685694952104136,0.010676376115785991,0.04703962318793317,0.037995601598394865,0.03020704559965804,-0.015003833222359654,13.54575379656496,1.959014404814165,1.3629502441738248,-0.0020154400978457253,0.029602195626857244,0.07997459233928694,5.930722504336482,5.954589245811362,0.17454579407606197,0.1561448977208313,0.5918605753463221,0.10735617495519847,0.05262054586586407,0.03921861772961268,0.03041330738942766,-0.014108862700625373,-0.0015422082020616085,0.12544919370397284,9.876725803660916
4.59999999999999,1.981437458178093,0.3165356500678016,-5.92994150777789,0.011796359589892584,0.011149493499096034,0.17425238869576987,0.7701229088150509,0.011129675308850374,0.04768765508919463,0.03396347968760671,0.028502529829423622,-0.015271411929838188,13.528947945707714,1.9613960378022073,1.3660651530611418,-0.002574513016494866,0.029157165513019462,0.07995852052225272,5.92994150777789,5.931787805031068,0.17425238869576987,0.1916916075514825,0.6239526742194678,0.11842468640740818,0.042153083299528694,0.03566462740960024,0.026675950810862284,-0.01622327890169506,-0.027748703882071155,0.09245861486448072,9.821038895362502
4.6199999999999894,1.996579587764394,0.31941581320901985,-5.929156980791427,0.012472298885691478,0.011723107291476997,0.17395368750782783,0.7716587424640065,0.011582539822947721,0.04831062048458307,0.029741156564373827,0.02669683791839682,-0.015540214640758483,13.511856251996312,1.9637070607447196,1.3691459103907817,-0.003133081338834612,0.028708607417728595,0.07993853075371124,5.929156980791427,5.923586877411903,0.17395368750782803,0.2185896928960842,0.6204699937716659,0.10893782440036956,0.04434977158857755,0.029143798315393085,0.02814542118792741,-0.016301511584257043,-0.04007221437592336,0.12157599119811681,9.859509477953072
4.639999999999989,2.011751986816467,0.3223050026578944,-5.928368941595853,0.01306355661202265,0.012260878864785808,0.173649545735915,0.7731771820027499,0.01203466641555549,0.04890711000969296,0.025355962927033196,0.02479809568577078,-0.0158102537977086,13.494480099848602,1.9659473904451248,1.372192439143971,-0.0036910355872619006,0.028256575615966978,0.07991462401315717,5.928368941595853,5.963028179954904,0.17364954573591485,0.16282094257717805,0.582913196491232,0.0842044880496686,0.07786162479550317,0.02486620975053027,0.027676365818419896,-0.01659653398689042,-0.014567734739796173,0.12618281602243597,9.843828635605973
4.659999999999989,2.026954299673753,0.3252031106276215,-5.927577404272041,0.013566878495252262,0.012760929104959557,0.17333982320319116,0.7746784065749868,0.012485779359056775,0.04947582975156374,0.020835997071242444,0.022814736124121313,-0.016081555258854196,13.476820896723405,1.9681169462517962,1.3752046631576502,-0.004248266404530244,0.027801124803031065,0.07988680147201603,5.927577404272041,5.921829865371294,0.1733398232031913,0.2034197658034138,0.6205141198567214,0.10770798938203859,0.05180070362269733,0.019536329747673123,0.018087583444756795,-0.017002175251569347,-0.06720412348519038,0.10435052466624815,9.85924744654155
4.679999999999988,2.0421861713037126,0.3281100291889394,-5.926782378776827,0.013979573278215904,0.013221545231505706,0.1730243863197279,0.7761625873216482,0.012935633734895643,0.05001560532699836,0.016209955756957998,0.020755462853306574,-0.01635415720063681,13.458880073006522,1.970215650060959,1.378182507126376,-0.004804664575183345,0.027342310087913515,0.07985506449358674,5.926782378776827,5.956473268432204,0.17302438631972805,0.17148029815285604,0.607218654351504,0.08962963388439045,0.0702227629612653,0.01660619614681747,0.021487918810270925,-0.016655617151650377,-0.055863081721046245,0.1362846063741715,9.844953311878763
4.699999999999988,2.057447247286821,0.33102565030034214,-5.925983870972101,0.014299524746615208,0.013641186260998151,0.17270310991650384,0.7776298861504737,0.013384018406213768,0.050525385437502915,0.011506964289016814,0.018629213025771717,-0.016628108778583783,13.44065908189486,1.9722434263195026,1.3811258966042035,-0.005360121046960925,0.026880186986635107,0.07981941463297491,5.925983870972101,5.971838380420212,0.17270310991650373,0.1867708602686271,0.6087289619908951,0.07337458303856544,0.02796445598356882,0.011572817687438213,0.017579891526730104,-0.018225865486747823,-0.0437867907604516,0.10320633122449249,9.872465570850101
4.719999999999987,2.07273717380047,0.3339498658381175,-5.925181882668867,0.014525200351474954,0.014018487748814118,0.17237587889177663,0.7790804545904182,0.013830758626744748,0.05100424490213614,0.006756406519405785,0.01644511982083604,-0.016903468579083366,13.422159399278742,1.9742002020277007,1.3840347580065495,-0.005914526952172741,0.026414811415527224,0.07977985363701656,5.925181882668867,5.990429311889164,0.17237587889177686,0.1792895450309686,0.6244550259230697,0.07172616946204458,0.04538801359350494,0.012585454046134703,0.01649052339976217,-0.015433919994955955,-0.05006281757037486,0.148133360224539,9.841627361634
4.739999999999987,2.088055597601918,0.33688256762618696,-5.92437641168596,0.014655656423595339,0.014352265802374503,0.17204258963983446,0.7805144327439343,0.014275718249264517,0.05145138717095276,0.001987755442329496,0.014212474661490924,-0.01718030289848252,13.403382523622343,1.976085906741839,1.3869090186120305,-0.006467773629036161,0.025946239684466233,0.07973638344419261,5.92437641168596,5.9587222534531135,0.17204258963983454,0.18925784873473095,0.6002959493374117,0.07896209550257571,0.050559235111060946,0.004250758114314025,0.01356478600622898,-0.015469476162710726,-0.025183352926941592,0.08493151392591386,9.846937301720514
4.7599999999999865,2.103402166010451,0.33982364746566945,-5.923567451923073,0.014690539989508571,0.014641520361484753,0.17170315123682245,0.7819319483488429,0.014718801502921075,0.0518661463228256,-0.002769594978134538,0.011940689283204506,-0.01745868388860087,13.384329975842325,1.977900472576752,1.389748606564281,-0.007019752642973672,0.02547452849005985,0.07968900618453377,5.923567451923073,5.888758953656059,0.17170315123682256,0.18882713538549467,0.6214387709760314,0.08484818345240705,0.05281881703902071,0.00282619915670183,0.011241488100258924,-0.015107811796821113,-0.07262893501936639,0.12530880425910157,9.835160563301553
4.779999999999986,2.118776526888969,0.34277299716402954,-5.922754993447731,0.014630087211488793,0.014885437743551633,0.17135748636344297,0.7833331159600253,0.015159954315190884,0.05224798855227168,-0.007486250672168866,0.009639257780305551,-0.017738687609692952,13.365003299184641,1.979643834208265,1.3925534508737498,-0.007570355807865564,0.024999734908787118,0.07963772417951633,5.922754993447731,5.968315668276891,0.17135748636344283,0.19311501799372532,0.6370677936488415,0.09716938882512736,0.05467773321617099,-0.0032612977702895112,0.010395194201705584,-0.017670596097342103,-0.06425280095962384,0.09998569476683133,9.84230409406007
4.799999999999986,2.1341783286252247,0.34573050856361814,-5.921939022595761,0.014475123396002312,0.015083392453490798,0.17100553194973642,0.7847180362595712,0.015599165425625092,0.05259651309327679,-0.012132172670651139,0.007317718695293848,-0.018020392044605735,13.345404059099533,1.9813159288755477,1.3953234814194762,-0.008119475207254206,0.024521916390092015,0.07958253994194822,5.921939022595761,5.983311116463324,0.17100553194973633,0.2005567582328185,0.6028741207225922,0.09293541509076846,0.05206938105169218,-0.008099454476494709,0.0038551605979280207,-0.017672234455954797,-0.04812917696027101,0.16741515828116602,9.82342815099222
4.819999999999985,2.149607220112984,0.34869607356948074,-5.921119522084468,0.014227075882375656,0.015234948260695038,0.17064723953325603,0.7860867955023031,0.016036467901617918,0.05291145243915933,-0.016677842386955972,0.004985617124683721,-0.018303875121780416,13.325533843114732,1.9829166963833729,1.3980586289508394,-0.008667003215495185,0.024041130749432413,0.07952345617584608,5.921119522084468,5.9905269458559145,0.1706472395332561,0.16304866838821175,0.5890586066180761,0.07312911066479025,0.05841451892763878,-0.019015215455662614,-0.00041119679511432937,-0.019101765592357503,-0.07977669011668528,0.12978619166970007,9.883096602285084
4.839999999999985,2.1650628507333445,0.35166958417653343,-5.920296471136625,0.013887963609234654,0.015339858548695838,0.17028257532709087,0.7874394651017455,0.016471939097469482,0.053192672284117226,-0.02109458770350285,0.0026524673434221895,-0.018589212695297435,13.305394260706871,1.984446079104283,1.4007588250892948,-0.00921283251885173,0.023557436161284175,0.07946047577630261,5.920296471136625,5.9520981851963555,0.17028257532709068,0.15914613168509817,0.6305552110285977,0.07215259679662936,0.04735418495169352,-0.020475488078913976,0.002956513836219468,-0.01974439796128928,-0.049935937445464915,0.14209957703478762,9.872345523801593
4.859999999999984,2.1805448703366395,0.3546509324951189,-5.919469845616037,0.013460380142075347,0.015398065939896429,0.16991151999447446,0.7887761013599774,0.01690569993573859,0.05344017101939725,-0.025354774035658105,0.0003277159112713198,-0.018876476595954327,13.284986943171113,1.9859040219806652,1.4034240023300788,-0.009756856136527717,0.023070891152102358,0.0793936018293448,5.919469845616037,5.902456933575691,0.1699115199944745,0.21952522088531,0.6151889555901824,0.1143338724453104,0.06144429902645418,-0.02180594882185529,0.0015850487225276366,-0.015151411657717157,-0.049190342315791426,0.11535122788587107,9.829688209789394
4.879999999999984,2.196052929225272,0.35764001077445773,-5.918639618174367,0.012947472862450909,0.015409701201933322,0.16953406813762067,0.79009674534296,0.01733791366051712,0.05365407876259628,-0.029431985985890814,-0.001979294652109087,-0.019165732803738168,13.264313543489017,1.9872904725267335,1.4060540940438997,-0.010298967441635706,0.022581554593239395,0.07932283761178266,5.918639618174367,5.999969665477741,0.1695340681376205,0.1849391500394435,0.6656329387023491,0.10422918524358865,0.07712458754615129,-0.02512298407517125,-0.0006447482342444751,-0.016727165948377348,-0.09090782948475412,0.11227425161111865,9.86144483047019
4.8999999999999835,2.2115866781378393,0.3606367114235677,-5.917805758408734,0.012352918507512096,0.015375081444321937,0.16915022751472833,0.7914014229011095,0.01776878408519606,0.05383465592693165,-0.03330119816435597,-0.004259255633588573,-0.019457039780782663,13.243375736194658,1.988605380830418,1.4086490344786013,-0.010839060182095333,0.022089485693821957,0.0792481865910487,5.917805758408734,5.968101795996349,0.16915022751472852,0.22235603709743268,0.6565993199819286,0.0714535421295833,0.03257155383909621,-0.029914729364270615,-0.006280590508539206,-0.021672893288950754,-0.1000309014832238,0.10494515462141021,9.855273286817855
4.919999999999983,2.2271457682349074,0.36364092702920847,-5.916968233029561,0.011680895277997224,0.015294709733244224,0.1687600180306214,0.7926901447094553,0.018198553365283986,0.05398229290292036,-0.036938933869596284,-0.006502861344269725,-0.019750446982533473,13.222175217238979,1.9898486995551619,1.4112087587608082,-0.011377028501458502,0.02159474399358645,0.07916965242502799,5.916968233029561,5.881467788433121,0.16876001803062124,0.17178332655379736,0.6419195394947823,0.09214054223813371,0.043582570483426494,-0.035103441628247016,-0.00507294530213017,-0.016455745698825935,-0.043800858149454766,0.1148565098342333,9.89419866245038
4.939999999999983,2.2427298510865805,0.3666525503704134,-5.916127006040363,0.010936051757808233,0.015169275332109919,0.16836347050761907,0.7939629063698443,0.018627499332652873,0.054097510271312044,-0.04032341050206889,-0.008701028356012868,-0.02004599357330382,13.200713703852424,1.991020383941625,1.4137332028975462,-0.01191276695965679,0.021097389355675022,0.07908723896187896,5.916127006040363,5.826542464479244,0.1683634705076189,0.1598157080081788,0.6368770161984053,0.05784551679634035,0.04353374849031884,-0.040478826565182986,-0.010546560530050975,-0.02103580338970704,-0.01578019079286349,0.06057851616569719,9.864085527193138
4.959999999999982,2.2583385786620984,0.36967147442918125,-5.915282038930512,0.010123472910773753,0.014999649564145,0.16796062520251548,0.795219688865647,0.01905593243371292,0.054180955836393214,-0.04343467078529586,-0.010844936532187438,-0.02034370741613122,13.17899293440584,1.992120391809296,1.4162223037778439,-0.012446170553667492,0.020597481959391983,0.0790009502398448,5.915282038930512,5.9497453842946,0.16796062520251542,0.20917729933350593,0.6465774892759405,0.09632949129701311,0.0636051720842633,-0.042122753548997714,-0.010157652354846601,-0.01939889052087058,-0.0462254427827919,0.03106501846747041,9.82229930369133
4.979999999999982,2.2739716033222543,0.372697592396888,-5.9144332908767225,0.009248643442770493,0.01478688085687101,0.16755153015210436,0.7964604591558988,0.019484192323342815,0.054233401105818785,-0.04625469895437522,-0.01292606557533301,-0.02064360433875901,13.15701466826968,1.9931486835580108,1.4186759991743085,-0.012977134738093738,0.020095082292922447,0.07891079048705564,5.9144332908767225,5.90547097716942,0.16755153015210444,0.18494221945503453,0.6178586323711635,0.11681167556911505,0.06141967971057995,-0.0449406210446444,-0.012459423746416655,-0.019260661183939067,-0.05083540476971113,0.11266257112223552,9.877801272983676
4.999999999999981,2.2896285778150016,0.37573079767600726,-5.913580718952416,0.008317408832365992,0.014532189054187431,0.1671362393846414,0.7976851708960828,0.019912644169536847,0.05425573727502112,-0.04876752128023037,-0.014936229843149483,-0.020945687688538477,13.134780685671483,1.9941052221693774,1.4210942277446832,-0.013505555445655197,0.019590251146013017,0.07881676412132131,5.913580718952416,5.974029046488404,0.16713623938464117,0.19036762714867095,0.6502279148115625,0.08654320170380667,0.0864290959143729,-0.049029966837224874,-0.018129235764357828,-0.019920236788600883,-0.06484514068681733,0.09647415280720853,9.836630266716169
5.019999999999981,2.30530915527459,0.37877098387676766,-5.912724278344092,0.007335934345884382,0.014236959026825036,0.16671481103612354,0.7988937652746632,0.020341674727112142,0.05424897073313699,-0.05095929047329999,-0.016867611274068675,-0.021249948182705865,13.112292787551684,1.994989973208109,1.4234769290333793,-0.014031329107584794,0.019083049602616586,0.07871887574991496,5.912724278344092,5.9215460049944655,0.1667148110361234,0.1473922519032298,0.6336790187973038,0.14293521072351184,0.06633049580351254,-0.05195593241914396,-0.01679532416292285,-0.020258133892618494,-0.09113135154678714,0.0861487315954701,9.863875683970734
5.0399999999999805,2.321012989224546,0.38181804480842335,-5.911863922573845,0.00631066236196609,0.013902733615295565,0.1662873054116556,0.8000861719531612,0.02077168824104809,0.05421421810968132,-0.052818353683178304,-0.01871279027686709,-0.02155636405376251,13.089552795417735,1.9958029048232635,1.4258240434729892,-0.01455435267392799,0.018573539033501014,0.07861713016934715,5.911863922573845,5.937662142278192,0.1662873054116556,0.1637164793559971,0.6175509632104429,0.07361699922505424,0.04582937565168092,-0.05341836301780653,-0.02013207669163502,-0.018720596276911076,-0.1089931609381708,0.04517314994765355,9.812810387685005
5.05999999999998,2.336739733584772,0.3848718744648755,-5.910999603727136,0.005248268336309963,0.013531205942648608,0.16585378303267892,0.8012623100964587,0.021203102241064174,0.054152700883586355,-0.05433530397874424,-0.020464774452864737,-0.02186490148309658,13.066562551196565,1.996543987749391,1.4281355123857735,-0.015074523633740091,0.0180617810888236,0.078511532365131,5.910999603727136,5.957593923134312,0.16585378303267895,0.1880324954258965,0.6294867683411967,0.09453842444893572,0.07433651835952715,-0.051814244962227786,-0.02380241818767647,-0.020819428077673008,-0.06111506465493865,0.05517631814312688,9.809096759774574
5.07999999999998,2.3524890426830067,0.3879323670044504,-5.910131272684868,0.004155615739452729,0.013124211137328099,0.16541430271045873,0.8024220894791271,0.021636343288895448,0.0540657395786752,-0.05550301535397195,-0.02211702503408109,-0.022175515309681215,13.043323917085386,1.997213195307586,1.4304112779851306,-0.015591740035178287,0.01754783769067121,0.07840208751153778,5.910131272684868,5.888586344449061,0.16541430271045865,0.16043929814331603,0.6285850603415124,0.10197871429937995,0.05421342046076238,-0.054676703596411136,-0.026793589613303637,-0.018197992095072127,-0.020820728470490366,0.04346127160243837,9.893610395807494
5.099999999999979,2.3682605712708362,0.390999416723717,-5.90925887935885,0.0030397102993125575,0.012683717509165837,0.16496891968499394,0.8035654116529357,0.022071842738436948,0.05395474757210387,-0.056316661455611726,-0.023663480936140468,-0.02248814999480461,13.019838775400858,1.9978105034064486,1.4326512833770384,-0.01610590050548357,0.01703177102556799,0.07828880097134343,5.90925887935885,5.933542574572006,0.16496891968499394,0.17187888847741517,0.6308579261377938,0.11856488712757035,0.05437085934195749,-0.051704775762587474,-0.0245020296278782,-0.023171214581854706,-0.04306658434751847,0.043441874645643516,9.852406429100306
5.119999999999979,2.3840539745444085,0.3940729180253105,-5.908382372929681,0.0019076538760057877,0.012211817224026476,0.16451768386647025,0.8046921711602784,0.022510032566562792,0.05382122454473257,-0.056773718368340755,-0.02509858034058052,-0.022802740818456586,12.996109028426613,1.998335890542952,1.434855472561479,-0.01661690427084985,0.016513643536950767,0.07817167829556573,5.908382372929681,5.924969186857324,0.16451768386647014,0.22269286134425004,0.6485970078181543,0.10946530297476673,0.04690901585652086,-0.05511819244391068,-0.026158283981255217,-0.020896979325041067,-0.08300266320922509,-0.023136088214869448,9.852009919695425
5.139999999999978,2.3998689081699394,0.3971527653798159,-5.907501702086112,0.0007665982893851242,0.011710716524798341,0.1640606382135865,0.805802256778098,0.02295134132906868,0.05366674960472036,-0.05687395191926323,-0.02641727973735997,-0.02311921527831973,12.972136598259183,1.9987893378032158,1.4370237904338374,-0.017124651176174895,0.015993517917613536,0.07805072522319238,5.907501702086112,5.994534317583028,0.16406063821358652,0.16512557392630178,0.673137119544565,0.11241225276884388,0.07001836166995684,-0.055084144905316504,-0.028449765232243494,-0.02373405801493138,-0.029216189795457342,0.0018367316968783726,9.886877785103751
5.159999999999978,2.4157050283140524,0.4002388532818575,-5.906616815264913,-0.00037630058987725163,0.011182725548281307,0.16359781727962325,0.806895552776959,0.02339619029194175,0.05349297411782151,-0.05661939007563817,-0.027615070374621496,-0.023437494658378594,12.94792342665231,1.9991708288631878,1.43915618278628,-0.017629041704690786,0.01547145710212162,0.07792594768089972,5.906616815264913,5.9951234701245015,0.1635978172796233,0.21242433499383528,0.6406350420744984,0.12483347332651201,0.05911632657163718,-0.05943551435958979,-0.029901878471408745,-0.020693849862294188,-0.03252117431763516,-0.021375048502479257,9.815138182385809
5.1799999999999775,2.431561991678937,0.4033310762006327,-5.90572766089032,-0.0015139281867239292,0.010630247789035265,0.1631292459530823,0.8079719401802274,0.023844989783149594,0.05330161427984348,-0.05601428110668197,-0.02868799207897981,-0.02375749573103434,12.923471474859646,1.9994803499892306,1.441252596309109,-0.01812997699746864,0.014947524259196694,0.07779735178276234,5.90572766089032,5.934254351658835,0.16312924595308242,0.17072519474159265,0.6335404979156339,0.1084101175706456,0.05769320105948456,-0.05515225199532571,-0.0313882898274923,-0.0254064570965707,-0.018282233591771557,0.01775581790587829,9.892461696315287
5.199999999999977,2.447439455542249,0.4064293285252205,-5.904834187612105,-0.002639255720554331,0.010055769262404292,0.1626549384152053,0.80903129800885,0.024298135804492284,0.053094443468454,-0.05506503826186908,-0.02963264442561228,-0.02407913255434009,12.898782723475923,1.9997178900386177,1.4433129785920953,-0.0186273588727947,0.0144217827840736,0.07766494382995355,5.904834187612105,5.881160640916077,0.1626549384152054,0.19652513360537904,0.6506458849868422,0.10255174863501003,0.05923438636116132,-0.05241289794010012,-0.02768490661315822,-0.021221136625032454,0.003005220702011844,-0.04503552299121979,9.85538878851242
5.219999999999977,2.463337077801626,0.40953350450508486,-5.903936344541373,-0.0037453835868105252,0.009461847419712078,0.1621748973317895,0.8100735044979621,0.02475600693691838,0.052873284412956016,-0.05378017178434745,-0.030446195253074765,-0.024402318324578134,12.873859172276504,1.9998834404599326,1.4453372781257894,-0.019121089845413698,0.013894296290829318,0.07752873031043651,5.903936344541373,5.900380824381014,0.16217489733178958,0.16505784679871116,0.6513510618831636,0.09752604485695018,0.06345611613663538,-0.053259622355096244,-0.03559645484355184,-0.022564020816009403,-0.047394331557237664,-0.015064978035962951,9.850492130632384
5.239999999999976,2.479254517023632,0.4126434981862782,-5.903034081483193,-0.004825583368381744,0.008851099869029854,0.16168911329156987,0.8110984382724877,0.025218961566213127,0.052640001221745544,-0.05217020912924595,-0.03112638653290152,-0.02472696724388752,12.84870284005541,1.9999769952933781,1.4473254443028083,-0.019611073145635566,0.013365128604685998,0.07738871789864646,5.903034081483193,5.9216252368657125,0.16168911329156987,0.18377180198096266,0.6809325208338934,0.09782275374811535,0.04700857994128191,-0.053506755010320255,-0.031020054253245943,-0.024959585351507135,0.03199803821699529,-0.10406481343099717,9.840395028062709
5.259999999999976,2.495191432496889,0.415759203343932,-5.902127349165199,-0.005873338241620297,0.008226192954951667,0.16119756449814568,0.8121059794699941,0.02568733544927109,0.052396491307902214,-0.05024760429343512,-0.03167153761853946,-0.02505299636300283,12.823315764461794,1.9999985511709903,1.449277427419101,-0.020097212738302072,0.012834343754287976,0.07724491345516353,5.902127349165199,5.911120067425995,0.1611975644981456,0.2070453510331811,0.6441917291211057,0.11747358300141005,0.059162913600168655,-0.048325376656495354,-0.036107030654980395,-0.024327953094167236,0.0025631026517787033,-0.09939897461503096,9.866744068486481
5.279999999999975,2.5111474842891104,0.418880513411691,-5.901216099461345,-0.006882381560158694,0.0075898302504830055,0.16070021671711016,0.8130960108003132,0.026161439634410873,0.052144677253715674,-0.04802663718663251,-0.03208054591189166,-0.025380327360347416,12.797700001834901,1.9999481073167598,1.4511931786751915,-0.02057941334160932,0.01230200596395463,0.07709732402637669,5.901216099461345,5.872671031167982,0.16070021671711032,0.1747898386442741,0.6678762155205707,0.09687700601937793,0.07727781302277037,-0.046927018947845595,-0.03267846209987175,-0.0248813737089194,0.010662296365566135,-0.07821751308256368,9.80648522181633
5.299999999999975,2.527122333307692,0.4220073214088139,-5.900300285610033,-0.007846733418516357,0.006944741013473307,0.16019702347480644,0.8140684185328141,0.026641558742515305,0.05188649865491506,-0.04552330398476337,-0.03235288499859687,-0.025708888220685552,12.771857627037496,1.9998256655466602,1.4530726501773978,-0.02105758044578275,0.011768179645909036,0.07694595684413842,5.900300285610033,5.927059287229753,0.16019702347480624,0.163210939306083,0.675154857093658,0.08441468808651595,0.04397377004133984,-0.046377083245902714,-0.03148896410080065,-0.027021619969148154,0.03274451684242069,-0.12768860328640555,9.866646855088698
5.3199999999999745,2.5431156413634888,0.42513951986571535,-5.899379862425873,-0.008760735016432302,0.006293668659022384,0.15968792650008623,0.8150230934036717,0.02712794960931793,0.05162390398494425,-0.04275519940651376,-0.03248860031506231,-0.026038614779212314,12.745790733287814,1.9996312302685817,1.4549157949390308,-0.02153162033160069,0.011232929392484412,0.07679081932541039,5.899379862425873,5.847587605582837,0.15968792650008634,0.18521222805898763,0.6515263113074458,0.09697986006789229,0.04944932266352801,-0.03961887855123477,-0.03247407446668496,-0.025595754164596557,0.012446684794223086,-0.021651418391365015,9.819320462214353
5.339999999999974,2.559127071237348,0.4282770007487676,-5.89845478650437,-0.009619080663735225,0.005639359297992365,0.15917285639568926,0.8159599314370171,0.0276208402830259,0.05135884251882264,-0.03974139184449392,-0.03248830242112742,-0.026369452100269433,12.71950143198999,1.9993648084821736,1.4567225668815669,-0.022001440088763095,0.010696319968308308,0.07663191907189992,5.89845478650437,6.011605168351875,0.15917285639568934,0.1607957307501291,0.6813927411542237,0.10233198700976151,0.06369532557199535,-0.0390371326438623,-0.036605121445282454,-0.024577074451142097,-0.014756294980878767,-0.05973470942682171,9.884300665637284
5.359999999999974,2.575156286748958,0.43141965538521054,-5.897525016418914,-0.010416847284174392,0.004984550390191034,0.15865173352148126,0.8168788346754193,0.028120429365778625,0.05109325635496992,-0.036502292264891295,-0.03235315796201635,-0.026701355663732322,12.692991852563058,1.9990264097785913,1.458492920835802,-0.02246694763410157,0.01015841630246643,0.07646926386968769,5.897525016418914,5.974857035720605,0.1586517335214812,0.18523335162339682,0.6596676093914381,0.11370416582714687,0.03880432226184405,-0.03451415345954407,-0.03373368680541466,-0.028612347591646946,-0.0028641432180220305,-0.13250390214998167,9.845374367252646
5.379999999999973,2.5912029528275267,0.4345673743890371,-5.896590512909449,-0.011149521294827082,0.00433195955899399,0.15812446906786315,0.8177797118167408,0.02862688568228418,0.05082907257187928,-0.033059517765502075,-0.032084878411908456,-0.027034292336422964,12.666264142268458,1.9986160463401512,1.4602268125429791,-0.022928051729627495,0.009619283480646,0.07630286168884604,5.896590512909449,5.933403419500089,0.15812446906786315,0.16768541455274022,0.6416117750249314,0.10922595261990738,0.061364796775011554,-0.03326130198869297,-0.03360928792836616,-0.024262165633772412,-0.008884518093189533,-0.13512039920575764,9.878308839025438
5.399999999999973,2.607266735583795,0.4377200475887275,-5.895651239062291,-0.011813022755348639,0.0036842736121778805,0.1575909662942626,0.8186624787559692,0.029140348254429495,0.05056819555473149,-0.029435750653147966,-0.031685706699008574,-0.027368241110565565,12.639320466036112,1.9981337329398936,1.4619241986558962,-0.023384662000414252,0.00907898673726071,0.07613272068304855,5.895651239062291,5.897121201837456,0.15759096629426272,0.15423614074547132,0.6768500948071334,0.07609921694951209,0.04684030021296769,-0.02685008077532588,-0.03233221394752785,-0.025872132424581862,0.01509691916870647,-0.10126064602698753,9.893119658518348
5.419999999999972,2.6233473023828733,0.44087756395769756,-5.894707160480585,-0.012403726698350806,0.0030441378115823284,0.15705112190479575,0.8195270590321613,0.029660926556788134,0.050312499524989236,-0.02565459386923158,-0.03115840181844276,-0.027703193596214162,12.612163006289059,1.997579486941048,1.4635850367399885,-0.02383668895231056,0.008537591447557244,0.07595884918917044,5.894707160480585,5.96564233203698,0.15705112190479564,0.1951507027534447,0.683697065035828,0.12221322265386154,0.058938223102670315,-0.02536612573294813,-0.0324953600681143,-0.024867300324872638,0.06184019038689399,-0.1411846412651759,9.863917271735543
5.439999999999972,2.6394443219173787,0.4440398115483067,-5.893758245444946,-0.012918481568526591,0.0024141454319409838,0.15650482753098033,0.8203733841820915,0.03018870102479552,0.05006382130374034,-0.021740423558003028,-0.03050622154466764,-0.028039154259641156,12.584793962766694,1.996953328296411,1.465209285274391,-0.02428404398948088,0.0079951631197052,0.07578125572688015,5.893758245444946,5.94427153144135,0.15650482753098016,0.15870259748364646,0.6597607239725842,0.11140383892966883,0.05732039234829151,-0.022731967571316236,-0.029963294216214114,-0.027585850438836816,0.09501445066451188,-0.10362026911636801,9.883712215740081
5.4599999999999715,2.655557464280355,0.4472066774302397,-5.892804465063889,-0.013354624713759325,0.0017968276468579157,0.15595197128982324,0.8212013940035713,0.030723723784955536,0.04982395333711309,-0.01771823953734035,-0.029732903359406416,-0.028376140404781168,12.557215552346577,1.996255279547626,1.4667969036529744,-0.024726639431770087,0.007451767386870374,0.07559994899822177,5.892804465063889,5.946715419152922,0.1559519712898232,0.17866024604635244,0.6657699925840603,0.11604810878757718,0.04370863826503292,-0.016647685999022256,-0.03038040279392025,-0.027629320474054586,0.021688048069316002,-0.13493450426782735,9.853569994789444
5.479999999999971,2.671686401037459,0.450378047634031,-5.891845793413664,-0.01370999488636155,0.0011946437774875928,0.15539243938470654,0.8220110367326688,0.03126601957479618,0.04959463700951228,-0.013613514397695191,-0.028842643714469686,-0.028714181899878097,12.529430008864875,1.9954853658243727,1.468347852185362,-0.025164388531888356,0.006907469999273501,0.07541493788718877,5.891845793413664,5.952317137420144,0.15539243938470637,0.19515834294819445,0.6709638906236274,0.10557838366157081,0.06039782708426051,-0.013313862447515291,-0.03161894789517579,-0.02900284067821248,0.028826390454328107,-0.12290176797864028,9.860810495457214
5.499999999999971,2.6878308052979105,0.4535538071004462,-5.890882207667203,-0.013982941726811794,0.0006099719370350442,0.1548261177162594,0.822802269140196,0.03181558681940327,0.049377556267764945,-0.009452041922378853,-0.027840075751254422,-0.029053320656391393,12.501439582935415,1.9946436148434616,1.4698620920979213,-0.02559720549241346,0.006362336816234326,0.07522623145928851,5.890882207667203,5.900359948174502,0.15482611771625931,0.1539366738632495,0.6796568866485896,0.0950275046433699,0.07241123455213669,-0.012759960683922388,-0.027214123020862367,-0.02992934697310292,0.004713660976523142,-0.11055954032378143,9.851826407531654
5.51999999999997,2.7039903517837214,0.45673383963636877,-5.889913688211874,-0.014172332215941035,4.5100101753598994e-05,0.15425289347081889,0.8235750565538276,0.03237239883121183,0.049174331576562515,-0.005259785492451242,-0.026730245600318364,-0.02939360987189329,12.473246541767397,1.9937300569078378,1.4713395855347335,-0.02602500548260668,0.0058164337982029805,0.07503383896109825,5.889913688211874,5.927389349174766,0.15425289347081872,0.16127881470299643,0.6642470142407364,0.09693925339943302,0.057724654756272725,0.0007045983072335197,-0.0308884267887961,-0.029575035357065935,0.06071434860724094,-0.12154341663032209,9.850583593197635
5.53999999999997,2.7201647168967433,0.4599180278777677,-5.888940218755812,-0.01427755409452948,-0.0004977823632973143,0.1536726566551248,0.8243293728130605,0.032936405100294476,0.048986514222880626,-0.0010627271128355147,-0.025518587385286062,-0.029735113053052924,12.444853168981739,1.9927447249054875,1.4727802955585396,-0.026447704655039504,0.005269826998778536,0.0748377698198119,5.888940218755812,5.964885801486953,0.15367265665512475,0.16242543211316907,0.6814193133789659,0.14366017621441105,0.04612014753902812,0.0003190408640946196,-0.024727030653543255,-0.030871366787443077,0.0257251931377094,-0.16498673760320004,9.896191012951007
5.559999999999969,2.7363535787831004,0.4631062532602364,-5.887961786422615,-0.014298516261784711,-0.0010165926978454158,0.15308530154753097,0.8250652001649075,0.033507532643610664,0.04881558098438609,0.003113282326563908,-0.024210897055545723,-0.030077902838783806,12.416261764426116,1.9916876543082571,1.4741841861516638,-0.02686522016202729,0.004722582556716863,0.07463803364277814,5.887961786422615,5.892585127476956,0.15308530154753086,0.16218690727953877,0.6589601120227099,0.10577525345699826,0.061324288567955416,0.004938161987381143,-0.023090329259923787,-0.029988924134331213,0.07337143502691651,-0.1635081653026452,9.849574004185351
5.579999999999969,2.7525566173946063,0.46629839599750755,-5.886978381834219,-0.014235646176269628,-0.0015093622357810117,0.15249072803820293,0.8257825291087338,0.03408568738351745,0.04866292917423367,0.007242360798823494,-0.022813305171834802,-0.030422059647166513,12.387474643988657,1.9905588831705734,1.475551222216915,-0.027277470171867293,0.004174766687927704,0.07443464021702968,5.886978381834219,5.920422860725793,0.15249072803820285,0.17943946842680436,0.6712539804904242,0.09206178044062127,0.033312261711840124,0.009998895390777373,-0.02453830925202057,-0.028042589965948175,0.06998887577426129,-0.1148738310619756,9.883367170182916
5.599999999999969,2.7687735145468086,0.46949433506825133,-5.885989999181823,-0.014089890497839779,-0.001974243369004791,0.15188884283345686,0.8264813581989958,0.03467075521563189,0.048529872258620696,0.011298306474365406,-0.02133224864556686,-0.03076767020745161,12.358494139410388,1.9893584521280758,1.476881369578462,-0.0276843738848773,0.0036264456774628934,0.0742275995088037,5.885989999181823,5.901441761570682,0.15188884283345683,0.1502083155795395,0.6632755833718135,0.0810152524152416,0.0321746365738919,0.011695774057885619,-0.02288954743272997,-0.03126688058363469,0.08857772967224287,-0.14795043236050853,9.866692241809677
5.619999999999968,2.7850039539733715,0.47269394821113275,-5.884996636285284,-0.013862721497536047,-0.0024095159679745504,0.15127956050448887,0.8271616938149688,0.0352626026244065,0.04841763614954286,0.0152555186944311,-0.01977444148464269,-0.031114826002774647,12.329322598096326,1.988086404396152,1.4781745949826903,-0.028085851549232217,0.0030776858714956353,0.07401692166305346,5.884996636285284,5.89011490749748,0.15127956050448876,0.18249659810345564,0.7033404375384477,0.07482736243891812,0.05985840719124598,0.01863497968189832,-0.01928910142036483,-0.030097402998079562,0.03944038856152236,-0.11155284990876829,9.912682139031446
5.639999999999968,2.8012476213765636,0.47589711192799133,-5.883998294641819,-0.013556125041316399,-0.0028135932437759414,0.15066280436393847,0.8278235499065792,0.03586107804851152,0.04832735544909875,0.019089204571477204,-0.018146845127412967,-0.031463621511654404,12.299962382925376,1.986742785768383,1.4794308660990323,-0.028481824476595058,0.0025285536692929663,0.07380261700295127,5.883998294641819,5.973466959749388,0.15066280436393864,0.15043012875980555,0.671701863788822,0.10033311901001028,0.047288508290638485,0.01928538652295599,-0.02190427740084796,-0.0324556686999773,0.042546636282410524,-0.15700011394598212,9.863721427989711
5.659999999999967,2.8175042044735013,0.4791037014959242,-5.8829949794627465,-0.013172584433779258,-0.003185027033123984,0.1500385071493346,0.8284669477246684,0.036466013246820195,0.04826007005363516,0.02277554198702058,-0.016456638242365373,-0.03181415238526301,12.270415872058908,1.9853276446148942,1.4806501515207755,-0.028872215057539702,0.001979115515181347,0.07358469602938258,5.8829949794627465,5.8901898085582785,0.15003850714933442,0.1516672350159043,0.6720058925674007,0.11436212193380312,0.04185067343338909,0.022647166218837316,-0.014337498751415548,-0.03041288164410403,0.10202657651907523,-0.16168869548925485,9.806347054900746
5.679999999999967,2.8337733930379554,0.4823135909882258,-5.881986699698093,-0.012715060992724165,-0.003522512493105638,0.14940661150244489,0.8290919155441484,0.03707722461039491,0.04821672213992216,0.026291834066085013,-0.014711186098489933,-0.03216651360163994,12.240685458748148,1.9838410318806146,1.4818324207658478,-0.029256946776762063,0.0014294378905070225,0.0733631694204315,5.881986699698093,5.9582758820635275,0.14940661150244505,0.15271080466559006,0.6556939456308339,0.10866918531625344,0.05755430916033003,0.02784001017510701,-0.01736761586330171,-0.03389522670700631,0.11328678197797887,-0.11902709432391012,9.84582118644534
5.699999999999966,2.8500548789375864,0.4855266533039899,-5.880973468048919,-0.01218697152396823,-0.0038248921946486157,0.14876707023823313,0.8296984883880951,0.03769451440679508,0.048198153532998195,0.02961665396427988,-0.012918009621499391,-0.032520797633129865,12.210773551140324,1.9822830010834416,1.4829776442775797,-0.02963594422807679,0.0008795873055920171,0.07313804803085754,5.880973468048919,5.919502436452396,0.14876707023823332,0.14995914856231396,0.7029713902152861,0.10780349241349091,0.054355388169528535,0.032276319146432794,-0.015486020763241848,-0.03065521169509709,0.060170900199322225,-0.08740062413972388,9.82032666738615
5.719999999999966,2.8663483561665206,0.48874276020607227,-5.8799553009672865,-0.011592162889317852,-0.004091159605676797,0.14811984640159764,0.8302867077602637,0.03831767194693824,0.048205103454295906,0.03272997892030184,-0.011084754248522103,-0.0328770926625712,12.180682572083594,1.980653608312316,1.484085793425443,-0.030009133129196747,0.0003296302916861785,0.07290934289156374,5.8799553009672865,5.840004242279532,0.1481198464015976,0.18590050629946964,0.6472518464522409,0.09595050227419455,0.06671301683208876,0.03201913245585417,-0.013764569350459907,-0.03260406898185714,0.09570520887702337,-0.1229609276893395,9.875475728493411
5.739999999999966,2.882653520873234,0.4919617823670095,-5.8789322186437705,-0.010934883881777758,-0.004320461956874305,0.14746491311449647,0.8308566213928305,0.03894647466870472,0.04823820664780011,0.03561331265368876,-0.009219158691295795,-0.033235480882276236,12.150414958930808,1.9789529122252016,1.4851568405057667,-0.030376440336291978,-0.00022036660708275716,0.0726770652090562,5.8789322186437705,5.985895544184108,0.14746491311449628,0.15309636511709623,0.6933388869416239,0.13371925748476557,0.03402089681222459,0.03826798006371574,-0.009169973714329921,-0.03569671966661165,0.0922810838220133,-0.163843443625825,9.847165067931032
5.759999999999965,2.898970071383752,0.49518358942239715,-5.877904244982452,-0.010219754640748025,-0.004512102484939965,0.14680225322037027,0.8314082830153807,0.03958068913538559,0.04829799188128215,0.03824979532254412,-0.007329023715305933,-0.033596036907671996,12.119973163342086,1.9771809740469737,1.4861907587424297,-0.030737793858325785,-0.0007703368417611448,0.07244122636489483,5.877904244982452,5.920349172275215,0.1468022532203701,0.16178793959205384,0.6814066660959015,0.16028263684139102,0.05063648764141952,0.03574278269739476,-0.007181014477973215,-0.033231444328115645,0.083435644959681,-0.10021935292462238,9.887751817109727
5.779999999999965,2.9152977082202303,0.4984080500311417,-5.8768714075633754,-0.009451733855946198,-0.004665542050181735,0.1461318587368638,0.831941752150294,0.040220071950836406,0.048384880819075965,0.04062430039618299,-0.005422181039755406,-0.033958826334676014,12.089359651086227,1.9753378575672154,1.4871875222875297,-0.031093122871164638,-0.001320213866621506,0.07220183791513585,5.8768714075633754,5.815486093436892,0.14613185873686385,0.1499334649388273,0.6660274793045243,0.10990992640513293,0.0685964151345964,0.04154955627988658,-0.0017443076375987356,-0.03249145979767951,0.1007676606931935,-0.08758340586897256,9.859632469895736
5.799999999999964,2.9316361341150072,0.5016350319419272,-5.875833737592457,-0.00863608402197745,-0.00478040012728487,0.14545373013164054,0.8324570939387335,0.04086437059672764,0.048499187262388804,0.04272351794070689,-0.00350646246073577,-0.03432390446653665,12.058576901840983,1.973423629137921,1.4881471062220302,-0.03144235773145954,-0.0018699311472147933,0.07195891158976539,5.875833737592457,5.939984146151259,0.1454537301316403,0.15660532910303981,0.6517981936756708,0.11607718263013583,0.03077306399499584,0.04174616862304537,-0.0056675679873010466,-0.04046079471343557,0.11039270182800306,-0.10188284251038729,9.846473682834928
5.819999999999964,2.9479850540202848,0.504864402065172,-5.874791269838887,-0.00777833501579318,-0.004856455170093877,0.14476787543950925,0.8329543790004531,0.04151332420049487,0.04864111675274976,0.044536023958925065,-0.0015896692974983865,-0.03469131523205889,12.027627408992213,1.971438357671107,1.4890694865563827,-0.03178542999029587,-0.0024194221684207076,0.0717124592921248,5.874791269838887,5.902167687816285,0.1447678754395092,0.16035877130994747,0.6680455326635789,0.12236754665600927,0.04933796067488069,0.04643607731928989,-0.003331907272199561,-0.036693469736992966,0.09547232506750457,-0.04402170146587897,9.913408146423288
5.839999999999963,2.9643441751136077,0.5080960265496999,-5.87374404256009,-0.006884246276709513,-0.004893644353279417,0.14407430924206954,0.8334336833296005,0.0421666642454172,0.04881076653387036,0.04605233556744617,0.00032045774070781335,-0.03506109031295607,11.996513679431917,1.969382114636332,1.4899546402311272,-0.03212227240660922,-0.002968620442496172,0.07146249309832733,5.87374404256009,5.9836877293484285,0.14407430924206954,0.15188186331076947,0.683195090643783,0.12005448336399767,0.052347724801011214,0.04694437720897272,-0.0033617074171817312,-0.033163398918928784,0.11547038138687235,-0.107334943494116,9.821660106028892
5.859999999999963,2.9807132067993622,0.5113297708633073,-5.872692097414374,-0.005959767873232194,-0.004892062695817109,0.1433730515335848,0.8338950882276445,0.04282411523662999,0.04900812586690262,0.0472649519309751,0.0022162653966765235,-0.03543324849361368,11.96523823335518,1.967254974058123,1.4908025451174673,-0.032452818960364296,-0.0035174595171199997,0.07120902525666646,5.872692097414374,5.874238343274462,0.14337305153358493,0.13349688680099625,0.6710285252494936,0.09879627094311999,0.05435083115992071,0.04640230034402032,0.005791371790940369,-0.03256617991796274,0.13361639772326558,-0.06403859603903875,9.869530281190151
5.879999999999963,2.9970918607065333,0.5145654998763869,-5.871635479361424,-0.005011000742730576,-0.0048519616287910575,0.1426641264990909,0.8343386802764733,0.04348539533876078,0.049233076650596785,0.04816838100394071,0.00409009525404682,-0.035807795241282595,11.933803604056031,1.9650570125133113,1.4916131800178256,-0.03277700486549475,-0.004065872983433855,0.07095206818701574,5.871635479361424,5.879338116661376,0.1426641264990911,0.16436648721139946,0.6820186165523965,0.12410783671361733,0.047568841748708963,0.0472720759659605,0.0035610160638763376,-0.03476272637915156,0.1392825607771943,-0.051909834453745314,9.876709405022181
5.899999999999962,3.013479850682994,0.5178030779477508,-5.870574236550782,-0.004044156389168094,-0.0047737493934885454,0.1419475612434329,0.8347645514786888,0.04415021700217723,0.04948539248939593,0.048759152212823245,0.005934375613703979,-0.03618472249256365,11.902212337722258,1.962788309128275,1.4923865246663715,-0.03309476658260099,-0.0046137944840773755,0.07069163448022017,5.870574236550782,5.857563033390212,0.1419475612434331,0.14434220981011547,0.6889171385401345,0.11818883074530662,0.05672943911633836,0.051903931257269956,0.002501295619796875,-0.0340353760741879,0.05456946940097344,-0.00023335589673665474,9.823619009184172
5.919999999999962,3.0298768927868043,0.5210423690118768,-5.869508420195874,-0.0030655163196117645,-0.004657989577347489,0.14122338447060306,0.8351727993658199,0.044818287593371205,0.04976473909292604,0.049035815432464415,0.007741721462665134,-0.03656400868818875,11.87046699322916,1.960448945576091,1.493122559729529,-0.03340604183140374,-0.005161157721217559,0.07042773689747925,5.869508420195874,5.8438271595000755,0.141223384470603,0.16252038368200328,0.6855781820381986,0.10877726770274036,0.03263555939784914,0.04806206343504011,0.003363757499862632,-0.033479962556998706,0.0887001055400527,-0.04958375907626252,9.792325737933796
5.939999999999961,3.0462827052746824,0.5242832366666771,-5.868438084435103,-0.00208139149598919,-0.00450539762340918,0.14049162514774494,0.8355635270615672,0.045489310048712754,0.05007067613828883,0.04899892664991007,0.009504964544776952,-0.036945619056094794,11.838570141932287,1.9580390060735944,1.49382126680646,-0.03371076960295071,-0.005707896464570448,0.07016038836972176,5.868438084435103,5.929982271590797,0.14049162514774505,0.15621764015750994,0.6830964354471457,0.08249219263608193,0.05394562242044257,0.05082637076251841,0.007941293237972446,-0.03610324982195334,0.07802546219608433,-0.020185328499568826,9.835096667396858
5.959999999999961,3.0626970085878473,0.5275255442609162,-5.867363286181916,-0.0010980820709246759,-0.004316836709122557,0.13975231119290601,0.8359368433700848,0.04616298357095443,0.05040265951016877,0.04865102077366367,0.011217182158478195,-0.03732950611761833,11.806524367459152,1.955558577378347,1.494482628429524,-0.03400889017157421,-0.006253944559415227,0.06988960199697203,5.867363286181916,5.9594441768483195,0.1397523111929062,0.13506932949276962,0.6793593726550625,0.12838806162677666,0.06327769761655919,0.051562982473328,0.010341636898465996,-0.036536923512631575,0.08395752502325453,-0.0013994071516859052,9.82868801066111
5.9799999999999605,3.0791195253355466,0.5307691549804937,-5.866284084964373,-0.00012183766627845251,-0.004093313018270924,0.1390054682142559,0.8362928628846334,0.04683900438575682,0.05076004390687217,0.04799657215131557,0.01287172455340288,-0.037715610402718765,11.77433226549997,1.9530077487855144,1.4951066280647152,-0.03430034510659715,-0.006799235934598597,0.0696153910477082,5.866284084964373,5.8370793951653805,0.13900546821425586,0.17404833378622442,0.6740653675896118,0.11660596826116804,0.04062766673922506,0.05081003269110569,0.010922799031864786,-0.03598917473462885,0.04488121825882683,-0.005729356818400866,9.847334095678335
5.99999999999996,3.095549980276598,0.5340139319328523,-5.865200542754788,0.0008411815583391619,-0.0038359704327524465,0.13825111832694556,0.8366317061112136,0.04751706657407027,0.051142085799269855,0.04704194342637527,0.014462240807248786,-0.038103861356319595,11.741996443597392,1.9503866121246498,1.4956932501120745,-0.034585077283785334,-0.007343704610529527,0.06933776895821187,5.865200542754788,5.9297517854562,0.13825111832694548,0.16921633522943802,0.6689729227290172,0.1339253910978971,0.05111614403754117,0.044047159194581284,0.015214409517896144,-0.040649099185583126,0.07903030341227711,0.00028304547915126814,9.844307360959508
6.01999999999996,3.1119881002992615,0.5372597382288345,-5.864112723790085,0.0017849428125572438,-0.003546084673706426,0.13748927907171396,0.8369534996011685,0.04819686299427654,0.05154794672854211,0.045795323420894644,0.015982703074706322,-0.03849417841450552,11.70951952093532,1.9476952617563905,1.4962424799060816,-0.03486303089654351,-0.007887284707162432,0.06905674933190992,5.864112723790085,5.950084988701744,0.13748927907171415,0.14815314448043848,0.6732947183738117,0.13293733134317173,0.044183731925848325,0.04616492759005829,0.013660743827791227,-0.03840792829151352,0.08612157381887266,0.03408367517750125,9.846269992873394
6.039999999999959,3.1284336143997584,0.5405064370613728,-5.863020694383532,0.00270357733711505,-0.003225056924012394,0.13671996245680856,0.8372583760862596,0.048878086305619024,0.0519766969276357,0.0442666547744268,0.017427429111222595,-0.038886472226485384,11.676904128126727,1.9449337945690586,1.4967543037160205,-0.035134151466853454,-0.0084299104519689,0.06877234593870775,5.863020694383532,5.824587771734771,0.13671996245680873,0.15747303227761478,0.6464600265036837,0.10823278520855803,0.05535549953449362,0.04655883493801281,0.01656775416276568,-0.039164193075235616,0.08425852055981073,0.04650221649452834,9.830090358441474
6.059999999999959,3.1448862536597284,0.5437538917804714,-5.861924522728585,0.0035914156147945427,-0.0028744069664764006,0.1359431741418366,0.8375464746093573,0.04956043010169043,0.05242731925044322,0.042467552102546116,0.018791102985846596,-0.039280645995969435,11.644152907000603,1.9421023099751749,1.4972287087463223,-0.03539838585595126,-0.008971516187895831,0.0684845727143148,5.861924522728585,5.909543474481145,0.13594317414183665,0.14625302824572417,0.6778298285047242,0.11180199574612429,0.048516476881824026,0.042917044865838395,0.017617671775935848,-0.036014653184752776,0.06471248556105601,-0.025958266850118608,9.82150574258875
6.079999999999958,3.1613457512229153,0.5470019659640156,-5.860824278695595,0.004443020940066453,-0.0024957658740408753,0.1351589127788802,0.8378179406436654,0.05024359015967013,0.05289871339191208,0.04041121146028905,0.020068793909239848,-0.03967659691394308,11.611268510387948,1.9392009099078786,1.497665683136886,-0.035655682274742605,-0.00951203638130998,0.06819344375956142,5.860824278695595,5.902656158607225,0.13515891277888015,0.1658920091228473,0.6737673834989182,0.09624749153919354,0.06743239667986899,0.041736568345237916,0.02125800648794812,-0.04004295207326734,0.04492651166271833,0.03657855150782877,9.831474777671257
6.099999999999958,3.177811842271341,0.5502505234840233,-5.859720033622168,0.00525322117302073,-0.0020908682900981366,0.13436716952266303,0.8380729261933224,0.05092726580768088,0.05338970038158557,0.0381123119083569,0.021255973115017205,-0.04007421765376436,11.57825360190691,1.9362296988172594,1.4980652159633745,-0.03590599029395306,-0.0100514056299274,0.0678989733397082,5.859720033622168,5.830264642405095,0.13436716952266314,0.1581755055871823,0.6712827415192284,0.0962478135455438,0.08989254637683247,0.03716163857326844,0.021340884362664375,-0.039766187633994546,0.09504732387954887,0.04065053472874064,9.835984523579192
6.1199999999999575,3.194284264001207,0.5534994285680335,-5.858611860098019,0.006017138519316105,-0.0016615443384450635,0.13356792771783146,0.8383115898682763,0.05161116140914303,0.053899027332473974,0.035586909983774534,0.02234852874477905,-0.04047339789906905,11.545110855747028,1.933188783666595,1.4984272972374884,-0.036149260854012225,-0.010589558670727122,0.06760117588374671,5.858611860098019,5.872833033876638,0.13356792771783166,0.15600428387944731,0.6735139382765444,0.13777539993876564,0.06969568086311273,0.0347214695741528,0.0203940832981044,-0.041226203084217185,0.05876926673312452,0.05540812071756428,9.806655459239357
6.139999999999957,3.2107627555987417,0.5567485458554107,-5.857499831745152,0.0067302171941103425,-0.001209711203584645,0.1327611627675908,0.8385340969265358,0.052294987959420586,0.054425372426646745,0.03285232787304239,0.02334277869938576,-0.04087402587512603,11.511842956452616,1.9300782739285032,1.498751917907214,-0.03638544627466905,-0.011126430387847778,0.06730006598369281,5.857499831745152,5.853169267475872,0.13276116276759087,0.166362735184292,0.6692212154125854,0.12556070128795344,0.061032098923659024,0.03461812045326268,0.021369130825743942,-0.04098597812361202,0.06414720039892231,0.033337788023153625,9.859088319415582
6.159999999999957,3.2272470582161814,0.5599977404484193,-5.856384022994253,0.007388248844064088,-0.0007373644229609366,0.1319468421840973,0.8387406192772322,0.052978464786456535,0.05496735011852395,0.02992703607582793,0.02423548143109005,-0.04127598985502179,11.478452598705328,1.9268982815809979,1.499039069857052,-0.03661450026433725,-0.011661955820466622,0.0669956583938713,5.856384022994253,5.966498783748492,0.13194684218409725,0.14797745752091496,0.6518347888714998,0.12110103868146235,0.05115289451362803,0.028633742205174416,0.02327816865003786,-0.04031994469863176,0.06113619782149871,0.05536017809646248,9.88589351378976
6.179999999999956,3.243736914948041,0.5632468779580034,-5.855264508858188,0.007987395617413304,-0.0002465689333137962,0.13112492581723004,0.8389313354383878,0.053661321343560935,0.05552351653652008,0.02683053133211929,0.02502384466297137,-0.04167917961333412,11.444942487105887,1.9236489211034606,1.4992887459082187,-0.036836377929168065,-0.012196070170659669,0.0666879680301932,5.855264508858188,5.829815270439433,0.13112492581723023,0.12833959306393927,0.6757350255085065,0.13916412405495154,0.08575819153326611,0.027064174652906038,0.024069010197413088,-0.043244518035906225,0.05527144009658819,0.07883865915407598,9.890806259792761
6.199999999999956,3.2602320708078163,0.5664958245442736,-5.854141364703492,0.008524210787670064,0.00026055008633085297,0.13029536625472982,0.8391064304438749,0.054343299079119875,0.05609237506344701,0.023583210566699455,0.02570553203360671,-0.04208348780173642,11.411315335955013,1.9203303094725173,1.4995009398188253,-0.03705103578184953,-0.012728708811242226,0.06637700996942472,5.854141364703492,5.889348852683865,0.13029536625472993,0.1568665080444669,0.7008606717639385,0.12126780755742238,0.06169895344679849,0.020158506937889214,0.025530848052216757,-0.044039523005511345,0.019194803789723318,0.062054828509408404,9.837301091242011
6.219999999999955,3.2767322727052113,0.5697444469517746,-5.853014666020786,0.008995656851656379,0.0007818165324465366,0.12945810938326321,0.8392660956947364,0.05502415336480672,0.05667238207590664,0.020206241582951135,0.026278667675971815,-0.04248881122320501,11.37757386903356,1.9169425661578285,1.4996756462840355,-0.0372584317501297,-0.013259807293588692,0.06606279944844864,5.853014666020786,5.892498674334104,0.1294581093832634,0.13130046306318333,0.6841016218910193,0.13302398883277944,0.07679459907032983,0.023176340998724978,0.023577657440553262,-0.04287478852274623,-0.006296818759822839,0.10831403983253653,9.857691523446334
6.239999999999955,3.2932372694239733,0.572992612539663,-5.851884488195016,0.009399121037243406,0.0013150128131453693,0.12861309509681812,0.8394105287508319,0.05570365546096581,0.057261952822785546,0.01672143121446175,0.026741838750115505,-0.042895051984123515,11.343720819381902,1.9134858131177874,1.4998128609361965,-0.037458525185062715,-0.013789301355430595,0.06574535186351767,5.851884488195016,5.9081084866734885,0.12861309509681806,0.1382683097909143,0.6670138338555804,0.13535588530091916,0.058577156023070176,0.018824649767562297,0.02687522790340571,-0.04169991329691444,0.002859616816016531,0.09521168689248849,9.829299386378107
6.2599999999999545,3.309746811600378,0.5762401893069787,-5.850750906276438,0.009732428170324887,0.001857889360635607,0.1277602581360157,0.839539933059642,0.05638159449526291,0.05785946742289325,0.013151091618671496,0.027094095959119522,-0.04330211850652698,11.30975892907855,1.9099601747951305,1.4999125803449496,-0.0376512768689759,-0.014317126928632538,0.06542468276949989,5.850750906276438,5.851973702348363,0.12776025813601555,0.1556403887576847,0.6906260851215844,0.14695130929309408,0.05524191644569785,0.012682604601553212,0.02581464724558657,-0.0401519829512239,-0.0008942738477300972,0.09852090160114899,9.831399358958347
6.279999999999954,3.326260651702392,0.5794870459132382,-5.849613994753261,0.009993850864187455,0.002408174178549203,0.1268995290394842,0.8396545176200085,0.05705777942851009,0.058463276961750896,0.009517905372795357,0.027334952087191413,-0.043709926385937174,11.275690949018053,1.906365778112456,1.499974802017314,-0.03783664902315628,-0.014843220146944114,0.06510080787911678,5.849613994753261,5.875310654504264,0.1268995290394841,0.15027396765297407,0.6931219430757286,0.12397532759257802,0.06651406297692783,0.009240774825573258,0.02573574712234143,-0.04134729133437515,0.016866361511439696,0.05109634796568951,9.877377223709097
6.299999999999954,3.342778544009508,0.5827330516946132,-5.848473827326852,0.010182117007559348,0.0029635823834564035,0.1260308351864239,0.8397544965795763,0.057732040979822256,0.059071709667527283,0.005844790009231023,0.027464378607396374,-0.04411839908363926,11.241519638688168,1.9027027524676572,1.499999524397752,-0.03801460531525505,-0.015367517353727848,0.06477374306217314,5.848473827326852,5.859197816975736,0.1260308351864241,0.12660811659027482,0.6875338799182608,0.1299672274892185,0.061975207825253203,0.005783251643638231,0.029725654961924475,-0.04426358531604841,-0.02416886590511763,0.10961624378567411,9.844854909208005
6.319999999999953,3.359300244593229,0.5859780766759859,-5.847330476690393,0.010296414540248182,0.0035218257008073008,0.12515410190792667,0.8398400887657359,0.058404233481986166,0.05968307714612546,0.002154762606283875,0.02748280041448562,-0.04452746844576839,11.207247765946347,1.898971229729261,1.4999867468682047,-0.03818511086640864,-0.015889955109661312,0.0644435043447796,5.847330476690393,5.875432065211225,0.12515410190792675,0.1370001626294881,0.6782541919199402,0.12290979985886491,0.03578295021069182,0.0034003411716947316,0.023386006783186773,-0.0455985317881973,-0.043280465899350196,0.09366658764238543,9.873618928723088
6.339999999999953,3.3758255112981606,0.5892219915791902,-5.846184014311875,0.01033639351745698,0.004080621876600047,0.12426925364352576,0.839911517150911,0.059074236637151986,0.060295680655436536,-0.0015291949692006835,0.027391088745506314,-0.0449370750451427,11.172878106795544,1.8951713442316833,1.4999364697481101,-0.03834813225807491,-0.01641047020041352,0.06411010790856722,5.846184014311875,5.862286348733078,0.1242692536435257,0.15492994596732101,0.674285922699686,0.12697236722919092,0.04474461851032227,-0.0011355327280335413,0.026641219368239606,-0.041367833496870676,-0.019828480576732116,0.10486567876397952,9.841550353591497
6.359999999999952,3.3923541037236533,0.592464667827759,-5.845034510222283,0.01030216547564593,0.004637703967252809,0.12337621511884792,0.8399690082540885,0.05974195714271338,0.060907817398793404,-0.00518419475746232,0.027190552357374855,-0.045347168345327704,11.138413445159362,1.8913032327703914,1.4998486942943934,-0.038503637538582935,-0.016928999644293518,0.06377357008989465,5.845034510222283,5.9070052223994844,0.123376215118848,0.14745129420965197,0.6801213948635806,0.13580333638059855,0.06244894348326626,-0.00029667156059669415,0.024530615624407448,-0.04791141414404923,-0.06475664645250535,0.10277334736716687,9.847758582213658
6.379999999999952,3.40888578320592,0.5957059775484975,-5.84388203280983,0.010194301620842902,0.005190829471433901,0.12247491252012617,0.8400127914815235,0.060407330251751996,0.0615177867353164,-0.008787014611405774,0.026882926992344187,-0.04575770669984633,11.103856572656547,1.8873670345969802,1.4997234227014362,-0.038651596229395575,-0.017445480699871303,0.06343390737904767,5.84388203280983,5.841762113880998,0.1224749125201261,0.15680769933882743,0.6856690393138942,0.12187440278873088,0.07386457140307981,-0.008533771822443543,0.025252282582942178,-0.045742336363836504,0.010519103455954238,0.08085835465749538,9.870681401383827
6.3999999999999515,3.425420312800542,0.5989457935702392,-5.842726648620888,0.010013839574714738,0.005737789269449352,0.12156527464231064,0.8400430984105662,0.061070321861039695,0.062123895741863326,-0.012314755804976575,0.02647036291790029,-0.04616865725662196,11.06921028837488,1.8833628914141591,1.4995606581010223,-0.03879197933108308,-0.017959850873569216,0.0630911364194312,5.842726648620888,5.873785714990876,0.1215652746423106,0.125077201861016,0.6860753272018179,0.15509981290784658,0.043056002662852075,-0.014602056812293316,0.028403000473717636,-0.04672138060923402,-0.027006241693211627,0.1052200501076042,9.866074624148746
6.419999999999951,3.4419574572652514,0.6021839894203846,-5.8415684221671835,0.009762276963726864,0.006276416340356203,0.12064723399215259,0.8400601620215669,0.061730929740972454,0.06272446529290532,-0.01574514421498259,0.025955411235249085,-0.04657999563348066,11.03447739864444,1.8792909473706498,1.4993604045622577,-0.03892475932900695,-0.018472047927223876,0.06274527400675362,5.8415684221671835,5.907852465346348,0.12064723399215271,0.17274295244932558,0.6939837503949599,0.13088924345932798,0.07824716142014872,-0.015793371030529843,0.027067125657754695,-0.046199463337347195,-0.059912091194092645,0.06683528928170093,9.86056348299072
6.439999999999951,3.4584969830429397,0.6054204393191072,-5.840407415740971,0.009441558979125577,0.006804594221131138,0.11972072781953742,0.8400642158835743,0.06238918430241607,0.06331783627293414,-0.019056676505930577,0.025341008869490356,-0.04699170542079631,10.999660716810315,1.8751513490559986,1.4991226670914708,-0.039049910198712644,-0.018982009885616668,0.06239633708820396,5.840407415740971,5.857021365870836,0.11972072781953758,0.11611151374140993,0.669646252164105,0.14136048968633821,0.06382472014701157,-0.01936134744357472,0.02580244602750445,-0.045998748317720606,-0.046510339827734656,0.1064634730147753,9.860517003144277
6.45999999999995,3.475038658244813,0.60865501817137,-5.83924368923928,0.009054063006779944,0.007320265176274788,0.11878569905514366,0.8400554933004064,0.06304514906277393,0.06390237573907243,-0.022228759614146887,0.024630462253243616,-0.0474037775459915,10.964763063004687,1.8709442454952974,1.4988474516320858,-0.03916740741103036,-0.019489675043972882,0.06204434276162143,5.83924368923928,5.9559690775333705,0.11878569905514347,0.142409912302623,0.6980264032521046,0.11996318261938227,0.059733145280956884,-0.02478295666768672,0.0265675395340832,-0.043692617541399,-0.03920797362976511,0.05410543943161261,9.83251376327488
6.47999999999995,3.4915822526336022,0.6118876015569804,-5.8380772999980115,0.008602580459918073,0.007821438048889994,0.11784209713596523,0.8400342264244322,0.06369892079245773,0.06447648301235484,-0.025241842484862637,0.023827429797567044,-0.047816209518250836,10.92978726391844,1.86666978814382,1.498534765064475,-0.039277227936882604,-0.019994981975427664,0.061689308274657635,5.8380772999980115,5.883848474491298,0.11784209713596505,0.14257628150953572,0.7003890004455338,0.10781619081418473,0.06856215651422334,-0.022546948469358764,0.023353076670982725,-0.047212826379304226,-0.05957429370720324,0.022018919341330344,9.818755492111833
6.499999999999949,3.5081275376067405,0.6151180657188778,-5.836908302636659,0.008090295968671895,0.008306195765929052,0.11688987870277029,0.8400006453460515,0.06435062932737243,0.0650385956753507,-0.028077539106086735,0.022935903245408208,-0.04822900457383385,10.894736152572174,1.8623281308815696,1.498184615205786,-0.03937935025179791,-0.02049786953845889,0.06133125102393132,5.836908302636659,5.865818777361987,0.11688987870277012,0.11716059694725933,0.6809147335598958,0.14859257889716493,0.05558181845230938,-0.02633796860248843,0.019214989615093842,-0.044952894239797335,-0.06935092609258076,0.04116110114561818,9.825607701181042
6.519999999999949,3.5246742861794247,0.6183462875498147,-5.8357367489143535,0.0075207640994600635,0.008772702472004115,0.11592900815639873,0.8399549771674033,0.06500043703780638,0.06558719545311516,-0.03071874198281129,0.021960188003711644,-0.048642170743910106,10.859612568086746,1.8579194300077386,1.4977970108097474,-0.03947375434012946,-0.020998276884284947,0.06097018855417619,5.8357367489143535,5.889042381171376,0.11592900815639862,0.14048449480659153,0.6704866412457386,0.14829297515863607,0.06939804837431968,-0.02623072483729715,0.022772823141966415,-0.04526704831200812,-0.0917753887959121,0.041811436543066204,9.835216111607075
6.5399999999999485,3.541222272967496,0.6215721445775548,-5.834562687597931,0.006897883794399685,0.009219210267895381,0.11495945806285776,0.8398974450692582,0.06564853794915508,0.06612081395392146,-0.033149725302551336,0.020904882550737035,-0.049055719867856756,10.824419355453296,1.8534438442350825,1.4973719615664487,-0.03956042169897817,-0.021496143464227593,0.06060613855738099,5.834562687597931,5.842578149296426,0.11495945806285768,0.12960093833395137,0.6738693439197769,0.1280535261671857,0.0825220177352739,-0.030160247544997874,0.0167566317518738,-0.048707848570833365,-0.056487863653100254,0.020893654770016607,9.857199877722817
6.559999999999948,3.557771274170077,0.6247955149486762,-5.833386164342655,0.006225870735989946,0.009644065531673063,0.11398120940039379,0.8398282673803612,0.06629515651510454,0.06663803824587594,-0.03535623715647443,0.019774857015165476,-0.04946966657545093,10.789159365302805,1.8489015346842055,1.4969094781020988,-0.03963933534181915,-0.021991409037038005,0.06023911887192277,5.833386164342655,5.803222708163924,0.1139812094003938,0.1226287704479243,0.6914128165111841,0.12763444261866533,0.07126883962218251,-0.035808033301679525,0.014848762268072253,-0.04845746287325719,-0.04955284666841289,0.033199366537733185,9.852761216582705
6.579999999999948,3.574321067551928,0.6280162774110283,-5.832207221586185,0.005509227855136144,0.010045714802171634,0.11299425164502819,0.8397476566586698,0.06694054604915818,0.06713751624537852,-0.03732558029743783,0.018575231023238964,-0.04988402726135892,10.753835453675192,1.8442926648777611,1.4964095719787605,-0.039710479801831025,-0.0224840136761862,0.05986914748169262,5.832207221586185,5.894098790123704,0.11299425164502797,0.13566314085244935,0.663362826126336,0.13230485184599577,0.08176248420733213,-0.03578633861276896,0.016120788375312094,-0.049104660573553824,-0.08405604034192585,0.01905115025985781,9.815027495275588
6.599999999999947,3.5908714324254905,0.6312343112948594,-5.831025898456328,0.004752714211101988,0.010422710206418426,0.11199858269437535,0.839655818793989,0.06758498682560854,0.06761796189348684,-0.039046681035137726,0.017311350909536966,-0.05029881907478629,10.718450481787993,1.8396174007345645,1.4958722556940607,-0.03977384113492739,-0.022973897777111812,0.05949624251521468,5.831025898456328,5.880664218250747,0.11199858269437524,0.13490939925894674,0.6902478140481186,0.15263010032452354,0.06036990843485886,-0.0394133156129156,0.01614534202032302,-0.05086483625879985,-0.05907243470373236,0.001153409832622427,9.881994999281407
6.619999999999947,3.6074221496326153,0.6344494964926011,-5.829842230693067,0.003961312480149622,0.010773714414522807,0.11099420863284364,0.8395529521414248,0.06822878386613185,0.06807816009658946,-0.0405101459873538,0.015988766386085457,-0.05071405894613481,10.68300731580458,1.8348759105636196,1.4952975426808783,-0.03982940692248981,-0.023461002064436395,0.059120422244757664,5.829842230693067,5.809863794977995,0.1109942086328437,0.15050642319783591,0.6688632289138609,0.1438686242906759,0.0415898988347222,-0.039651381574707274,0.015683059375414542,-0.05082417709833969,-0.027419083321025987,0.002990712599634949,9.824782954704819
6.639999999999946,3.6239730015259806,0.637661713437264,-5.828656250585285,0.0031401952954471565,0.011097505107475475,0.10998114334448701,0.8394392466948757,0.06887226443302576,0.0685169714083996,-0.04170830652310809,0.014613206763357017,-0.05112976267104882,10.647508826602023,1.8300683650580611,1.4946854473070088,-0.0398771662738018,-0.023945267599135404,0.05874170508543968,5.828656250585285,5.818741987112467,0.10998114334448683,0.13526126348372491,0.6640801838615861,0.14095227736075916,0.06792986328865527,-0.04188409879544367,0.013765244056576269,-0.049128133980492816,-0.07615598721683509,-0.019655348125805237,9.841150294013044
6.659999999999946,3.6405237719502312,0.6408708430793821,-5.827467986922569,0.002294690684324176,0.011392978945287346,0.10895940798276413,0.8393148833094499,0.06951577525462675,0.06893333643114934,-0.0426352508467511,0.013190556815388981,-0.05154594407037197,10.61195788953853,1.8251949372890075,1.494035984874805,-0.03991710982818338,-0.02442663578567004,0.05836010959432571,5.827467986922569,5.800465799684982,0.10895940798276404,0.09815499445258968,0.6728309420881657,0.1335855962664489,0.05781041663767306,-0.04076937060216577,0.014448432671987204,-0.04896811144119259,-0.10803373508320178,0.00547069117642429,9.879220900170454
6.6799999999999455,3.6570742462228876,0.6440767668624229,-5.826277464962382,0.0014302468502022485,0.011659155024910139,0.10792903030921527,0.8391800329812429,0.07015967951255365,0.06932627991498541,-0.043286843780012886,0.011726832379750422,-0.051962614242325844,10.576357384220575,1.8202558026993323,1.4933491716207936,-0.039949229756825785,-0.024905048379077,0.05797565446951847,5.826277464962382,5.767380088358258,0.10792903030921508,0.09019957101314047,0.6809911986522857,0.1348615996817967,0.07363230404471516,-0.04014612234472515,0.01106207955989063,-0.04812969276890453,-0.07194189102326136,0.0244313997457552,9.830009148977698
6.699999999999945,3.673624211115088,0.6472793666965706,-5.825084706412851,0.000552396545615265,0.011895177819420602,0.1068900439155329,0.8390348561923441,0.07080435362405386,0.06969491453593135,-0.043660734400584274,0.010228155781452981,-0.05237978092072494,10.540710194269623,1.8152511390973474,1.4926250247152704,-0.03997351976432581,-0.025380447492016206,0.0575883585492422,5.825084706412851,5.905705009642219,0.10689004391553292,0.13576480028390137,0.6765092881176139,0.1299842708513959,0.05347521496128842,-0.041028627010211226,0.012344441043094505,-0.052852753522631434,-0.10572180531520461,-0.013406716631358943,9.87672040140272
6.719999999999945,3.690173454832253,0.6504785249307875,-5.823889729431353,-0.0003332787202142952,0.012100319592010652,0.10584248734563546,0.8388795023282687,0.07145018385581813,0.07003844433436228,-0.04375635178971295,0.008700731168147874,-0.0527974479503186,10.505019207088564,1.810181126650402,1.49186356226187,-0.039989975089919756,-0.025852775601775055,0.05719824081091944,5.823889729431353,5.784146066639756,0.1058424873456354,0.1531269820281862,0.6461729499961623,0.14492230090818942,0.061927641863503836,-0.04075929525733338,0.0090039183481872,-0.05235876322008458,-0.05463237333082959,-0.036664709194483794,9.820600306096045
6.739999999999944,3.7067217669947734,0.6536741243230595,-5.822692548638986,-0.0012211844006177587,0.012273982280398145,0.10478640313611859,0.838714109174238,0.07209756280812779,0.07035616779771442,-0.043574889226734845,0.007150819842099156,-0.05321561488746645,10.46928731362785,1.8050459478783962,1.4910648032971139,-0.03999859250841649,-0.026321975557228455,0.05680532037024134,5.822692548638986,5.908468406589244,0.10478640313611853,0.10647614273705885,0.6796575701064312,0.1354643029374079,0.05189890916188363,-0.042089099333396905,0.005567262882146999,-0.05098786007680829,-0.13942485787615697,-0.009886425639760013,9.877701529812201
6.759999999999944,3.7232689386188373,0.656866048008744,-5.8214931751509775,-0.0021057483254856273,0.012415698849348232,0.10372183679482541,0.8385388024958776,0.07274688581006822,0.07064748057308752,-0.04311927724477294,0.005584715672487738,-0.05363427673137464,10.433517408151314,1.799845787647212,1.4902287677899353,-0.03999937033082955,-0.026787990585754335,0.05640961648023088,5.8214931751509775,5.816941262209042,0.1037218367948256,0.11344435368682548,0.6732923105764292,0.14411067088307733,0.0608421103552106,-0.043394427024067886,0.004996994916074024,-0.04994254591510153,-0.10144011605080845,-0.06718366060281675,9.782506854669206
6.779999999999943,3.7398147620975286,0.6600541794669547,-5.820291616622982,-0.0029814555861025346,0.012525134111062965,0.10264883573822794,0.8383536957089721,0.07339854726775887,0.07091187779745997,-0.042394146028622084,0.004008720669593374,-0.054053423788111975,10.397712388001747,1.794580833162055,1.4893554766411778,-0.03999230840470826,-0.02725076430010276,0.056011148530299516,5.820291616622982,5.918130335282376,0.1026488357382278,0.10031492224154759,0.650946467472173,0.12424365384174411,0.09546976468121546,-0.03949332034489431,0.00569782631842887,-0.05328486982039,-0.12143675864871442,-0.05601551682306288,9.866294352343814
6.799999999999943,3.7563590311823445,0.6632384024849406,-5.819087877313162,-0.003842882676367581,0.012602085015245939,0.10156744820883448,0.838158889641926,0.07405293700810352,0.07114895603538564,-0.04140577769292815,0.0024291208003334366,-0.05447304166665146,10.361875153366194,1.7892512739607191,1.488444951683075,-0.039977408114167515,-0.02771024070521898,0.05560993604529703,5.819087877313162,5.870903927581763,0.10156744820883468,0.09644749241496742,0.6624500394725333,0.1464570015303318,0.05316803986895503,-0.04345543279905316,0.0044539932020689395,-0.051550087011789716,-0.07447112724300364,-0.05539408847587234,9.811374096631454
6.8199999999999426,3.77290154096528,0.6664186011204505,-5.817881958159873,-0.00468473068662149,0.01264648041266824,0.10047772219393068,0.8379544723935448,0.07471043666045421,0.07135841481623843,-0.04016204902620807,0.0008521621225152873,-0.05489311140330475,10.326008607041077,1.7838573019067592,1.4874972156787027,-0.03995467237961657,-0.0281663642050185,0.05520599868455491,5.817881958159873,5.857615202473589,0.10047772219393059,0.12203558740945741,0.6458770718987354,0.16855574245920993,0.09056022063595628,-0.039651266313093965,-0.0035924144305287025,-0.05357013534212557,-0.09816326909150043,-0.05936344039955464,9.807432083937591
6.839999999999942,3.789442087861648,0.6695946596621032,-5.8166738568747025,-0.005501857357953322,0.012658380298040556,0.09937970436663242,0.8377405192876838,0.07537141611782354,0.07154005776527693,-0.03867236532428917,-0.0007159726870104306,-0.05531360970819003,10.290115654197031,1.7783991111825874,1.4865122923214127,-0.039924105657186605,-0.028619079609114407,0.054799356240923046,5.8166738568747025,5.854544448110914,0.09937970436663246,0.12403131773905063,0.658350639202581,0.14003619643238413,0.07949811983503233,-0.033684731333654266,-0.005132446458729106,-0.05554163920848571,-0.07555471028623068,-0.08752318928124468,9.863988748185854
6.859999999999942,3.80598046959379,0.6727664625878309,-5.815463568050531,-0.006289307817308953,0.012637974539923533,0.0982734390694901,0.8375170929252288,0.07603623011789805,0.07169379332497935,-0.03694758596579483,-0.0022691734828105053,-0.055734509324850294,10.25419920214362,1.7728768982824794,1.485490206234237,-0.03988571393785737,-0.029068332139495112,0.05439002863979981,5.815463568050531,5.859948420422293,0.09827343906948993,0.09838187545633748,0.6783081952201379,0.1350193413160225,0.08273090067074622,-0.03798422645168882,-0.0024868548723919553,-0.0541458608327731,-0.15217206996996452,-0.03772830218420414,9.79781806357944
6.879999999999941,3.8225164851758633,0.6759338945215021,-5.814251083284231,-0.007042343826812859,0.012585581384358979,0.09715896735801831,0.8372842433111628,0.07670521498213548,0.071819635281943,-0.03499994239553183,-0.003801341519044708,-0.05615577948935547,10.218262160093815,1.7672908620055043,1.4844309829692748,-0.03983950474628294,-0.02951406743715262,0.053978035938155734,5.814251083284231,5.882876418121692,0.09715896735801843,0.1242294444504668,0.6723075469890591,0.14276663560414138,0.0781961005684723,-0.033377936861153146,-0.008276619614761367,-0.058710983076740574,-0.09948887963479681,-0.11096298993210293,9.822590362041941
6.899999999999941,3.839049934899815,0.6790968401878783,-5.813036391313825,-0.007756471394508629,0.01250164713846695,0.09603632611075812,0.8370420079459164,0.0773786855485086,0.07191770418930746,-0.03284294916456298,-0.005306495399592883,-0.056577386464565387,10.182307438928378,1.7616412034483637,1.4833346490070523,-0.03978548713931695,-0.02995623156865967,0.05356339832355077,5.813036391313825,5.865518332176257,0.09603632611075819,0.11023675681390488,0.6586038296953367,0.13858658112690034,0.07662447536324872,-0.03135192436314991,-0.00966407738071479,-0.054276520016851584,-0.0868338346013105,-0.09127599747299034,9.858311487139693
6.91999999999994,3.8555806203224936,0.6822551843660893,-5.811819478171452,-0.008427466607986845,0.012386743693410232,0.09490554724097293,0.8367904121412378,0.07805693232954854,0.07198822705705414,-0.03049130881130457,-0.006778814393392629,-0.05699929416713417,10.146337950960064,1.7559281259981563,1.4822012317558615,-0.039723671704237414,-0.030394771032695885,0.05314613611314507,5.811819478171452,5.809842520213369,0.09490554724097278,0.09845878023245058,0.689000416154863,0.1454100501379015,0.0889967573162479,-0.030132730450359184,-0.007184243706712608,-0.058936347727474706,-0.13210471681316507,-0.09388885381307767,9.809177237952097
6.93999999999994,3.87210834425431,0.6854088118418888,-5.810600327349786,-0.009051399564718994,0.012241565140731358,0.09376665702099958,0.8365294694603539,0.0787402189266879,0.07203153629122208,-0.0279608112405128,-0.008212661062770455,-0.057421464857424685,10.110356609697734,1.7501518353250527,1.4810307595510745,-0.03965407055667174,-0.030829632766521127,0.052726269752703496,5.810600327349786,5.72619356197431,0.0937666570209994,0.11892650605244137,0.6603791072074492,0.13893515023330744,0.040017987528455756,-0.028262656377537634,-0.012172254730309112,-0.05476213673255702,-0.054892528747206286,-0.08743296068131241,9.821834058637842
6.95999999999994,3.888632910749668,0.6885576073589964,-5.8093789199808015,-0.009624656287497133,0.012066923897382942,0.0926196755290187,0.8362591822463392,0.0794287797269105,0.0720480682018763,-0.025268228275908935,-0.009602602870492773,-0.05784385987084354,10.074366329610353,1.744312539374894,1.479823261654436,-0.039576697338222035,-0.031260764152396224,0.05230381981559364,5.8093789199808015,5.7971542522369015,0.09261967552901851,0.11093026849514542,0.6745453839492256,0.13163302908141475,0.07323068515143319,-0.024702841369812364,-0.014544753706129052,-0.05739235420610687,-0.041893492599343635,-0.13000331536580367,9.814884073441242
6.979999999999939,3.9051541250993216,0.6917014555698783,-5.808155235026052,-0.010143958527454368,0.01186374636169388,0.09146461622732958,0.8359795422325995,0.0801228179032376,0.07203836109086581,-0.022431204064117072,-0.010943432677783695,-0.05826644037235792,10.038370025890934,1.7384104483617027,1.4785787682533302,-0.03949156721379139,-0.03168811302394944,0.05187880700177793,5.808155235026052,5.876989289630286,0.09146461622732938,0.08064048438128779,0.6722127323551181,0.14429197985568876,0.0663897396611027,-0.02203568451809035,-0.009970855002593176,-0.059828471754081035,-0.06847587144633042,-0.09021684565949153,9.85716870074769
6.999999999999939,3.921671793824777,0.6948402409863631,-5.806929249477643,-0.010606381370856077,0.011633068124458452,0.09030148567847555,0.8356905312284989,0.08082250373621742,0.07200305293210947,-0.019468141995034292,-0.012230188052661382,-0.05868916811572405,10.002370614220396,1.732445774760119,1.4772973104600273,-0.0393986968686117,-0.03211162767248874,0.0514512521367992,5.806929249477643,5.841485896716619,0.0903014856784754,0.09379359377468877,0.6775599841883745,0.15803712402423403,0.09175227711495985,-0.017865535981943594,-0.012692758544880563,-0.05386977680249741,-0.13643178789370505,-0.13331240364957073,9.852664053381659
7.019999999999938,3.9381857246748724,0.6979738479305314,-5.805700938568952,-0.011009368579319256,0.011376028761097542,0.08913028340274799,0.8353921218723938,0.08152797326907532,0.07194287865860895,-0.016398088788830496,-0.013458169315431099,-0.05911200618911553,9.966371010531406,1.7264187332977474,1.4759789203109053,-0.03929810450497331,-0.03253125685325838,0.05102117617076032,5.805700938568952,5.794197999278185,0.08913028340274787,0.11127218113575177,0.6589178443142284,0.13372035139546082,0.08326579848889604,-0.016390521964410668,-0.01570258687933305,-0.06130205378224249,-0.11952641636903813,-0.12470219470393784,9.881226973474966
7.039999999999938,3.9546957266246205,0.7011021604863529,-5.804470275994155,-0.011350745606283593,0.011093866232416667,0.08795100187775798,0.8350842784436846,0.08223932730460132,0.07185866707161219,-0.013240616383321649,-0.014622956255968314,-0.059534919729375906,9.930374130772172,1.7203295409474306,1.4746236307656493,-0.039189809838657434,-0.03294694979163947,0.050588600177297514,5.804470275994155,5.839573998478214,0.08795100187775784,0.1030293993041429,0.6764795814900043,0.15991822838066183,0.06719457271582828,-0.010924861371844258,-0.01689852688278825,-0.058864388443602776,-0.12504685768252255,-0.1009364510690255,9.862867786843823
7.059999999999937,3.9712016098763976,0.704225062452574,-5.803237234135528,-0.011628730245385814,0.01078791092287282,0.08676362667796249,0.834766957724972,0.08295663074727663,0.07175133738834807,-0.010015702238242333,-0.015720423465455883,-0.05995787658801389,9.894382890670279,1.7141784169194345,1.4732314757064278,-0.03907383409507202,-0.03335865618929361,0.05015354535254793,5.803237234135528,5.795334709228053,0.08676362667796234,0.10168759804386429,0.6775616427413355,0.133443398680991,0.07950746992251675,-0.006368574192933447,-0.01670691840222167,-0.05647955464941303,-0.08009917760157279,-0.14654285337104775,9.84051128415577
7.079999999999937,3.987703185863532,0.7073424372973838,-5.802001784297482,-0.011841940878857907,0.010459579346461923,0.0855681367493213,0.8344401099050086,0.08367991228964043,0.0716218954455399,-0.006743608655642195,-0.016746754233432515,-0.060380847933285714,9.858400205496496,1.707965582653561,1.471802489937044,-0.038950200005091515,-0.033766326230249034,0.049716033014110955,5.802001784297482,5.857956446506343,0.08556813674932151,0.09442439373779976,0.6379558195577125,0.15590847957387893,0.05334130545072239,-0.0018424106402623454,-0.016539542914666167,-0.0586427543297424,-0.07466300467196621,-0.17616364758881992,9.884512492301168
7.099999999999937,4.004200267256322,0.7104541681153965,-5.800763896946217,-0.011989402306173432,0.010110367551353928,0.08436450481169341,0.834103679512879,0.08440916443754276,0.07147142957650159,-0.00344476169882845,-0.01769845296929442,-0.060803808774235565,9.82242898982865,1.7016912618111715,1.4703367091820683,-0.03881893180060178,-0.034169910586928164,0.04927608460000364,5.800763896946217,5.828932794948414,0.08436450481169322,0.09977552276700097,0.6836530461132148,0.16080955315926787,0.07727309552749456,-0.002295604666638403,-0.022577320716056875,-0.06233095602712506,-0.10978503389013682,-0.13323905763798602,9.86816135486684
7.119999999999936,4.0206926679704935,0.7135601375875005,-5.799523541953872,-0.01207054914491068,0.009741844255237875,0.08315269787920664,0.8337576063737121,0.08514434386478154,0.07130110618005046,-0.0001396302764474491,-0.018572356115699375,-0.06122673839435564,9.786472157315538,1.6953556802671397,1.4688341700859429,-0.038680055209750645,-0.034569360426116254,0.04883372166761021,5.799523541953872,5.7962668359976615,0.08315269787920654,0.10011028390018328,0.6822295281889428,0.12887945120802854,0.06367604127468342,-0.000251650023388105,-0.016826640768704965,-0.06060044171768821,-0.09932447042957755,-0.11594376722705302,9.827496682272727
7.139999999999936,4.037180203178078,0.7166602279441149,-5.798280688846001,-0.012085226807203924,0.009355643744000532,0.08193267788669258,0.8334018265762418,0.08588537208373909,0.07111216499976174,0.003151394056198132,-0.01936564152958716,-0.06164962068454219,9.75053262044094,1.688959066101716,1.467294910212067,-0.03853359745190534,-0.034964627414870095,0.04838896589262587,5.798280688846001,5.828700603062361,0.08193267788669267,0.11603200329290564,0.6568966611275486,0.13554684588480764,0.10987464831890953,0.0028301005334340685,-0.020024402299013304,-0.06073887525000787,-0.11884165958659401,-0.1541299509593228,9.835398966704721
7.159999999999935,4.053662689320674,0.7197543209323896,-5.797035307051188,-0.012033690066239658,0.008953458566856283,0.08070440240841102,0.8330362734426684,0.0866321364150685,0.07090591413227021,0.006407798238318562,-0.020075836314691068,-0.06207244436721916,9.714613290287687,1.6825016495923204,1.4657189680418574,-0.03837958723231755,-0.03535566372636633,0.04794183906799458,5.797035307051188,5.824433318423881,0.08070440240841092,0.09367172855312722,0.6634251965559628,0.16944248903732134,0.08695615055519419,0.007828297380366956,-0.02250773838774035,-0.0653158488230993,-0.07782212234448008,-0.13224914692807055,9.859850208511222
7.179999999999935,4.0701399441250175,0.722842297787857,-5.795787366151598,-0.011916605594077142,0.008537032061380415,0.07946782545372201,0.8326608784915378,0.08738449077020409,0.07068372529995784,0.009609025898312525,-0.02070082284150169,-0.062495203137081255,9.67871707630189,1.675983663205249,1.4641063829737864,-0.03821805473649728,-0.035742422045688366,0.04749236310284135,5.795787366151598,5.8806370245834865,0.079467825453722,0.07467981084815678,0.6631162897683742,0.1623201324293976,0.07244213911383686,0.010250141594522123,-0.021020040899188897,-0.05949378379063186,-0.02899053478593573,-0.12141529308767057,9.85000450526275
7.1999999999999345,4.0866117866208,0.7259240392106747,-5.794536836133995,-0.011735052929825724,0.008108150739278046,0.07822289832516773,0.8322755723851525,0.0881422566435341,0.07044702897570583,0.012734992432984961,-0.021238843155305696,-0.0629178956885636,9.642846886057251,1.6694053415873087,1.4624571953223964,-0.038049031624296584,-0.036124855575551416,0.04704056002139847,5.794536836133995,5.853528190001336,0.07822289832516782,0.10482597530831006,0.6867174178932964,0.15456325500326204,0.08702766172646012,0.016955207011908367,-0.021535841874530302,-0.06252378323311561,-0.08526206266427774,-0.10627058380357024,9.875584500487044
7.219999999999934,4.103078037160624,0.7289994253469215,-5.793283687640223,-0.011490515140571967,0.007668636566362219,0.0769695705221415,0.8318802858531779,0.08890522493206311,0.07019730865600247,0.01576621713010095,-0.021688502134428158,-0.06334052558161929,9.607005625019566,1.6627669215573662,1.4607714463172927,-0.037872551023704355,-0.036502918041964996,0.04658645196192655,5.793283687640223,5.814274596611413,0.0769695705221416,0.10283024359989668,0.665133910927325,0.15649513683005203,0.06258926195140857,0.019328424113587758,-0.019877068799627046,-0.06400711091712767,-0.03004536093585456,-0.11089369272550116,9.800522471965921
7.239999999999934,4.119538517441915,0.7320683357758601,-5.79202789221502,-0.011184866834246457,0.007220339174058261,0.07570779066969185,0.8314749505841044,0.08967315798799537,0.06993609490356638,0.018683949437877993,-0.022048769131894567,-0.06376310098535294,9.571196196311385,1.656068642097827,1.459049178102113,-0.037688647524353365,-0.0368765636998319,0.046130061175629684,5.79202789221502,5.872115748694307,0.07570779066969191,0.11419634059860861,0.6571708115628376,0.15627688671144363,0.055544636852800616,0.017974152401220064,-0.022908178696100498,-0.059572811267197844,-0.08020274930778946,-0.12823579077054365,9.84106896022733
7.259999999999933,4.135993050530654,0.7351306495035229,-5.790769422549893,-0.010820359641461613,0.00676512803594646,0.07443750745379853,0.8310595000773735,0.0904457918703199,0.06966495918080547,0.021470289067594874,-0.022318978121432333,-0.06418563430402364,9.535421500476858,1.6493107443460269,1.457290433733473,-0.03749735717074073,-0.03724574733848346,0.04567141002556503,5.790769422549893,5.9045658983400084,0.07443750745379862,0.10555694532212323,0.6643304185263249,0.1685002303360002,0.0828610147012396,0.020630509748555376,-0.025850939484669086,-0.06478475947350322,-0.053642463194615485,-0.10497040172851176,9.892713400224961
7.279999999999933,4.1524414608867515,0.7381862449629109,-5.789508252721748,-0.010399605289545108,0.006304884642467123,0.07315867054467061,0.8306338704497382,0.09122283876083606,0.06938550749539286,0.024108299057403543,-0.022498826375220382,-0.06460814169241755,9.499684435246783,1.642493471585556,1.45549525717989,-0.03729871745516338,-0.037610424287149766,0.04521052098554719,5.789508252721748,5.852692127056059,0.07315867054467073,0.08404571602088406,0.6797595227380093,0.13342567032427574,0.07930973441285433,0.024174729017825775,-0.02273427046964995,-0.06404568087852036,-0.07222268886671077,-0.1323895660802818,9.855260923172601
7.299999999999932,4.168883574390876,0.7412350000210128,-5.788244358425028,-0.009925556409341499,0.005841494706407414,0.0718712314902023,0.8301980011902543,0.09200398950914454,0.06909937388023452,0.02658211100360825,-0.022588371706430816,-0.06503064246996298,9.463987895303905,1.6356170692374967,1.4536636933206846,-0.03709276731036966,-0.037970550420365005,0.04474741663904692,5.788244358425028,5.807747747736674,0.07187123149020236,0.09209726721936384,0.6546662854868885,0.17917869975146034,0.086851181139037,0.026859898651427117,-0.02554060928726891,-0.0660389321373895,-0.03222528560615619,-0.08907058692818032,9.859215230190559
7.319999999999932,4.18531921837255,0.7442767919927763,-5.786977717196106,-0.009401485231137572,0.005376840431166898,0.07057514456266338,0.8297518358591794,0.09278891627087586,0.06880821373111361,0.028877021751251456,-0.0225880283148501,-0.06545315844510623,9.428334772048446,1.628681784851592,1.4517957879448575,-0.036879547101928666,-0.03832608216330643,0.044282119678084556,5.786977717196106,5.7985760865696,0.07057514456266345,0.10337160391599554,0.6550889049793797,0.162321576615612,0.06369110534022879,0.030589027859240336,-0.02604074161085071,-0.06285938047211476,-0.028626248171134315,-0.11485918402961534,9.874949380328573
7.3399999999999315,4.201748221639285,0.7473114976620683,-5.785708308628743,-0.008830960340141846,0.004912792873062803,0.06927036754297276,0.829295322726969,0.09357727520382193,0.06851369702631163,0.030979580927324994,-0.022498561278714056,-0.06587571316333903,9.392727953363893,1.6216878680973292,1.4498915877499463,-0.03665909862031863,-0.03867697649706692,0.04381465290211804,5.785708308628743,5.853191991077032,0.06927036754297289,0.0838462125125492,0.66073227229132,0.16331049880611598,0.09217969017805912,0.03603135950479071,-0.02433440559325627,-0.06345552711540907,-0.05374030036617317,-0.13078702776504897,9.866115688681733
7.359999999999931,4.218170414506557,0.7503389933095784,-5.78443611457944,-0.00821782167420295,0.004451204428090537,0.06795686242847124,0.828828415350498,0.09436870918764766,0.06821750145350709,0.03287766879574868,-0.022321079740338808,-0.06629833109383476,9.357170323383093,1.6146355707549578,1.4479511403408565,-0.03643146507273624,-0.03902319096386018,0.04334503921692589,5.78443611457944,5.8407098614192465,0.06795686242847143,0.06523192845772918,0.6694909155172925,0.16093930030426792,0.06422193062966565,0.03213753134249357,-0.021869969825479556,-0.06605325843846245,-0.0800800746478185,-0.0691215929005428,9.866609463705235
7.379999999999931,4.234585628828384,0.7533591547475267,-5.783161119361611,-0.007566153956802646,0.003993901472603398,0.06663459605193442,0.8283510730845806,0.0951628505344494,0.0679213054702218,0.03456056401184118,-0.022057028837179485,-0.06672103677087939,9.321664762254631,1.6075251467064189,1.445974494228672,-0.03619669107462809,-0.03936468367215822,0.04287330163348472,5.783161119361611,5.774074288835188,0.06663459605193456,0.09246605768335625,0.6509945818315102,0.17992333285320394,0.06808673316639523,0.035986785378633236,-0.02249170928219435,-0.06775472515420011,-0.04944234871474722,-0.12051524516715391,9.828365832762792
7.39999999999993,4.250993698028287,0.7563718573609475,-5.781883309927511,-0.006880258766755928,0.003542677186321167,0.06530354060160709,0.8278632615277985,0.09595932365954175,0.06762678132499983,0.03601900095377573,-0.021708180433602408,-0.06714385390715659,9.286214145909549,1.6003568519262117,1.4439616988294435,-0.03595482264094625,-0.03970141330175988,0.04239946326684175,5.781883309927511,5.776793207058364,0.06530354060160715,0.08710431366643023,0.6480576701666155,0.17137719778372806,0.07257604235912207,0.03523980078530439,-0.018987969219035894,-0.06478701009513574,-0.03904075877484997,-0.10138151674050845,9.86784043983538
7.41999999999993,4.267394457130397,0.7593769761552358,-5.780602676036976,-0.006164625452472332,0.0030992845849240266,0.06396367403424673,0.8273649529025643,0.09675774768443231,0.06733558806734315,0.037245216407940804,-0.02127662271191934,-0.06756680449645273,9.250821345828387,1.593130944472173,1.44191280446295,-0.03570590717712939,-0.04003333910879089,0.04192354733498209,5.780602676036976,5.780444447669469,0.06396367403424685,0.08600383720360805,0.6399817132522189,0.16215158161366577,0.07567843589858934,0.03494472605508725,-0.020651028052534697,-0.06924807521925692,-0.031478087191734706,-0.13045186214786772,9.82417064195217
7.439999999999929,4.28378774279049,0.7623743858095599,-5.779319210412081,-0.0054239011030880364,0.002665429788239749,0.06261498037548967,0.8268561263702231,0.0975577389469137,0.06704936457516775,0.038232985482770106,-0.02076474868410963,-0.06798990792348168,9.2154892288086,1.5858476844761917,1.4398278623514444,-0.03544999346981157,-0.04036042093063354,0.041445577157691205,5.779319210412081,5.764054441935192,0.06261498037548963,0.08047700314474326,0.672814613717866,0.16941523295900512,0.09802098124867509,0.038579938980972166,-0.023366510425389196,-0.07078137243197252,-0.013528113090799158,-0.08406486045600957,9.905547283441283
7.459999999999929,4.300173393326724,0.7653639607356645,-5.778032908876922,-0.004662859791304632,0.0022427655486931108,0.06125744990424612,0.8263367682828344,0.09835891339648806,0.06676972262916404,0.03897764672013593,-0.020175243688155504,-0.0684131800982995,9.180220656732349,1.5785073341348401,1.4377069246183711,-0.035187131677260175,-0.04068261919078647,0.04096557615541215,5.778032908876922,5.774342802135457,0.0612574499042462,0.06173212990966004,0.6445345769880493,0.14479638521215482,0.06827458175997952,0.03698687225579666,-0.01726014533674918,-0.06627988936070778,-0.04135474556999825,-0.06978067458249361,9.89319376969321
7.4799999999999285,4.316551248749865,0.7683455751415232,-5.776743770481814,-0.0038863713034297184,0.0018328850632620911,0.05989107922024017,0.825806872374041,0.09916088885685623,0.0664982400639234,0.039476116463622014,-0.01951107193504562,-0.06883663263219589,9.14501848633469,1.571110157699939,1.435550044287063,-0.03491737331954506,-0.0409998949036533,0.04048356784809802,5.776743770481814,5.748637772207391,0.05989107922024006,0.04177272462237669,0.6420392770938271,0.15460010457993933,0.07946731675011771,0.04194283170538831,-0.018380880196350886,-0.06612708274749372,-0.033147610549276646,-0.045254957320427926,9.874636872320837
7.499999999999928,4.332921150792786,0.7713191030992325,-5.775451797611297,-0.0030993695709921306,0.0014373160906818658,0.05851587119618781,0.8252664398921374,0.0999632871408712,0.06623645402601279,0.039726892627870346,-0.018775462174272076,-0.06926027207103376,9.10988556897218,1.5636564214690396,1.433357275279416,-0.03464077126844071,-0.04131220967925987,0.03999957585405939,5.775451797611297,5.762982394257534,0.05851587119618795,0.08669031563395624,0.675545950439281,0.1629437146466677,0.05536737763930992,0.04269636359364107,-0.02134794719550525,-0.06723187981716444,-0.022831803426909273,-0.07461283464924112,9.858393171763055
7.519999999999928,4.3492829429390625,0.7742844186164898,-5.774156996075445,-0.0023068210155056633,0.0010575153940619664,0.057131834818402054,0.8247154796790703,0.10076573600708451,0.06598585436932518,0.039730048091867816,-0.01797189254706767,-0.06968409920078734,9.074824750391913,1.5561463937758424,1.4311286724145407,-0.03435737973706368,-0.04161952572789937,0.03951362388880714,5.774156996075445,5.802872525727539,0.057131834818402005,0.06722316380274052,0.6603619555432527,0.13645107635749665,0.07611775741652035,0.040071313310226675,-0.015853732318623647,-0.06954146290883086,-0.032941821134115756,-0.05071589144556753,9.827150307966884
7.539999999999927,4.3656364704504576,0.7772413957109564,-5.772859375184072,-0.001513693013601053,0.0006948635274423617,0.055738984921784446,0.8241540081996368,0.10156787095072412,0.06574787721799316,0.03948721401082272,-0.01710407469771558,-0.07010810843853477,9.039838870501024,1.5485803449805327,1.428864291407393,-0.034067254269246894,-0.041921805864704925,0.03902573576389034,5.772859375184072,5.783296338350075,0.05573898492178442,0.06800233689434254,0.6573736361902851,0.15267130738334594,0.07873436541327718,0.042049772798948636,-0.015730923187162488,-0.06843082706332336,-0.0025548144960533675,-0.03417588853541974,9.837057025828964
7.559999999999927,4.38198158039315,0.7801899084867708,-5.771558947803546,-0.0007249226839711646,0.0003506599831196255,0.05433734182716543,0.8235820495255863,0.10236933682555101,0.0655238987269196,0.03900155340568239,-0.01617593721402666,-0.07053228732042985,9.00493076313666,1.5409585474600505,1.4265641888673801,-0.03377045172865328,-0.04221901351414869,0.038535935385729525,5.771558947803546,5.791578587955397,0.05433734182716554,0.07319938102552959,0.6725376465829913,0.13960243886289392,0.05949951321180276,0.04144125674152947,-0.01335429672884442,-0.07185814852114107,-0.013651997752081799,-0.07032672904080228,9.866143159798971
7.579999999999926,4.398318121662543,0.7831298312124622,-5.770255730396014,5.461380947746554e-05,2.611871483467165e-05,0.05292693089075519,0.8229996352796723,0.10316978929647443,0.06531522906954661,0.038277725446052374,-0.015191608468535383,-0.07095661609625074,8.97010325583643,1.5332812755982825,1.4242284222969457,-0.03346703028763059,-0.042511112714467766,0.03804424675444516,5.770255730396014,5.911212148701931,0.0529269308907554,0.031753797634492376,0.6758504838422751,0.15290361806913455,0.08180122554564598,0.038634665526545375,-0.018104411189846664,-0.07295326257980182,-0.008934735280635823,0.016872594175596112,9.888818131428804
7.599999999999926,4.414645945006518,0.7860610383995006,-5.7689497430409675,0.0008201312520527318,-0.00027763594986070635,0.051507781977030306,0.8224068045449385,0.10396889612599312,0.06512310668185316,0.03732184089116294,-0.014155398932131079,-0.07138106743804294,8.93535916960938,1.5255488057761877,1.4218570500901322,-0.03315704941580995,-0.04279806812201529,0.03755069396268185,5.7689497430409675,5.759359306896575,0.05150778197703021,0.07151195316580194,0.6638299709368648,0.18098545633280302,0.07186001964781798,0.04105013519562354,-0.015699856653514453,-0.0682677133900072,-0.05016143472194312,-0.03536764989577984,9.868820873479146
7.6199999999999255,4.430964903047026,0.7889834048807266,-5.767641009439166,0.0015669644932251726,-0.0005595729965389958,0.05007992886768373,0.8218036037446625,0.10476633830041208,0.0649486927907446,0.03614140919462936,-0.013071783031734261,-0.07180560626818572,8.900701318707503,1.5177614163618436,1.4194501315311217,-0.03284056986844988,-0.04307984501553705,0.03705530119442762,5.767641009439166,5.872941527072945,0.050079928867683865,0.0622932925464732,0.6679155932895442,0.16766059676141867,0.07914790762357508,0.03870573348770803,-0.014285199761923354,-0.0727086093155064,0.04560677578026205,0.005309733357907336,9.842383535283771
7.639999999999925,4.44727485029991,0.7918968058879128,-5.766329556899047,0.0022905965150152355,-0.0008187580004242673,0.04864340862028569,0.8211900864984126,0.1055618110043075,0.06479306625398057,0.034745277812259806,-0.011945380623268364,-0.07223018970995983,8.866132510397769,1.5099193877004289,1.4170077267927526,-0.032517653674528545,-0.04335640930037272,0.036558092723829025,5.766329556899047,5.78847720144493,0.04864340862028582,0.025387428166938175,0.6380759105636625,0.13834100646121886,0.07517406570828682,0.03845788560684816,-0.012574305869950432,-0.07354471771962341,0.013632900677643101,-0.010170109151316671,9.86808027701992
7.659999999999925,4.463575643192886,0.794801117127736,-5.765015416305858,0.0029866852973933575,-0.0010543559846128692,0.047198260891027896,0.8205663134596073,0.10635502445383672,0.06465721873759027,0.03314356427841077,-0.010780938150585739,-0.0726547671614242,8.831655544734755,1.5020230021041276,1.4145298969350157,-0.032188364124586144,-0.04362772751258126,0.03605909291400158,5.765015416305858,5.785118460286072,0.04719826089102774,0.06405663247226157,0.6446519585228128,0.1692031344316882,0.051277193244121944,0.03404873243415006,-0.011363141091705904,-0.07205151757387561,0.035731273216927054,0.002900631288485493,9.852987400434413
7.679999999999924,4.479867140081627,0.7976962148554732,-5.76369862207384,0.0036510893354564367,-0.0012656338538893687,0.04574452723634448,0.8199323521398063,0.10714570460118086,0.06454205025535799,0.03134758163582472,-0.009583309560204787,-0.0730792804911654,8.797273214333826,1.4940725438419695,1.4120167039035292,-0.031852765758320335,-0.04389376682299001,0.03555832621583617,5.76369862207384,5.867400873048135,0.04574452723634437,0.06324780280560205,0.6634391815127766,0.1902243233776497,0.0800888664335028,0.03080908386101124,-0.006899748489471872,-0.07248458956733195,0.007266630339844447,-0.008130427505520677,9.839146197516895
7.699999999999924,4.496149201263899,0.8005819759457735,-5.762379212081864,0.004279891674736152,-0.0014519623998194443,0.044282250408319214,0.8192882767247078,0.10793359372364687,0.06444836509343926,0.02936975781705536,-0.00835743704072555,-0.07350366435230588,8.762988304144946,1.4860682991295926,1.4094682105279874,-0.03151092435193658,-0.04415449504116703,0.035055817166800826,5.762379212081864,5.829944237618875,0.044282250408319346,-0.0015578594680492053,0.6547548150780695,0.15698149503922976,0.046264262971865866,0.028827158686225332,-0.01222170978980844,-0.0725909452689867,0.01791322518303907,0.034345632931425986,9.889357033967329
7.719999999999923,4.5124216889917514,0.8034582779599169,-5.761057227593045,0.004869422342866027,-0.0016128178745507147,0.04281147365860428,0.8186341678864901,0.1087184509117308,0.06437686814150459,0.0272235495831184,-0.007108331654636403,-0.07392784660908529,8.728803591227095,1.4780105561189416,1.4068844805205922,-0.031162906905256124,-0.044409880619316014,0.03455159038973835,5.761057227593045,5.761806931593609,0.04281147365860427,0.06396127995161383,0.6601302792219149,0.17881360959034623,0.07175212227818586,0.028794060276980976,-0.009672604069225672,-0.07612027185134966,0.028062129455863914,0.03278955730302213,9.828180081856084
7.739999999999923,4.528684467481737,0.806324999209019,-5.759732713158907,0.005416279067874345,-0.0017477831324623973,0.041332240065101236,0.817970112596722,0.10950005247075677,0.06432816165001845,0.024923351627578482,-0.005841053928927908,-0.0743517488683981,8.694721844523333,1.469899604887896,1.404265578474459,-0.03080878162858445,-0.0446598926560936,0.034045670591659964,5.759732713158907,5.7578640828593555,0.04133224006510128,0.03832510634183883,0.66729826979364,0.18357791204852303,0.06674868734553083,0.02603522313538662,-0.004189199830415378,-0.07184670546163277,0.000521067420821128,0.020948424412698088,9.864371657896111
7.7599999999999225,4.5449374029231935,0.8091820188127149,-5.758405716508768,0.005917346185481054,-0.0018565483404675372,0.03984459189490578,0.8172962039435883,0.11027819225056727,0.06430274243136092,0.02248440145260861,-0.004560694469513915,-0.07477528710691274,8.660745824636503,1.4617357374298228,1.4016115698620029,-0.0304486179293421,-0.04490450090034837,0.03353808256253455,5.758405716508768,5.777752437014339,0.03984459189490597,0.05875559134050645,0.6428611633354014,0.17634827007903506,0.07273767653062775,0.021836641315405757,-0.005162745999582994,-0.0738040082302666,-0.014732751394665275,0.01292822593412097,9.81783595085546
7.779999999999922,4.561180363484615,0.8120292167529157,-5.757076288425062,0.006369811649874253,-0.0019389112593810032,0.03834857001601452,0.8166125409566372,0.11105268191717042,0.06430099952050383,0.01992268061836051,-0.003272354662946346,-0.07519837238283908,8.626878283605643,1.45351924764307,1.3989225210333007,-0.030082486398461165,-0.0451436757547812,0.033028851174074,5.757076288425062,5.785376614023569,0.03834857001601444,0.04208736515057954,0.657478302562532,0.1373508258641984,0.07537130793031757,0.02219964636970078,-0.004421052224233835,-0.07263367214904944,0.027367940491865562,0.031065671601069447,9.853565540482098
7.799999999999922,4.57741321931816,0.8148664739223082,-5.755744482605402,0.006771182074454801,-0.0019947771003174953,0.03684421336905967,0.815919228441678,0.1118233511792784,0.06432321230887668,0.017254812958979477,-0.0019811275273194733,-0.07562091162007581,8.593121964683057,1.4452504313203813,1.3961984992144332,-0.029710458796549544,-0.04537738827952655,0.032518001378514405,5.755744482605402,5.864290768070117,0.03684421336905963,0.05797233476906527,0.6686053006908572,0.16950268600608517,0.0441371724642618,0.01958928279625383,-0.007920826430086335,-0.07301587925565396,-0.012330671793230975,0.03677935335085818,9.860808049848307
7.819999999999921,4.593635842562357,0.8176936721673383,-5.754410355512213,0.007119295740908999,-0.0020241579615729154,0.03533155850890456,0.8152163768278378,0.11259004798133745,0.06436954916291229,0.014497960348474958,-0.0006920787726107166,-0.07604280845137525,8.559479602112127,1.4369295861382525,1.393439572505804,-0.02933260803982626,-0.04560561019565402,0.032005558207393564,5.754410355512213,5.753032836430086,0.03533155850890468,0.035712659224735877,0.6322094035746456,0.16666865724458574,0.05329820260748094,0.01658440842782715,-0.0036321630109959315,-0.07326439032069844,0.04132567407543631,-0.0052698174714933405,9.816313483683325
7.839999999999921,4.609848107343086,0.8205106943254971,-5.753073966210837,0.00741233352665501,-0.0020271718528674463,0.03381063922433139,0.8145041020281502,0.11335263867299719,0.06444006653656245,0.011669716588066162,0.0005897718709851041,-0.07646396410632342,8.52595392090582,1.4285570116462103,1.3906458098804368,-0.028949008185830013,-0.04582831388859025,0.03149154677032432,5.753073966210837,5.734762574960029,0.033810639224331585,0.0254880307789902,0.6535204459052836,0.16464622247744323,0.0671209052964952,0.013149531453298035,-0.0029832371289698466,-0.07594898712745367,0.04495932047528973,0.016779633242347776,9.822971278055881
7.85999999999992,4.626049889772922,0.8233174242567958,-5.751735376197041,0.007648827712177098,-0.0020040413151887026,0.03228148624231644,0.8137825253143998,0.11411100816304835,0.06453470858482721,0.008787999974150832,0.0018594595990539956,-0.07688427832935762,8.49254763662599,1.4201330092560334,1.3878172811822524,-0.028559734418904185,-0.0460454724114601,0.030975992253764295,5.751735376197041,5.823175267235439,0.032281486242316415,0.048435859603778386,0.648830787171118,0.18006886361794558,0.06749442071495507,0.009053577415533854,0.003084955855329234,-0.07439841052414119,0.02108868360663592,0.017755844202853446,9.854257554485661
7.87999999999992,4.642241067948919,0.8261137468693948,-5.750394649214887,0.007827668640995428,-0.0019550918337799096,0.030744127020115582,0.8130517732195354,0.11486506006372896,0.06465330714001798,0.005870945086278231,0.00311203675596973,-0.07730365031233025,8.459263455163393,1.411657882230897,1.3849540571243202,-0.028164863035460865,-0.04625705948834725,0.030458919919781568,5.750394649214887,5.718262056033678,0.03074412702011564,0.03685513551766517,0.6704531554178633,0.21009754804930397,0.08126442195980081,0.006918747058905461,0.004372805119576769,-0.07542632971220156,0.023196108643775085,0.022885547969291802,9.862052498569877
7.8999999999999195,4.658421521948974,0.8288995481394132,-5.749051851065778,0.007948109216165197,-0.0018807509818701365,0.029198585620475847,0.8123119775325004,0.11561471682900606,0.06479558135008003,0.0029367942944847217,0.0043426467419111076,-0.0777219796259987,8.426104072518536,1.4031319356744596,1.3820562092870932,-0.027764471429027115,-0.04646304951747354,0.029940355104817087,5.749051851065778,5.768757820463621,0.029198585620475725,0.025911276835014707,0.6541694074452978,0.17925273566871705,0.06385909176699645,0.0047524609290753765,0.0064377819061637274,-0.0767202408893611,-0.010175421846335832,0.059423342351183295,9.81027533601613
7.919999999999919,4.6745911338269925,0.8316747151250109,-5.747707049408507,0.008009767228647947,-0.0017815460648027569,0.027644882688015092,0.8115632752263993,0.11635991988813411,0.06496113869053972,3.7895919040701644e-06,0.005546555671189087,-0.0781391671421497,8.393072174583276,1.3945554765198755,1.3791238101166157,-0.027358638075076026,-0.046663417574296796,0.029420323218443022,5.747707049408507,5.784953224853861,0.027644882688015127,0.018126762144139885,0.6737258189745032,0.1796269920221546,0.05361155593477976,0.0006227655344161342,0.003892999222496225,-0.08199426992224736,-0.009399515489300427,0.05410407258131935,9.836227725698656
7.939999999999919,4.690749787606804,0.8344391359748912,-5.746360313552467,0.00801262552168928,-0.001658101112869936,0.026083035520476534,0.8108058083774424,0.11710062977374279,0.06514947670559686,-0.002909934770409949,0.006719170338163235,-0.07855511592680124,8.36017043692329,1.385928813518749,1.3761569329227148,-0.026947442515645795,-0.046858139414526566,0.028898849742117795,5.746360313552467,5.735565646265424,0.02608303552047664,0.0368053450320871,0.6253622097931999,0.15771042404814217,0.05960426290586664,-0.0004033237410489066,0.0063027904354072874,-0.07792057007795741,0.024822886757358404,0.045382259560046045,9.834286390361855
7.959999999999918,4.706897369274933,0.8371926999314357,-5.7450117142453605,0.007957030006180808,-0.0015111335001046357,0.024513058229982742,0.8100397240909565,0.11783682624097822,0.06535998527206835,-0.005786187390703749,0.007856055453698454,-0.07896973208950735,8.327401524561338,1.3772522572300154,1.3731556518771655,-0.026530965343749654,-0.04704719147705781,0.02837596022793734,5.7450117142453605,5.8303417579525,0.024513058229982843,0.03653203061659571,0.6430625292134076,0.15328652022669673,0.0580588070198646,-0.004874086131036775,0.006527487194787867,-0.07691655692275243,-0.02743921428901898,0.07741377499630735,9.825927159428218
7.979999999999918,4.723033766772304,0.8399352973287277,-5.7436613234564975,0.007843690971554585,-0.001341450207071202,0.02293496198945925,0.8092651744318302,0.1185685087382563,0.06559194877111779,-0.008606839721596721,0.008952949808718193,-0.07938292558617409,8.29476809176141,1.3685261200087653,1.3701200420118378,-0.026109288187580043,-0.04723055088682157,0.02785168029738326,5.7436613234564975,5.801090732955225,0.022934961989459435,0.0376339338822933,0.6456106085262393,0.1629185075897883,0.06881357037622371,-0.00676652483503744,0.00706526960698051,-0.07932678418586724,0.04089097893547729,0.03253436739272658,9.873897069550132
7.999999999999917,4.739158869985005,0.8426668195859754,-5.742309214156032,0.007673681993698072,-0.0011499437439939472,0.02134875535848017,0.8084823163562619,0.11929569683841816,0.06584454877889509,-0.011354221845146614,0.010005781577007789,-0.0797946109624282,8.262272781813714,1.3597507159949949,1.36705017921682,-0.025682493694509662,-0.04740819545755301,0.027326035640067265,5.742309214156032,5.785262840605417,0.021348755358480354,0.024929857551355905,0.6446186218175389,0.1793068199806199,0.08381033543905998,-0.014491146490919447,0.010848161197476051,-0.0814372268513209,-0.039689201221766224,0.01848203170134803,9.83165929624546
8.019999999999918,4.755272570734194,0.8453871591965928,-5.740955460091207,0.007448430923980756,-0.0009375877551705503,0.01975444468088596,0.8076913116415623,0.12001843024344976,0.06611686789241898,-0.014011236716781648,0.011010682989747292,-0.08020470801185889,8.22991822682059,1.350926361102302,1.3639461402385225,-0.025250665514892866,-0.0475801036944758,0.02679905201247241,5.740955460091207,5.802209003007011,0.019754444680886163,0.03010385090574541,0.6382945113857822,0.16181077318867226,0.07524424817285782,-0.011809524439369785,0.007584417998209844,-0.08227880182917396,-0.01839555614553895,0.03247844087818004,9.824180718803524
8.039999999999917,4.771374762765285,0.8480962097130134,-5.739600135561421,0.0071697085895480505,-0.0007054323299066375,0.0181520345440629,0.8068923268106247,0.12073676872660445,0.06640789406198087,-0.016561469587965272,0.011964004063898935,-0.0806131423426218,8.197707047483306,1.3420533730065094,1.3608080026777578,-0.02481388828567042,-0.047746254796903025,0.026270755236690976,5.739600135561421,5.692238510321008,0.01815203454406289,0.034763003603830445,0.6504470839114587,0.17609250469602827,0.07448485254557156,-0.015081537145495766,0.009925990190650057,-0.07925809313313456,0.03561871986793384,-0.017493012591168547,9.816544574663123
8.059999999999917,4.787465341736478,0.8507938657276182,-5.7382433151932295,0.006839615300874336,-0.00045459904291840427,0.016541528289028162,0.8060855330473375,0.12145079200042433,0.06671652540792417,-0.01898929181664892,0.012862325338142399,-0.08101984584472402,8.165641852889772,1.333132071134229,1.3576358449878012,-0.024372247613780935,-0.04790662866075399,0.02574117119915921,5.7382433151932295,5.70609400408544,0.016541528289028218,0.017124615807821097,0.6349031002046303,0.20093749913826542,0.0714190819607768,-0.018107297792173415,0.013254520987908438,-0.0763692715916546,-0.01087773967400305,0.05895268121251602,9.817929359774087
8.079999999999917,4.803544205206725,0.8534800228501749,-5.7368850737163966,0.006460565278403917,-0.00018627574803504988,0.014922928559518793,0.8052711060991509,0.1221605994986019,0.06704157549635838,-0.021279958334606566,0.013702469574929389,-0.08142475705230275,8.133725240303223,1.3241627766513668,1.3544297464724304,-0.02392583005938236,-0.048061205880986856,0.025210325849389092,5.7368850737163966,5.75799777393457,0.014922928559518933,0.037984539617467394,0.6187252925982981,0.14500258028870205,0.0518663891423238,-0.017550499113403877,0.010984567147947676,-0.07850650960860565,-0.00820546815668598,0.018150766436364454,9.845572362360347
8.099999999999916,4.819611252623216,0.8561545776821903,-5.735525485742045,0.006035269124733629,9.828885019813068e-05,0.013296237877600243,0.8044492261630413,0.12286631005945721,0.06738177904526571,-0.0234196981081446,0.014481512392207059,-0.08182782139727826,8.101959794951828,1.315145812451555,1.351189787283941,-0.023474723118886223,-0.04820996775394656,0.024678245198696547,5.735525485742045,5.752400965863208,0.013296237877600259,0.010347109430827395,0.643572813845401,0.1995551874003056,0.09353789946423532,-0.02207719885419177,0.014564197904744697,-0.08047183043388235,-0.022985882451729875,0.03150656357806577,9.893145164033303
8.119999999999916,4.835666385308432,0.85881742778858,-5.734164625543973,0.00556671448205768,0.00039779082176311694,0.011661459232901482,0.8036200777512387,0.12356806149904119,0.06773579802958331,-0.02539579700184483,0.015196791793414736,-0.0822289913528605,8.070348089819289,1.3060815031445303,1.3479160484211437,-0.023019015207808715,-0.04835289627962796,0.024144955318926957,5.734164625543973,5.735095928220747,0.011661459232901628,0.03238465014916159,0.6363533500912935,0.17546697272519593,0.08762081103700173,-0.022454551707623095,0.01713186189910166,-0.08157456490291919,-0.049149151353906406,-0.002655401849265977,9.859747408772858
8.139999999999915,4.851709506446836,0.8614684716670501,-5.732802566844134,0.005058145026390053,0.0007108768074723423,0.010018596672452907,0.8027838495332891,0.12426601006251813,0.06810222815123029,-0.027196672532719117,0.01584591656946526,-0.08262822646747353,8.03889268543644,1.2969701750444476,1.3446086117273397,-0.022558795643441473,-0.04848997416385387,0.02361048234117767,5.732802566844134,5.7001617745713276,0.010018596672452862,0.035869760015673435,0.6260486770307978,0.18743106749046873,0.07955462644095608,-0.024144460993849006,0.01754035257900393,-0.0807487542619108,-0.006439037857349991,0.004671095277851991,9.868122740203082
8.159999999999915,4.867740521071231,0.8641076087155731,-5.7314393826032655,0.004513037960313408,0.0010361499601307081,0.008367655878248746,0.8019407341513223,0.12496032974352012,0.06847960563772222,-0.02881194008318037,0.01642677355155774,-0.0830254932916904,8.00759612967384,1.2878121561581375,1.3412675598882742,-0.022094154627345902,-0.04862118482036751,0.02307485245451776,5.7314393826032655,5.766306209202398,0.008367655878248836,0.05386007906361279,0.6321234385275188,0.19294575575002346,0.07253370061970917,-0.023980949689836592,0.01764548779962116,-0.08250730167230676,-0.007955789615946967,0.028645642412158397,9.828276745337
8.179999999999914,4.883759336048826,0.8667347391983198,-5.730075144817603,0.0039350801746119825,0.0013721760040617044,0.006708644720069489,0.8010909280057665,0.12565121146258879,0.06886641433100121,-0.030232470224301474,0.016937533698808162,-0.08342076520270236,7.976460957535393,1.278607776173289,1.3378929764300693,-0.021625183227673688,-0.04874651237283956,0.022538091904704495,5.730075144817603,5.757944478462219,0.00670864472006949,0.005156577990788946,0.6387339171143206,0.16447012145210935,0.047713949466767186,-0.027714827759056253,0.017786691907012805,-0.08129121476957955,-0.04875456923794974,-0.02917424795409935,9.846626569182224
8.199999999999914,4.89976586006703,0.869349764210387,-5.728709924322565,0.0033281432560914744,0.0017174893863306563,0.005041573771768998,0.8002346310091971,0.12633886209759457,0.0692610930264275,-0.031450436884692554,0.01737665700980438,-0.08381402213264263,7.945489690953017,1.2693573664465878,1.3344849457171355,-0.021151973361317824,-0.04886594165678905,0.022000226992897387,5.728709924322565,5.766065744751204,0.005041573771769059,0.00962236378064718,0.6183217355015368,0.19695707951939606,0.07170716083351387,-0.03037929050068505,0.014374552042552936,-0.08266225875304477,-0.014316892156123546,0.020273678246439587,9.824078452366603
8.219999999999914,4.91576000361899,0.8719525856416321,-5.727343790604275,0.0026962575241580447,0.0020705994929479717,0.003366456780136605,0.7993720463065123,0.1270235033611157,0.06966204302054117,-0.03245935618377186,0.017742896252267774,-0.08420525020871311,7.9146848385823745,1.260061259991785,1.3310435529500633,-0.020674617775897183,-0.048979458221418345,0.02146128407436947,5.727343790604275,5.7903188647143295,0.003366456780136584,0.044536258328874645,0.6301478431964012,0.1786826629167815,0.091774248969303,-0.03215415528507083,0.015725445512695155,-0.07931307099195399,-0.04012593185947562,-0.05128546195529393,9.78619310958212
8.239999999999913,4.931741678988859,0.8745431061398935,-5.725976811619692,0.002043585282332572,0.0024299969034074285,0.0016833110765637255,0.7985033799601923,0.12770537052212322,0.0700676358252213,-0.033254115830099656,0.018035299510011326,-0.08459444131449333,7.884048895599662,1.2507197914677077,1.327568884163492,-0.020193210031578347,-0.04908704833136165,0.020921289557215905,5.725976811619692,5.765257063736572,0.0016833110765639425,-0.008851355932674831,0.6302492802290794,0.1976031791939094,0.06362751705425904,-0.030390417048589375,0.014822820170686429,-0.0850958811613778,-0.10044839367757678,-0.010181769587694218,9.872654049083456
8.259999999999913,4.947710800236809,0.8771212290738469,-5.724609053626133,0.0013743934728487027,0.002794159657108557,-7.842076949990525e-06,0.797628840599998,0.12838471097190052,0.07047622100524625,-0.03383099506474127,0.018253211551298314,-0.08498159258301985,7.853584343499513,1.2413332971662163,1.3240610262239612,-0.019707844482738154,-0.04918869896834689,0.020380269901060104,5.724609053626133,5.754152402357906,-7.84207695003758e-06,0.008269208299716002,0.6204136929621,0.1909602652130502,0.09368138432272205,-0.0357459431110087,0.015166127397595644,-0.08697583655136801,-0.011351743798822655,-0.05637054454350388,9.823551259154625
8.279999999999912,4.963667283183764,0.8796868584957116,-5.72324058102086,0.0006930259228784334,0.0031615595055269293,-0.0017069772144547245,0.7967486390370997,0.129061782636873,0.07088613409599229,-0.0341876752053882,0.018396274027503157,-0.08536670583319332,7.8232936498939925,1.231902115000091,1.320520066827736,-0.019218616259470314,-0.049284397832771026,0.019838251615756898,5.72324058102086,5.794410290413914,-0.0017069772144546747,-0.017592989381611357,0.6244172825110518,0.17943467810091168,0.08086754075693807,-0.03368141532513338,0.014535706256017928,-0.08357727123526196,-0.0885813928931129,-0.07848368510852173,9.813751841899292
8.299999999999912,4.97961104539582,0.8822398991039887,-5.7218714561913835,3.8753698196371256e-06,0.0035306681244296127,-0.003414064470792699,0.7958629878432781,0.12973685224386847,0.07129570455808823,-0.03432324091838252,0.0184644245156324,-0.08574978696178594,7.79317926831272,1.2224265844908708,1.316946094498617,-0.01872562124894038,-0.04937413334518824,0.01929526126009378,5.7218714561913835,5.8024356216061985,-0.0034140644707925105,0.018388688089809868,0.62325464101986,0.18325925268003684,0.04680669748815052,-0.036086291337037606,0.02288626279493796,-0.08227832006045983,-0.04081866002504713,-0.065279822153442,9.819142662740468
8.319999999999911,4.995542006168349,0.8847802562063807,-5.720501739377063,-0.000688644549445388,0.003899963260982216,-0.0051290694681730385,0.7949721008964974,0.13041019344621388,0.07170326372626118,-0.034238172412183035,0.018457894422756232,-0.0861308453037767,7.763243638004136,1.2129070467566294,1.3133391985857266,-0.01822895607659219,-0.049457894647711,0.01875132544048954,5.720501739377063,5.790558190007813,-0.005129069468173153,-0.00023329718574149894,0.6009321275097181,0.18001495868627684,0.055487094241212204,-0.031156785479164093,0.01771079284358159,-0.08239500788414429,-0.0890812696652156,-0.02403772785942258,9.868169895096205
8.339999999999911,5.011460086509735,0.8873078356830121,-5.719131488542554,-0.0013801271642510768,0.004267934791254839,-0.0068519532866048,0.7940761928948016,0.1310820848219312,0.07210715271034089,-0.03393432880664655,0.01837720577470721,-0.08650989297393454,7.733489183737931,1.2033438444997,1.3096994692612747,-0.01772871808720963,-0.04953567160532389,0.0182064708096906,5.719131488542554,5.735708289779232,-0.006851953286604928,0.026461995515862036,0.6252250186003261,0.1785241905827932,0.07577880140581683,-0.03146147818901541,0.016800176880093973,-0.08520353839630662,-0.029382521228930387,-0.01123998705457846,9.84706696955169
8.35999999999991,5.027365209124717,0.8898225439500423,-5.717760759263541,-0.0020662003147828164,0.004633090664401691,-0.00858267251847539,0.7931754788411217,0.13175280775806064,0.07250573020741877,-0.03341492298738419,0.01822316691550268,-0.08688694420250266,7.703918315608632,1.1937373219943297,1.3060269975183045,-0.017225005325837147,-0.049607454807109944,0.017660724065464796,5.717760759263541,5.743736268702795,-0.00858267251847522,-0.004763089427682221,0.616003350618534,0.18983150926086886,0.06309228528606192,-0.03152813070640569,0.01999702163120524,-0.08370701273437822,-0.06003716100707194,-0.06540143143691185,9.825151468377644
8.37999999999991,5.043257298397302,0.8923242879237371,-5.716389604625204,-0.002742553405744139,0.00499396271065707,-0.010321179405843709,0.7922701735021821,0.13242264423775527,0.0728973801854519,-0.03268448830314467,0.0179968671478216,-0.08726201467752151,7.674533428840391,1.184087825074291,1.302321875168419,-0.016717916518563386,-0.04967323556738931,0.01711411194929336,5.716389604625204,5.7738085921695035,-0.010321179405843761,-0.004318825701024487,0.6086882854433717,0.16605296263254837,0.09335839658674043,-0.028620514337621313,0.0185081215880651,-0.08529977369758333,-0.06167244593754765,-0.06868649066900007,9.852393386446279
8.39999999999991,5.059136280373214,0.8948129749850435,-5.715018075133741,-0.0034049638062440485,0.005349112291251466,-0.012067422057354414,0.7913604908452603,0.13309187454919635,0.07328051940013626,-0.03174883750656518,0.017699670348498675,-0.08763512090577529,7.645336903592966,1.1743957011204296,1.2985841948394827,-0.016207551053171232,-0.04973300592677028,0.016566661245060618,5.715018075133741,5.715507151435161,-0.012067422057354449,-0.0006388489381183859,0.6203005024684328,0.1701270977142991,0.07347435582174754,-0.032972207018528064,0.01778912926537942,-0.08477882104301492,-0.08064414663046393,-0.09408285476104314,9.82456546861929
8.41999999999991,5.075002082741847,0.8972885129446989,-5.713646218641263,-0.004049322441014757,0.005697135769397766,-0.013821344740104281,0.7904466434570677,0.1337607749375218,0.07365360470861133,-0.03061501437473988,0.017333207596374772,-0.08800627960357657,7.616331104768943,1.1646612990481637,1.2948140499733105,-0.015694008959658154,-0.04978675865311227,0.01601839877774164,5.713646218641263,5.749306084977583,-0.013821344740104102,-0.019925042465402498,0.6033693954650563,0.1787823475842532,0.08698872032157293,-0.025912911757553628,0.01344553402536567,-0.08816743436503596,-0.08548795143514704,-0.15152189683979386,9.802413186656006
8.439999999999909,5.090854634817692,0.899750810008887,-5.712274080284275,-0.004671658426705151,0.006036669782619761,-0.01558288824033367,0.7895288419494709,0.134429615222796,0.07401514014546987,-0.029291238476027808,0.016899368852950836,-0.08837550712763657,7.587518381822166,1.1548849692949155,1.291011534823327,-0.015177390890630409,-0.049834487242400985,0.015469351412087566,5.712274080284275,5.753816814384413,-0.015582888240333492,0.009216451600654985,0.6265601425585536,0.1885596326055119,0.0703821254773627,-0.025466222761751773,0.013950409201842325,-0.08729784541401363,-0.06211360489940445,-0.07643043220683408,9.808941959477362
8.459999999999908,5.106693867521214,0.9021997747454505,-5.710901702435917,-0.005268162616221737,0.006366396297883871,-0.0173519902855027,0.7886072943571595,0.13509865640853555,0.07436368372859482,-0.027786843573607237,0.016400293739125285,-0.08874281895512971,7.558901068567441,1.1450670638075,1.2871767444522133,-0.014657798101575638,-0.049876185919535354,0.01491954605130942,5.710901702435917,5.663582069292252,-0.017351990285502605,-0.01100257995487608,0.6247483487048577,0.17991764516582778,0.08613505885397169,-0.025158834013938577,0.014893525133037468,-0.0880041258740854,-0.09038675782705977,-0.06203364125104321,9.849280218789792
8.479999999999908,5.122519713359164,0.904635316050664,-5.7095291246720805,-0.0058352099237912675,0.00668504743223998,-0.019128586019166182,0.7876822055326782,0.13576814830641198,0.07469785396449873,-0.026112210174823028,0.01583836145384611,-0.08910822922077857,7.530481482991494,1.1352079360294531,1.2833097747295283,-0.014135332431017117,-0.04991184963902631,0.01436900963575987,5.7095291246720805,5.694112139908606,-0.019128586019166338,-0.00845539006549112,0.6114064847530981,0.20491703556123914,0.07404561695636531,-0.02448221847907893,0.017104925357988184,-0.08496060304760382,-0.11679753564595655,-0.09367772852691622,9.830240912892359
8.499999999999908,5.13833210640432,0.9070573431165703,-5.708156383751433,-0.006369380313489597,0.0069914100229682054,-0.02091260851910328,0.7867537765444732,0.1364383272034537,0.07501633602506459,-0.02427869274878686,0.015216179882777788,-0.08947175031738691,7.502261927065219,1.125307940888313,1.2794107223293143,-0.013610096280553796,-0.04994147408560732,0.013817769141613234,5.708156383751433,5.719558403195164,-0.02091260851910315,0.005799612629264761,0.5972144252422995,0.16239133388617713,0.08324503917406922,-0.024666435958521894,0.01422555187832523,-0.08607007769969047,-0.06891424936077303,-0.1314265141651469,9.834146954413914
8.519999999999907,5.154130982274649,0.9094657653988909,-5.706783513609342,-0.006867478344319771,0.007284329932554738,-0.02270398934840268,0.7858222040837514,0.13710941359834955,0.07531788756985225,-0.02229854214345428,0.014536573947070242,-0.08983339256476584,7.474244686557219,1.115367434782834,1.275479684727678,-0.01308219259478966,-0.04996505567475648,0.013265851579543358,5.706783513609342,5.697490087435201,-0.022703989348402676,-0.041858401024775116,0.6092207423909282,0.1734555428274579,0.07138351944121457,-0.021252337151168064,0.011182971983440546,-0.09347758148797546,-0.08513004971920303,-0.11800576999214825,9.850787159189546
8.539999999999907,5.169916278111909,0.9118604925855287,-5.70541054536562,-0.007326551175438826,0.0075627160751713905,-0.024502659128662722,0.7848876798860144,0.13778161003330885,0.07560134419041105,-0.020184823738038152,0.013802573244027554,-0.09019316395046162,7.446432030848653,1.1053867755701623,1.2715167602003548,-0.012551724841157096,-0.049982591553130284,0.012713283993400323,5.70541054536562,5.820340044966371,-0.024502659128662785,-0.02358027508935967,0.6362786676367209,0.19652721183147603,0.09045622285411142,-0.019655241929335154,0.010875816228451171,-0.08929311061666449,-0.028249743071910992,-0.07787863083840876,9.867763716841218
8.559999999999906,5.185687932559717,0.9142414345656915,-5.70403750734594,-0.0077439049457474025,0.007825544152700124,-0.026308548124145244,0.7839503901731077,0.13845509904735556,0.07586562445530448,-0.017951331867671057,0.013017399032915619,-0.09055106994413448,7.418826212749428,1.0953663225529504,1.267522047820251,-0.012018796989637624,-0.04999407959890885,0.012160093458885286,5.70403750734594,5.686883854213561,-0.026308548124145403,-0.008735629848239057,0.6022036854479597,0.17096636498238343,0.08343033044926002,-0.016288711434833514,0.012670412873945028,-0.08889756726847162,-0.07551618457685846,-0.13130913518026302,9.886442083884353
8.579999999999906,5.201445885741103,0.9166085013996828,-5.70266442511673,-0.008117119452699939,0.008071860089716333,-0.028121586825623913,0.7830105151215151,0.1391300412759389,0.07610973453678367,-0.015612501055254906,0.012184450620330705,-0.09090711338588627,7.391429468315719,1.0853064364664273,1.2634956474549686,-0.011483513492384172,-0.049999518422052636,0.011606307082223863,5.70266442511673,5.610245946626331,-0.028121586825623712,-0.01703004750733461,0.6169042311705969,0.20251710147920657,0.06922102184980564,-0.01573241324759108,0.012955663124616237,-0.09222676185137527,-0.0849133354485122,-0.17061270603170206,9.868790086890584
8.599999999999905,5.217190079235616,0.9189616032894208,-5.701291321533278,-0.008444061065807628,0.00830078315821436,-0.02994170652279069,0.7820682283624346,0.13980657372034325,0.07633277240222822,-0.013183314580983763,0.011307291200488056,-0.09126129444732033,7.364244016668843,1.0752074794654043,1.2594376597643067,-0.01094597926324853,-0.049998907364470685,0.011051951998837637,5.701291321533278,5.719520399498243,-0.02994170652279049,-0.026059714991632177,0.592289879095707,0.17095822726783388,0.10275449579543192,-0.011066088086213972,0.010898629870022975,-0.08381239320852087,-0.06434287609623221,-0.08038506100101939,9.846905380191735
8.619999999999905,5.232920456056026,0.9213006505497677,-5.699918216800717,-0.008722893820843772,0.00851150878421782,-0.031768839854421214,0.7811236965189042,0.1404848082086006,0.07653393155559161,-0.01067921091362474,0.010389633206496251,-0.09161361066266693,7.337272059815524,1.065069815111243,1.2553481861977467,-0.010406299657218756,-0.04999224650010022,0.010497055372014738,5.699918216800717,5.729895156742914,-0.03176883985442114,-0.01806245936360229,0.6083876654522364,0.16728251927724405,0.0856339748307255,-0.011877690756107678,0.009879035550614298,-0.08827785623022456,-0.06335223544179452,-0.15484086115993964,9.843166441322222
8.639999999999905,5.248636960624708,0.9236255535807685,-5.698545128547517,-0.008952088651184175,0.008703311029759301,-0.033602921326041514,0.780177078784889,0.14116483006747868,0.07671250431613745,-0.008115988519787792,0.009435323229175813,-0.09196405702594845,7.310515782469514,1.0548938083587636,1.2512273289919138,-0.009864580449769948,-0.04997953663489771,0.00994164439157886,5.698545128547517,5.753514586386495,-0.03360292132604137,-0.0011177809114935044,0.6022051451309709,0.20602795684189368,0.06553613395542433,-0.006609368223719714,0.008235906295663465,-0.09042091555629217,-0.09809254237189552,-0.08690406527108871,9.8488055094285
8.659999999999904,5.264339538749789,0.9259362228409204,-5.697172071911022,-0.00913043072299557,0.00887554474503295,-0.03544388778557033,0.7792285265508269,0.14184669702267272,0.07686788462372793,-0.0055097095585599516,0.008448326560277048,-0.09231262614891238,7.283977351874654,1.0446798255431131,1.2470751911680247,-0.00932092781613266,-0.049960779306741324,0.009385746272557017,5.697172071911022,5.750199000679023,-0.03544388778557028,-0.06778525961124027,0.6214243010586249,0.19418243272546556,0.0874348383119451,-0.00593016940742887,0.003883077427315579,-0.09404282159555409,-0.08491484166489463,-0.18070146742385546,9.856947138512277
8.679999999999904,5.2800281376011515,0.9282325688216139,-5.6957990596345525,-0.009257024851103357,0.009027647386815064,-0.037291678848316766,0.7782781830796457,0.14253043834160925,0.07699957036182856,-0.0028766029594209075,0.007432711417071574,-0.0926593084733493,7.2576589176293105,1.0344282343665683,1.242891876529308,-0.008775448310482612,-0.04993597678524489,0.008829388253845749,5.6957990596345525,5.865066660399364,-0.037291678848316856,-0.030785299682829947,0.6003328843032294,0.21535414641348447,0.07067016968696085,-0.0009053415986908101,0.0052550560449359405,-0.09316281227579433,-0.09967377175976748,-0.17216725972705757,9.855875127503047
8.699999999999903,5.295702705686413,0.9305145020229016,-5.694426102175493,-0.00933129898231386,0.009159140500508573,-0.03914623726377158,0.7773261832367218,0.14321605423032038,0.07710716519122791,-0.00023296737163094492,0.0063926329052524725,-0.09300409253045357,7.231562611512269,1.0241394038853044,1.238677489658412,-0.008228248845056624,-0.049905132071483255,0.008272597596876617,5.694426102175493,5.7177841876022875,-0.03914623726377142,0.02007269810900869,0.611786915531748,0.18621081737956283,0.06531459645413198,0.0010176013035982099,0.001577806498459886,-0.09426157269190358,-0.11832474136660047,-0.1263696970920317,9.851785928059728
8.719999999999903,5.311363192826998,0.9327819329307715,-5.693053207823766,-0.0093530057427301,0.009269630864394855,-0.04100750921782008,0.7763726532766664,0.1439035154927153,0.07719037988924607,0.002404925536441997,0.0053323167768985795,-0.0933469652390921,7.205690547310054,1.0138137044961062,1.2344321359147887,-0.007679436669198167,-0.04986824889762914,0.007715401584280409,5.693053207823766,5.790726215221827,-0.041007509217819926,-0.035020340409245954,0.6068154267851866,0.18546870949638528,0.10109251877525188,0.003061649926966007,0.006900739627601847,-0.09319885389972456,-0.11863836332611616,-0.14009697610230865,9.8573279799771
8.739999999999903,5.327009550134436,0.9350347719961107,-5.69168038283002,-0.009322222055182728,0.009358811295869341,-0.042875444565300506,0.7754177106891976,0.14459276345731314,0.07724903319093174,0.005020741881776128,0.004256043039956706,-0.09368791223423263,7.1800448206457235,1.0034515079230393,1.2301559214320612,-0.007129119348336892,-0.04982533172650158,0.007157827518550363,5.69168038283002,5.67313207272333,-0.04287544456530057,-0.025809549452639136,0.6061735291939327,0.17736995938872854,0.07054895360466329,0.004373426360593028,0.002680308625170763,-0.09301184017637845,-0.1356806390878484,-0.15622058905492442,9.869508243868678
8.759999999999902,5.342641729987017,0.9372729296155619,-5.690307631542815,-0.009239350543848585,0.009426461120595395,-0.04474999698920845,0.7744614641056998,0.14528370987751446,0.07728305264136931,0.007598116019247852,0.0031681297002329654,-0.09402691821249685,7.1546275088091145,0.9930531872040598,1.2258489531153685,-0.006577404742905881,-0.04977638575102594,0.006599902720704067,5.690307631542815,5.704437424760056,-0.04474999698920845,-0.0517349370343001,0.604369181093306,0.19597251714926475,0.07872017335274348,0.010216226342917665,-0.000393072407865693,-0.09620172206884872,-0.12395210461505284,-0.13036640832815447,9.874965102804854
8.779999999999902,5.358259686006946,0.9394963161142784,-5.688934956554583,-0.00910512033227962,0.009472446304170778,-0.04663112408441213,0.7735040132675789,0.14597623699819398,0.0772924751375738,0.01012101618147508,0.0020729165576148356,-0.09436396729116532,7.129440670588589,0.9826191166775906,1.221511338638694,-0.006024400987201554,-0.04972141689360551,0.00604165452894495,5.688934956554583,5.728236140813894,-0.04663112408441217,-0.0018286963341500595,0.6128549110168988,0.17906092861318526,0.07053029086713325,0.009773217422517832,8.079219301692438e-05,-0.09642477488990533,-0.0999798083350766,-0.09771890623261839,9.835778180441935
8.799999999999901,5.373863373038139,0.9417048417307505,-5.687562358855768,-0.008920580530314888,0.009496719248708626,-0.04851878736466411,0.772545449056774,0.14667019832435105,0.07727744622744463,0.012573849588213462,0.0009747487040834355,-0.0946990433760639,7.104486346104272,0.972149671969043,1.2171431864421738,-0.0054702164681897595,-0.049660431805405,0.005483110297322782,5.687562358855768,5.684403447735588,-0.048518787364664195,-0.02344900242538328,0.6246704280082577,0.17238299315019506,0.07189363926204162,0.01481988457995435,0.004126272550169949,-0.09350478817968133,-0.11669340535830315,-0.1452617345609905,9.8557335284999
8.8199999999999,5.389452747124832,0.9438984166042398,-5.68618983799557,-0.008687091619748982,0.009499318262349846,-0.050412952192957675,0.7715858535877521,0.1473654196693356,0.07723821887224903,0.014941562083056801,-0.00012203992444162785,-0.09503213052203419,7.0797665566428005,0.9616452299772965,1.2127446057293851,-0.004914959804262002,-0.049593437865545625,0.004924297394393052,5.68618983799557,5.760486520775369,-0.050412952192957494,-0.006614081620383239,0.5877609011625647,0.18283353204954908,0.06001106692498667,0.01270413806850987,-0.0015025741960850369,-0.09458208577370014,-0.09108878494930724,-0.11637420993218162,9.863758062320873
8.8399999999999,5.405027765491158,0.9460769507650405,-5.684817392248348,-0.008406314847541792,0.009480366707133824,-0.05231358763736625,0.7706253003598353,0.14806170046616557,0.07717515168442636,0.017209733326557012,-0.0012131424838874314,-0.09536321327653452,7.05528330449361,0.9511061688611291,1.2083157064646173,-0.004358739823947001,-0.04952044318021242,0.0043652432018763355,5.684817392248348,5.66027246103207,-0.052313587637366155,-0.04928060591525041,0.6040733272371539,0.19174588101266699,0.07742677108585287,0.02276924632608683,-0.0007319659468787787,-0.09341195254693728,-0.12971812229148283,-0.061046156911293406,9.794185620640949
8.8599999999999,5.4205883865218665,0.9482403541277655,-5.683445018784719,-0.008080199714828335,0.009440071839650108,-0.054220666255997994,0.7696638544673775,0.1487588153246766,0.07708870665616217,0.019364666875245847,-0.0022942572352600494,-0.09569227699755012,7.031038572786735,0.9405328680256021,1.203856599370121,-0.0038016655445801597,-0.04944145658167323,0.0038059751133161027,5.683445018784719,5.697774178913319,-0.05422066625599786,-0.04116947303699048,0.6100659418249993,0.14287655436964616,0.06468976444577174,0.019454955887453246,-0.003169431277427161,-0.09628733147484854,-0.09842755613511718,-0.11047472307603282,9.858449981045407
8.8799999999999,5.436134569744311,0.9503885364878367,-5.6820727138463845,-0.007710969663524347,0.00937872410693797,-0.05613416382205195,0.7687015728019384,0.1494565158139977,0.07697944693522935,0.02139347456347256,-0.0033611183480338896,-0.09601930814131253,7.0070343253321905,0.9299257081084029,1.199367395923341,-0.0032438461509369343,-0.049356487627210115,0.0032465205327368643,5.6820727138463845,5.674750291190836,-0.05613416382205205,-0.02217685291977256,0.5855887916021153,0.19261226707096926,0.08855863904153762,0.024096121828399264,-0.003842993708928106,-0.09947532854118463,-0.13430101297933855,-0.10318906889654021,9.815558476565478
8.899999999999899,5.45166627581176,0.9525214075213319,-5.680700472924392,-0.007301106075334707,0.009296695845757628,-0.058054058985311595,0.7677385043334086,0.15015453244721413,0.07684803389313068,0.02328415457902863,-0.004409538663135371,-0.09634429450915974,6.9832725064608905,0.9192850709661435,1.1948482083541299,-0.0026853909738326198,-0.04926554659796288,0.0026869068733010237,5.680700472924392,5.665496095186696,-0.058054058985311574,-0.07548904619768404,0.5819969417929396,0.18146981459039016,0.0778140512605256,0.02571510343184141,-0.0034979465141602383,-0.09797598706893708,-0.11442448605958508,-0.10171741509435334,9.823235966150582
8.919999999999899,5.4671834664882155,0.9546388767883135,-5.679328290939587,-0.006853330708270132,0.009194439149748834,-0.05998033287575253,0.7667746904868419,0.15085257684245923,0.07669522332966336,0.025025662725944958,-0.005435426210456283,-0.0966672254448655,6.959755040867181,0.9086113396606129,1.1902991496419417,-0.0021264094686942805,-0.049168644497685134,0.002127161555966067,5.679328290939587,5.784338098458758,-0.05998033287575266,-0.02209451550328767,0.591595260037181,0.19355440210377883,0.0775277712221523,0.024930109385770047,-0.007564661794165473,-0.09403255699474018,-0.12259395078298271,-0.06391338011872542,9.868665408828011
8.939999999999898,5.482686104634955,0.9567408537397352,-5.677956162423714,-0.00637058670552317,0.009072483432875804,-0.061912968662120364,0.7658101655668483,0.15155034403252238,0.07652186121080122,0.026607976470235262,-0.006434800263756481,-0.09698809197913802,6.9364838334529075,0.8979048984449844,1.185720333513007,-0.001567011194107343,-0.049065793051412766,0.0015673120081404412,5.677956162423714,5.684330903978389,-0.06191296866212026,-0.045835685794225256,0.5822295704003727,0.19804550142090988,0.070905293590353,0.026479563627751505,-0.006829413612850099,-0.09642481284919296,-0.07003754819773803,-0.1007549346796722,9.824340100328442
8.959999999999898,5.49817415419892,0.9588272477279798,-5.676584081700139,-0.005856018320608423,0.00893143270171438,-0.06385195107454152,0.7648449572247904,0.15224751489368185,0.07632887896361192,0.028022151408816566,-0.007403806865353096,-0.09730688691759269,6.913460769173155,0.8871661327499847,1.181111874437491,-0.001007305790342888,-0.0489570047040453,0.0010073856623400448,5.676584081700139,5.7371042672354315,-0.06385195107454145,-0.08870879136113663,0.5909283040330697,0.17693479120331188,0.05381962845319771,0.02893277597393234,-0.006263340842077837,-0.09992777820221087,-0.12517937944279922,-0.11566931185102905,9.81519551238238
8.979999999999897,5.513647580203055,0.960897968021043,-5.675212043063152,-0.005312949509892784,0.008771962550270842,-0.06579726590081206,0.7638790869636181,0.1529437586635293,0.07611728835445102,0.02926036987267109,-0.008338733755745958,-0.09762360486989366,6.890687712883533,0.8763954291700198,1.1764738876266296,-0.0004474029578681551,-0.048842292618840016,0.0004474099548436833,5.675212043063152,5.741197492976874,-0.06579726590081192,-0.055433673997732136,0.5892818246130671,0.18795526625823938,0.06593868317791343,0.03105354252525535,-0.0091933586954576,-0.09827709600173165,-0.1297246633552067,-0.10978358524497812,9.846093716581471
8.999999999999897,5.529106348738683,0.9629529238203333,-5.673840040954835,-0.004744861549437334,0.00859481689209015,-0.06774889946638932,0.7629125706748605,0.15363873551714163,0.07588817597905792,0.030315981446662525,-0.009236024646440636,-0.09793824221918392,6.868166509189162,0.8655931754492562,1.171806489029853,0.00011258756415397204,-0.048721670675819284,-0.00011258767565087531,5.673840040954835,5.747412472215342,-0.06774889946638929,-0.07291696852978147,0.5833607573737337,0.183187199160364,0.08399589446988828,0.029132773916531664,-0.01516916301536548,-0.09688149610771449,-0.09941848225884163,-0.0838277940025187,9.838181837023068
9.019999999999897,5.544550426959986,0.9649920242820126,-5.672468070138512,-0.00415536983743316,0.008400804445408793,-0.06970683810828343,0.7619454192020473,0.15433209917106663,0.07564269739539893,0.031183535259314835,-0.010092292777679033,-0.09825079703235184,6.845898982295219,0.8547597604676603,1.1671097953318819,0.0006725560193739886,-0.048595153470091045,-0.0006725797893718894,5.672468070138512,5.696537078652578,-0.06970683810828326,-0.06758030585750952,0.5584105685347515,0.18510047889757275,0.09882884632533795,0.03010681469444972,-0.009600119590738025,-0.09916147201411568,-0.06973691309911711,-0.08374537015618133,9.806187602518262
9.039999999999896,5.559979783080645,0.9670151785417573,-5.671096125867825,-0.0035482000464484966,0.00819079498802768,-0.07167106765301111,0.7609776389246784,0.15502349948520538,0.07538207093213972,0.03185880396539236,-0.010904333706547292,-0.09856126891308148,6.8238869358592105,0.8438955742270008,1.1623839239498144,0.001232392655767234,-0.04846275631008281,-0.0012325389468177605,5.671096125867825,5.702098573797546,-0.07167106765301101,-0.07807317679051007,0.5844515947573888,0.18486229230603696,0.0868277564163193,0.03301040840116925,-0.013135849284890916,-0.09804206814540391,-0.12979569176807046,-0.1019368530086067,9.853569641794799
9.059999999999896,5.57539438637266,0.9690222957427729,-5.669724204050522,-0.002927163791242296,0.007965715399418101,-0.07364157290853558,0.7600092323567951,0.15571258503376983,0.07510757120746435,0.0323387994114502,-0.011669137274972676,-0.09886965880097397,6.802132152844861,0.8330010078368097,1.1576289930301886,0.001791987747145294,-0.048324495215689406,-0.0017924377101019187,5.669724204050522,5.755466130095145,-0.07364157290853557,-0.06749218114805533,0.5815307089982124,0.14829430687871453,0.11279771422846666,0.03299279167959015,-0.0100563844494721,-0.09766772838904086,-0.11503553684583581,-0.07230371172928245,9.82356288542945
9.079999999999895,5.59079420716736,0.9710132850668504,-5.668352301406096,-0.0022961339780850822,0.00772654550832307,-0.07561833717968383,0.7590401987542157,0.15639900561803036,0.07482052239457204,0.03262178003890621,-0.012383898711412836,-0.0991759687212809,6.780636395377703,0.8220764535003013,1.1528451214460305,0.0023512316146615557,-0.04818038691633461,-0.0023522486442968476,5.668352301406096,5.655012035415226,-0.07561833717968369,-0.04294184636394194,0.6042870738867556,0.20918140157681184,0.08714238436836416,0.030091090527013874,-0.011836446565367784,-0.09379785705017765,-0.10218923220497095,-0.05151440897922392,9.86321890029598
9.099999999999895,5.606179216858585,0.9729880557682115,-5.666980415616469,-0.0016590200004220758,0.007474313764772492,-0.07760134181591642,0.7580705347246051,0.15708241469550135,0.07452229127156176,0.03270725013997357,-0.013046028824547976,-0.09948020149092958,6.759401404602335,0.811122304500251,1.1480324287938803,0.0029100146483084055,-0.048030448848946763,-0.0029119443187788857,5.666980415616469,5.688339483191052,-0.07760134181591649,-0.061279510376961,0.5993569947423737,0.18426360399416586,0.06516680085613569,0.03150360245226696,-0.012186754636699784,-0.09574657764122492,-0.09648052681895788,-0.03993912168520199,9.84204269360861
9.119999999999894,5.621549387907999,0.9749465172098466,-5.665608545468955,-0.001019742943389866,0.007210092755989245,-0.07959056579954311,0.7571002348347226,0.15776247170249022,0.0742142800945437,0.0325959511384467,-0.013653163251971944,-0.09978236038752382,6.738428900541404,0.800138955184839,1.1431910353908035,0.0034682273284000176,-0.04787469915584913,-0.0034714973085718994,5.665608545468955,5.7189422285043765,-0.07959056579954327,-0.09114875504499631,0.573394351245247,0.18885195237778796,0.06631518071815456,0.03101491151778107,-0.014720588609898413,-0.09701908832430671,-0.03802467000657007,-0.04264464574820726,9.837696168949323
9.139999999999894,5.6369046938524745,0.9768885789020166,-5.664236690990843,-0.00038221095624081886,0.006934994586120817,-0.08158598538154717,0.7561292922094495,0.1584388442494986,0.0738979193336864,0.032289845119426654,-0.014203170731703756,-0.10008244878885181,6.717720581956266,0.7891268009534553,1.1383210622713826,0.004025760247038213,-0.0477131566825645,-0.004030880195691451,5.664236690990843,5.663517294355694,-0.08158598538154704,-0.0792033943455186,0.5701930036754934,0.18261382402361914,0.09019750480052444,0.029487690220995916,-0.014324674767356283,-0.0993796921108081,-0.059760739755625805,-0.06665967866192078,9.882892348857329
9.159999999999894,5.652245109313471,0.9788141505425539,-5.662864853574957,0.00024970505276793533,0.00665016614008501,-0.08358757377112498,0.7551576991175203,0.1591112101717538,0.07357466031251063,0.031792090879293806,-0.014694160369267439,-0.10038046979110894,6.6972781262094125,0.7780862382424637,1.1334226311846929,0.004582504129555636,-0.047545840975535075,-0.004590065570487854,5.662864853574957,5.687374719366211,-0.08358757377112491,-0.045143945351912684,0.5814220282038594,0.1814409385355606,0.0632678268917718,0.0338768979393415,-0.013990608016565263,-0.09580999794357369,-0.011059593429232864,-0.050355041343262616,9.826953725720141
9.179999999999893,5.667570610008288,0.9807231420585736,-5.6614930360956714,0.0008721952499024078,0.006356784252066766,-0.0855953008838891,0.7541854475392672,0.15977925942009663,0.07324596779107169,0.03110701280938634,-0.015124487878075184,-0.10067642581453759,6.677103189128578,0.7670176645109285,1.128495864591256,0.005138349855933727,-0.04737277227975729,-0.005149026032989732,5.6614930360956714,5.651809675019573,-0.085595300883889,-0.09926140633037939,0.5769275105928551,0.1794891408138319,0.07472227722051522,0.03233701697013317,-0.01589075470523074,-0.10434418942903127,-0.04622028194459664,-0.018539690838364535,9.817767188452686
9.199999999999893,5.6828811727630875,0.9826154636491815,-5.660121243014896,0.0014815340950542115,0.006056050799345737,-0.0876091331524469,0.7532125297121279,0.16044269578049702,0.07291331253373082,0.030240062963833723,-0.015492760775857876,-0.10097031820548868,6.657197404872632,0.755921478226308,1.1235408856599802,0.005693188482189484,-0.047193971536332126,-0.005707734194246191,5.660121243014896,5.772876192658804,-0.0876091331524469,-0.05927985258812907,0.5721014246874464,0.17778986245708564,0.06730388004963471,0.030388679951210182,-0.01837030944572452,-0.1014926394712887,-0.09464943763679151,-0.03129637883899338,9.858833870583586
9.219999999999892,5.698176775527533,0.9844910258287517,-5.658749480477657,0.002074102810584585,0.005749187742171547,-0.08962903340178062,0.7522389386501491,0.16110123841354387,0.07257816390200425,0.02919777669383755,-0.015797842524878918,-0.10126214684401995,6.63756238579922,0.7447980788501106,1.1185578182650802,0.0062469112617284765,-0.0470094603799314,-0.006266162677669224,5.658749480477657,5.702293675439203,-0.08962903340178041,-0.07740477151540492,0.5733324664884806,0.1872857996732646,0.10340388469341329,0.032153212509425155,-0.013919987420583183,-0.10322416422975653,-0.07929091271564945,0.002650041237645895,9.852064091344852
9.239999999999892,5.713457397390896,0.9863497394703343,-5.65737775639694,0.0026464109717153203,0.005437432130337269,-0.0916549607905441,0.7512646686342411,0.16175462320829898,0.07224198251250319,0.027987722257495302,-0.01603885560860551,-0.10155190976606208,6.618199722334152,0.7336478668235136,1.1135467869829818,0.006799409666658415,-0.046819261136179964,-0.006824284120374733,5.65737775639694,5.675622694448297,-0.09165496079054414,-0.07369870422650582,0.5676921664970989,0.18151653483830046,0.07053493886744554,0.02841302873730496,-0.014546459199119994,-0.0987249603755075,-0.0800593214891115,-0.054116188238559106,9.859603400375036
9.259999999999891,5.728723018599455,0.988191515848752,-5.65600608052758,0.0031951170984375354,0.005122031096934474,-0.09368687081808365,0.7502897156704833,0.16240260394785822,0.07190621299924602,0.026618444836216275,-0.016215183542361022,-0.10183960280891245,6.5991109828425785,0.7224712435529449,1.1085079170892063,0.007350575409060758,-0.04662339681895421,-0.007382071174523801,5.65600608052758,5.6783259844783895,-0.0936868708180838,-0.07181386458784988,0.5666808598804964,0.2152247679637106,0.09083793449271964,0.028062518539081448,-0.018073812710767533,-0.10344020633133508,-0.07321037140240663,-0.03455062371565507,9.830712931870968
9.279999999999891,5.743973620575009,0.990016266682944,-5.654634464529025,0.003717048137504556,0.004804236859509074,-0.09572471539571156,0.7493140779143442,0.1630449532867708,0.07157227691864848,0.025099405406146115,-0.016326471820210537,-0.10212521928836425,6.580297713501967,0.7112686113956341,1.1034413345552383,0.007900300462214379,-0.04642189112759757,-0.007939496508662311,5.654634464529025,5.681247806217846,-0.0957247153957117,-0.07889303058877584,0.5764945320846973,0.19759949685534206,0.05794281691835218,0.02629785251883846,-0.019131665303391755,-0.10101856019871039,-0.030593806006644898,-0.0312454406618434,9.851934037303232
9.29999999999989,5.75920918593431,0.9918239041771283,-5.653262922016898,0.004209217732008262,0.004485301748480931,-0.09776844297953485,0.7483377560592473,0.16368146354308044,0.07124156583429113,0.02344091492611924,-0.016372627804910313,-0.10240874971515931,6.561761438176841,0.7000403736451309,1.0983471660453772,0.00844847708176877,-0.046214768444052826,-0.008496532809060488,5.653262922016898,5.620067587296471,-0.09776844297953469,-0.11716801102369612,0.575896071462951,0.20968072107421387,0.09157659942946962,0.024145173236541577,-0.016985144450183853,-0.1028746898694301,-0.057895766805561445,-0.0401642061975857,9.826845610279703
9.31999999999989,5.774429698509227,0.9936143410603634,-5.651891468603354,0.004668843185224042,0.004166473282247602,-0.09981799876099293,0.7473607536884807,0.16431194731012908,0.07091543461714221,0.021654064312865894,-0.016353819572154378,-0.10269018155767975,6.543503658295371,0.68878693451678,1.09322553891357,0.008994997826861348,-0.046002053829911974,-0.009053152781051035,5.651891468603354,5.724445821348183,-0.09981799876099284,-0.09357914469373174,0.5836535974603173,0.1888240238504179,0.08623384915816834,0.022830648578877948,-0.01379096315083124,-0.10117857728479361,-0.06511547916310007,0.00048514826013046006,9.824908057025606
9.33999999999989,5.789635143367424,0.9953874906241138,-5.650520121926281,0.0050933610347705695,0.0038489893078699983,-0.10187332491020644,0.7463830775899987,0.16493623789536796,0.07059519499529612,0.019750650679913915,-0.01627047372455671,-0.10296949905688477,6.525525852727747,0.6775086991331761,1.0880765812002293,0.009539755581175662,-0.04578377302338385,-0.00960932915036669,5.650520121926281,5.641971020042079,-0.10187332491020662,-0.10471121169139463,0.5559339243428654,0.21102280123643294,0.05584944797681092,0.020745203823565202,-0.014723299673264512,-0.10197862656464454,-0.03284254443713597,0.035593830505517,9.827332764706615
9.35999999999989,5.804825506833372,0.9971432667574474,-5.649148901667494,0.005480441162597969,0.0035340732256421118,-0.10393436086630468,0.7454047380341965,0.1655541895952246,0.07028210938549026,0.017743100319266486,-0.01612327219479649,-0.1032466830984745,6.507829477666387,0.6662060735095735,1.0829004216290292,0.010082643573935767,-0.04555995243617967,-0.010165034664476607,5.649148901667494,5.677203904763462,-0.10393436086630459,-0.10376865769450827,0.5823056020165663,0.17944568731405075,0.06877769595992764,0.018777332910867008,-0.017166227133699315,-0.10117337847417465,-0.02164996934851356,0.00945478052408737,9.80992969541636
9.379999999999889,5.820000776509467,0.998881583979523,-5.647777829560111,0.005827999375831279,0.00322292931518579,-0.1060010436680965,0.7444257490152355,0.16616567781655792,0.06997738503670696,0.015644388904934185,-0.01591314806111358,-0.10352171114614371,6.490415966507998,0.6548794645392756,1.0776971896036893,0.01062355540083311,-0.04533061915031744,-0.01072024209392185,5.647777829560111,5.616579589874912,-0.1060010436680967,-0.0835130185031332,0.562917255569629,0.20691388075029202,0.0932386766364833,0.013418627817751888,-0.013650278454571469,-0.10383996529481385,-0.041494757265816334,-0.008719143794247163,9.929492712911738
9.399999999999888,5.835160941297082,1.000602357469061,-5.646406929385364,0.006134208403003984,0.002916738179992199,-0.10807330831779233,0.743446128456962,0.16677059905638467,0.06968216851407032,0.013467959395176494,-0.015641280401861187,-0.10379455723859747,6.4732867297374606,0.6435292799789802,1.0724670152047389,0.011162385044881205,-0.04509580091484491,-0.01127492423364943,5.646406929385364,5.606073029837313,-0.10807330831779227,-0.10826645793205358,0.5565989796531157,0.20088647471524657,0.08912670309316133,0.015464197579124709,-0.014343673441012767,-0.10590749704985988,-0.040018666038288846,0.0017021410685524752,9.876285196987133
9.419999999999888,5.850305991417347,1.002305503090526,-5.6450362269591645,0.0063975072596759225,0.0026166523265619126,-0.11015108816998363,0.7424658983848774,0.1673688707523752,0.06939754054903097,0.011227638106271635,-0.01530908821909665,-0.10406519205176364,6.45644315481359,0.6321559284341076,1.0672100291862665,0.011699026897194788,-0.0448555261424821,-0.011829053904345481,5.6450362269591645,5.735949986914481,-0.11015108816998342,-0.08723022698478378,0.5616316251908363,0.2038377270624872,0.05774190438009703,0.008621826490868447,-0.016790441335169787,-0.10563793882055211,-0.06715211697039394,0.04980807710312233,9.822894133488141
9.439999999999888,5.865435918431469,1.003990937416791,-5.643665750108784,0.006616608946806544,0.0023237918934828727,-0.11223431533774608,0.7414850850659874,0.16796043101709696,0.06912451127951275,0.008937549425165732,-0.01491822346421753,-0.10433358302637477,6.439886606056746,0.6207598193440833,1.061926362972648,0.012233375777688727,-0.044609823906183343,-0.012382603953766978,5.643665750108784,5.728560434597165,-0.11223431533774608,-0.09660645213485575,0.5863710664101734,0.19199637239616102,0.07969696864874426,0.00925926794761745,-0.017682730481555383,-0.1054431052241777,-0.07150944492560643,0.044604851584635244,9.84931225165593
9.459999999999887,5.880550715260438,1.0056585777480989,-5.642295528640064,0.006790506454521428,0.0020392405449370333,-0.11432292110755915,0.7405037191186699,0.1685452382691426,0.06886401590129274,0.006612029621798904,-0.014470563201429252,-0.10459969455983224,6.423618424538322,0.6093413629676053,1.0566161486552643,0.01276532695569313,-0.04435872393561939,-0.012935547258072323,5.642295528640064,5.675312738775809,-0.11432292110755915,-0.08284816688196583,0.5549426144233806,0.17418352978687923,0.0776280695187382,0.008851412876479715,-0.01615118596256576,-0.10434705597947484,-0.02729422452916798,0.018286558324768866,9.802978041049748
9.479999999999887,5.895650376203934,1.0073083421271702,-5.640925594295595,0.006918477053047186,0.001764041542249147,-0.11641683635472612,0.7395218355949558,0.16912327077413206,0.06861691074941702,0.004265540214571404,-0.013968200947367351,-0.10486348826002895,6.407639927972131,0.5979009703678686,1.0512795189891955,0.013294776170480017,-0.04410225661358033,-0.013487856723150204,5.640925594295595,5.720090663177537,-0.116416836354726,-0.07862371707571914,0.5720707024452105,0.1905834909981763,0.1108677765907177,0.0048443471576749934,-0.015005585009717024,-0.10552707835892994,0.01969806317614924,-0.017669956909649308,9.862341620031472
9.499999999999886,5.910734896958304,1.0089401493503647,-5.639555980704375,0.007000084861583431,0.001499194006191127,-0.1185159919511335,0.7385394740378134,0.16969452610814828,0.06838396982593421,0.0019125813345530337,-0.013413437227498545,-0.10512492325761873,6.391952410607656,0.5864390533977726,1.0459166073899067,0.01382161965169822,-0.04384045297229928,-0.014039505285947345,5.639555980704375,5.634132971607759,-0.1185159919511336,-0.07136426752237846,0.5862929374776777,0.20932634183244908,0.08706377409346862,0.0034364725209680446,-0.012448735253015302,-0.10684760940471091,-0.022875854430426626,0.050216300952650346,9.850256994634709
9.519999999999886,5.925804274633471,1.0105539189748336,-5.638186723323443,0.007035181694721418,0.0012456493818384289,-0.12062031915750013,0.7375566785161587,0.17025902055548323,0.06816588178767305,-0.00043239447414286127,-0.012808769392000062,-0.10538395657210137,6.376557143125227,0.5749560246850888,1.0405275479299076,0.014345754139711982,-0.043573344689697355,-0.014590465915794505,5.638186723323443,5.672889480477186,-0.12062031915750016,-0.14079935083519945,0.5803030821803543,0.20406335758199157,0.06721282959697156,-0.0034856795717291443,-0.009886611113461776,-0.10423316875960861,-0.007365905255943814,0.031327756094828144,9.816516227637845
9.539999999999885,5.940858507768651,1.0121495713216568,-5.6368178593720515,0.00702390619470215,0.0010043081168459296,-0.12272974999272562,0.7365734976403857,0.17081678845166653,0.06796324740521073,-0.0027550616058764897,-0.01215688073567691,-0.10564054352606213,6.3614553725330945,0.5634522976176124,1.0351124753354046,0.014867076905839634,-0.04330096408555089,-0.015140711615731129,5.6368178593720515,5.712510482132005,-0.12272974999272579,-0.11898192368932126,0.5727770146368958,0.19258307834292762,0.09092470466898231,-0.001211842661598366,-0.014742020492719833,-0.1054530475341392,-0.052453485804008035,0.01652234592424698,9.810166067494588
9.559999999999885,5.955897596346784,1.0137270274749874,-5.635449427758934,0.0069666813859873816,0.0007760165630741638,-0.12484421757354482,0.7355899845612252,0.17136788149007384,0.06777657748198022,-0.00504108655314606,-0.011460628976334031,-0.10589463820062639,6.346648322066416,0.5519282863282736,1.0296715249829298,0.015385485772487899,-0.0430233441175806,-0.01569021542382798,5.635449427758934,5.661480252955648,-0.12484421757354491,-0.11591603862191313,0.5394022408443093,0.20194647016949197,0.08088917319178916,-0.003009131354399239,-0.01568738189102524,-0.10441552911665547,-0.019213966237909202,-0.012780039139990504,9.840007070152414
9.579999999999885,5.970921541807596,1.015286209277284,-5.634081469003248,0.00686421493544148,0.0005615641106457101,-0.12696365641843266,0.7346061969546781,0.1719123682990655,0.06760629053900956,-0.007276335422732084,-0.010723034432157828,-0.10614619391298036,6.332137191088186,0.540384405680236,1.0242048328959594,0.015900879133178503,-0.04274051837746397,-0.016238950414508412,5.634081469003248,5.691867747448964,-0.12696365641843244,-0.10517753878884095,0.55758451782835,0.18532655107955878,0.11026159367426706,-0.00594235571426402,-0.013305039348710392,-0.10924601365117949,0.006428841610667639,0.009415196826792866,9.879186141895929
9.599999999999884,5.985930347059243,1.0168270393209449,-5.6327140251491095,0.006717495270412952,0.00036168056576078286,-0.1290880027111749,0.733622196995317,0.17245033380914984,0.06745271139077873,-0.00944708188545403,-0.009947267487324496,-0.10639516373296425,6.31792315499208,0.5288210712519547,1.018712535741511,0.01641315597246265,-0.04245252108677046,-0.016786889699867632,5.6327140251491095,5.64242233293117,-0.1290880027111747,-0.12112455550441625,0.5435409770109491,0.21367404335825402,0.08388767307110828,-0.008204155706102459,-0.011974061051502661,-0.10625909204915476,0.0028353604917279104,0.0076318923964715825,9.874044614399455
9.619999999999884,6.000924016488473,1.018349440936317,-5.6313471396747135,0.006527783545422947,0.00017703377735640258,-0.13121719451912878,0.7326380513207379,0.1729818784175943,0.06731607062908392,-0.011540094009576942,-0.009136635384825825,-0.10664150102670392,6.304007365107248,0.5172386993222217,1.0131947708267264,0.016922215885719873,-0.04215938709282084,-0.01733400643099037,5.6313471396747135,5.667519223187254,-0.13121719451912872,-0.12609186697537877,0.5431876294374527,0.2016234397226173,0.08086103142082572,-0.012725506928291889,-0.013930905081393271,-0.10449851638085775,-0.059531626588445005,0.05610249023094224,9.85044213303319
9.639999999999883,6.0159025559692525,1.0198533381761132,-5.629980857396994,0.006296603879145819,8.227516780150249e-06,-0.13335117196232402,0.7316538309897153,0.1735071171241736,0.06719650462684415,-0.013542717089182138,-0.008294568553733414,-0.10688516000887612,6.290390948605065,0.5056377068551738,1.0076516760954415,0.017427959098836793,-0.041861151864470716,-0.017880273799266228,5.629980857396994,5.679274894756576,-0.13335117196232416,-0.10832833767484162,0.5440501098196382,0.19886108839817843,0.0735152356112887,-0.014152667680710836,-0.007200029309086054,-0.10856426798747322,-0.04107039872531916,0.010876030100286172,9.803971104880983
9.659999999999883,6.030865972869835,1.0213386557964357,-5.628615224372493,0.006025731941127868,-0.00014420038442034704,-0.13548987733106732,0.730669611436144,0.1740261786427436,0.06709405605434035,-0.015442951896834136,-0.007424606523727356,-0.10712609629399025,6.277075008407822,0.49401851148528897,1.0020833901247366,0.01793028648776268,-0.04155785148781893,-0.01842566503770346,5.628615224372493,5.636644843982049,-0.1354898773310671,-0.14235408336376754,0.5678708314916874,0.18249452681333944,0.0815467071491113,-0.01377099921544319,-0.009701614783649943,-0.10902254247344163,0.016070631269211207,0.0015523643801019808,9.813048050113123
9.679999999999882,6.045814276058273,1.0228053192346342,-5.627250287795064,0.0057171819790956795,-0.00027977963439352856,-0.13763325515081662,0.7296854724205655,0.17453920449213467,0.06700867489717331,-0.01722952783562002,-0.006530383480772316,-0.1073642674370739,6.264060623099393,0.48238153150234364,0.9964900521214701,0.018429099597937385,-0.04124952266184093,-0.018970153422240472,5.627250287795064,5.657533190218874,-0.1376332551508166,-0.10370042603300877,0.5605996184907558,0.18590472359150287,0.05518705397859211,-0.016576067936503746,-0.0063104302883433315,-0.10321750878864765,-0.031092837463111256,0.0020319443648640547,9.872021030959969
9.699999999999882,6.06074747590638,1.02425325458425,-5.625886095891053,0.005373192388202916,-0.0003981088152608442,-0.13978125219420318,0.7287014979807687,0.17504634806873162,0.06694021996218526,-0.01889197051582652,-0.0056156135187326595,-0.10759963345434373,6.251348846837875,0.47072718583636225,0.9908718019188011,0.01892430066358823,-0.040936202693948535,-0.019513712273055435,5.625886095891053,5.610127931915756,-0.139781252194203,-0.1247228975258059,0.5325743024344598,0.2043559630533083,0.07908127261649767,-0.018633797440620957,-0.005070400373865929,-0.10587576924132933,0.027554081340227615,0.03843833070968321,9.83680857851775
9.719999999999882,6.075665584292167,1.0256823885673116,-5.624522697812557,0.004996209933063993,-0.0004988564493554487,-0.1419338174411764,0.7277177763826257,0.175547773702082,0.06688846085473213,-0.020420663335389125,-0.004684075642478348,-0.10783215731482379,6.238940709270192,0.4590558940425284,0.9852287799726915,0.01941579262689161,-0.04061792949547549,-0.02005631495587338,5.624522697812557,5.5825004968662935,-0.1419338174411764,-0.11566339021170124,0.5601539871613292,0.18948176747295306,0.07869969893825966,-0.02050667248405784,-0.005774754813612721,-0.10577918335372037,-0.032127432638187695,-0.035545986281880514,9.836330482250789
9.739999999999881,6.0905686146007945,1.0270926485042637,-5.623160143529383,0.0045888727418502175,-0.0005817617958814739,-0.14409090198930455,0.7267344000719805,0.1760436556939821,0.06685308040804123,-0.021806902699993018,-0.0037395985786448076,-0.10806180539442858,6.226837215448706,0.4473680762860878,0.9795611273583973,0.01990347915699614,-0.04029474157709057,-0.020597934883271413,5.623160143529383,5.717623796188253,-0.1440909019893044,-0.10715584024244418,0.5543878524550008,0.18328828846424966,0.06271543715465806,-0.02185738080053251,-0.004477351901315876,-0.10756642013094282,-0.023989416640060386,-0.023703884343209986,9.83576352537682
9.75999999999988,6.105456581724075,1.0284839622818187,-5.6217984837202755,0.004153992199019734,-0.000646635377323283,-0.14625245891726604,0.7257514656280605,0.1765341773407541,0.0668336775429578,-0.023042946577504966,-0.0027860454506710396,-0.10828854788474687,6.215039345749798,0.4356641533272158,0.9738689857669376,0.020387264668903123,-0.0399666780441376,-0.02113854551598143,5.6217984837202755,5.643511634299922,-0.14625245891726601,-0.13845075495604275,0.5569652571594514,0.21252016812370936,0.08242756784458073,-0.023844103769111197,-0.0026616552870104746,-0.10567265770043824,-0.0272788531013872,-0.022659257785361653,9.81767810453302
9.77999999999988,6.120329502058598,1.0298562583190265,-5.620437769663973,0.0036945338693748554,-0.0006933592357976457,-0.14841844310548882,0.7247690737185372,0.17701952993786935,0.06682977053418795,-0.024122056141442545,-0.0018272983750492683,-0.10851235914962781,6.20354805579446,0.42394454650587654,0.9681524975015561,0.020867054342201034,-0.03963377859190375,-0.021678120364190666,5.620437769663973,5.653186982930912,-0.14841844310548868,-0.1275965851004166,0.5668811999379282,0.1975351943746613,0.06482464774237781,-0.025641096235454776,-0.0014640673547560482,-0.1119577466627586,-0.041011310673140566,-0.023309406820556346,9.84837029684616
9.79999999999988,6.135187393502518,1.0312094655318556,-5.619078053130648,0.0032135975910631493,-0.0007218869203983651,-0.1505888110187229,0.7237873290560279,0.177499911765703,0.06684080065719457,-0.02503853031863352,-0.0008672430358739983,-0.10873321802366347,6.192364276370901,0.412209677726649,0.9624118054741617,0.021342754139649797,-0.03929608350081659,-0.02221663298883944,5.619078053130648,5.584606369874496,-0.1505888110187228,-0.14417370220336512,0.533678828148661,0.20490436366716241,0.09432889625360838,-0.02196100930230242,-0.0005992078997438068,-0.10949232244839172,-0.026273483646913294,-0.04409685233544196,9.821234725512786
9.81999999999988,6.1500302754510905,1.0325435132965783,-5.617719386274226,0.0027143968788526,-0.0007322432074323337,-0.15276352045604838,0.7228063403555114,0.17797552705503616,0.06686613618820209,-0.02578773311630496,9.02467052241654e-05,-0.10895110804776117,6.181488913359134,0.40045996944354106,0.9566470532017555,0.02181427082561208,-0.03895363363157013,-0.022754057002917005,5.617719386274226,5.701990334033407,-0.15276352045604824,-0.12545250174895806,0.5597734832228343,0.18552203586390695,0.07451952511622573,-0.02562854377600901,-4.136424418095281e-05,-0.10973633709440124,0.004462792416625818,-0.05372289949353698,9.812946612676983
9.839999999999879,6.164858168791018,1.0338583314122458,-5.616361821526082,0.0022002377815223424,-0.0007245235562877694,-0.15494253027441426,0.7218262202918355,0.17844658493094842,0.06690507672832115,-0.026366113662838205,0.001041323886716204,-0.10916601763818118,6.1709228476576214,0.38869584464478274,0.9508583848028451,0.02228151198432678,-0.03860647042018075,-0.023290366072754056,5.616361821526082,5.696735558127531,-0.1549425302744143,-0.15045459345433532,0.5411208302132974,0.20684354020694928,0.08496845386397701,-0.0242143931903682,0.002261397715165735,-0.11134417269828124,0.012985693243171843,-0.035168092014681726,9.840639137335948
9.859999999999879,6.179671095893684,1.0351538500625244,-5.615005411490573,0.001674497338539956,-0.0006988933089110005,-0.15712580009227303,0.7208470854565523,0.1789132983339688,0.06695685781862981,-0.026771218953890345,0.0019821551719800216,-0.10937794018668331,6.160666935111906,0.37691772683759717,0.9450459449938383,0.02274438603802266,-0.038254635872973466,-0.02382553391931358,5.615005411490573,5.67233769652907,-0.15712580009227306,-0.1700647743023911,0.547741772205378,0.18711429699284088,0.06990949253690698,-0.02599050489697612,0.003005006193134424,-0.10886394961431557,-0.01058113101937191,-0.021517694522991092,9.849671543679342
9.879999999999878,6.1944690806073455,1.0364299997771604,-5.6136502088428335,0.0011406017813843125,-0.0006555872013669383,-0.15931328998111569,0.7198690563539641,0.17937588291776327,0.067020655433598,-0.02700169937982956,0.0029089458214987675,-0.10958687409437257,6.150722006445297,0.36512604003295257,0.9392098790854279,0.023202802264866942,-0.03789817256149919,-0.02435953431947811,5.6136502088428335,5.68507692177752,-0.1593132899811156,-0.16259218982718648,0.5550396471583959,0.20271418522817067,0.08484436230710045,-0.024535848608569902,0.00275906597280133,-0.10908031621393517,0.05794973748414671,-0.06147821723497313,9.849146703753561
9.899999999999878,6.209252148248431,1.0376867113933015,-5.612296266228744,0.0006020046245966972,-0.0005949084236474243,-0.1615049601493309,0.7188922573785728,0.17983455592352376,0.06709559084532213,-0.027057307091379334,0.0038179757790934533,-0.1097928227345739,6.141088867191578,0.35332120873029943,0.933350332978957,0.023656670816746793,-0.03753712361738368,-0.024892341107334983,5.612296266228744,5.62586497934711,-0.16150496014933102,-0.15223688116067047,0.5171471215742671,0.2144898696056515,0.08728004707810895,-0.023044101978435805,0.002458248263209557,-0.11056820411634263,0.01946593925849543,-0.0756284818287538,9.845591166836234
9.919999999999877,6.224020325591982,1.0389239160169121,-5.6109436361676,6.216478884130702e-05,-0.0005172270062414354,-0.16370077062591024,0.7179168167557631,0.18028953503153575,0.0671807359780256,-0.026938887339030458,0.004705614918838906,-0.10999579434425194,6.131768297629764,0.34150365790229065,0.927467453162774,0.024105902736878893,-0.03717153272710875,-0.025423928175458063,5.6109436361676,5.651503989949423,-0.16370077062591015,-0.1612970595548746,0.5266704940723321,0.19554574561740568,0.08955043394091572,-0.025284436310888756,0.002209361003092215,-0.10943031035138248,0.036895592403441646,-0.06169609475847126,9.849304497442883
9.939999999999877,6.238773640861262,1.0401415449845122,-5.609592370958187,-0.0004754751049578983,-0.0004229779507400152,-0.16590068095233754,0.7169428664740918,0.18074103719110257,0.0672751189401277,-0.0266483630007555,0.0055683378487423815,-0.11019580184913053,6.12276105272089,0.3296738129794806,0.9215613867085677,0.024550409977245117,-0.036801444126726,-0.025954269476187477,5.609592370958187,5.588426476220095,-0.16590068095233734,-0.11995475612274964,0.5785610695868949,0.2131192980244152,0.07631728268549824,-0.02531742661973047,0.0028698196355665317,-0.10892197782219108,-0.005164779607236487,-0.0877323663820013,9.832789797157071
9.959999999999877,6.2535121237165825,1.041339529825429,-5.6082425225885855,-0.0010075101347362839,-0.000312659113523393,-0.16810464988946813,0.7159705422074114,0.18118927743117538,0.06737772970018845,-0.02618871253114523,0.006402738205692343,-0.11039286262638055,6.114067862046873,0.31783209983500804,0.9156322812676914,0.02499010541584931,-0.03642690259650457,-0.02648333902290553,5.6082425225885855,5.663632449095489,-0.16810464988946805,-0.12894918437571912,0.5284866861631572,0.1718980478807172,0.06736854989456827,-0.020576402941193107,0.005184071859172327,-0.1070874837477408,-0.031169619031142057,-0.06739971632070668,9.8371589778559
9.979999999999876,6.268235805243431,1.0425178022247428,-5.606894142650026,-0.00153059403865752,-0.00018682885258388584,-0.17031263514579606,0.7149999832250648,0.18163446765507268,0.06748752587304666,-0.02556394160203284,0.007205542379095538,-0.11058699820983145,6.1056894297514015,0.3059789447692664,0.9096802850674721,0.025424902873793186,-0.03604795345551264,-0.027011110891310395,5.606894142650026,5.726431952402123,-0.17031263514579598,-0.15486228354649656,0.5282194292715627,0.19815883694560574,0.06932780187451243,-0.021039912228460238,0.007233968375215993,-0.10902141548295675,7.222490643606257e-05,-0.1328868851708819,9.841323338501885
9.999999999999876,6.282944717939933,1.0436762939870747,-5.60554728225505,-0.002041459613127873,-4.610344848995733e-05,-0.17252459313297386,0.7140313322884274,0.18207681542375037,0.06760343858268454,-0.024779048737426014,0.00797362260387908,-0.11077823394363712,6.097626434482912,0.2941147744945587,0.9037055469075057,0.0258547171321668,-0.03566464255613391,-0.027537559220685983,5.60554728225505,5.679231590723477,-0.17252459313297397,-0.17184718279268418,0.5519796605941009,0.18966485668254138,0.08594837488223794,-0.022868509521111323,0.005325541850074323,-0.11182384044195325,-0.0075119183843734595,-0.06321003158165979,9.85472542209155
