time,x,y,z,roll,pitch,yaw,u,v,w,p,q,r,relative_water_speed,world_vx,world_vy,world_vz
0.0,0.0,0.0,0.0,0.0,0.0,0.0,0.0,0.0,0.0,0.0,0.0,0.0,0.5678908345800273,0.0,0.0,0.0
0.01,0.0,0.0,0.0,0.0,0.0,0.0,0.0009,-0.00040178571428571433,0.0001566666666666667,0.00035714285714285703,0.0013157894736842105,0.0015625,0.566893966968893,0.0009,-0.00040178571428571433,0.0001566666666666667
0.02,9e-06,-4.017857142857143e-06,1.566666666666667e-06,3.5714285714285705e-06,1.3157894736842106e-05,1.5625e-05,0.0017982040229605261,-0.0008035853251981597,0.00031421861334806467,0.0007128903921794284,0.002626113344353786,0.0031183727107686214,0.5658985242211446,0.001798220713041273,-0.0008035583503018187,0.0003141920827920218
0.03,2.698220713041273e-05,-1.205344064587533e-05,4.708587494586885e-06,1.0700742806655736e-05,3.941891680975853e-05,4.680882089994907e-05,0.0026945837680850604,-0.0012054355353395725,0.0004726852779574649,0.0010672643414084862,0.00393105930886289,0.004667656335321829,0.5649045122892331,0.0026946588205255394,-0.0012053144608725366,0.00047256616093417403
0.04,5.392879533566812e-05,-2.4106585254600695e-05,9.434249103928626e-06,2.13752261768909e-05,7.872901042223725e-05,9.348580493930575e-05,0.0035891113126637333,-0.0016073726262799818,0.0006320958285311656,0.0014202861423572128,0.0052307139236401606,0.00621038872184668,0.5639119368475899,0.003589311315217406,-0.0016070505944695708,0.0006317789012928395
0.05,8.982190848784219e-05,-4.01770911992964e-05,1.575203811685702e-05,3.5582977066081186e-05,0.0001310348221620536,0.00015559081041298807,0.0044817591011288085,-0.0020094324601658093,0.000792479167183169,0.0017719769391551041,0.006525162611312791,0.007746607360136666,0.5629208032973947,0.004482175495011173,-0.0020087632966614196,0.0007918203917843619
0.06,0.00013464366343795393,-6.02647241659106e-05,2.367024203470064e-05,5.331289751510467e-05,0.00019628369176035262,0.00023305920647749898,0.0053724999343230054,-0.0024116504813283196,0.0009538639339732873,0.0021223575877987507,0.007814489667375179,0.009276349378227033,0.5619311167712924,0.00537324895680579,-0.0024104491114881254,0.0009526808080560897
0.07,0.00018837615300601183,-8.436921528079186e-05,3.319705011526154e-05,7.455468217206386e-05,0.0002744236428324153,0.000325826868045849,0.006261306958977135,-0.002814061717890463,0.0011162785106892774,0.0024714486613093708,0.009098778266896817,0.010799651539224235,0.5609428821380509,0.006262529590486503,-0.002812104582763652,0.0011143504134424741
0.08,0.00025100144891087683,-0.00011249026110842838,4.434055424968628e-05,9.929880744455704e-05,0.00036540337360263693,0.000433830170769934,0.007148153657393607,-0.003216700783370725,0.0012797510245436132,0.0028192704547849445,0.010378110471264294,0.012316550238323882,0.5599561040071672,0.007150015573011765,-0.003213726255308073,0.0012768195588651785
0.09,0.0003225016046409945,-0.0001446275236615091,5.7108749838338064e-05,0.00012753652084987607,0.00046917224761614104,0.0005570059861090619,0.0080330138373324,-0.0036196018782826563,0.0014443093517855176,0.0031658429903487664,0.011652567234952511,0.013827081500011683,0.5589707867334178,0.008035705362603937,-0.0036153106761116502,0.0014400786826794226
0.1,0.00040285865826703384,-0.0001807806304226256,7.150953666513229e-05,0.00015925983055914953,0.0005856802844393558,0.0006952916764833557,0.008915861622096151,-0.00402279879172882,0.0016099811212288817,0.0035111860219962108,0.012922228412320444,0.015331280975442011,0.5579869344213548,0.008919597693042321,-0.004016854395432877,0.0016041183104687023
0.11,0.000492054635197457,-0.00022094917437695435,8.755071976981931e-05,0.00019446149513151917,0.0007148781503517822,0.0008486250905107933,0.009796671440811085,-0.004426324902987956,0.0017767937176967113,0.003855319040341474,0.014187172764426973,0.01682918393998892,0.5570045509297479,0.009801691568057044,-0.0044183539678324425,0.001768929054789973
0.12,0.0005900715508780275,-0.0002651327140552788,0.00010524001031771904,0.0002331350134345054,0.000856717149031091,0.0010169445583266773,0.010675418018900538,-0.004830213183094219,0.0019447742853827468,0.00419826127726603,0.015447477965862525,0.018320825290964536,0.5560236398759718,0.010681986255822309,-0.004819805953145115,0.001934501614871305
0.13,0.0006968914134362506,-0.00031333077358672995,0.0001245850264664321,0.0002752746147467854,0.0010111492122335981,0.001200188886984357,0.011552076368747916,-0.005234496196407406,0.0021139497311309075,0.004540031710470509,0.01670322061159244,0.019806239545499874,0.5550442046403415,0.011560481283547535,-0.00522120691739137,0.0021008267762639646
0.14,0.000812496226271726,-0.00036554284276064367,0.00014559329422907176,0.00032087524903967303,0.0011781268904720809,0.0013982973559360568,0.012426621780545944,-0.005639206102173131,0.002284346727633224,0.0048806490679316845,0.017954476223808212,0.021285460838583358,0.5540662483703922,0.012437176432164911,-0.005622553433630668,0.0022678954104508034
0.15,0.0009368679905933751,-0.00042176837709695034,0.0001682722483335798,0.0003699325774336544,0.0013576033436928127,0.0016112097125926905,0.013299029813329167,-0.006044374656071991,0.0024559917165469206,0.0052201318322662215,0.019201319258782847,0.02275852292125234,0.5530897739851074,0.013312071731111803,-0.006023842082758121,0.0024356984744127847
0.16,0.001069988707904493,-0.00048200679792453156,0.00019262923307770765,0.00042244296282639905,0.0015495323319536197,0.0018388661679615735,0.014169276286186657,-0.006450033211756772,0.0026289109115313195,0.005558498245002816,0.020443823113726903,0.02422545915893313,0.5521147841790934,0.014185167453206643,-0.006425069454246336,0.0026042270101554184
0.17,0.0012118403824365595,-0.0005462574924669949,0.00021867150317926183,0.00047840346068872737,0.001753868206104679,0.0020812073923609656,0.015037337269652002,-0.0068562127223768385,0.0028031303012052457,0.005895766310764333,0.021682060133641778,0.025686302529925095,0.5511412814267029,0.015056464109616677,-0.00682623214683411,0.002773472144196801
0.18,0.0013624050235327262,-0.000614519813935336,0.00024640622462122983,0.0005378118100250791,0.001970565898473707,0.0023381745112104097,0.015903189077267645,-0.007262943742088869,0.002978675652025603,0.00623195380136151,0.022916101618167123,0.027141085624024657,0.5501692679861047,0.0159259624449162,-0.007227326769163637,0.0029434250870189363
0.19,0.0015216646479818882,-0.0006867930816269724,0.0002758404754914192,0.0006006664244950891,0.0021995809135571176,0.002609709100895848,0.016766808257320742,-0.0076702564275531555,0.0031555725110878154,0.006567078259799792,0.02414601782841933,0.02858984064128493,0.5491987459033028,0.016793663432233694,-0.007628349940367847,0.0031140771324839112
0.2,0.0016896012823042251,-0.0007630765810306509,0.0003069812468162583,0.0006669663836929346,0.0024408693187186552,0.0028957531847085298,0.01762817158474773,-0.008078180539414746,0.0033338462088488108,0.006901157004200808,0.025371877993818216,0.030032599390907026,0.5482297170161049,0.017659568268486463,-0.008029298290609428,0.0032854196572164995
0.21,0.0018661969649890898,-0.0008433695639367452,0.0003398354433884233,0.0007367114245811825,0.0026943877348969457,0.0031962492288567417,0.018487256053204858,-0.008486745443768717,0.003513521861773238,0.007234207131639995,0.026593750318899236,0.03146939329025913,0.5472621829580393,0.01852367836970122,-0.008430168461573061,0.0034574441199546756
0.22,0.002051433748686102,-0.0009276712485524758,0.00037440988458797,0.000809901933075918,0.0029600933273233416,0.0035111401385494153,0.019344038867301995,-0.008895980113608948,0.003694624374903612,0.0075662455219018526,0.02781170199010858,0.03290025336401949,0.5462961451622221,0.01938599536641923,-0.008830957106912382,0.0036301420608694937
0.23,0.0022452937023502944,-0.0010159808196215996,0.00041071130519666494,0.0008865389357799981,0.003237943796251383,0.003840369254150689,0.020198497434997083,-0.009305913130259786,0.003877178444355072,0.00789728884115426,0.029025799182578787,0.0343252102434397,0.5453316048651745,0.020246521099184452,-0.009231660892653072,0.0038035051008557265
0.24,0.002447758913342139,-0.0011082974285481304,0.0004487463562052222,0.0009666240918613288,0.0035278973676991228,0.004183880347404521,0.02105060936014861,-0.009716572684790025,0.004061208559735452,0.0082273535455433,0.030236107066882532,0.03574429416572459,0.5443685631105906,0.021105257614113308,-0.00963227649755349,0.003977524940794627
0.25,0.002658811489483272,-0.0012046201935236654,0.0004885216056131685,0.0010501596850731206,0.0038299127842055256,0.004541617617728467,0.0219003524352236,-0.010127986579408683,0.0042467390064913554,0.008556455884709978,0.03144268981576245,0.03715753497352537,0.5434070207530578,0.02196220715854456,-0.010032800613424268,0.004152193360790114
0.26,0.0028784335610687176,-0.001304948199657908,0.0005300435392210696,0.0011371486159131318,0.004143949295602079,0.004913525688575763,0.022747704634158622,-0.010540182228842085,0.004433793868180936,0.008884611905230221,0.032645610610834916,0.03856496211454255,0.5424469784617274,0.022817372176767905,-0.010433229945408143,0.004327502219379658
0.27,0.0031066072828363966,-0.0014092804991119895,0.0005733185614148662,0.0012275943939189645,0.004469966649800718,0.00529954960386486,0.023592644105371346,-0.010953186661691797,0.004622397028674064,0.009211837453979504,0.033844931649265955,0.039966604641235394,0.5414884367239384,0.023670755305829776,-0.010833561212221324,0.004503443452721075
0.28,0.003343314835894694,-0.0015176161112342027,0.0006183529959420769,0.0013215011300965302,0.004807925083599094,0.0056996348244755775,0.024435149164920324,-0.011367026521772997,0.004812572174280598,0.009538148181423439,0.03504071415041732,0.04136249121063473,0.5405313958487944,0.024522359371415087,-0.011233791146357723,0.004680009073756439
0.29,0.003588538429608845,-0.00162995402269778,0.0006651530866796414,0.0014188735294788553,0.005157785313504197,0.006113727224811082,0.025275198289810556,-0.011781728069432888,0.005004342795807433,0.009863559544835638,0.036233018362461226,0.04275265008425604,0.5395758559706936,0.02537218738380324,-0.011633916494257181,0.004857191171354219
0.3,0.0038422603034468776,-0.0017462931876403517,0.0007137249983931836,0.0015197168838124498,0.005519508526575269,0.006541773089424869,0.026112770111442644,-0.012197317182848822,0.005197732190545043,0.010188086811444123,0.03742190356896207,0.04413710912810977,0.5386218170528129,0.026220242533897306,-0.012033934016438964,0.0050349819094307946
0.31,0.004104462728785851,-0.0018666325278047413,0.0007640748174874915,0.0016240370643685093,0.005893056371286912,0.006983719109711975,0.026947843409203222,-0.012613819359305806,0.005392763464184193,0.010511745061507552,0.03860742809542365,0.04551589581280603,0.5376692788905469,0.027066528189324708,-0.012433840487601674,0.005213373526052369
0.32,0.004375128010679098,-0.001990970932680758,0.0008162085527480152,0.0017318405148762752,0.006278390948413258,0.00743951238066366,0.027780397104194485,-0.013031259716453095,0.005589459532663529,0.01083454919132251,0.03978964931580056,0.04688903721375086,0.5367182411149024,0.027911047890608234,-0.012833632696690652,0.005392358332518353
0.33,0.00465423848958518,-0.0021193072596476644,0.0008701321360731987,0.0018431342445759257,0.006675474801934013,0.007909100397684797,0.028610410253100654,-0.013449662993539639,0.0057878431239487315,0.01115651391616307,0.04096862365897252,0.04825656001143125,0.5357687031958469,0.028753805347405858,-0.013233307446934073,0.0055719287124271965
0.34,0.004941776543059239,-0.002251640334117005,0.0009258514231974707,0.0019579258213884166,0.0070842709099631605,0.008392431053473228,0.02943786204218927,-0.013869053552628135,0.005987936779743926,0.011477653773153827,0.04214440661518033,0.049618490491786335,0.5348206644456169,0.029594804434818142,-0.013632861555848716,0.005752077120725647
0.35000000000000003,0.0052377245874074205,-0.002387968949675492,0.000983372194404727,0.0020762233651997423,0.0075047426757010646,0.008889452634960368,0.030262731781445267,-0.014289455379787498,0.006189762857136041,0.011797983124077586,0.04331705274242258,0.050974854546662215,0.5338741240219793,0.030434049189761746,-0.014032291855216514,0.0059327960827423466
0.36,0.005542065079305038,-0.0025282918682276575,0.0010427001552321506,0.002198035541257131,0.007936853918410678,0.009400113820312325,0.031084998898835762,-0.014710892086263567,0.006393343530172805,0.012117516158118858,0.044486615672811904,0.052325677674347794,0.5329290809314533,0.03127154380740783,-0.01443159519103285,0.0061140781932067
0.37,0.0058547805173791165,-0.002672607820137986,0.0011038409371642176,0.002323371553674736,0.008380568864418533,0.009924363675990845,0.031904642934703645,-0.015133386909627929,0.006598700791375068,0.012436266894544289,0.045653148118890007,0.05367098498018937,0.5319855340324895,0.03210729263768397,-0.014830768423427643,0.006295916115253861
0.38,0.006175853443755956,-0.0028209155043722625,0.0011668000983167562,0.002452241139046436,0.008835852138141146,0.010462151653873389,0.03272164353628797,-0.015556962714904709,0.006805856453184127,0.012754249185321153,0.04681670187990063,0.05501080117728153,0.5310434820386072,0.0329413001818383,-0.015229808426560156,0.006478302579416683
0.39,0.006505266445574339,-0.002973213588637864,0.001231583124110923,0.002584654560163381,0.00930266875313745,0.01101342758843164,0.033535980452369295,-0.015981641995675255,0.007014832149344757,0.013071476717675005,0.04797732784801965,0.0563451505872321,0.5301029235214925,0.033773571089064536,-0.015628712088488452,0.006661230382605473
0.4,0.006843002156464984,-0.003129500709522748,0.0012981954279369778,0.002720622599834003,0.009780984103187831,0.011578141693967793,0.03434763352803814,-0.01640744687516064,0.0072256493362246104,0.013387963016587552,0.0491350760145417,0.057674057140999005,0.529163856914055,0.03460411015318676,-0.016027476311014418,0.0068446923870762845
0.41000000000000003,0.007189043257996852,-0.0032897754726328924,0.0013666423518077407,0.0028601565548042078,0.010270763953400317,0.012156244561907946,0.03515658269958469,-0.016834399107281954,0.007438329294070675,0.01370372144723582,0.05028999547602268,0.05899754437979685,0.5282262805134464,0.035432922309402516,-0.01642609800950531,0.007028681519388572
0.42,0.007543372481090878,-0.0034540364527279456,0.0014369291670016265,0.0030032682297755453,0.01077197443134444,0.012747687158151933,0.03596280798950798,-0.01726252007769832,0.007652893128203476,0.014018765217373648,0.05144213444037765,0.0603156354560712,0.5272901924840391,0.03626001263108299,-0.01682457411269255,0.0072131907693529
0.43,0.007905972607401708,-0.003622282193854871,0.0015090610746951556,0.003149969931519176,0.011284582018213264,0.013352420820478973,0.03676628950164297,-0.017691830804822686,0.007869361770149675,0.014333107379656526,0.05259154023293371,0.06162835313453852,0.5263555908603679,0.037085386326629353,-0.017222901562448767,0.007398213188969422
0.44,0.008276826470668002,-0.0037945112094793588,0.0015830432065848498,0.0033002744630834975,0.011808553540014073,0.013970397256008477,0.03756700741640358,-0.018122351940815393,0.008087755978713779,0.01464676083391079,0.05373825930243734,0.06293571979328992,0.525422473550033,0.037909048736383434,-0.01762107731354378,0.007583741891357844
0.45,0.008655916958031836,-0.003970721982614797,0.0016588806254984282,0.003454195118093341,0.012343856158788118,0.014601568538715378,0.038364941986140245,-0.018554103772555536,0.008308096340989583,0.014959738329348141,0.05488233722701603,0.06423775742495672,0.5244908383365676,0.03873100532959223,-0.01801909833338042,0.00776977004967949
0.46,0.009043227011327757,-0.004150912965948601,0.0017365783259952231,0.003611745675138678,0.012890457363859905,0.015245887106999381,0.03916007353061028,-0.018987106222590238,0.00853040327331207,0.015272052466726492,0.056023818720093835,0.06553448763793611,0.523560682882267,0.039551261701424464,-0.018416961601710892,0.007956290896052173
0.47000000000000003,0.009438739628342002,-0.0043350825819657105,0.0018161412349557448,0.0037729403922508267,0.013448324963116378,0.015903305761307492,0.039952382432559476,-0.019421378850061854,0.008754697022150386,0.015583715700458037,0.057162747636260745,0.06682593165767521,0.522632004730984,0.040369823570038474,-0.01881466411033448,0.008143297720458431
0.48,0.009842437864042387,-0.0045232292230690556,0.0018975742121603292,0.003937794001464174,0.01401742707431642,0.01657377766180922,0.040741849133413395,-0.019856940851613266,0.008980997664942602,0.015894740340665535,0.058299166977095584,0.06811211032801161,0.5217048013108887,0.041186696773699835,-0.019212202862777347,0.00833078386964777
0.49,0.010254304831779385,-0.004715351251696829,0.001980882050856807,0.004106321703461482,0.014597732116431011,0.017257256326123856,0.041528454129076894,-0.02029381106227134,0.009209325110872888,0.01620513855518769,0.05943311889694253,0.069393044112569,0.5207790699371927,0.04200188726794805,-0.01960957487395508,0.00851874274603348
0.5,0.010674323704458866,-0.0049114470004363794,0.0020660694783171418,0.004278539162300873,0.015189208801014395,0.01795369562709921,0.042312177965840365,-0.020732007956308716,0.0094396991015918,0.016514922371534527,0.06056464470864105,0.07066875309620618,0.5198548078148407,0.042815401122810744,-0.02000677716981877,0.00870716780658459
0.51,0.011102477715686973,-0.005111514772134567,0.0021531411563829876,0.004454462500222621,0.015791826123606596,0.018663049790641224,0.04309300123639126,-0.02117154964808408,0.009672139211880305,0.0168241036787937,0.06169378488920941,0.0719392569865179,0.5189320120411681,0.04362724452006458,-0.020403806786985272,0.008896052561713504
0.52,0.011538750160887618,-0.0053155528400044205,0.002242101682000123,0.004634108292533935,0.01640555335516758,0.019385273393593846,0.043870904575929535,-0.021612453892861073,0.009906664850258226,0.0171326942294885,0.0628205790854817,0.0732045751153861,0.5180106796085261,0.04443742375054157,-0.020800660772352274,0.009085390574159836
0.53,0.011983124398393033,-0.005523559447727943,0.002332955587741721,0.004817493562569923,0.017030360033543374,0.020120321361668626,0.04464586865838559,-0.022054738087606045,0.01014329525953776,0.01744070564138856,0.06394506611969858,0.0744647264405801,0.5170908074068745,0.045245945211479774,-0.021197336182698912,0.009275175457870972
0.54,0.012435583850507831,-0.005735532809554932,0.0024257073423204307,0.0050046357767289905,0.01766621595496443,0.020868148967423377,0.045417874192739405,-0.022498419271764852,0.010382049517322715,0.017748149399273952,0.06506728399505181,0.07571972954740433,0.5161723922263435,0.046052815403917445,-0.021593830084272486,0.00946540087687985
0.55,0.012896112004547005,-0.005951471110397657,0.0025203613510892293,0.0051955528395809395,0.018313091165576466,0.021628711828289383,0.046186901919439624,-0.02294351412801892,0.010622946536454136,0.018055036856653606,0.06618726990118289,0.07696960265039234,0.5152554307597627,0.046858040930129304,-0.021990139552361922,0.009656060544180388
0.56,0.013364692413848297,-0.006171372505921276,0.002616921956531033,0.00539026308904608,0.018970955953004104,0.022401965904646555,0.04695293260692114,-0.02339003898302081,0.010866005065402955,0.018361379237438826,0.06730506021963593,0.07821436359504558,0.5143399196051625,0.04766162849110416,-0.022386261670858637,0.009847148220601119
0.5700000000000001,0.013841308698759339,-0.006395235122629862,0.0027153934387370445,0.00558878529164369,0.01963978083794751,0.023187867497945935,0.04771594704822016,-0.02383800980810951,0.01111124368861033,0.018667187637572684,0.06842069052926514,0.07945402985961607,0.5134258552682431,0.04846358488406274,-0.02278219353180528,0.010038657713677374
0.58,0.014325944547599966,-0.006623057057947915,0.0028157800158738183,0.005791138637808203,0.020319536565812264,0.023986373248879027,0.048475926057685366,-0.024287442220005777,0.011358680826776307,0.018972473026616112,0.06953419561159704,0.08068861855693137,0.5125132341648158,0.049263917000014625,-0.02317793223493304,0.010230582876522525
0.59,0.014818583717600111,-0.006854836380297245,0.0029180858446390436,0.005997342737271527,0.02101019409837272,0.024797440135593325,0.04923285046778411,-0.02473835148148774,0.011608334737097471,0.019277246249291433,0.07064560945614817,0.08191814643626087,0.5116020526232142,0.050062631821353606,-0.023573474887188035,0.01042291760669866
0.6,0.015319210035813647,-0.007090571129169125,0.00302231502070603,0.006207417614509921,0.021711724605469034,0.025621025471953524,0.04998670112600239,-0.025190752502047102,0.011860223513454221,0.019581518026984105,0.0717549652656982,0.08314262988522236,0.5106923068866788,0.05085973641949007,-0.023968818602247293,0.010615655845087143
0.61,0.015827807400008546,-0.007330259315191598,0.0031284715791569015,0.006421383704253911,0.022424099456738112,0.026457086905847804,0.05073745889183755,-0.02564465983852622,0.01211436508654831,0.019885298959203428,0.07286229546151923,0.08436208493172755,0.5097839931157124,0.05165523795251978,-0.024363960500024963,0.010808791574759396
0.62,0.016344359779533746,-0.007573898920191848,0.0032365594949044954,0.006639261847059732,0.02314729021337861,0.02730558241753866,0.05148510463388259,-0.026100087695736397,0.012370777223991306,0.020188599525002918,0.07396763168856159,0.08557652724596568,0.5088771073904096,0.05244914366292797,-0.02475889770616909,0.011002318819848348
0.63,0.016868851216163026,-0.007821487897253539,0.003346582683102979,0.006861073284940818,0.023881268619950262,0.028166470318057652,0.05222961922700104,-0.026557049927057697,0.012629477530344612,0.020491430084361103,0.07507100482059659,0.08678597214242421,0.5079716457127587,0.053241460875327856,-0.025153627351549784,0.011196231644420875
0.64,0.017401265824916304,-0.008073024170769038,0.0034585449995471877,0.007086839657057909,0.024626006596207638,0.02903970924764361,0.05297098354959128,-0.027015560035020654,0.012890483447111687,0.020793800879523434,0.07617244496531693,0.08799043458194546,0.5070676040089178,0.054032196994232604,-0.025548146571738865,0.01139052415135163
0.65,0.017941587794858632,-0.008328505636486426,0.003572450241060704,0.007316582995466347,0.025381476228968563,0.029925258174223614,0.05370917848093936,-0.027475631171870185,0.013153812252683108,0.021095722036306004,0.07727198146939507,0.08918992917381839,0.5061649781314669,0.05482135950185985,-0.025942452506481868,0.01158519048119858
0.66,0.01848980138987723,-0.008587930161551245,0.00368830214587269,0.007550325720919171,0.026147649764017362,0.03082307639193628,0.05444418489865934,-0.027937276140112117,0.013419481062235115,0.021397203565361768,0.07836964292350035,0.09038447017790463,0.5052637638616315,0.05560895595596801,-0.026336542299162616,0.01178022481108061
0.67,0.01904589094943691,-0.008851295584542871,0.003806104393983496,0.007788090638724657,0.02692449959804308,0.03173312351969673,0.05517598367622009,-0.02840050739304266,0.013687506827582283,0.021698255363409937,0.07946545716727535,0.09157407150679775,0.5043639569114853,0.0563949939877233,-0.026730413096260924,0.011975621353557531
0.68,0.019609840889314143,-0.009118599715505481,0.003925860607519071,0.008029900934656964,0.02771199827061286,0.032655359499802736,0.05590455568055774,-0.028865337035261257,0.013957906336984958,0.0219988872144292,0.08055945129427214,0.09275874672801503,0.5034655529261267,0.05717948129959683,-0.027124062046803975,0.012171374355512798
0.6900000000000001,0.020181635702310113,-0.009389840335973522,0.004047574351074199,0.008275780170918578,0.02851011845618061,0.033589744596581386,0.0566298817697727,-0.02933177682316716,0.014230696214912098,0.02229910879081545,0.08165165165684911,0.09393850906622091,0.5025685474858324,0.05796242566329068,-0.0275174863018116,0.012367478097039275
0.7000000000000001,0.02076125995894302,-0.009665015198991638,0.0041712491320445915,0.008525752282153267,0.02931883295613118,0.03453623939507583,0.05735194279091054,-0.02979983816544018,0.014505892921760145,0.02259892965450463,0.08274208387102899,0.0951133714054813,0.5016729361081876,0.058743834917692424,-0.027910683013736122,0.012563926890328298
0.71,0.021348698308119942,-0.009944122029129,0.004296888400947874,0.008779841571508303,0.03013811469086011,0.03549480479977142,0.05807071957782571,-0.030269532123505995,0.014783512753528601,0.022898359258061357,0.08383077282131887,0.09628334629154801,0.5007787142501947,0.05952371696685698,-0.02830364933589706,0.012760715078562423
0.72,0.02194393547778851,-0.01022715852248797,0.004424495551733499,0.00903807270674469,0.03096793669188917,0.03646540203336077,0.05878619294912728,-0.03074086941198647,0.015063571841452907,0.023197406945733908,0.08491774266549279,0.09744844593417257,0.4998858773103579,0.06030207977801529,-0.02869638242191117,0.012957837034812068
0.73,0.022546956275568665,-0.01051412234670708,0.00455407392208162,0.009300470716394234,0.03180827209401783,0.03744799263554711,0.05949834370620591,-0.031213860399135387,0.01534608615159529,0.02349608195447624,0.08600301683933778,0.0986086822094487,0.4989944206307477,0.06107893137960871,-0.029088879425118157,0.013155287160936356
0.74,0.023157745589364752,-0.010805011140958262,0.004685626793690984,0.00956706098596222,0.032659094127510765,0.03844253846188537,0.06020715263134124,-0.031688515107260076,0.01563107148439422,0.023794393414937588,0.08708661806136403,0.09976406666218289,0.49810433949904437,0.061854279859348694,-0.029481137498002623,0.013353059886488479
0.75,0.023776288387958238,-0.011099822515938289,0.004819157392555868,0.009837869254174575,0.033520376110321624,0.03944900168266049,0.06091260048588888,-0.03216484321312937,0.015918543474173086,0.024092350352420275,0.08816856833747995,0.10091461050829224,0.49721562915055856,0.0626281333623007,-0.029873153791612428,0.01355114966762575
0.76,0.024402569721581245,-0.011398554053854414,0.004954668889232126,0.010112921609268348,0.0343920914403531,0.04046734478180227,0.06161466800854618,-0.03264285404836831,0.01620851758860879,0.0243899616878063,0.08924888896563299,0.1020603246372291,0.4963282847702345,0.06340050008899183,-0.03026492545497402,0.013749550986024742
0.77,0.02503657472247116,-0.011701203308404155,0.0050921643990923735,0.010392244485324425,0.035274213587753525,0.041497530555836305,0.06231333591369618,-0.03312255659984018,0.01650100912816082,0.024687236238453293,0.09032760054041698,0.10320121961443178,0.4954423014946305,0.06417138829354121,-0.030656449634505038,0.013948258347801633
0.78,0.025678288605406573,-0.012007767804749206,0.00523164698257039,0.01067586465864134,0.03616671608725015,0.0425395221128703,0.06300858488982884,-0.033603959510016226,0.016796033225461526,0.024984182719060395,0.09140472295764683,0.1043373056838009,0.4945576744138824,0.06494080628181276,-0.03104772347342463,0.014147266282438122
0.79,0.0263276966682247,-0.012318245039483451,0.0053731196453947715,0.010963809244149152,0.03706957253051917,0.04359328287161533,0.06370039559803901,-0.03408707107733361,0.0170936048446682,0.02528080974250463,0.09248027541890137,0.10546859277020063,0.49367439857364576,0.06570876240958916,-0.03143874411116173,0.014346569341713076
0.8,0.02698478429232059,-0.012632632480595068,0.005516585338811902,0.011256105691862311,0.03798275655859271,0.04465877656044136,0.06438874867060021,-0.03457189925654206,0.017393738780777577,0.025577125820648323,0.09355427643603532,0.10659509048198444,0.4927924689770212,0.06647526508076684,-0.03182950868276172,0.014546162098640212
0.81,0.02764953694312826,-0.012950927567422686,0.005662046959798305,0.011552781783370483,0.03890624185430293,0.045735967216466424,0.06507362470961381,-0.0350584516590398,0.01769644965890349,0.025873139365118102,0.09462674383566108,0.10771680811354481,0.49191188058645996,0.06724032274557094,-0.0322200143182919,0.014746039146412005
0.8200000000000001,0.028321940170583967,-0.013273127710605605,0.005809507351262425,0.011853865628366335,0.03984000213476331,0.046824819184679026,0.06575500428573273,-0.03554673555319911,0.01800175193351822,0.026168858688056025,0.09569769476360136,0.10883375464788632,0.491032628325653,0.0680039438987898,-0.032610258142246024,0.014946195097350085
0.8300000000000001,0.029001979609571866,-0.013599230292028065,0.005958969302235925,0.012159385661209273,0.040784011143887404,0.04792529711709297,0.06643286793695916,-0.036036757864682176,0.018309659887658272,0.026464292002843347,0.09676714568931352,0.10994593875922173,0.4901547070814012,0.06876613707802813,-0.03300023727294821,0.015146624581862328
0.84,0.029689640980352146,-0.013929232664757547,0.006110435548054549,0.012469370637524175,0.04173824264494506,0.0490373659719342,0.06710719616751551,-0.03652852517674771,0.018620187632095168,0.026759447424797494,0.09783511241028639,0.11105336881559054,0.4892781117054696,0.06952691086197844,-0.03338994882195668,0.015347322247406847
0.85,0.03038491008897193,-0.014263132152977115,0.006263908770528617,0.012783849630834142,0.0427026704131564,0.05016099101285891,0.06777796944678824,-0.037022043730548806,0.01893334910447197,0.027054332971842694,0.09890161005641067,0.11215605288149963,0.4884028370164241,0.07028627386871006,-0.033779389893467536,0.01554828275746318
0.86,0.03108777282765903,-0.014600926051911791,0.006419391598103248,0.013102852029226368,0.04367726822832365,0.051296137808202476,0.0684451682083436,-0.03751731942542264,0.019249158068406127,0.02734895656515482,0.09996665309432368,0.11325399872058552,0.4875288778014523,0.07104423475397498,-0.03416855758371901,0.015749500790510802
0.87,0.031798215175198784,-0.014942611627748981,0.006576886606008356,0.013426407532050167,0.044662009867500935,0.05244277223025848,0.06910877284901507,-0.038014357819172534,0.01956762811255931,0.02764332602978095,0.10103025533172946,0.11434721379829778,0.48665622881816784,0.07180080220953013,-0.0345574489803964,0.015950971039015178
0.88,0.03251622319729409,-0.015288186117552945,0.006736396316398508,0.013754546146646292,0.04565686909770235,0.05360086045458726,0.06976876372806154,-0.03851316412834291,0.019888772649674948,0.027937449095234095,0.10209242992169515,0.1154357052846034,0.48578488479639886,0.07255598496147525,-0.034946061162038085,0.016152688208421653
0.89,0.03324178304690884,-0.015637646729173327,0.006897923198482724,0.01408729818510664,0.046661819668648304,0.05477036895935341,0.07042512116639615,-0.0390137432284877,0.020212604915584055,0.028231333396063624,0.10315318936692454,0.11651948005671142,0.4849148404399625,0.07330979176860627,-0.03533439119744286,0.01635464701615728
0.9,0.0339748809645949,-0.015990990641147756,0.007061469668644297,0.014424694261063492,0.047676835305550454,0.05595126452469161,0.07107782544588473,-0.03951609965443276,0.02053913796818004,0.028524986472401873,0.10421254552400983,0.11759854470181783,0.48404609042842184,0.07406223142078305,-0.03572243614507897,0.016556842190640842
0.91,0.03471550327880273,-0.016348215002598546,0.007227038090550706,0.014766765286507421,0.04870188970193528,0.057143514232100096,0.07172685680871359,-0.04002023760053289,0.020868384686363164,0.028818415770487372,0.10527050960766243,0.11867290551986996,0.48317862941883066,0.07481331273731132,-0.036110193052495104,0.01675926847030125
0.92,0.03546363640617584,-0.016709316933123497,0.007394630775253718,0.015113542468633044,0.04973695651250657,0.05834708546386124,0.07237219545682619,-0.04052616092092395,0.021200357768955323,0.029111628643165206,0.10632709219492394,0.1197425685263505,0.4823124520474622,0.07556304456533813,-0.03649765895573363,0.016961920602604548
0.93,0.036219266851829225,-0.017074293522680833,0.0075642499812797635,0.015465057306711799,0.050782009346046965,0.05956194590248858,0.07301382155142792,-0.04103387312977071,0.021535069733585772,0.029404632350364956,0.107382303229358,0.12080753945508035,0.48144755293152397,0.07631143577826055,-0.036884830878746375,0.017164793343089655
0.9400000000000001,0.03698238120961183,-0.017443141831468296,0.00773589791471066,0.015821341588990925,0.05183702175835875,0.06078806353019967,0.07365171521255878,-0.041543377401511,0.021872532915548543,0.02969743405955668,0.10843615202522434,0.12186782376104036,0.48058392667085953,0.07705849527414665,-0.03727170583281323,0.017367881454413075
0.9500000000000001,0.037752966162353296,-0.017815858889796428,0.00790957672925479,0.016182427389617882,0.052901967245244076,0.062025406628414104,0.07428585651873314,-0.04205467657109672,0.022212759466632155,0.029990040846185395,0.10948864727163567,0.12292342662321139,0.47972156784963566,0.07780423197416873,-0.03765828081596392,0.017571179705402784
0.96,0.03853100848209498,-0.018192441697956068,0.008085288526308817,0.016548347065589407,0.05397681923552486,0.06327394377727609,0.07491622550664645,-0.04256777313423231,0.02255576135392235,0.030282459694084506,0.11053979703669853,0.12397435294743263,0.47886047103801693,0.07854865482104803,-0.03804455281240315,0.017774682870121437
0.97,0.03931649503030546,-0.0185728872260801,0.008263035355010032,0.016919133253724458,0.05506155108410247,0.06453364385520098,0.07554280217094814,-0.04308266924761127,0.022901550358578493,0.03057469749586863,0.11158960877163912,0.12502060736927764,0.4780006307938269,0.07929177277751057,-0.0384305187919394,0.017978385726939123
0.98,0.04010941275808057,-0.018957192413999492,0.008442819212279424,0.017294818867660298,0.0561561360650575,0.06580447603844498,0.07616556646408039,-0.04359936672915132,0.023250138074584346,0.030866761053306248,0.11263808931491501,0.1260621942569481,0.4771420416641973,0.0800335948247538,-0.03881617570941771,0.01818228305761579
0.99,0.0409097487063281,-0.01934535417109367,0.008624642042855582,0.01767543709487097,0.057260547364789804,0.06708640980069755,0.07678449829618225,-0.04411786705822883,0.023601535907473888,0.03115865707767264,0.11368524489631371,0.1270991177141847,0.4762846981872034,0.08077412996092317,-0.039201520504156664,0.01838636964639361
1.0,0.04171749000593734,-0.019737369376135235,0.008808505739319518,0.01806102139370746,0.058374758075198964,0.06837941491269572,0.07739957753505872,-0.044638171375913034,0.023955755073032877,0.0314503921900835,0.11473108114103918,0.12813138158319537,0.4754285948934882,0.0815133871995988,-0.03958655009938983,0.018590640279099346
1.01,0.04253262387793332,-0.020133234877129133,0.008994412142110511,0.01845160549045879,0.05949874118690552,0.06968346144185975,0.07801078400621421,-0.04516028048520076,0.02431280659597686,0.0317419729218097,0.11577560307378709,0.12915898944760001,0.4745737263078741,0.08225137556829126,-0.039971261401711956,0.018795089742257087
1.02,0.04335513763361624,-0.02053294749114625,0.009182363039533082,0.018847223376433426,0.06063246958251308,0.07099851975194932,0.07861809749295019,-0.04568419485125218,0.02467270130860628,0.03203340571457359,0.11681881512281002,0.13018194463539207,0.47372008695096296,0.08298810410694661,-0.04035565130053028,0.018999712822211266
1.03,0.0441850186746857,-0.020936504004151556,0.009372360167755195,0.019247909305060196,0.06177591602991163,0.07232456050273985,0.07922149773652631,-0.04620991460162825,0.025035449849439447,0.03232469692082729,0.11786072112397335,0.1312002502219162,0.4728676713407248,0.08372358186645971,-0.0407397166675209,0.019204504304260406
1.04,0.0450222544933503,-0.021343901170826764,0.0095644052107978,0.019653697789008162,0.06292905317562221,0.07366155464971792,0.07982096443638476,-0.04673743952653045,0.025401062661824018,0.032615852804013315,0.11890132432480308,0.1322139090328623,0.4720164739940746,0.08445781790719592,-0.04112345435609085,0.01940945897180156
1.05,0.04586683267242226,-0.021755135714387672,0.009758499800515815,0.020064623597324673,0.06409185353818325,0.07500947344379551,0.0804164772504374,-0.04726676907904337,0.025769549992527726,0.03290687953880807,0.11994062738852626,0.13322292364727517,0.47116648942843803,0.08519082129752069,-0.04150686120084579,0.01961457160548575
1.06,0.046718740885397465,-0.02217020432639613,0.009954645516570673,0.020480721752591007,0.06526428950157882,0.07636828843104197,0.08100801579541522,-0.04779790237538091,0.026140921890309053,0.033197783211348475,0.12097863239810536,0.13422729640058023,0.4703177121633064,0.08592260111233638,-0.04188993401706383,0.019819836982384497
1.07,0.04757796689652083,-0.02258910366656677,0.010152843886394518,0.020902027528094943,0.06644633330870904,0.07773797145243341,0.08159555964727978,-0.04833083819513656,0.026515188204468576,0.03348856981944224,0.12201534086026714,0.13522702938762426,0.4694701367217813,0.08665316643162638,-0.042272669600175575,0.020025249875167704
1.08,0.048444498560837095,-0.023011830362568524,0.010353096385146195,0.021328576445019606,0.06763795705490287,0.07911849464361849,0.0821790883416961,-0.04886557498153849,0.026892358583381685,0.033779245272762125,0.1230507537095274,0.1362221244657318,0.4686237576321071,0.08738252633900613,-0.042655064725250574,0.02023080505129292
1.09,0.049318323824227156,-0.02343838100982103,0.010555404435659124,0.021760404269647964,0.06883913268147362,0.08050983043470017,0.08275858137456674,-0.049402110841710055,0.027272442473013404,0.03406981539302463,0.12408487131221224,0.13721258325777624,0.46777856942919505,0.08811068992028032,-0.04303711614649073,0.020436497272206297
1.1,0.05019943072342996,-0.023868752171285937,0.010759769408381187,0.02219754701058237,0.07004983196931742,0.08191195155003257,0.0833340182026266,-0.0499404435469363,0.02765544911541605,0.03436028591415344,0.1251176934704771,0.13819840715526638,0.4669345666561355,0.08883766626200652,-0.04341882059673047,0.02064232129255536
1.11,0.051087807386050024,-0.02430294037725324,0.01096619262130674,0.022640040915978522,0.07127002653255493,0.08332483100803224,0.08390537824409815,-0.05048057053293717,0.028041387547210438,0.03465066248242808,0.12614921942632418,0.13917959732144694,0.4660917438657001,0.08956346445006459,-0.043800174786944236,0.02084827185941369
1.12,0.05198344203055067,-0.024740942125122685,0.011174675339900877,0.023087922470793255,0.07249968781221659,0.08474844212100324,0.08447264087940634,-0.05102248890014797,0.028430266598051385,0.03494095065661818,0.12717944786561955,0.14015615469441423,0.4652500956218356,0.0902880935682317,-0.044181175405761434,0.021054343711517817
1.1300000000000001,0.05288632296623299,-0.0251827538791803,0.011385218777016055,0.023541228394045533,0.07373878706997171,0.0861827584949751,0.0850357854519534,-0.05156619541400783,0.02882209488907825,0.0352311559081036,0.12820837692211068,0.1411280799902457,0.4644096165011454,0.09101156269676253,-0.04456181911898899,0.021260531578516345
1.1400000000000001,0.053796438593200616,-0.02562837207037019,0.011597824092801218,0.023999995636090097,0.07498729538190163,0.0876277540295532,0.08559479126895256,-0.052111686505256695,0.02921688083135123,0.035521283620981,0.12923600418144543,0.14209537370614392,0.4635703010943636,0.09173388091097484,-0.04494210256914191,0.021466830180231607
1.1500000000000001,0.054713777402310364,-0.02607779309606161,0.011812492394603533,0.024464261375903157,0.0762451836323174,0.08908340291778064,0.08614963760232064,-0.05265895827024151,0.029614632624274176,0.0358113390921571,0.13026232668519333,0.14305803612359427,0.46273214400781776,0.09245505727983944,-0.04532202237498185,0.021673234225933907
1.16,0.05563832797510876,-0.026531013319811426,0.012029224736862873,0.024934063018379575,0.07751242250762215,0.0905496796460109,0.08670030368962904,-0.0532080064712323,0.030015358254004684,0.036101327531428966,0.13128734093487024,0.14401606731153668,0.46189513986488323,0.09317510086457503,-0.04570157513106418,0.021879738413628596
1.17,0.05657007898375451,-0.026988029071122067,0.01224802212099916,0.025409438191640942,0.07878898249021855,0.09202655899379072,0.08724676873511267,-0.05375882653674869,0.030419065491852193,0.03639125406155188,0.13231104289596715,0.14496946712955078,0.4610592833074277,0.09389402071724724,-0.04608075740729346,0.022086337429356062
1.18,0.057509019190926984,-0.027448836645195002,0.01246888549529272,0.025890424744354004,0.08007483385246164,0.09351401603375209,0.08778901191073656,-0.05431141356189759,0.030825761892664873,0.036681123718294954,0.13333342800198417,0.14591823523105463,0.4602245689972467,0.09461182587937186,-0.04645956574848789,0.022293025946504903
1.19,0.0584551374497207,-0.02791343230267988,0.01269181575475777,0.026377060743058893,0.08136994665065743,0.09501202613151306,0.08832701235731966,-0.0548657623087226,0.031235454793206035,0.036970941450485025,0.13435449115847053,0.14686237106651656,0.4593909916174891,0.09532852538052179,-0.04683799667395262,0.022499798625138314
1.2,0.05940842270352592,-0.028381812269419406,0.012916813741009154,0.02686938446950658,0.0826742907191075,0.09652056494558628,0.0888607491857155,-0.05542186720656588,0.03164815131052086,0.037260712120039056,0.1353742267470716,0.14780187388668034,0.45855854587407524,0.09604412823693809,-0.047216046677062355,0.022706650111333975
1.21,0.060368863985895305,-0.02885397273619003,0.013143880242122494,0.02736743441800502,0.08398783566420007,0.09803960842729458,0.08939020147804932,-0.055979722352443,0.032063858340294196,0.037550440501985555,0.13639262862958365,0.14873674274580306,0.45772722649710385,0.09675864345014412,-0.04759371222485338,0.022913575036537497
1.22,0.061336450420396746,-0.029329909858438565,0.013373015992487868,0.02787124929277346,0.08531055085854782,0.09956913282069292,0.08991534828901121,-0.0565393215114315,0.03248258255520021,0.03784013128447522,0.13740969015201732,0.14966697650490585,0.45689702824225137,0.09747208000556341,-0.047970989757625204,0.023120568016929664
1.23,0.06231117122045238,-0.029809619756014816,0.013604221672657164,0.028380868005304344,0.08664240543517278,0.10110911466249589,0.09043616864720495,-0.05710065811707378,0.03290433040324464,0.03812978906878131,0.13842540414867083,0.15059257383503719,0.45606794589216254,0.09818444687114052,-0.048347875688552124,0.023327623652807557
1.24,0.06329301568916378,-0.030293098512900338,0.01383749790918524,0.02889632967173229,0.08798336828173875,0.10265953078200993,0.09095264155655217,-0.05766372527179496,0.0333291081061005,0.03841941836929,0.13943976294621352,0.1515135332205487,0.45523997425783086,0.09889575299596497,-0.048724366403304784,0.02353473652797981
1.25,0.06428197321912342,-0.030780342176933387,0.014072845274465038,0.029417673610209628,0.08933340803483154,0.1042203583010695,0.09146474599775131,-0.058228515747336305,0.033756921657437926,0.03870902361348111,0.14045275836778073,0.15242985296238307,0.4544131081799718,0.09960600730889835,-0.049100458259681984,0.023741901209176026
1.26,0.0652780332922124,-0.03127134675953021,0.014310264286556799,0.029944939338287943,0.09069249307428748,0.10579157463397654,0.09197246092979117,-0.05879502198520491,0.03418777682124906,0.03899860914189961,0.14146438173708098,0.15334153118137409,0.4535873425303862,0.10031521871720378,-0.049476147587253036,0.023949112245470656
1.27,0.06628118547938444,-0.03176610823540274,0.014549755409011505,0.03047816657030512,0.09206059151757047,0.10737315748744226,0.09247576529151841,-0.05936323609714022,0.034621679130168656,0.03928817920811815,0.14247462388251586,0.15424856582155855,0.4527626722133144,0.1010233961051784,-0.04985143068701061,0.024156364167721357
1.28,0.06729141944043622,-0.032264622542272844,0.014791319050688718,0.031017395214777355,0.09343767121419813,0.10896508486053058,0.09297463800325886,-0.05993314986559814,0.03505863388379132,0.03957773797869105,0.14348347514131407,0.1551509546535,0.4519390921667841,0.10173054833278834,-0.05022630383103466,0.024363651488022074
1.29,0.06830872492376411,-0.03276688558058319,0.015034955565568938,0.031562665371795626,0.0948236997402172,0.11056733504460227,0.093469057968492,-0.06050475474425315,0.03549864614698604,0.039867289533100085,0.14449092536367988,0.15604869527762388,0.4511165973639461,0.10243668423430613,-0.050600763262167205,0.024570968699171
1.3,0.06933309176610716,-0.03327289321320486,0.015280665252560648,0.03211401733042609,0.09621864439272891,0.11217988662325926,0.09395900407557833,-0.06107804185851932,0.035941720748209026,0.040156837863692375,0.1454969639169571,0.15694178512756402,0.45029518281440406,0.10314181261695037,-0.05097480519369842,0.024778310274153476
1.31,0.07036450989227666,-0.03378264126514185,0.015528448355302184,0.03267149156611391,0.09762247218446436,0.11380271847228793,0.09444445519953919,-0.06165300200609057,0.03638786227781538,0.040446386875610765,0.14650157968980926,0.1578302214735205,0.4494748435655346,0.10384594225952809,-0.05134842580906414,0.024985670665640072
1.32,0.07140296931487194,-0.03429612552323249,0.015778305061958584,0.033235128738089974,0.09903514983841066,0.11543580975960095,0.09492539020388854,-0.06222962565750112,0.036837075086370706,0.040735940386717025,0.1475047610964168,0.15871400142562828,0.44865557470379835,0.104549081911079,-0.051721621261555044,0.025193044305499963
1.33,0.07244846013398273,-0.03481334173584804,0.016030235505013583,0.03380496968678003,0.10045664378248806,0.11707913994517652,0.0954017879425164,-0.06280790295670644,0.037289363282963256,0.04102550212750818,0.14850649608069202,0.15959312193733682,0.4478373713560425,0.10525124028952214,-0.0520943876740375,0.025400425604329813
1.34,0.07350097253687796,-0.03533428561258842,0.016284239761056883,0.03438105543121568,0.10188692014427848,0.11873268878099436,0.09587362726162338,-0.06338782372168549,0.03774473073351755,0.04131507574102641,0.14950677212051253,0.16046757980880016,0.4470202286907948,0.10595242608030458,-0.05246672113868645,0.02560780895099809
1.35,0.07456049679768101,-0.03585895282397528,0.016540317850566866,0.03496342716644675,0.103325944745806,0.1203964363109676,0.09634088700170591,-0.06396937744506492,0.03820318105911021,0.041604664782762694,0.15050557623197397,0.1613373716902775,0.446204141919549,0.10665264793505241,-0.05283861771673057,0.025815188712205298
1.36,0.07562702327703154,-0.03638733900114259,0.01679846973768892,0.03555212626095452,0.10477368309836964,0.12207036287086964,0.09680354599959183,-0.06455255329476568,0.03866471763428895,0.04189427272055472,0.1515028949736627,0.16220249408554405,0.4453891062980408,0.10735191447022371,-0.05321007343820954,0.026022559232060007
1.37,0.07670054242173377,-0.03691943973552469,0.017058695330009522,0.0361471942540653,0.10623010039742885,0.12375444908825532,0.09726158309052564,-0.06513734011467272,0.03912934358539538,0.042183902934479274,0.15249871445094912,0.1630629433553117,0.44457511712751535,0.10805023426576361,-0.05358108430174394,0.026229914831670906
1.3800000000000001,0.0777810447643914,-0.037455250578542126,0.017320994478326232,0.03674867285336384,0.10769516151754233,0.1254486758823753,0.09771497711030326,-0.06572372642532848,0.03959706178889266,0.04247355871673944,0.15349302032030246,0.16391871572065983,0.44376216975598576,0.10874761586376164,-0.053951646274317845,0.026437249808755017
1.3900000000000001,0.07886852092302903,-0.03799476704128531,0.01758536697641378,0.03735660393210607,0.10916883100736038,0.1271530244640829,0.09816370689745557,-0.06631170042465061,0.04006787486969865,0.042763243271547055,0.15448579779362753,0.1647698072664754,0.44295025957948314,0.10944406776711094,-0.0543217552910742,0.026644558437262256
1.4000000000000001,0.07996296160070014,-0.03853798459419605,0.017851812560786405,0.03797102952663062,0.11065107308467148,0.12886747633573273,0.09860775129548043,-0.06690124998867468,0.04054178519952549,0.04305295971500062,0.15547703164262425,0.16561621394490256,0.44213938204329667,0.11013959843816983,-0.05469140725512322,0.0268518349670164
1.41,0.08106435758508183,-0.03908489866674728,0.018120330910456568,0.03859199183376867,0.11214185163150334,0.13059201329106998,0.09904708915512254,-0.06749236267232231,0.04101879489522649,0.04334271107495909,0.15646670620317046,0.1664579315788016,0.4413295326432051,0.11083421629742536,-0.05506059803736395,0.027059073623372624
1.42,0.08217269974805609,-0.03963550464712092,0.018390921646690296,0.03921953320825158,0.11364113018927907,0.13232661741510948,0.09948169933670092,-0.06808502571019545,0.04149890581715103,0.043632500290911785,0.1574548053797289,0.16729495586521645,0.44052070692669965,0.1115279297221593,-0.05542932347631921,0.027266268606891762
1.43,0.08328797904527768,-0.040189797881884114,0.018663584332759213,0.03985369616011572,0.11514887195402891,0.134071271084004,0.09991156071248315,-0.06867922601739733,0.041982119567508476,0.04392233021384491,0.15844131264977857,0.1681272823788513,0.4397129004941965,0.11222074704511611,-0.0557975793779839,0.02747341409303144
1.44,0.08441018651572885,-0.04074777367566395,0.018938318473689528,0.04049452335210414,0.11666503977165783,0.1358259569649004,0.10033665216910616,-0.06927495019038067,0.042468437488741836,0.044212203606104755,0.15942621106827148,0.16895490657555548,0.43890610900024074,0.11291267655317347,-0.05616536151568712,0.027680504231854093
1.45,0.08553931328126058,-0.04130942729082082,0.01921512351600807,0.04114205759706437,0.11818959613326974,0.13759065801578338,0.10075695261004292,-0.0698721845078237,0.042957860661912074,0.04450212314125818,0.16040948327211516,0.16977782379581663,0.4381003281547009,0.11360372648601508,-0.05653266562996783,0.027887533147752185
1.46,0.08667535054612073,-0.0418747539471205,0.01949399884748559,0.041796341855341965,0.11972250317054856,0.13936535748530512,0.10117244095811456,-0.07047091493153464,0.04345038990509391,0.0447920914039505,0.16139111148468147,0.1705960292682619,0.43729555372395346,0.11429390503480592,-0.056899487428464755,0.028094494939190584
1.47,0.08781828959646878,-0.04244374882140515,0.019774943796877498,0.0424574192321692,0.12126372265119686,0.1411500389126008,0.10158309615804739,-0.07107112710738503,0.04394602577178394,0.045082110889761155,0.16237107752034233,0.17140951811316685,0.43649178153205825,0.1149832203408702,-0.057265822585820046,0.028301383678466276
1.48,0.08896812179987748,-0.04301640704726335,0.02005795763366216,0.04312533297504841,0.1228132159744324,0.1429446861270884,0.10198889717907414,-0.07167280636627275,0.044444768549321986,0.04537218400505761,0.163349362789033,0.17221828534597194,0.4356890074619236,0.11567168049437185,-0.0576316667435974,0.028508193411485604
1.49,0.0901248386048212,-0.04359272371469933,0.020343039567777013,0.04380012647112946,0.12437094416654308,0.1447492832482522,0.10238982301757912,-0.07227593772511495,0.04494661825732645,0.04566231306684755,0.16432594830084316,0.17302232588080613,0.43488722745646236,0.11635929353299777,-0.057997015510214384,0.028714918157559034
1.5,0.09128843154015118,-0.04417269386980147,0.020630188749352605,0.044481843244580696,0.12593686787650094,0.14656381468540905,0.10278585269978657,-0.07288050588787168,0.04545157464614461,0.04595250030262993,0.1653008146706365,0.17382163453401756,0.43408643751973736,0.11704606744064412,-0.0583618644608894,0.02892155190921366
1.51,0.09245889221455762,-0.04475631251441037,0.02091940426844474,0.04517052695395306,0.12751094737163562,0.14838826513745648,0.1031769652844916,-0.07348649524660067,0.04595963719531865,0.04624274785024505,0.1662739421226993,0.17461620602771083,0.4332866337180961,0.11773201014610542,-0.058726209137603014,0.029128088632023458
1.52,0.09363621231601868,-0.0453435746057864,0.021210685154764975,0.04586622138953656,0.12909314253336773,0.1502226195926016,0.10356313986583332,-0.07409388988254378,0.0464708051120683,0.04653305775772407,0.16724531049541827,0.17540603499329077,0.43248781218129706,0.11841712952176697,-0.059090045049074245,0.029334522264457513
1.53,0.09482038361123635,-0.04593447505627714,0.021504030377409552,0.04656897047070877,0.13068341285300283,0.15206686332807007,0.10394435557610932,-0.07470267356724565,0.046985077329791014,0.04682343198313815,0.16821489924598823,0.1761911159750123,0.43168996910362395,0.11910143338230056,-0.059453367670751746,0.02954084671774626
1.54,0.09601139794505935,-0.046529008732984656,0.021799438844587016,0.04727881824327464,0.13228171742758632,0.1539209819097939,0.10432059158863118,-0.07531282976370507,0.047502452506580396,0.04711387239444772,0.1691826874551501,0.17697144343353619,0.43089310074499004,0.11978492948336358,-0.059816172444819696,0.02974705587576589
1.55,0.09720924723989298,-0.04712717045743285,0.022096909403344675,0.04799580887679718,0.13388801495582,0.15578496119207766,0.10469182712062014,-0.07592434162755958,0.048022929023763886,0.04740438076935193,0.17014865383195948,0.17774701174949015,0.43009720343203156,0.12046762552030166,-0.06017845478021912,0.02995314359494083
1.56,0.09841392349509599,-0.047728955005235045,0.022396440839294082,0.04871998666191839,0.13550226373404065,0.15765878731724164,0.1050580414361425,-0.07653719200830382,0.04854650498446047,0.0476949587951389,0.17111277671858613,0.17851781522703544,0.4293022735591906,0.12114952912685535,-0.06054021005268409,0.03015910370416475
1.57,0.09962541878636455,-0.04833435710576189,0.02269803187633573,0.04945139600766989,0.13712442165226116,0.1595424467152412,0.10541921384908394,-0.07715136345054203,0.0490731782121593,0.047985608068536766,0.172075034095145,0.17928384809743828,0.42850830758978703,0.12183064787387055,-0.06090143360479355,0.030364930004739877
1.58,0.10084372526510325,-0.048943371441809824,0.02300168117638313,0.050190081438772655,0.13875444619027488,0.1614359261032615,0.10577532372616233,-0.07776683819527538,0.049602946249320094,0.04827633009556609,0.17303540358455877,0.18004510452264572,0.42771530205707864,0.1225109892680133,-0.061262120746038394,0.0305706162703348
1.59,0.10206883515778338,-0.04955599264927021,0.023307387339086477,0.05093608759292534,0.14039229441382373,0.16333921248528638,0.10612635048997815,-0.07838359818122427,0.050135806355996154,0.04856712629139376,0.17399386245745263,0.18080157859886598,0.42692325356531047,0.12319056075048869,-0.06162226675290398,0.03077615624696094
1.6,0.10330074076528827,-0.050172215316799246,0.023615148901556086,0.05168945921808051,0.14203792297083026,0.16525229315164083,0.10647227362210206,-0.07900162504618646,0.050671755508480854,0.04885799798018879,0.17495038763708115,0.18155326436015268,0.42613215879075234,0.1238693696957646,-0.06198186686896838,0.030981543652967607
1.61,0.10453943446224591,-0.05079203398548893,0.02392496433808576,0.05245024116970828,0.14369128808769482,0.16717515567850555,0.1068130726661987,-0.07962090012843122,0.051210790397978476,0.04914894639498027,0.17590495570428782,0.18230015578199263,0.42534201448272485,0.12454742341030006,-0.062340916305016335,0.031186772179055872
1.62,0.1057849086963489,-0.05141544314853909,0.02423683205987632,0.05321847840804671,0.14535234556565782,0.16910778792740314,0.10714872723118633,-0.08024140446812991,0.05175290742930023,0.04943997267751774,0.1768575429024975,0.1830422467848969,0.4245528174646136,0.12522472913127866,-0.06269941023916893,0.03139183548831128
1.6300000000000001,0.1070371559876617,-0.05204243725093078,0.02455075041475943,0.05399421599533841,0.1470210507772279,0.17105017804465458,0.10747921699443132,-0.08086311880882374,0.052298102719586285,0.04973107787813442,0.17780812514274183,0.18377953123799476,0.4237645646348708,0.1259012940253472,-0.06305734381702909,0.03159672721625535
1.6400000000000001,0.10829616892791517,-0.052673010689101074,0.024866717686921985,0.05477749909305268,0.14869735866267655,0.17300231446080533,0.10780452170497691,-0.08148602359892872,0.05284637209705474,0.05002226295561338,0.17875667800871797,0.18451200296263026,0.4229772529680049,0.12657712518735992,-0.06341471215184312,0.031801440970916174
1.6500000000000001,0.10956194017978878,-0.0533071578106195,0.025184732096631145,0.055568372959092595,0.1503812237265997,0.1749641858900198,0.10812462118680559,-0.08211009899327854,0.053397711099778276,0.05031352877705717,0.17970317676188075,0.18523965573596085,0.4221908795155583,0.12725222963912827,-0.06377151032467815,0.03200597033291795
1.6600000000000001,0.11083446247618006,-0.053944872913866286,0.025504791799960326,0.05636688294498649,0.15207260003454678,0.17693578132944335,0.10843949534213417,-0.08273532485470562,0.053952114974489374,0.05060487611776102,0.1806475963465685,0.18596248329455783,0.4214054414070709,0.1279266143281768,-0.06412773338461576,0.0322103088555896
1.67,0.11211372861946182,-0.05458615024771244,0.025826894888516222,0.05717307449306306,0.15377144120971792,0.1789170900585307,0.10874912415474093,-0.0833616807556608,0.054509578675415005,0.050896305661090026,0.1815899113951626,0.18668047933800838,0.4206209358510328,0.12860028612650523,-0.06448337634896166,0.03241445006509256
1.68,0.11339973148072688,-0.05523098401120206,0.026151039389167147,0.057986993133609596,0.15547770042972975,0.18090810163834015,0.10905348769332408,-0.08398914597987192,0.055070096863141516,0.05118781799836052,0.18253009623328098,0.1873936375325183,0.41983736013582157,0.12927325182935712,-0.06483843420347152,0.03261838746056774
1.69,0.11469246399902044,-0.05587936835323677,0.026477223263772824,0.05880868448201263,0.1571913304234505,0.1829088059107919,0.10935256611489062,-0.08461769952404184,0.05563366390351061,0.051479413628726,0.18346812488500547,0.18810195151451567,0.41905471163062863,0.12994551815399513,-0.06519290190259314,0.03282211451430159
1.7,0.1159919191805604,-0.0565312973722627,0.02680544440891584,0.05963819423588037,0.15891228346790467,0.18491919299789025,0.10964633966817504,-0.08524732009958619,0.05620027386654728,0.05177109295906783,0.18440397107814333,0.18880541489425456,0.4182729877863698,0.13061709173848357,-0.06554677436972488,0.03302562467191166
1.71,0.11729809009794523,-0.05718676511595995,0.027135700655634955,0.06047556817214624,0.16064051138524837,0.1869392533009081,0.10993478869708678,-0.08587798613441107,0.05676992052542039,0.05206285630389101,0.1853376082495227,0.1895040212594186,0.4174921861365839,0.1312879791404783,-0.0659000464974904,0.03322891135255119
1.72,0.11861096988935001,-0.057845765580934856,0.027467989769160466,0.06132085214415292,0.1623759655398151,0.188968977499533,0.11021789364418595,-0.08650967577473129,0.057342597355436904,0.05235470388522535,0.18626900955032244,0.19019776417872392,0.41671230429831635,0.1319581868360239,-0.06625271314802977,0.03343196794913323
1.73,0.11993055175771025,-0.05850829271241515,0.027802309448651797,0.06217409207871613,0.1641185968352334,0.19100835655097376,0.11049563505418616,-0.08714236688692915,0.05791829753307044,0.052646635832532256,0.18719814785143576,0.19088663720552115,0.41593333997298865,0.13262772121835936,-0.0666047691533069,0.033634787828573896
1.74,0.12125682896989384,-0.05917434040394822,0.028138657326937537,0.06303533397316757,0.16586835571161634,0.1930573816890264,0.1107679935774839,-0.08777603705945441,0.05849701393502504,0.05293865218261746,0.1881249957488682,0.19157063388139575,0.41515529094725406,0.13329658859673174,-0.06695620931543354,0.03383736433205521
1.75,0.12258979485586116,-0.05984390249710256,0.02847703097025809,0.06390462389237628,0.1676251921428237,0.19511604442309866,0.11103494997371344,-0.08841066360476546,0.05907873913733484,0.05323075287954988,0.18904952556916954,0.19224974773976664,0.4143781550938379,0.1339647951952183,-0.06730702840700958,0.034039690775307115
1.76,0.12392944280781334,-0.06051697278117266,0.02881742787801116,0.06478200796574768,0.16938905563379716,0.19718433653719195,0.1112964851153264,-0.0890462235613121,0.059663465414500676,0.05352293777458703,0.18997170937489963,0.19292397230948227,0.4136019303723632,0.1346323471515578,-0.06765722117147979,0.03424176044890891
1.77,0.12527576627932893,-0.061193544992887455,0.02915984548250025,0.06566753238419976,0.17115989521796943,0.19926225008883963,0.11155257999119529,-0.08968269369556028,0.060251184738664094,0.053815206626107115,0.19089151897012824,0.19359330111841414,0.4128266148301608,0.1352992505159907,-0.06800678232350721,0.03444356661861014
1.78,0.12662875878448884,-0.061873612816122525,0.029504281148686348,0.06656124339711547,0.17293765945474757,0.20134977740800067,0.11180321571023985,-0.09032005050405884,0.060841888778819866,0.05410755909954811,0.1918089259059686,0.1942577276970467,0.4120522066030658,0.1359655112501094,-0.06835570654936272,0.034645102525670754
1.79,0.12798841389698995,-0.06255716988161615,0.029850732173943056,0.06746318730927081,0.17472229642707118,0.20344691109590768,0.11204837350507554,-0.09095827021554868,0.06143556890006757,0.05439999476735416,0.1927239014861444,0.19491724558206372,0.4112787039161949,0.13663113522571768,-0.06870398850733125,0.03484636138722062
1.8,0.12935472524924713,-0.06324420976668946,0.030199195787815263,0.06837341047773772,0.17651375373904613,0.20555364402386833,0.11228803473568309,-0.09159732879311454,0.062032216162903095,0.054692513108929426,0.19363641677259055,0.1955718483199305,0.41050610508471247,0.1372961282237011,-0.06905162282813433,0.03504733639663843
1.81,0.13072768653148414,-0.0639347259949708,0.030549669151781648,0.06929195930876118,0.1783119785136542,0.20766996933201892,0.11252218089309833,-0.09223720193637948,0.06263182132255085,0.054985113510599815,0.1945464425910868,0.19622152947047108,0.40973440851457604,0.13796049593290755,-0.06939860411536919,0.03524802072394984
1.82,0.1321072914908132,-0.06462871203612448,0.030902149359021146,0.0702188802546097,0.18011691739053948,0.20979588042802913,0.11275079360312121,-0.09287786508374248,0.0632343748283374,0.05527779526558265,0.19545394953692471,0.19686628261044056,0.4089636127032682,0.1386242439490385,-0.06974492694596406,0.035448407516245
1.83,0.1334935339303036,-0.06532616130558412,0.0312566334341836,0.07115421981039848,0.18192851652387157,0.21193137098575718,0.11297385463004318,-0.09351929341465913,0.06383986682310722,0.0555705575739647,0.19635890798060718,0.19750610133709154,0.40819371624051093,0.1392873777735525,-0.07009058587065001,0.035648489898115115
1.84,0.13488640770803914,-0.06602706716429062,0.03161311833316475,0.07209802451088437,0.183746721580287,0.21407643494385392,0.11319134588039198,-0.09416146185196574,0.06444828714268148,0.05586339954268872,0.1972612880735806,0.19814097927173435,0.4074247178089641,0.139949902812579,-0.07043557541444917,0.03584826097210844
1.85,0.13628590673616492,-0.0667314229184351,0.031971600942885835,0.07305034092723217,0.1855714777369084,0.21623106650431512,0.11340324940669264,-0.09480434506424687,0.06505962531536043,0.056156320185548794,0.1981610597539991,0.19877091006329073,0.4066566161849043,0.14061182437584527,-0.07077989007717896,0.03604771381920527
1.86,0.13769202497992336,-0.06743922181920689,0.03233207808107789,0.07401121566375109,0.18740272967944308,0.2183952601309807,0.11360954741124407,-0.09544791746824659,0.06567387056147009,0.05644931842319471,0.19905819275252093,0.19939588739184,0.4058894102388895,0.1412731476756152,-0.07112352433397287,0.03624684149931205
1.87,0.13910475645667952,-0.06815045706254662,0.03269454649607101,0.07498069535460089,0.1892404216003605,0.22056901054798017,0.11381022224990993,-0.09609215323132339,0.06629101179295413,0.056742393083145576,0.19995265659813596,0.2000159049721578,0.405123098936404,0.14193387782564076,-0.07146647263581729,0.03644563705177449
1.8800000000000001,0.14052409523493592,-0.06886512178890479,0.033059002866588756,0.07595882666046679,0.1910844971971501,0.22275231273812268,0.11400525643592291,-0.09673702627394905,0.0669110376130115,0.05703554289981302,0.2008444206240248,0.20063095655724625,0.40435768133848526,0.14259401984012696,-0.07180872941010445,0.036644093495909656
1.8900000000000001,0.1419500354333372,-0.06958320908300583,0.033425443801547855,0.07694565626520238,0.19293489967065952,0.22494516194123126,0.11419463264370139,-0.09738251027225142,0.06753393631578046,0.057328766514534044,0.2017334539734484,0.2012410359418555,0.4035931566023349,0.14325357863271002,-0.07215028906120156,0.03684220383155692
1.9000000000000001,0.1433825712196643,-0.07030471197361784,0.03379386583986342,0.07794123087243968,0.1947915717235139,0.22714755365241976,0.11437833371267739,-0.09802857866060119,0.06815969588606992,0.057622062475613925,0.20261972560566818,0.20184613696599574,0.40282952398190863,0.14391255901544928,-0.07249114597103574,0.03703996103964774
1.9100000000000001,0.1448216968098188,-0.0710296234333282,0.0341642654502599,0.07894559720216567,0.1966544555586169,0.22935948362031142,0.11455634265113487,-0.09867520463424281,0.0687883039991384,0.057915429238379286,0.2035032043018959,0.20244625351843948,0.4020667828284893,0.14457096569783395,-0.07283129449969496,0.03723735808279401
1.92,0.14626740646679715,-0.07175793637832516,0.03453663903108784,0.07995880198726424,0.19852349287773394,0.23158094784519845,0.11472864264005724,-0.09932236115196946,0.06941974802052168,0.058208865165241576,0.20438385867127307,0.20304137954021315,0.40130493259124006,0.1452288032858037,-0.0731707289860449,0.037434387905895164
1.93,0.1477196944996552,-0.07248964366818561,0.03491098291014679,0.08098089197002298,0.2003986248801581,0.23381194257714097,0.11489521703698298,-0.0999700209388422,0.07005401500590938,0.058502368525771224,0.20526165715687936,0.20363150902807786,0.400543972817739,0.14588607628078512,-0.07350944374836135,0.03763104343676359
1.94,0.14917855526246304,-0.07322473810566922,0.03528729334451443,0.08201191389860378,0.20227979226145953,0.2360524643140047,0.11505604937986846,-0.10061815648895323,0.07069109170107143,0.058795937496782635,0.20613656804176925,0.20421663603799844,0.39978390315449397,0.14654278907874282,-0.07384743308497828,0.03782731758676861
1.95,0.15064398315325048,-0.073963212436519,0.035665566520382115,0.08305191452347656,0.20416693521231852,0.23830250979943612,0.1152111233909567,-0.1012667400682333,0.0713309645418349,0.059089570162430265,0.20700855945503668,0.20479675468860037,0.3990247233474382,0.1471989459692468,-0.07418469127495154,0.038023203251498605
1.96,0.15211597261294293,-0.07470505934926852,0.0360457985528971,0.08410094059381508,0.20605999341744313,0.24056207602077415,0.11536042298065101,-0.10191574371730326,0.0719736196541117,0.05938326451431597,0.20787759937790704,0.20537185916461387,0.39826643324240524,0.1478545511345561,-0.07452121257873778,0.038218693311441176
1.97,0.15359451812428848,-0.0754502714750559,0.03642798548601151,0.08515903885385423,0.2079589060545717,0.24283116020689713,0.11550393225139254,-0.10256513925436958,0.07261904285397806,0.059677018451607826,0.20874365564985567,0.2059419437203049,0.3975090327855847,0.14850960864871854,-0.07485699123888888,0.03841378063268153
1.98,0.15507961421077568,-0.07619884138744479,0.03681212329233833,0.08622625603920765,0.2098636117935609,0.2451097598260042,0.11564163550154041,-0.1032148982781639,0.07326721964780597,0.05997082978117066,0.20960669597475262,0.20650700268289188,0.3967525220239568,0.14916412247668803,-0.0751920214807612,0.03860845806761842
1.99,0.15657125543554257,-0.0769507616022524,0.03719820787301451,0.08730263887314507,0.21177404879555967,0.24739787258332996,0.11577351722925351,-0.1038649921709265,0.0739181352324474,0.060264696217708434,0.21046668792703274,0.2070670304559483,0.3959969011057065,0.1498180964734588,-0.07552629751324026,0.03880271845569801
2.0,0.15806943640027715,-0.07770602457738479,0.03758623505757149,0.08838823406282831,0.21369015471227007,0.24969549641879143,0.11589956213637262,-0.10451539210143355,0.07457177449547191,0.060558615383918706,0.21132359895789063,0.20762202152278986,0.3952421702806169,0.1504715343832177,-0.07585981352947985,0.03899655462416515
2.0100000000000002,0.15957415174410933,-0.0784646227126796,0.03797620060381314,0.0894830882955051,0.21561186668529478,0.2520026295045659,0.11601975513230191,-0.10516606902806808,0.07522812201545788,0.060852584810659346,0.21217739640149955,0.20817197044984626,0.3944883299004414,0.15112443983851434,-0.07619256370765617,0.039189959388832046
2.02,0.16108539614249448,-0.07922654834975615,0.03836810019770146,0.09058724823465991,0.2175391213455725,0.25431927024259937,0.11613408133788852,-0.10581699370193437,0.07588716206233821,0.0611466019371277,0.2130280474812537,0.20871687189001636,0.39373538041925404,0.15177681635945034,-0.07652454221173642,0.039382925554864064
2.0300000000000002,0.16260316430608898,-0.07999179377187352,0.038761929453250105,0.09170076051612083,0.2194718548129014,0.25664541726204326,0.11624252608929916,-0.10646813667001594,0.0765488785978008,0.061440664111052326,0.21387551931603319,0.2092567205860067,0.3929833223937793,0.15242866735288682,-0.07685574319226182,0.039575445917582615
2.04,0.16412745097961784,-0.08076035120379613,0.03915768391242593,0.09282367174412152,0.22141000269555128,0.2589810694166201,0.11634507494189253,-0.10711946827837653,0.07721325527574435,0.06173476858889761,0.21471977892649072,0.2097915113736522,0.39223215648369875,0.1530799961116718,-0.07718616078714483,0.039767513263284864
2.05,0.16565825094073455,-0.08153221281166757,0.03955535904505878,0.09395602848731748,0.22335350008996477,0.2613262257819152,0.11644171367408629,-0.1077709586754043,0.07788027544279004,0.06202891253608121,0.21556079324135946,0.21032123918521908,0.3914818834519359,0.1537308058138871,-0.0775157891224803,0.03995912037007996
2.06,0.16719555899887342,-0.08230737070289237,0.03995495024875958,0.09509787727475558,0.22530228158054838,0.26368088565259507,0.1165324282912176,-0.10842257781509868,0.0785499221388493,0.062323093027204776,0.216398529103781,0.21084589905268866,0.39073250416491984,0.1543810995221153,-0.07784462231337085,0.04015026000874172
2.07,0.16873936999409458,-0.08308581692602608,0.040356452848846994,0.09624926459179611,0.22725628123955358,0.2660450485395497,0.11661720502939586,-0.10907429546039984,0.07922217809774844,0.06261730704629778,0.2172329532776527,0.211365486111022,0.3899840195928246,0.15503088018272737,-0.07817265446476535,0.04034092494357754
2.08,0.17028967879592186,-0.08386754347067374,0.04075986209828277,0.09741023687598621,0.22921543262704863,0.2684187141669596,0.11669603035934656,-0.10972608118656062,0.07989702574791031,0.06291155148707493,0.21806403245399386,0.21187999560140447,0.38923643080978676,0.15568015062519108,-0.07849987967231158,0.04053110793331326
2.09,0.17184648030217375,-0.08465254226739685,0.04116517317761591,0.09858084051288386,0.23117966879098156,0.2708018824692851,0.11676889099024494,-0.11037790438456026,0.08057444721309354,0.06320582315320707,0.21889173325732905,0.21238942287446966,0.38848973899410044,0.15632891356140077,-0.07882629202322143,0.040720801731993723
2.1,0.17340976943778777,-0.08544080518762906,0.041572381194935844,0.09976112183183157,0.23314892226733488,0.27319455358817724,0.11683577387353841,-0.11102973426456014,0.08125442431318958,0.06350011875860584,0.2197160222520886,0.21289376339350205,0.3877439454283872,0.15697717158502852,-0.0791518855971497,0.0409099990898989
2.11,0.17497954115363806,-0.08623232404360055,0.041981481185834835,0.10095112710167874,0.23512312508037234,0.2755967278693097,0.11689666620675632,-0.11168153985940085,0.08193693856507817,0.06379443492772223,0.2205368659490248,0.2133930127376177,0.3869990514997451,0.157624927170898,-0.07947665446708536,0.04109869275447531
2.12,0.17655579042534705,-0.0870270905882714,0.042392468113379586,0.10215090252645172,0.23710220874297827,0.27800840585913017,0.11695155543730601,-0.11233329002814046,0.08262197118354132,0.06408876819585904,0.22135423081164274,0.21388716660492255,0.3862550586998718,0.1582721826743797,-0.07980059270025583,0.041286875471282285
2.13,0.17813851225209085,-0.08782509651527397,0.04280533686809241,0.10336049424097077,0.23908610425709026,0.28042958830153025,0.11700042926625395,-0.11298495345963352,0.0833095030822363,0.06438311500949759,0.2221680832626454,0.2143762208156474,0.38551196862516496,0.15891894033081,-0.08012369435904312,0.041474539984953145
2.14,0.17972770165539895,-0.08862633345886439,0.04322008226794194,0.10457994830641282,0.2410747421142251,0.2828602761344332,0.11704327565209052,-0.11363649867615054,0.08399951487472787,0.06467747172663856,0.2229783896903913,0.21486017131525917,0.3847697829767984,0.15956520225493268,-0.08044595350191244,0.041661679040170804
2.15,0.18132335367794827,-0.08943079299388351,0.04363669905834365,0.1058093107058192,0.24306805229609896,0.28530047048629814,0.11708008281447745,-0.1142878940370375,0.08469198687558013,0.06497183461715728,0.2237851164553643,0.2153390141775477,0.38402850356077395,0.1602109704403642,-0.08076736418435267,0.041848285382657495
2.16,0.1829254633823519,-0.09023846663572704,0.04405518191217023,0.1070486273395473,0.24506596427534194,0.2877501726725398,0.11711083923797656,-0.114939107742415,0.08538689910150815,0.06526619986317346,0.2245882298966541,0.21581274560768735,0.3832881322879488,0.16085624675908278,-0.08108792045982835,0.042034351760178536
2.17,0.18453402584994275,-0.09104934584032533,0.04447552542977201,0.10829794402066535,0.24706840701630758,0.29020938419186276,0.1171355336757586,-0.1155901078369166,0.08608423127258968,0.06556056355943549,0.22538769633844655,0.21628136194527306,0.3825486711740379,0.16150103296094184,-0.08140761638074315,0.04221987092355961
2.18,0.18614903617955217,-0.09186342200413276,0.04489772413900761,0.10955730647028918,0.24907530897597774,0.2926781067225098,0.1171541551532909,-0.116240862213466,0.08678396281353727,0.06585492171371946,0.2261834820965227,0.21674485966732987,0.38181012233959233,0.16214533067320774,-0.08172644599941412,0.04240483562771741
2.19,0.18777048948628425,-0.0926806864641269,0.04532177249528478,0.11082676031286016,0.2510865981049633,0.2951563421184222,0.11716669297200272,-0.11689133861709246,0.08748607285503078,0.06614927024724292,0.2269755534847655,0.21720323539129555,0.3810724880099521,0.16278914140012266,-0.0820444033690574,0.04258923863270331
2.2,0.18939838090028546,-0.09350113049781747,0.04574766488161181,0.11210635107136337,0.25310220184860105,0.29764409240531164,0.11717313671292683,-0.11754150464878411,0.08819054023511078,0.06644360499509351,0.22776387682167293,0.21765648587797545,0.3803357705151733,0.16343246652249266,-0.08236148254478377,0.04277307270475973
2.21,0.19103270556551039,-0.0943247453232653,0.04617539560865941,0.11339612416248489,0.2551220471481473,0.3001413597766437,0.11717347624031636,-0.11819132776937862,0.08889734350063268,0.06673792170667259,0.2285484184368765,0.21810460803446918,0.37959997228993125,0.16407530729730127,-0.08267767758460488,0.042956330617388835
2.22,0.1926734586384834,-0.09515152209911136,0.046604958914833294,0.11469612489170751,0.25714606044206845,0.30264814658952977,0.11716770170523551,-0.11884077530349058,0.08960646090878202,0.0670322160461538,0.22932914467766416,0.21854759891706826,0.37886509587339706,0.16471766485734912,-0.08299298255044939,0.04313900515243339
2.23,0.1943206352870569,-0.09598145192461585,0.04703634896635763,0.1160063984483437,0.2591741676674292,0.30516445536052866,0.11715580354912275,-0.11948981444347533,0.09031787042865086,0.06732648359295679,0.23010602191550591,0.21898545573412426,0.3781311439090884,0.1653595402109195,-0.08330739150918863,0.04332108910116915
2.24,0.19597423068916608,-0.09681452583970773,0.04746955985736932,0.11732698990050501,0.2612062942613785,0.30769028876135546,0.11713777250732565,-0.12013841225342836,0.09103154974287546,0.06762071984223608,0.2308790165525817,0.21941817584888665,0.3773981191446957,0.16600093424147086,-0.08362089853367168,0.04350257526540879
2.25,0.19763424003158078,-0.09765073482504445,0.04790458561002341,0.11865794419000691,0.26324236516273386,0.3102256496144975,0.1171135996126057,-0.12078653567322,0.0917474762493353,0.06791492020538513,0.23164809502830955,0.21984575678230991,0.3766660244318808,0.16664184770735577,-0.0839334977037696,0.04368345645861674
2.2600000000000002,0.19930065850865433,-0.09849006980208215,0.04834142017460958,0.11999930612720824,0.26528230481366427,0.3127705408887363,0.11708327619861213,-0.12143415152256454,0.09246562706291356,0.0682090800105557,0.23241322382587346,0.2202681962158291,0.37593486272605126,0.16728228124156744,-0.08424518310742825,0.04386372550703472
2.27,0.20097348132107,-0.09933252163315644,0.048780057429679925,0.12135112038578418,0.2673260371614721,0.3153249656945743,0.11704679390332334,-0.12208122650512344,0.09318597901731897,0.06850319450319252,0.23317436947874934,0.2206854919941033,0.3752046370861067,0.16792223535151324,-0.08455594884172958,0.04404337525081758
2.2800000000000002,0.20265270367458516,-0.10017808112157374,0.0492204911821881,0.12271343149743189,0.2693734856604744,0.31788892727956614,0.11700414467245487,-0.12272772721264175,0.09390850866696919,0.06879725884658329,0.23393149857722792,0.22109764212772634,0.37447535067416016,0.1685617104188161,-0.08486578901396086,0.044222398545179016
2.29,0.2043383207787733,-0.10102673901171334,0.04966271516763989,0.12408628384650798,0.27142457327398445,0.32046242902355276,0.1169553207628325,-0.12337362012911723,0.09463319228893562,0.06909126812242408,0.2346845777749334,0.2215046447959041,0.37374700675523276,0.16920070669914405,-0.08517469774269192,0.04440078826154681
2.3000000000000003,0.20603032784576475,-0.10187848598914026,0.05010672305025536,0.12546972166459677,0.27347922247639245,0.32304547443379805,0.11690031474572934,-0.12401887163500155,0.09536000588494964,0.06938521733140018,0.2354335737953364,0.22190649834909792,0.37301960869692097,0.169839224322068,-0.0854826691588595,0.04457853728872736
2.31,0.20772872008898544,-0.10273331268072886,0.050552508423142635,0.1268637890250085,0.27553735525534756,0.3256380671400273,0.11683911951016578,-0.12466344801143271,0.0960889251834702,0.06967910139378233,0.23617845343826002,0.22230320131163336,0.3722931599690383,0.17047726329094745,-0.0857896974068588,0.0447556385340787
2.32,0.2094334927218949,-0.10359120965479744,0.051000064808483424,0.12826852983720657,0.27759889311404035,0.32824021088936595,0.11677172826617077,-0.12530731544449814,0.09681992564181274,0.06997291515003841,0.23691918358637784,0.2226947523842736,0.37156766414323,0.17111482348284607,-0.0860957766456416,0.044932084924692244
2.33,0.21114464095672336,-0.10445216742125386,0.05144938565773035,0.129683987841163,0.27966375707358637,0.3308519095411784,0.11669813454800367,-0.12595044002952765,0.09755298244833926,0.07026665336146061,0.23765573121170216,0.22308115044675728,0.37084312489256077,0.17175190464847523,-0.08640090104982101,0.04510786940858219
2.34,0.21286216000320812,-0.10531617643175208,0.051900464351816174,0.131110206601641,0.28173186767551134,0.3334731670618059,0.116618332217335,-0.12659278777541563,0.09828807052470949,0.07056031071080807,0.23838806338206153,0.22346239456029954,0.37011954599107527,0.17238850641216727,-0.08670506481078179,0.04528298495588262
2.35,0.21458604506732978,-0.10618322707985989,0.052353294201375,0.13254722950240413,0.28380314498433784,0.33610398751920284,0.11653231546638528,-0.12723432460897158,0.0990251645281929,0.07085388180296488,0.23911614726756605,0.2238384839700563,0.36939693131333273,0.17302462827187826,-0.08700826213779655,0.04545742456005169
2.36,0.21631629135004857,-0.10705330970123786,0.05280786844697552,0.13399509974035098,0.28587750859027433,0.33874437507747013,0.11644007882102039,-0.12787501637929824,0.09976423885404159,0.07114736116561364,0.23983995014705903,0.22420941810755077,0.36867528483391365,0.17366026959922012,-0.08731048725914715,0.04563118123908247
2.37,0.21805289404604078,-0.10792641457382933,0.05326418025936634,0.1354538603195744,0.28795487761200617,0.34139433399128594,0.11634161714380269,-0.12851482886219673,0.10050526763792357,0.07144074324992433,0.24055943941455368,0.22457519659306172,0.3679546106268993,0.17429542963952296,-0.0876117344232508,0.045804248036720285
2.38,0.219795848342436,-0.10880253191806184,0.053722222739733545,0.13692355404534484,0.2900351706995897,0.34405386860023185,0.11623692563699624,-0.12915372776459752,0.10124822475841647,0.07173402243125865,0.24127458258565368,0.22493581923797287,0.36723491286532567,0.17493010751192725,-0.08791199789979101,0.045976618023685634
2.39,0.2215451494175553,-0.10968165189705975,0.0541819889199704,0.1384042235180165,0.29211830603744876,0.3467229833230149,0.11612599984552538,-0.12979167872901676,0.10199308383956127,0.07202719300988968,0.24198534730395577,0.22529128604708304,0.366516195820608,0.17556430220950625,-0.08821127198085205,0.046148284298902664
2.4,0.22330079243965034,-0.11056376461686827,0.054643471762959424,0.13989591112685595,0.2942042013474747,0.34940168265158367,0.11600883565988522,-0.13042864733803697,0.10273981825347586,0.07232024921173688,0.24269170134743337,0.225641597220876,0.36579846386194037,0.1761980125994188,-0.0885095509820578,0.04631923999073264
2.41,0.22506277256564453,-0.11144886012668885,0.05510666416286675,0.14139865904379212,0.29629277389222963,0.352089971145139,0.11588542931900303,-0.13106459911881121,0.10348840112302816,0.07261318518911634,0.24339361263479975,0.2259867531577502,0.36508172145566675,0.17683123742309306,-0.0888068292437133,0.04648947825821188
2.42,0.22683108493987544,-0.11233692841912599,0.055571558945448865,0.14291250921708692,0.29838394047825323,0.3547878534240373,0.11575577741304932,-0.13169949954758992,0.1042388053245683,0.07290599502150628,0.24409104923184904,0.2263267544562069,0.3643659731646255,0.1774639752964402,-0.08910310113194966,0.04665899229229371
2.43,0.22860572469283985,-0.11322795943044549,0.0560381488683718,0.14443750336492603,0.30047761745947377,0.3574953341635871,0.11561987688619749,-0.1323333140542695,0.10499100349071983,0.0731986727163277,0.2447839793577742,0.22666160191699708,0.3636512236474664,0.1780962247100997,-0.08939836103987114,0.04682777531709417
2.44,0.23038668693994085,-0.11412194304084419,0.05650642662154274,0.1459736829689286,0.30257372074072286,0.36021241808773746,0.11547772503933099,-0.13296600802696193,0.10574496801322922,0.07349121220974011,0.24547237139145997,0.22699129654522576,0.3629374776579412,0.1787279840297152,-0.08969260338870468,0.04699582059114074
2.45,0.232173966780238,-0.11501886907473124,0.056976384827454145,0.14752108926757576,0.30467216578135464,0.3629391099626581,0.11532931953269678,-0.13359754681658403,0.10650067104587367,0.07378360736745232,0.24615619387774965,0.2273158395524138,0.3622247400441663,0.1793592514962416,-0.08998582262895079,0.047163121408623825
2.46,0.2339675592952004,-0.11591872730102075,0.05744801604154038,0.14907976324955674,0.30677286759896955,0.3656754145902101,0.11517465838850403,-0.13422789574146604,0.10725808450742641,0.07407585198554814,0.24683541553368438,0.2276352323585163,0.3615130157478587,0.17999002522628302,-0.09027801324153605,0.047329671100650395
2.47,0.23576745954746325,-0.11682150743343611,0.05792131275254688,0.1506497456470322,0.30887574077324254,0.36842133680130756,0.11501373999346709,-0.13485702009197814,0.10801718008467934,0.07436793979132697,0.24751000525471317,0.2279494765938972,0.3608023098035453,0.1806203032124626,-0.09056916973896623,0.047495463036499444
2.48,0.23757366257958787,-0.11772719913082577,0.05839626738291188,0.1522310769288141,0.3109806994498565,0.37117688144916905,0.1148465631012914,-0.13548488513517407,0.10877792923552243,0.07465986444415909,0.2481799321208725,0.22825857410125963,0.36009262733774455,0.18125008332382306,-0.09085928666648001,0.04766049062487875
2.49,0.2393861634128261,-0.11863579199749057,0.05887287228916067,0.15382379729346135,0.3130876573445405,0.3739420534024585,0.11467312683510159,-0.13611145611945097,0.10954030319207937,0.07495161953635572,0.2488451654029339,0.22856252693753135,0.35938397356812174,0.18187936330625895,-0.09114835860320278,0.04782474731518212
2.5,0.24120495704588868,-0.1195472755835226,0.05935111976231249,0.1554279466622909,0.315196527747213,0.37671685753831546,0.11449343068981048,-0.13673669827922433,0.11030427296389902,0.07524319859405353,0.24950567456851805,0.22886133737570483,0.35867635380261764,0.1825081407829804,-0.09143638016329982,0.04798822659874738
2.5100000000000002,0.24303003845371848,-0.1204616393851556,0.05983100202829997,0.15704356467230335,0.31730722352623086,0.37950129873527366,0.11430747453442816,-0.1373605768396172,0.11106980934120213,0.07553459507811365,0.2501614292881742,0.2291550079066316,0.3579697734385498,0.18313641325500826,-0.09172334599712917,0.04815092201011394
2.52,0.24486140258626857,-0.12137887284512688,0.060312511248401104,0.15867069066902292,0.31941965713274334,0.3822953818660685,0.11411525861430989,-0.13798305702116237,0.11183688289818264,0.075825802385035,0.250812399441423,0.22944354124077032,0.3572642379616872,0.1837641781017006,-0.0920092507923927,0.048312827128279605
2.5300000000000002,0.24669904436728557,-0.1222989653530508,0.0607956395196839,0.160309363699251,0.3215337406051519,0.38509911179033207,0.11391678355334212,-0.13860410404451692,0.11260546399636318,0.07611681384788181,0.2514585551227617,0.22972694030988802,0.35655975294529973,0.1843914325813111,-0.09229408927528591,0.0484739355779565
2.54,0.24854295869309867,-0.12322190624580366,0.06128037887546346,0.1619596225037329,0.3236493855736756,0.38791249334717626,0.11371205035606541,-0.1392236831351877,0.11337552278800397,0.0764076227372252,0.25209986664763023,0.23000520826871415,0.35585632404917916,0.18501817383157856,-0.09257785621164545,0.048634241030825046
2.5500000000000003,0.2503931404314145,-0.12414768480792011,0.061766721285771715,0.16362150550973734,0.3257665032650224,0.3907355313476632,0.11350106040973343,-0.1398417595282669,0.11414702921956464,0.07669822226209871,0.25273630455833623,0.23027834849654702,0.3551539570186358,0.1856443988703483,-0.09286054640809445,0.04879373720678604
2.56,0.25224958442011797,-0.12507629027200107,0.06225465865783958,0.1652950508235483,0.32788500450716573,0.39356823056716306,0.11328381548630702,-0.1404582984731767,0.11491995303521818,0.07698860557096754,0.25336783962993836,0.23054636459881211,0.35445265768346784,0.18627010459622453,-0.09314215471318442,0.048952417875209965
2.57,0.2541122854660802,-0.12600771181913292,0.06274418283659168,0.1669802962228688,0.3300047997342279,0.39641059573759896,0.11306031774438247,-0.14107326523842173,0.11569426378041646,0.07727876575271149,0.25399444287608586,0.23080926040857194,0.353752431956905,0.18689528778925488,-0.09342267601853432,0.04911027685618315
2.58,0.2559812383439728,-0.12694193857931826,0.06323528560515351,0.1686772791491362,0.3321257989914685,0.3992626315395789,0.11283056973105302,-0.14168662511634855,0.11646993080550654,0.07756869583762137,0.254616085554813,0.23106703998798686,0.35305328583452666,0.18751994511164546,-0.09370210525996538,0.049267308021750375
2.59,0.25785643779508927,-0.12787895963191792,0.06372795868537101,0.17038603669974894,0.3342479119403793,0.40212434259441454,0.11259457438370277,-0.14229834342791073,0.11724692326939709,0.0778583887984086,0.2552327391742874,0.23131970762972676,0.3523552253931537,0.18814407310850786,-0.09398043741863195,0.04942350529715332
2.6,0.25973787852617436,-0.12881876400610423,0.06422219373834255,0.17210660562020436,0.3363710478638851,0.4049957334560268,0.11235233503173209,-0.1429083855274387,0.11802521014327416,0.0781478375512281,0.25584437549850997,0.2315672678583328,0.3516582567897161,0.18876766820863705,-0.09425766752214766,0.0495788626620643
2.61,0.26162555520826075,-0.12976134068132572,0.06471798236496319,0.17383902229614695,0.3384951156716506,0.4078768086027384,0.11210385539821374,-0.1435167168074132,0.1188047602143655,0.07843703495671399,0.25645096655296606,0.23180972543152928,0.3509623862600933,0.18939072672532056,-0.09453379064570645,0.04973337415181508
2.62,0.26351946247551394,-0.1307066785877828,0.06521531610648135,0.17558332274532776,0.340620023905493,0.41076757242895323,0.11184913960147881,-0.14412330270324114,0.11958554208975271,0.0787259738210281,0.2570524846302257,0.23204708534148508,0.35026762011793167,0.19001324485717855,-0.09480880191319802,0.04988703385861975
2.63,0.26541959492408573,-0.13165476660691477,0.06571418644506755,0.17733954260947385,0.342745680744901,0.41366802923672275,0.11158819215663171,-0.14472810869803276,0.12036752420023028,0.0790146468969211,0.2576489022954915,0.23227935281602405,0.3495739647534355,0.1906352186890347,-0.09508269649831753,0.05003983593279182
2.64,0.26732594711097607,-0.13260559357189794,0.06621458480439546,0.17910771714606838,0.34487199401265956,0.4165781832271994,0.11132101797699347,-0.1453311003273792,0.12115067480421095,0.07930304688480594,0.2582401923920933,0.23250653331978458,0.3488814266321343,0.19125664419281818,-0.09535546962566854,0.05019177458395442
2.65,0.26923851355290424,-0.13355914826815463,0.06671650255023501,0.18088788122004085,0.3469988711805803,0.4194980384919775,0.11104762237547249,-0.1459322431841289,0.12193496199167611,0.07959116643384351,0.25882632804692784,0.23272863255532758,0.3481900122936248,0.1918775172284956,-0.09562711657185975,0.0503428440822435
2.66,0.2711572887251892,-0.1345154194338732,0.06721993099105744,0.1826800692953678,0.3491262193753384,0.42242759900432136,0.11076801106586216,-0.14653150292316208,0.12272035368817082,0.07987899814304023,0.259407282675842,0.2329456564641927,0.34749972835029036,0.19249783354503422,-0.09589763266659376,0.050493038759503464
2.67,0.27308226706063954,-0.13547439576053916,0.06772486137865248,0.1844843154265838,0.3512539453844146,0.42536686861028167,0.1104821901640645,-0.14712884526616202,0.12350681765884221,0.0801665345623574,0.2599830299889584,0.23315761122790263,0.34681058148599464,0.19311758878139423,-0.09616701329374878,0.0506423530104745
2.68,0.2750134429484535,-0.13643606589347665,0.06823128490875723,0.18630065325020304,0.35338195566214337,0.4283158510196997,0.11019016618923917,-0.14772423600638196,0.12429432151252053,0.0804537681938321,0.26055354399594194,0.2333645032689148,0.34612257845475286,0.1937367784675524,-0.09643525389245196,0.050790781293971604
2.69,0.276950810733129,-0.13740041843240117,0.06873919272169694,0.18812911597605125,0.3555101563358661,0.4312745497971002,0.1098919460648772,-0.1483176410134065,0.12508283270584183,0.08074069149270938,0.26111879901120616,0.23356633925152084,0.3454357260793791,0.19435539802555446,-0.0967023499581443,0.050938318134054195
2.7,0.2788943647133845,-0.1383674419319826,0.06924857590303748,0.18996973637850872,0.35763845321219023,0.43424296835247356,0.10958753711979892,-0.1489090262379063,0.12587231854741138,0.0810272968685855,0.2616787696590575,0.23376312608269292,0.3447500312501112,0.19497344277059755,-0.0969682970436365,0.051084958121186394
2.71,0.2808440991410905,-0.13933712490241898,0.06975942548424935,0.1918225467876643,0.3597667517833536,0.4372211099319469,0.10927694708907519,-0.149498357716385,0.12666274620200674,0.08131357668656199,0.26223343087877665,0.2339548709128772,0.34406550092321264,0.1955909079121422,-0.09723309076015577,0.051230695913387136
2.72,0.2828000082202119,-0.14030945581002055,0.07027173244338322,0.19368757908038067,0.3618949572336936,0.4402089776083462,0.10896018411487164,-0.15008560157591702,0.12745408269481956,0.08159952326841041,0.2627827579296356,0.2341415811367338,0.34338214211955104,0.19620778855505286,-0.09749672677838239,0.05137552623736965
2.73,0.2847620861057624,-0.14128442307780437,0.07078548770575692,0.19556486467127154,0.3640229744462214,0.4432065742716482,0.10863725674721521,-0.15067072403887535,0.12824629491573522,0.08188512889374729,0.2633267263958491,0.23432326439382348,0.3426999619231564,0.19682407970076776,-0.0977592008294767,0.051519443889670155
2.74,0.2867303269027701,-0.14226201508609915,0.07130068214465363,0.197454434503591,0.3661507080093013,0.4462139026193247,0.10830817394468242,-0.15125369142764794,0.12903934962364894,0.08217038580121924,0.2638653121914587,0.23449992856924037,0.3420189674797559,0.19743977624849723,-0.09802050870609513,0.05166244373776472
2.75,0.2887047246652551,-0.1432422201731601,0.07181730658203127,0.19935631904003534,0.36827806222343396,0.44923096514657823,0.10797294507500906,-0.1518344701693414,0.1298332134508177,0.08245528618969795,0.2643984915651491,0.23467158179419112,0.3413391659952879,0.19805487299644997,-0.0982806462633951,0.05180452072117453
2.7600000000000002,0.2906852733952196,-0.14422502663579406,0.07233535178924301,0.20127054825345855,0.37040494110814465,0.45225776413647145,0.10763157991562049,-0.1524130268004713,0.13062785290724657,0.0827398222194846,0.26492624110499485,0.2348382324465197,0.3406605647343952,0.19866936464308774,-0.09853960942002914,0.05194566985255829
2.77,0.2926719670416505,-0.14521042272999435,0.0728548084877686,0.20319715161750118,0.372531248408975,0.45529430164995005,0.10728408865408248,-0.1529893279716374,0.13142323438510864,0.08302398601352369,0.2654485377431362,0.23499988915117825,0.3399831710188971,0.19928324578840717,-0.09879739415912649,0.05208588621879206
2.7800000000000002,0.29466479949953456,-0.1461983966715856,0.07337566734995651,0.20513615809713415,0.37465688760457877,0.4583405795157609,0.10693048188847186,-0.15356334045218276,0.13221932416319726,0.08330776965862585,0.2659653587603832,0.23515656078064365,0.3393069922262408,0.19989651093524946,-0.09905399652926321,0.0522251649820356
2.79,0.29666376460888705,-0.14718893663687824,0.07389791899977687,0.2070875961391176,0.3767817619139211,0.4613965993202657,0.10657077062766668,-0.15413503113483595,0.13301608841140952,0.08359116520669939,0.2664766817907466,0.23530825645527942,0.3386320357879338,0.20050915449063644,-0.09930941264541913,0.05236350138078484
2.8000000000000003,0.2986688561537934,-0.14818203076333242,0.07442155401358472,0.20905149366237608,0.37890577430358113,0.46446236239715233,0.1062049662915556,-0.1547043670403345,0.13381349319525992,0.0838741646759903,0.2669824848258946,0.23545498554364339,0.3379583091879561,0.20112117076713357,-0.09956363868992238,0.05250089073091013
2.81,0.30068006786146473,-0.14917766715023165,0.07494656292089381,0.21102787804829062,0.38102882749515715,0.4675378698170437,0.10583308071116602,-0.15527131532202892,0.13461150448042292,0.08415676005233047,0.267482746219534,0.23559675766274057,0.3372858199611527,0.2017325539842389,-0.09981667091338015,0.05263732842667972
2.82,0.30269739340130714,-0.15017583385936545,0.07547293620516062,0.21301677613090894,0.38315082397277456,0.47062312237700665,0.1054551261287108,-0.1558358432704661,0.1354100881373034,0.0844389432903937,0.2679774446917148,0.2357335826782216,0.33661457569160896,0.20234329826979822,-0.10006850563559612,0.05277280994176821
2.83,0.3047208263840051,-0.1511765189157214,0.0760006643045783,0.2150182141870746,0.3852716659906958,0.4737181205899613,0.10507111519755304,-0.15639791831795055,0.1362092099456337,0.08472070631495937,0.2684665593330572,0.23586547070452618,0.33594458401100574,0.20295339766144524,-0.10031913924647355,0.05290733083024931
2.84,0.30675036036061953,-0.15217971030818614,0.0765297376128808,0.21703221792647634,0.3873912555810322,0.4768228646739931,0.10468106098208896,-0.15695750804308284,0.13700883559909618,0.0850020410221834,0.2689500696088997,0.23599243210497206,0.3352758525969578,0.20356284610806685,-0.10056856820690409,0.053040886727572435
2.85,0.3087859888217002,-0.15318539599025519,0.07706014648015652,0.21905881248161893,0.3895094945615573,0.4799373545415678,0.10428497695754847,-0.15751458017527345,0.1378089307099699,0.08528293928087607,0.26942795536336767,0.23611447749178913,0.3346083891713349,0.2041716374712933,-0.10081678904964184,0.053173473351523344
2.86,0.3108277051964132,-0.15419356388075162,0.07759188121367175,0.2210980223977165,0.3916262845436206,0.48306158978865243,0.10388287700971324,-0.1580691025992316,0.13860946081380052,0.08556339293378672,0.26990019682336036,0.23623161772609877,0.3339422014985645,0.20477976552701188,-0.10106379838016187,0.0533050865031673
2.87,0.3128755028516833,-0.15520420186455325,0.07812493207870343,0.22314987162251004,0.3937415269401623,0.4861955696837431,0.1034747754345522,-0.15862104335942726,0.13941039137409172,0.08584339379889457,0.27036677460245667,0.23634386391783863,0.33327729738391976,0.20538722396690498,-0.10130959287750402,0.053435722067775415
2.88,0.3149293750913524,-0.1562172977933283,0.07865928929938118,0.22521438349601022,0.39585512297382797,0.48933929315680097,0.1030606869377742,-0.15917037066452555,0.14021168778701754,0.08612293367070578,0.2708276697047377,0.23645122742563252,0.33261368467179,0.2059940064000108,-0.10155416929510011,0.0535653760157332
2.89,0.3169893151553525,-0.1572328394862793,0.07919494305953852,0.2272915807401674,0.39796697368518247,0.4924927587880991,0.10264062663429788,-0.15971705289179233,0.14101331538615378,0.08640200432155613,0.2712828635285254,0.23655371985660575,0.3319513712439362,0.20660010635430726,-0.1017975244615855,0.053694044403431083
2.9,0.3190553162188956,-0.15825081473089517,0.07973188350357283,0.22938148544847,0.40007697994102315,0.49565596479698193,0.1022146100476385,-0.16026105859146975,0.14181523944722757,0.08668059750291911,0.2717323378700364,0.23665135306614607,0.3312903650177316,0.20720551727831774,-0.10203965528159385,0.053821723374136404
2.91,0.3211273713916788,-0.1592712112837111,0.08027010073731419,0.23148411907547348,0.4021850424427912,0.49882890903053834,0.1017826531092119,-0.16080235649112068,0.1426174251928837,0.08695870494671912,0.27217607492695034,0.23674413915760983,0.330630673944387,0.20781023254273898,-0.10228055873653519,0.05394840915884677
2.92,0.3232054737171062,-0.16029401687107644,0.08080958482890266,0.23359950242626115,0.40429106173508117,0.5020115889521921,0.10134477215755533,-0.16134091549994103,0.14341983779746648,0.08723631836664941,0.2726140573018909,0.2368320904819741,0.3299723060071621,0.20841424544208997,-0.10252023188535697,0.054074098077123996
2.93,0.3252896161715271,-0.16131921918993,0.0813503258096739,0.23572765564583922,0.40639493821424755,0.5052040016302103,0.10090098393746533,-0.16187670471303864,0.14422244239181578,0.08751342945949445,0.2730462680058202,0.23691521963743428,0.32931526921956433,0.20901754919638182,-0.10275867186528764,0.05419878653790878
2.94,0.3273797916634909,-0.1623468059085829,0.08189231367505298,0.23786859820846756,0.4084965721371081,0.5084061437261329,0.10045130559905269,-0.16240969341567765,0.14502520406807612,0.08779002990645633,0.273472690461344,0.2369935394689479,0.3286595716235327,0.2096201369528076,-0.10299587589256234,0.0543224710403153
2.95,0.329475993033019,-0.1633767646675085,0.08243553838545613,0.2400223489069287,0.4105958636297432,0.5116180114831256,0.09999575469671448,-0.16293985108748757,0.14582808788451723,0.088066111374485,0.2738933085059282,0.23706706306772415,0.3280052212876104,0.21022200178745173,-0.10323184126313087,0.05444514817440555
2.96,0.3315782130508935,-0.16440908308013982,0.08297998986720018,0.24218892584173693,0.4126927126963904,0.5148396007142583,0.09953434918802344,-0.16346714740663543,0.1466310588703651,0.08834166551761183,0.2743081063950253,0.2371358037706599,0.32735222630510546,0.2108231367070193,-0.10346656535334721,0.054566814621943224
2.97,0.3336864444179637,-0.1654437487336733,0.08352565801341962,0.24436834641028993,0.414787019228434,0.5180709067907119,0.09906710743253452,-0.16399155225396045,0.14743408203064193,0.08861668397828629,0.27471706880511015,0.23719977515972204,0.32670059479223884,0.21142353465058267,-0.10370004562064035,0.054687467157126725
2.98,0.33580067976446953,-0.1664807491898797,0.08407253268499089,0.2465606272959651,0.41687868301348785,0.5213119246299162,0.09859404819050925,-0.16451303571706982,0.1482371223510138,0.08889115838871539,0.27512018083662415,0.23725899106127646,0.3260503348862827,0.21202318849134724,-0.10393227960416658,0.05480710264730077
2.99,0.337920911649383,-0.16752007198592136,0.08462060371146389,0.2487657844571632,0.41896760374457226,0.524562648683621,0.09811519062155756,-0.16503156809439476,0.14904014480264471,0.08916508037220544,0.2755174280168273,0.23731346554536387,0.32540145474368753,0.212622091038434,-0.10416326492544256,0.054925718053646704
3.0,0.3400471325597673,-0.16856170463517578,0.08516986089200036,0.25098383311630196,0.4210536810293824,0.5278230729259044,0.0976305542831978,-0.1655471198992056,0.14984311434705574,0.08943844154450585,0.2759087963025577,0.23736321292492277,0.3247539625381999,0.21322023503867912,-0.10439299928895873,0.05504331043185086
3.0100000000000002,0.3421793349101541,-0.16960563462806535,0.08572029399631888,0.25321478774876194,0.42313681439964884,0.5310931908411194,0.09714015912933492,-0.16605966186358503,0.1506459959409877,0.08971123351515468,0.2762942720828973,0.23740824775495972,0.3241078664589708,0.21381761317844963,-0.10462148048277396,0.0551598769327509
3.02,0.34431751104193864,-0.1706518494328931,0.08627189276564638,0.2554586620717877,0.42521690332058865,0.5343729954117845,0.09664402550865708,-0.16656916494235852,0.15144875454126644,0.08998344788882551,0.27667384218174373,0.23744858483166736,0.3234631747086548,0.21441421808547484,-0.10484870637908957,0.05527541480295973
3.0300000000000002,0.3464616532227934,-0.171700336496684,0.08682464691367597,0.2577154690333473,0.4272938472004464,0.537662479106419,0.09614217416295125,-0.16707560031698065,0.15225135510966892,0.09025507626667524,0.2770474938602876,0.23748423919149017,0.3228198955015026,0.215010042330693,-0.10507467493480362,0.05538992138546673
3.04,0.3486117536461003,-0.17275108324603206,0.08737854612753064,0.2599852208009525,0.42936754540012406,0.5409616338673268,0.09563462622533789,-0.16757893939937668,0.1530537626177892,0.09052611024769264,0.2774152148193944,0.23751522611013862,0.3221780370614438,0.21560507843011173,-0.10529938419204511,0.055503394120216265
3.0500000000000003,0.35076780443040145,-0.1738040770879525,0.08793358006873281,0.26226792875044347,0.43143789724289916,0.544270451098334,0.09512140321842531,-0.16807915383573813,0.15385594205190262,0.09079654143004706,0.27777699320189103,0.2375415611015518,0.3215376076201647,0.2161993188466831,-0.10552283227868746,0.05561583054466291
3.06,0.3529297976188683,-0.17485930541073938,0.08848973837417944,0.2645636034547405,0.4335048020242297,0.547588921652481,0.09460252705238396,-0.16857621551027166,0.15465785841782714,0.09106636141243724,0.2781328175947558,0.23756325991680907,0.32089861541517883,0.216792755992191,-0.10574501740884151,0.055727228294303335
3.0700000000000003,0.3550977251787902,-0.1759167555848278,0.08904701065712246,0.26687225467256664,0.43556815902164553,0.5509170358196737,0.09407802002294112,-0.1690700965489,0.15545947674578026,0.09133556179543949,0.27848267703121216,0.2375803385429908,0.3202610686878917,0.21738538222915177,-0.10596593788332782,0.05583758510318452
3.08,0.3572715790010817,-0.1769764149636611,0.0896053865081543,0.2691938913371441,0.4376278675047246,0.5542547833142989,0.09354790480929656,-0.1695607693229143,0.15626076209523018,0.09160413418285533,0.2788265609927253,0.23759281320198886,0.31962497568166104,0.21797718987272607,-0.10618559209012751,0.055946898804388405
3.09,0.35945135089980895,-0.17803827088456237,0.0901648554961982,0.2715285215448683,0.4396838267451532,0.5576021532628056,0.09301220447195958,-0.17004820645257668,0.15706167955974026,0.09187207018305785,0.2791644594109012,0.23760070034926717,0.31899034463985154,0.2185681711926424,-0.1064039785048123,0.056055167330492206
3.1,0.36163703261173535,-0.1791023106696105,0.09072540716950311,0.273876152543963,0.4417359360268694,0.560959134191257,0.09247094245050799,-0.17053238081067243,0.15786219427180484,0.0921393614103366,0.27949636266928807,0.23760401667257258,0.3183571838038866,0.21915831841513114,-0.10662109569095339,0.05616238871400476
3.11,0.36382861579588666,-0.18016852162652003,0.09128703105664317,0.27623679072312046,0.44378409465628776,0.5643257140128574,0.09192414256126953,-0.17101326552601065,0.1586622714076755,0.09240599948624076,0.27982226160507995,0.23760277909059668,0.31772550141129624,0.21974762372486795,-0.10683694230050812,0.056268561087778474
3.12,0.36602609203313535,-0.18123689104952512,0.09184971666752095,0.27861044160012993,0.44582820197260536,0.567701880015458,0.09137182899492648,-0.17149083398687265,0.15946187619217636,0.09267197604091999,0.28014214751072136,0.23759700475158885,0.3170953056937624,0.22033607926692733,-0.10705151707418595,0.05637368268539658
3.13,0.3682294528258046,-0.18230740622026698,0.09241345349437492,0.2809971098104991,0.4478681573581868,0.5710876188490455,0.09081402631404382,-0.17196505984440724,0.16026097390350705,0.09293728271446285,0.280456012135414,0.23758671103192117,0.31646660487516215,0.220923677148744,-0.10726481884179165,0.056477751841535986
3.14,0.37043868959729204,-0.1833800544086849,0.09297823101279028,0.2833967990960722,0.4499038602490276,0.5744829165132179,0.09025075945052191,-0.17243591701597208,0.16105952987803196,0.09320191115823222,0.28076384768652407,0.23757191553460538,0.31583940716960957,0.2215104094420825,-0.10747684652254799,0.05658076699230483
3.15,0.37265379369171286,-0.18445482287391038,0.09354403868271333,0.2858095122936489,0.45193521014529464,0.5778877583446526,0.08968205370297398,-0.1729033796884201,0.16185750951505454,0.09346585303619763,0.28106564683089125,0.2375526360877627,0.31521372077949705,0.2220962681850138,-0.10768759912539479,0.056682726675555586
3.16,0.374874756373563,-0.18553169886516432,0.09411086594946888,0.2882352513236085,0.453962106621942,0.5813021290045701,0.08910793473402953,-0.1733674223213306,0.1626548782815754,0.09372910002626386,0.28136140269603777,0.23752889074304676,0.31458955389353555,0.22268124538389875,-0.10789707574926756,0.05678362953117267
3.17,0.377101568827402,-0.186610669622657,0.0946787022447806,0.2906740171785432,0.4559844493394014,0.5847260124661998,0.08852842856756403,-0.1738280196501838,0.16345160171703282,0.09399164382159565,0.2816511088712789,0.23750069777402025,0.31396691468479626,0.22326533301537718,-0.10810527558335248,0.0568834743013351
3.18,0.37933422215755574,-0.18769172237849052,0.09524753698779395,0.2931258099119061,0.45800213805434564,0.5881593920022504,0.08794356158585588,-0.17428514668947842,0.1642476454380243,0.09425347613193817,0.28193475940873375,0.23746807567448583,0.31334581130875233,0.22384852302836203,-0.10831219790732029,0.056982259830753695
3.19,0.3815727073878394,-0.18877484435756373,0.09581735958610149,0.2955906286266777,0.4600150726305231,0.5916022501723915,0.08735336052667134,-0.17473877873579136,0.16504297514300803,0.09451458868493275,0.2822123488242365,0.2374310431567718,0.31272625190132397,0.22443080734603843,-0.10851784209153736,0.05707998506688299
3.2,0.38381701546129976,-0.1898600227784791,0.09638815943677032,0.29806847146405513,0.4620231530496628,0.5950545688107514,0.0867578524802782,-0.17518889137077887,0.16583755661698288,0.09477497322742774,0.282483872098149,0.23738961914997309,0.3121082445769236,0.22501217786786587,-0.1087222075972543,0.05717664906010767
3.21,0.38606713723997843,-0.19094724485445164,0.09695992592737139,0.30055933559217074,0.46402627942244784,0.5985163290134342,0.08615706488638919,-0.17563546046411851,0.16663135573614576,0.09503462152678402,0.28274932467607305,0.23734382279814825,0.31149179742650557,0.22559262647158423,-0.10892529397677242,0.0572722509639035
3.22,0.38832306350469425,-0.19203649779421936,0.09753264843701043,0.3030632171948429,0.46602435199955605,0.6019875111260649,0.08555102553103568,-0.17607846217639117,0.1674243384725249,0.09529352537217478,0.28300870246946397,0.2372936734584728,0.3108769185156196,0.22617214501522176,-0.10912710087358762,0.057366790034972664
3.23,0.3905847849548465,-0.19312776880295524,0.09810631633736015,0.30558011146036573,0.4680172711827657,0.6054680947313638,0.08493976254337288,-0.1765178729619025,0.1682164708985879,0.0955516765758794,0.2832620018561448,0.23723919069934973,0.310263615882467,0.2267507253391048,-0.10932762802251172,0.05746026563335358
3.24,0.39285229220823753,-0.19422104508318036,0.09868091899369369,0.30811001257034176,0.47000493753612566,0.6089580586367588,0.08432330439241725,-0.17695366957144318,0.16900771919182356,0.09580906697457091,0.2835092196807214,0.23718039429847765,0.30965189753596306,0.2273283592678686,-0.10952687524977162,0.057552677222505
3.25,0.39512557580091623,-0.19531631383567807,0.09925644576591874,0.3106529136885637,0.47198725179718726,0.6124573808620399,0.08370167988371714,-0.17738582905498743,0.16979804963929554,0.09606568843059683,0.2837503532548984,0.2371173042408773,0.309041771453805,0.22790503861246877,-0.10972484247308524,0.05764402436936462
3.2600000000000002,0.3974046261870409,-0.19641356226040893,0.09983288600961239,0.31320880694994996,0.4739641148882969,0.615966038627061,0.08307491815595752,-0.17781432876432904,0.17058742864216767,0.09632153283325302,0.2839854003576968,0.237049940716877,0.3084332455805447,0.22848075517219163,-0.10992152970171602,0.0577343067443818
3.27,0.3996894337387628,-0.19751277755742608,0.10041022907705621,0.31577768344954016,0.47593542792794735,0.6194840083394957,0.08244304867749991,-0.17823914635565455,0.17137582272019863,0.09657659210005012,0.2842143592355727,0.2369783241200576,0.30782632782566965,0.22905550073666436,-0.11011693703650396,0.05782352412152502
3.2800000000000002,0.40197998874612945,-0.1986139469277911,0.10098846431827146,0.3183595332315553,0.4779010922421862,0.6230112655826527,0.0818061012428584,-0.17866025979205286,0.17216319851620576,0.09683085817797246,0.2844372286024379,0.23690247504515785,0.3072210260616908,0.22962926708786294,-0.11031106466987468,0.05791167637826342
3.29,0.40427628141700805,-0.19971705757448985,0.1015675810820541,0.32095434527852934,0.47986100937607895,0.6265477851033564,0.08116410596911287,-0.17907764734596082,0.17294952280049605,0.09708432304472886,0.2846540076395825,0.23682241428594053,0.3066173481222379,0.23020204600211788,-0.11050391288582592,0.057998763495523055
3.3000000000000003,0.40657830187702926,-0.2008220967033481,0.10214756871700933,0.32356210750051706,0.48181508110522614,0.6300935407998989,0.08051709329226032,-0.17949128760154437,0.17373476247526365,0.09733697870999522,0.2848646959954997,0.23673816283302015,0.30601530180016406,0.2307738292521164,-0.11069548205989159,0.05808478555761731
3.31,0.40888604016955044,-0.20192905152394702,0.10272841657258551,0.32618280672438477,0.4837632094473311,0.6336485057100696,0.07986509396350557,-0.1799011594570146,0.17451888457895248,0.09758881721664849,0.2850692937856137,0.2366497418716532,0.3054148948456598,0.2313446086089016,-0.11088577265908402,0.0581697427521522
3.3200000000000003,0.41119948625563946,-0.20303790925053786,0.10331011400010703,0.32881642868318944,0.48570529667381757,0.6372126519992691,0.07920813904549225,-0.1803072421268785,0.17530185629058306,0.09783983064199167,0.2852678015919102,0.23655717277949095,0.30481613496437615,0.23191437584386668,-0.11107478524181282,0.058253635369906104
3.33,0.4135186300140781,-0.204148657102956,0.1038926503538061,0.3314629580056527,0.48764124532149455,0.6407859509487126,0.07854625990847529,-0.18070951514412362,0.1760836449340421,0.09809001109896964,0.2854602204624707,0.2364604771242965,0.3042190298155589,0.23248312273074376,-0.11126252045778272,0.05833646380468423
3.34,0.41584346124138555,-0.20526128230753382,0.10447601499185294,0.3341223782057355,0.4895709582042665,0.6443683729437303,0.07787948822643598,-0.1811079583623368,0.17686421798233407,0.09833935073737538,0.2856465519109109,0.23635967666162566,0.30362358701019343,0.23305084104758778,-0.11144897904786848,0.0584182285531479
3.35,0.41817396965186143,-0.2063757720980125,0.10506019727738442,0.33679467167232013,0.49149433842488666,0.6479598874621706,0.07720785597314071,-0.1815025519577559,0.17764354306179336,0.0985878417450464,0.2858267979157228,0.23625479333247348,0.30302981410916213,0.23361752257875298,-0.11163416184396845,0.05849893021461872
3.36,0.420510144877649,-0.20749211371645218,0.1056451865795306,0.33947981965900575,0.49341128938675166,0.6515604630629136,0.07653139541814473,-0.1818932764312546,0.17842158795625634,0.09883547634905104,0.28600096091952293,0.23614584926088636,0.3024377186214133,0.234183159116863,-0.11181806976883538,0.05857856949085777
3.37,0.4228519764688176,-0.20861029441414053,0.10623097227443919,0.3421778022740237,0.49532171480573495,0.6551700673745002,0.07585013912274186,-0.18228011261026014,0.17919832061119187,0.09908224681686434,0.2861690438282052,0.23603286675154092,0.30184730800214277,0.23474774246477237,-0.1120007038358861,0.05865714718581998
3.38,0.42519945389346536,-0.20973030145249938,0.10681754374629739,0.3448885984702798,0.4972255187220569,0.6587886670838848,0.07516411993586151,-0.1826630416506029,0.17997370913778943,0.09932814545753312,0.2863310500100001,0.23591586828729025,0.30125858965099056,0.23531126443752068,-0.11218206514898944,0.0587346642053837
3.39,0.4275525665378406,-0.21085212210398926,0.10740489038835123,0.34761218603552935,0.4991226055121891,0.6624162279253181,0.0744733709899143,-0.18304204503829852,0.180747721817004,0.09957316462283017,0.2864869832944407,0.23579487652667835,0.30067157091024926,0.23587371686427663,-0.11236215490223221,0.05881112155705591
3.4,0.42991130370648334,-0.21197574365301158,0.10799300160392179,0.3503485415826923,0.5010128799007911,0.6660527146693662,0.07377792569658718,-0.18341710459126145,0.18152032710355623,0.09981729670839709,0.28663684797123595,0.2356699143014235,0.30008625906308933,0.2364350915902728,-0.11254097437966393,0.05888652034965268
3.41,0.43227565462238604,-0.2131011533968082,0.10858186680741833,0.353097640540315,0.5028962469726765,0.6696980911120748,0.07307781774258977,-0.18378820246095037,0.1822914936298875,0.10006053415487562,0.2867806487890519,0.23554100461387126,0.29950266133179854,0.23699538047873023,-0.11271852495502072,0.05896086179295589
3.42,0.43464560842717337,-0.21422833864635843,0.10917147542534789,0.35585945714318556,0.5047726121848062,0.6733523200642827,0.07237308108535272,-0.18415532113394464,0.18306119021006842,0.10030286944902707,0.2869183909542017,0.23540817063441805,0.29892078487603696,0.2375545754127715,-0.11289480809142718,0.0590341471973454
3.43,0.4370211541813011,-0.2153572867272727,0.10976181689732134,0.3586339644231094,0.5066418813783066,0.6770153633410949,0.07166374994867969,-0.1845184434334521,0.1838293858436601,0.10054429512483976,0.28705008012924516,0.23527143569890613,0.29834063679110934,0.2381126682973229,-0.11306982534107832,0.05910637797340774
3.44,0.43940228086427435,-0.21648798498068347,0.11035288067705541,0.3614211341998524,0.5085039607905102,0.6806871817515201,0.0709498588183541,-0.1848775525207479,0.18459604971952728,0.10078480376462405,0.28717572243149825,0.23513082330599053,0.29776222410625347,0.2386696510610036,-0.11324357834489986,0.05917755563152097
3.45,0.4417889773748844,-0.21762042076413246,0.11094465623337062,0.36422093707225844,0.5103587570670156,0.684367735088281,0.07023144243770194,-0.18523263189654385,0.18536115121960223,0.1010243880000948,0.2872953244314538,0.23498635711447888,0.2971855537829468,0.23922551565800276,-0.11341606883218852,0.05924768178141626
3.46,0.4441812325314644,-0.21875458145245436,0.11153713305118478,0.3670333424095487,0.5122061772737644,0.6880569821178043,0.06950853580311203,-0.18558366540228904,0.1861246599225987,0.10126304051344093,0.2874088931511139,0.23483806094064513,0.29661063271323046,0.23978025406994236,-0.11358729862023173,0.05931675813171593
3.47,0.44657903507216384,-0.21989045443865668,0.11213030063250193,0.36985831834280924,0.5140461289091327,0.691754880570398,0.06878117415951501,-0.18593063722140057,0.1868865456076751,0.10150075403838192,0.28751643606223504,0.2346859587555177,0.2960374677180522,0.24033385830772713,-0.113757269613907,0.05938478648944897
3.48,0.44898237365524113,-0.22102802713479575,0.11272414849739641,0.37269583175667476,0.5158785199160345,0.6954613871306233,0.06804939299582236,-0.18627353188042511,0.1876467782580459,0.10173752136121099,0.28761796108448645,0.23453007468214296,0.2954660655456286,0.24088632041337868,-0.11392598380526137,0.05945176875954361
3.49,0.45139123685937493,-0.22216728697284835,0.11331866618499185,0.3755458482812155,0.5177032586940336,0.699176457427868,0.06731322804032683,-0.18661233425013096,0.18840532806454058,0.10197333532182468,0.28771347658352325,0.23437043299282498,0.2948964328698267,0.24143763246185548,-0.11409344327307136,0.05951770694429718
3.5,0.4538056131839935,-0.22330822140557907,0.11391384325443482,0.37840833228403464,0.5195202541114613,0.70290004602713,0.06657271525606573,-0.1869470295465305,0.18916216542910932,0.10220818881473862,0.28780299136897464,0.23420705810634232,0.2943285762885652,0.2419877865628563,-0.11425965018238286,0.059582603142824216
3.5100000000000002,0.45622549104962207,-0.2244508179074029,0.11450966928586306,0.381283246862583,0.5213294155175385,0.7066321064200168,0.06582789083614826,-0.18727760333183333,0.18991726096827458,0.10244207479008936,0.2878865146923484,0.2340399745851426,0.29376250232223744,0.24253677486260794,-0.11442460678403214,0.05964645955048221
3.52,0.45865085879824813,-0.22559506397524323,0.11510613388136788,0.38417055383669946,0.5231306527544969,0.710372591015971,0.06507879119904837,-0.1876040415153297,0.190670585516528,0.10267498625462189,0.28796405624485255,0.23386920713251594,0.2931982174121552,0.2430845895456361,-0.11458831541414762,0.05970927845827601
3.5300000000000002,0.46108170469370446,-0.2267409471293847,0.11570322666595063,0.38707021374138306,0.5249238761696977,0.7141214511337258,0.06432545298386451,-0.18792633035420472,0.19142211012967159,0.1029069162726627,0.2880356261551354,0.2336947805897476,0.2926357279190128,0.24363122283651825,-0.11475077849363274,0.059771062252240485
3.54,0.4635180169220696,-0.22788845491432103,0.11630093728847304,0.38998218581980554,0.5267089966277457,0.7178786369930016,0.0635679130455477,-0.18824445645428317,0.192171806088103,0.1031378579670783,0.2881012349869447,0.2335167199332515,0.2920750401213757,0.24417666700161952,-0.11491199852763023,0.05983181341280255
3.5500000000000003,0.46595978359208584,-0.22903757489959733,0.11689925542260107,0.3929064280165707,0.5284859255225933,0.7216440977064488,0.06280620845009917,-0.1885584067707049,0.1929196449000436,0.10336780452021879,0.28816089373670695,0.23333505027168452,0.291516160214189,0.24472091435080953,-0.11507197810496834,0.05989153451412206
3.56,0.46840699273559394,-0.23018829468064703,0.1174981707677423,0.3958428969712285,0.530254574789634,0.7254177812718455,0.062040376469739165,-0.1888681686085313,0.1936655983047092,0.10359674917484643,0.2882146138310284,0.2331497968430433,0.29095909430731176,0.24526395723916064,-0.11523071989758865,0.059950228223412214
3.5700000000000003,0.47085963230798555,-0.2313406018796229,0.11809767304997643,0.39879154801205086,0.5320148569177799,0.729199634564558,0.06127045457804816,-0.18917372962328277,0.19440963827542257,0.103824685235049,0.288262407124118,0.2329609850117435,0.290403848424072,0.2458057880686266,-0.11538822665995631,0.06000789730024019
3.58,0.4733176901886718,-0.23249448414622248,0.11869775202297883,0.4017523351500773,0.533766684961522,0.7329896033302696,0.06049648044508197,-0.18947507782140713,0.19515173702266722,0.1040516060671377,0.2883042858951341,0.23276864026568342,0.2898504284998478,0.2463463992897016,-0.11554450122845272,0.06006454459580761
3.59,0.47578115418156885,-0.23364992915850702,0.1192983974689369,0.40472521107343673,0.5355099725529684,0.7367876321779879,0.05971849193246215,-0.1897722015606797,0.1958918669970817,0.10427750510052958,0.288340262845456,0.23257278821329172,0.289298840380671,0.24688578340305836,-0.11569954652075103,0.06012017305221146
3.6,0.4782500120155994,-0.23480692462371452,0.11989959919945901,0.4077101271419537,0.5372446339138586,0.7405936645733368,0.05893652708844308,-0.1900650895505348,0.19663000089239413,0.10450237582861406,0.2883703510958807,0.23237345458056105,0.2887490898218578,0.24742393296116663,-0.1158533655351745,0.060174785701686315
3.61,0.4807242513452111,-0.23596545827906626,0.12050134705647587,0.4107070333820459,0.5389705838675494,0.7444076428321399,0.05815062414295722,-0.190353730852329,0.19736611164829634,0.10472621180960374,0.2883945641837472,0.23217066520806787,0.2882011824866624,0.2479608405698889,-0.11600596135003877,0.060228385665827285
3.62,0.48320385975090996,-0.23712551789256664,0.12110363091313414,0.41371587848192026,0.5406877378509697,0.7482295081143044,0.05736082150263983,-0.1906381148795366,0.1981001724532569,0.10494900666736898,0.2884129160599886,0.2319644460479794,0.2876551239449565,0.24849649889005546,-0.11615733712297706,0.06028097615479475
3.63,0.4856888247398105,-0.2382870912637964,0.12170644067468209,0.4167366097870752,0.5423960119265409,0.7520592004180121,0.056567157745834706,-0.1909182313978773,0.19883215674727278,0.10517075409225633,0.28842542108611346,0.23175482316104876,0.2871109196719364,0.24903090063901728,-0.11630749609025008,0.060332560466500956
3.64,0.4881791337462007,-0.23945016622469892,0.1223097662793471,0.4197691732961159,0.5440953227940587,0.7558966585742238,0.055769671617582235,-0.1911940705253766,0.19956203822455934,0.1053914478418907,0.2884320940311181,0.23154182271359902,0.2865685750468547,0.2495640385921757,-0.11645644156603957,0.06038314198577899
3.65,0.49067477413212246,-0.24061473064035932,0.12291359769920489,0.4228135136568896,0.5457855878025336,0.759741820241507,0.054968402024591315,-0.19146562273235912,0.20028979083617765,0.10561108174196084,0.28843295006833014,0.23132547097449696,0.286028095351779,0.2500959055844902,-0.11660417694172717,0.060432724183534216
3.66,0.49317573318796737,-0.24178077240977658,0.12351792494104023,0.4258695741629487,0.5474667249619863,0.7635946219011913,0.0541633880301964,-0.19173287884137527,0.20101538879259942,0.10582964968698841,0.28842800477218555,0.2311057943121174,0.285489485770378,0.2506264945119617,-0.11675070568515736,0.060481310615879025
3.67,0.495681998133087,-0.24294827946662814,0.12412273804719902,0.428937296750348,0.5491386529551948,0.7674549988528602,0.05335466884930125,-0.19199583002706158,0.20173880656620866,0.1060471456410802,0.2884172741149396,0.2308828191912991,0.28495275138673504,0.25115579833309326,-0.1168960313398867,0.06052890492325054
3.68,0.4981935561164179,-0.244117239780027,0.12472802709643152,0.4320166219947833,0.5508012911493883,0.7713228852101865,0.05254228384331065,-0.19225446781593497,0.2024600188937399,0.1062635636386635,0.2884007744633138,0.23065657217029292,0.2844178971841881,0.25168381007032614,-0.11704015752441765,0.0605755108295128
3.69,0.5007103942171212,-0.24528764135527117,0.12533378220472666,0.4351074891090783,0.5524545596078864,0.7751982138971178,0.051726272515051644,-0.1925087840861216,0.20317900077865272,0.10647889778520454,0.2883785225750791,0.23042707989770309,0.28388492804419996,0.25221052281145157,-0.11718308793141899,0.06062113214104238
3.7,0.5032324994452356,-0.24645947223458536,0.12593999352613708,0.4382098359410262,0.5540983791016779,0.7790809166444184,0.05090667450368555,-0.1927587710670206,0.20389572749344204,0.10669314225790984,0.28835053559557805,0.23019436910942248,0.28335384874525427,0.25273592971099784,-0.11732482632693234,0.060665772745799325
3.71,0.5057598587423456,-0.24763272049785467,0.12654665125359507,0.4413235989715931,0.5557326711209374,0.7829709239865756,0.05008352957961231,-0.19300442133890308,0.20461017458188413,0.10690629130641041,0.28831683105418576,0.22995846662556277,0.2828246639617815,0.25326002399159214,-0.11746537654956517,0.06070943661238241
3.72,0.5082924589822616,-0.24880737426335034,0.1271537456197189,0.4444487133134898,0.5573573578864733,0.7868681652590769,0.049256877639368445,-0.19324572783244678,0.20532231786121802,0.10711833925342872,0.2882774268607121,0.22971939934738012,0.2822973782631142,0.25378279894529754,-0.11760474250967097,0.060752127789070326
3.73,0.5108302869717146,-0.24998342168844706,0.1277612668976096,0.4475851127101176,0.5589723623611075,0.7907725685960634,0.048426758700520045,-0.19348268382820727,0.2060321334242619,0.10732928049542823,0.28823234130174596,0.22947719425419746,0.2817719961124695,0.25430424793492384,-0.11774292818851642,0.06079385040284841
3.74,0.5133733294510638,-0.25116085097033225,0.1283692054016381,0.4507327295348959,0.560577608260978,0.7946840609283675,0.04759321289655225,-0.1937152829560257,0.20673959764146466,0.10753910950324566,0.2881815930369429,0.22923187840032405,0.281248521865963,0.2548243643953126,-0.11787993763743679,0.06083460865842151
3.75,0.515921573095017,-0.25233965034670663,0.12897755148822232,0.45389149479097624,0.5621730200667658,0.7986025679819403,0.04675628047175649,-0.1939435191943739,0.20744468716289188,0.10774782082270569,0.28812520109525797,0.22898347891197302,0.28072695977165063,0.25534314183459605,-0.11801577497697859,0.06087440683721381
3.7600000000000002,0.5184750045133629,-0.2535198080964764,0.12958629555659446,0.4570613381113498,0.563758523034838,0.8025280142766746,0.045916001776116926,-0.1941673868696373,0.20814737892014676,0.10795540907521807,0.2880631848711245,0.22873202298417808,0.2802073139686019,0.2558605738354296,-0.11815044439603131,0.06091324929635524
3.77,0.5210336102517172,-0.2547013125404367,0.130195428049558,0.46024218775935416,0.565334043208305,0.8064603231256308,0.04507241726019743,-0.1943868806553362,0.20884765012822515,0.10816186895835724,0.2879955641205808,0.2284775378777098,0.27968958848600106,0.2563766540561973,-0.11828395015094742,0.060951140467655957
3.7800000000000002,0.5235973767922792,-0.2558841520419462,0.13080493945423455,0.4634339706295848,0.5668995074279897,0.8103994166346696,0.044225567470030494,-0.19460199557128605,0.20954547828730513,0.10836719524642419,0.2879223589573458,0.22822005091599248,0.2791737872422807,0.25689137623219094,-0.1184162965646517,0.06098808485656782
3.79,0.5261662905546012,-0.2570683150075927,0.13141482030280022,0.4666366122492169,0.5684548433433004,0.8143452157024996,0.04337549304200936,-0.19481272698269708,0.21024084118447084,0.10857138279099071,0.287843589848845,0.22795958948202236,0.27865991404428414,0.2574047341767613,-0.1185474880257401,0.061024087041135204
3.8000000000000003,0.5287403378963688,-0.2582537898878501,0.13202506117321156,0.46985003677974324,0.5699999794230086,0.8182976400211427,0.042522234697784746,-0.19501907059921436,0.21093371689537038,0.10877442652142587,0.28775927761218845,0.22769618101528796,0.2781479725864591,0.25791672178244274,-0.118677528987568,0.06105915167093372
3.81,0.5313195051141932,-0.25944056517772573,0.1326356526899209,0.4730741670191333,0.5715348449659231,0.8222566080768249,0.041665833239167484,-0.19522102247389836,0.21162408378580796,0.10897632144540466,0.2876694434101019,0.22742985300869334,0.2776379664500821,0.25842733302204984,-0.11880642396732939,0.061093283465998564
3.8200000000000003,0.5339037784444137,-0.260628629417399,0.13324658552458088,0.4763089244044182,0.5730593701114606,0.8262220371512966,0.04080632954303839,-0.19541857900214696,0.2123119205132702,0.10917706264939898,0.2875741087468128,0.227160633005485,0.27712989910251296,0.25893656194974624,-0.11893417754512567,0.06112648721574225
3.83,0.5364931440639111,-0.2618179711928503,0.1338578503967383,0.47955422901470685,0.5745734858501053,0.830193843323587,0.03994376455626668,-0.19561173692055964,0.21299720602838643,0.10937664529915071,0.2874732954638918,0.22688854859618335,0.2766237738964817,0.2594444027020862,-0.11906079436302644,0.061158767777862354
3.84,0.539087588090932,-0.2630085791364805,0.13446943807451694,0.482809999574638,0.5760771240337563,0.8341719414721984,0.03907817929063819,-0.19580049330574426,0.21367991957632343,0.10957506464012698,0.28736702573605266,0.22661362741551924,0.27611959406940473,0.25995084949902697,-0.11918627912412068,0.06119013007723984
3.85,0.5416870965859223,-0.26420044192772174,0.13508133937528935,0.4860761534582721,0.5775702173859573,0.8381562452777439,0.03820961481779476,-0.1959848455730672,0.21436004069811415,0.10977231599795764,0.28725532206691046,0.22633589713937663,0.27561736274273413,0.2604558966449148,-0.11931063659156019,0.0612205791048281
3.86,0.5442916555523715,-0.2653935482936373,0.13569354516633764,0.4893526066934276,0.5790526995120044,0.8421466672260336,0.0373381122641859,-0.19616479147534768,0.21503754923192092,0.10996839477885491,0.2871382072847003,0.22605538548174184,0.27511708292133685,0.26095953852944065,-0.11943387158759475,0.061250119916533265
3.87,0.5469012509376658,-0.26658788700951325,0.13630604636550298,0.49263927396646595,0.58052450490893,0.8461431186116128,0.03646371280603422,-0.19634032910149693,0.21571242531423293,0.11016329647001512,0.2870157045379579,0.22577212019166035,0.2746187574929056,0.2614617696285691,-0.11955598899259982,0.061278757632086546
3.88,0.5495158686339515,-0.2677834468994392,0.13691883394182383,0.49593606862752815,0.5819855689753564,0.8501455095417568,0.03558645766431563,-0.19651145687510269,0.21638464938099844,0.11035701664000276,0.2868878372911634,0.2254861290502017,0.27412238922740156,0.26196258450543775,-0.11967699374409718,0.06130649743390827
3.89,0.5521354944790059,-0.26898021683688017,0.1375318989161629,0.4992429026962276,0.5834358280212162,0.8541537489409248,0.03470638809975572,-0.19667817355296013,0.21705420216869148,0.11054955093911666,0.28675462932035,0.2251974398674335,0.27362798077652867,0.2624619778112288,-0.11979689083576837,0.06133334456596492
3.9,0.5547601142571181,-0.27017818574523783,0.13814523236182255,0.5025596868678016,0.5848752192773369,0.8581677445556771,0.03382354540784342,-0.19684047822354972,0.21772106471531352,0.1107408950997384,0.2866161047086783,0.22490608047940475,0.2731355346732381,0.2629599442860115,-0.11991568531646196,0.061359304332618866
3.91,0.5573897136999783,-0.27137734259840246,0.13875882540514875,0.5058863305197245,0.5863036809048826,0.8621874029600592,0.03293797091386322,-0.19699837030546288,0.21838521836133024,0.11093104493666307,0.28647228784197865,0.22461207874513966,0.2726450533312665,0.26345647875955597,-0.12003338228919447,0.06138438209747175
3.92,0.5600242784875739,-0.2725776764212944,0.13937266922612346,0.5092227417187866,0.5877211520046521,0.8662126295614538,0.03204970596794703,-0.19715184954577614,0.21904664475054333,0.11111999634741222,0.28632320340426204,0.22431546254364265,0.2721565390447034,0.2639515761521185,-0.12014998691014589,0.0614085832822017
3.93,0.5626637942490951,-0.27377917629039583,0.13998675505894548,0.5125688272286388,0.5891275726262276,0.8702433286069051,0.03115879194014702,-0.19730091601837466,0.21970532583089808,0.11130774531252918,0.2861688763732019,0.2240162597709147,0.2716699939875923,0.26444523147519805,-0.12026550438764959,0.06143191336539459
3.94,0.565308246563847,-0.27498183133427234,0.14060107419259943,0.5159244925178085,0.5905228837769703,0.8742794031899167,0.03026527021553038,-0.1974455701222258,0.22036124385522649,0.11149428789585684,0.2860093320155871,0.22371449833698231,0.2711854202135617,0.26493743983226375,-0.12037993998117708,0.061454377881370384
3.95,0.5679576209621697,-0.2761856307340841,0.14121561797141313,0.519289641768185,0.5919070274308597,0.8783207552577258,0.029369182189297315,-0.19758581257960375,0.22101438138192647,0.11167962024479781,0.2858445958827489,0.22341020616293952,0.27070281965548876,0.2654281964194538,-0.12049329900031876,0.06147598241900432
3.96,0.5706119029263642,-0.27739056372408727,0.14183037779560317,0.5226641778839799,0.5932799465371724,0.8823672856190545,0.028470569261923293,-0.19772164443426565,0.22166472127557743,0.11186373859055704,0.28567469380596205,0.22310341117800347,0.27022219412519327,0.2659174965262455,-0.1206055868037594,0.061496732620543705
3.97,0.5732710778916267,-0.27859661959212484,0.14244534512180862,0.52604800250116,0.5946415850289961,0.8864188939523405,0.027569472834326696,-0.19785306704958053,0.22231224670749228,0.11204663924836711,0.2854996518918221,0.22279414131658443,0.2697435453131645,0.2664053355360967,-0.12071680879825078,0.06151663418042068
3.98,0.5759351312469877,-0.27980378768010733,0.14306051146361282,0.5294410159973572,0.5959918878315755,0.8904754788144477,0.026665934303062914,-0.1979800821066114,0.22295694115620665,0.11222831861769608,0.2853194965176004,0.22248242451537076,0.2692668747883178,0.26689170892705816,-0.12082697043757998,0.06153569284406142
3.99,0.5786040483362582,-0.28101205738448315,0.14367586839205343,0.5328431175022533,0.5973308008704866,0.8945369376498579,0.025759995055546013,-0.19810269160215174,0.22359878840790529,0.1124087731824381,0.28513425432657796,0.22216828871042946,0.2687921839977839,0.2673766122723578,-0.1209360772215349,0.06155391440669198
4.0,0.5812778144589819,-0.2822214181566985,0.14429140753612035,0.5362542049084432,0.5986582710796345,0.8986031668003439,0.024851696465298966,-0.1982208978467171,0.2242377725567861,0.11258799951108671,0.28494395222335933,0.22185176183432298,0.26831947426672825,0.26786004124095575,-0.12104413469486681,0.06157130471214125
4.01,0.5839564148713914,-0.28343185950364713,0.14490712058324176,0.5396741748827726,0.5999742464090729,0.9026740615151243,0.023941079887233496,-0.19833470346249227,0.22487387800536235,0.11276599425689118,0.2847486173691687,0.22153287181324277,0.26784874679820264,0.26834199159807093,-0.12115114844625045,0.06158786965164195
4.0200000000000005,0.5866398347873721,-0.28464337098810966,0.14552299927975818,0.5431029228781541,0.6012786758326393,0.9067495159614994,0.02302818665296058,-0.1984441113812358,0.2255070894647034,0.11294275415799565,0.28454827717712855,0.22121164656416029,0.2673800026730258,0.2688224592056797,-0.12125712410724178,0.06160361516262895
4.03,0.5893280593794289,-0.2858559422291821,0.14613903543138446,0.5465403431458586,0.6025715093554039,0.910829423235969,0.022113058066132545,-0.19854912484214168,0.2261373919546142,0.11311827603756143,0.28434295930752335,0.22088811399199595,0.26691324284969714,0.26930144002298545,-0.1213620673512343,0.06161854722753652
4.04,0.5920210737796587,-0.2870695629026944,0.14675522090365983,0.5499863287482819,0.6038526980209292,0.9149136753758291,0.021195735397817765,-0.1986497473896599,0.22676477080375412,0.11329255680387244,0.2841326916630485,0.2205623019868067,0.2664484681643399,0.26977893010686027,-0.12146598389241367,0.06163267187259395
4.05,0.5947188630807273,-0.2882842227416186,0.14737154762238577,0.5534407715721852,0.6051221939183339,0.9190021633712487,0.02027625988190893,-0.1987459828712763,0.22738921164969592,0.1134655934504239,0.2839175023840469,0.22023423842099257,0.2659856793306745,0.2702549256122582,-0.1215688794847115,0.06164599516662066
4.0600000000000005,0.5974214123368499,-0.2894999115364657,0.14798800757405198,0.5569035623424083,0.606379950189161,0.923094777177824,0.01935467271056577,-0.19883783543525263,0.22801070043892455,0.11363738305599441,0.28369741984373403,0.219903951146523,0.2655248769400237,0.27072942279260087,-0.12167075992075786,0.061658523219820585
4.07,0.6001287065647759,-0.29071661913567326,0.14860459280625019,0.5603745906360539,0.6076259210340449,0.9271914057296077,0.018431015029693208,-0.19892530952832813,0.22862922342677713,0.11380792278470152,0.2834724726434127,0.21957146799218333,0.26506606146134604,0.2712024180001347,-0.12177163103083392,0.061670262182576624
4.08,0.6028407307447773,-0.2919343354459816,0.14922129542807594,0.5638537448971387,0.6088600617191738,0.9312919369526128,0.01750532793445579,-0.1990084098933828,0.229244767177324,0.1139772098860409,0.28324268960767934,0.2192368167608419,0.2646092332413009,0.2716739076862607,-0.1218714986818242,0.061681218244245405
4.09,0.6055574698216399,-0.2931530504327998,0.14983810761051838,0.5673409124517121,0.6100823285825456,0.935396257778787,0.016577652464829284,-0.19908714156706409,0.22985731856319164,0.11414524169490926,0.28300809977962266,0.21890002522673851,0.26415439250434236,0.2721438884018362,-0.12197036877616899,0.06169139763195266
4.1,0.6082789087056583,-0.2943727541205615,0.1504550215868379,0.5708359795234371,0.6112926790400126,0.9395042541604552,0.01564802960119031,-0.19916150987737707,0.23046686476532802,0.11431201563161109,0.28276873241601624,0.2185611211327945,0.2637015393528438,0.2726123567974501,-0.12206824725081768,0.06170080660938952
4.11,0.6110050322736328,-0.2955934365930697,0.1510720296529318,0.5743388312496307,0.6124910715911127,0.9436158110852275,0.014716500259944828,-0.1992315204412399,0.2310733932727108,0.11447752920184943,0.28252461698250625,0.21822013218794503,0.26325067376725,0.2730793096236696,-0.12216514007618233,0.06170945147561049
4.12,0.6137358253698695,-0.2968150879938315,0.1516891241676879,0.5778493516977605,0.613677465824684,0.9477308125913678,0.01378310528919629,-0.1992971791620046,0.23167689188199903,0.11464177999670076,0.2822757831487957,0.2178770860644941,0.2628017956062604,0.2735447437312608,-0.12226105325509332,0.06171733856383298
4.13,0.6164712728071821,-0.29803769852638246,0.15230629755332623,0.581367423882394,0.6148518224242587,0.9518491417836211,0.012847885464454256,-0.19935849222694474,0.232277348697129,0.11480476569257414,0.28202226078382636,0.21753201039549264,0.26235490460703964,0.27400865607138175,-0.12235599282175551,0.06172447424023891
4.14,0.6192113593678958,-0.2992612584546,0.1529235422957286,0.5848929297825951,0.6160141031732356,0.955970680849493,0.011910881484384236,-0.1994154661047105,0.23287475212885456,0.11496648405115475,0.2817640799509598,0.21718493277214018,0.26191000038545853,0.27447104369574926,-0.12244996484070703,0.06173086490277889
4.15,0.6219560698048533,-0.3004857581030071,0.1535408509447564,0.5884257503597637,0.6171642709598254,0.9600953110759785,0.010972130163769621,-0.19946810754275246,0.233469090894233,0.11512693291933204,0.2815012709031586,0.2168358807412106,0.2614670824066088,0.27493190197836703,-0.1225429779465034,0.061736519180771436
4.16,0.624705388824637,-0.30171118788247214,0.1541582161365641,0.5919657655759145,0.6183022897817689,0.9642229128667341,0.010031662905172706,-0.19951642355735208,0.2340603540071358,0.11528611022911249,0.2812338640962555,0.21648488181148343,0.26102614990045414,0.2753912239570909,-0.12263504438465689,0.061741448832158846
4.17,0.6274593010642079,-0.3029375383263187,0.1547756306248857,0.5955128544125122,0.6194281247509232,0.968353365759904,0.009089511087483454,-0.19956042142076197,0.23464853076518932,0.11544401399753733,0.28096189020937773,0.21613196346364905,0.2605872018554061,0.2758490028911833,-0.12272617642260418,0.06174566563194036
4.18,0.6302177910931197,-0.30416480009054475,0.1553930872812051,0.5990668948899124,0.6205417420977505,0.9724865484466823,0.008145706101509966,-0.19960010865884348,0.23523361074936808,0.11560064232661278,0.2806853801396262,0.21577715314737303,0.2601502370205336,0.27630523227888576,-0.12281638632114182,0.0617491813470151
4.19,0.6329808434159085,-0.30539296395375615,0.15601057909467525,0.6026277640872273,0.6216431091755595,0.9766223387903016,0.007200279346083575,-0.1996354930487511,0.23581558382362794,0.11575599340322418,0.2804043649965636,0.21542047827829314,0.2597152539077215,0.27675990585632165,-0.12290568633222078,0.06175200773386911
4.2,0.6357484424744717,-0.30662202081707834,0.15662809917201395,0.6061953381626083,0.6227321944644982,0.9807606138454418,0.0062532622241878435,-0.19966658261658762,0.23639444013448754,0.11591006549903393,0.28011887609670233,0.2150619662350434,0.2592822507938816,0.27721301759634714,-0.1229940886967655,0.061754156536288164
4.21,0.6385205726504352,-0.307851961704046,0.15724564073737685,0.6097694923739382,0.6238089675752934,0.9849012498780475,0.005304686139112265,-0.19969338563503067,0.2369701701105581,0.11606285697036356,0.2798289449579918,0.21470164435630607,0.2588512257232176,0.2776645617073524,-0.12308160564251718,0.061755639483096696
4.22,0.6412972182675086,-0.30908277776047116,0.1578631971322078,0.613350101099926,0.6248733992527359,0.9890441223855508,0.0043545824906315225,-0.19971591062093158,0.23754276446202222,0.11621436625805981,0.279534603294309,0.21433953993789176,0.25842217650953875,0.278114532632012,-0.12316824938190271,0.061756468285924127
4.23,0.6440783635938288,-0.3103144602542902,0.15848076181506704,0.6169370378615968,0.6259254613789099,0.9931891061174893,0.0034029826712110695,-0.19973416633288757,0.23811221418006234,0.11636459188734523,0.27923588300995217,0.21397568022984848,0.2579951007386247,0.27856292504598873,-0.12325403210992918,0.061756654636998025
4.24,0.6468639928442886,-0.31154700057538953,0.15909832836143703,0.620530175344167,0.6269651269761631,0.9973360750965123,0.002449918062239858,-0.1997481617687878,0.23867851053623956,0.11651353246765324,0.27893281619413984,0.2136100924335999,0.2575699957706368,0.2790097338565882,-0.12333896600210426,0.06175621020696539
4.25,0.6496540901828545,-0.3127803902354106,0.15971589046350668,0.6241293854192991,0.627992370209817,1.0014849026397667,0.0014954200302909441,-0.19975790616333416,0.23924164508182308,0.1166611866924479,0.2786254351155167,0.21324280369911358,0.25714685874257737,0.27945495420136823,-0.12342306321238329,0.061755146642742675
4.26,0.6524486397248681,-0.31401462086753446,0.1603334419299341,0.627734539167725,0.6290071663906153,1.0056354613806535,0.0005395199234107554,-0.1997634089855381,0.23980160964707112,0.11680755333902867,0.2783137722166675,0.21287384112209928,0.256725686570793,0.279898581446702,-0.12350633587114322,0.06175347556539386
4.2700000000000005,0.6552476255393351,-0.3152496842262459,0.16095097668558803,0.6313455069022302,0.6300094919769081,1.0097876232909462,-0.0004177509325622729,-0.1997646799361936,0.2403583963404641,0.11695263126832015,0.2779978601086408,0.2125032317412382,0.25630647595352285,0.28034061118629766,-0.12358879608318397,0.06175120856803842
4.28,0.6580510316511982,-0.31648557218707773,0.16156848877126842,0.6349621581909884,0.6309993245765719,1.0139412597032622,-0.0013763612376489556,-0.19976172894532776,0.2409119975478903,0.1170964194246472,0.27767773156548387,0.21213100253544334,0.25588922337348874,0.2807810392396742,-0.12367045592575737,0.06174835721378867
4.29,0.6608588420435949,-0.3177222767463353,0.16218597234340631,0.6385843618812379,0.6319766429486623,1.0180962413338768,-0.0023362797213498216,-0.19975456616962947,0.241462405931785,0.11723891683549556,0.2773534195187898,0.2117571804211515,0.25547392510052613,0.2812198616505946,-0.12375132744662423,0.061744933033717045
4.3,0.6636710406601009,-0.31895979002080155,0.16280342167374348,0.642211986123289,0.6329414270047993,1.0222524383058693,-0.0032974751462340993,-0.19974320198985718,0.2420096144302236,0.11738012261125806,0.2770249570522588,0.21138179224964726,0.25506057719425573,0.28165707468545875,-0.12383142266213994,0.061740947524853984
4.3100000000000005,0.6664876114069554,-0.32019810424742295,0.16342083114899203,0.6458448983948527,0.6338936578102842,1.0264097201725935,-0.004259916311496557,-0.1997276470082265,0.24255361625596947,0.11752003594496681,0.2766923773962753,0.21100486480441955,0.2546491755067917,0.28209267483165534,-0.12391075355536851,0.06173641214821665
4.32,0.669308538155272,-0.32143721178297663,0.1640381952704742,0.6494829655256797,0.6348333175849465,1.0305679559414587,-0.005223572056481553,-0.19970791204577867,0.24309440489547712,0.11765865611201143,0.27635571392250047,0.21062642479855084,0.25423971568548837,0.2825266587958753,-0.12398933207422597,0.06173133832686828
4.33,0.6721338047432308,-0.3226771051037189,0.16465550865374287,0.6531260537224989,0.6357603897037203,1.0347270140980132,-0.006188411264173676,-0.1996840081397303,0.24363197410785148,0.11779598246984362,0.2760150001384842,0.21024649887213967,0.25383219317572037,0.28295902350238666,-0.12406717012965279,0.06172573744400961
4.34,0.6749633949782546,-0.32391777680501543,0.16527276602818297,0.6567740285942443,0.6366748586969487,1.0388867626303173,-0.007154402864654349,-0.19965594654080582,0.24416631792376378,0.11793201445766821,0.27567026968229535,0.20986511358975662,0.25342660322369853,0.28338976609127303,-0.12414427959381624,0.061719620841101365
4.3500000000000005,0.6777972926391673,-0.3251592196009536,0.165889962236594,0.6604267551775599,0.6375767102504182,1.0430470690535962,-0.008121515838523812,-0.1996237387105528,0.24469743064432506,0.11806675159612094,0.2753215563171733,0.20948229543793417,0.2530229408793169,0.2838188839166355,-0.12422067229834217,0.0617129998160193
4.36,0.6806354814783336,-0.32640142632393704,0.16650709223475418,0.6640840979625687,0.6384659312051185,1.0472078004351588,-0.009089719220287923,-0.1995873963186417,0.24522530683991778,0.11820019348693316,0.27496889392620083,0.20909807082269086,0.25262120099903074,0.2842463745447605,-0.12429636003257741,0.06170588562124106
4.37,0.6834779452237812,-0.3276443899242628,0.1671241510909666,0.6677459209188968,0.6393425095567318,1.0513688234195737,-0.010058982101709198,-0.19954693124015002,0.24574994134898617,0.1183323398125837,0.27461231650700063,0.2087124660670897,0.2522213782487646,0.28467223575225326,-0.12437135454188183,0.0616982894620658
4.38,0.6863246675813037,-0.3288881034696816,0.16774113398558727,0.6714120875219378,0.6402064344548478,1.0555300042540874,-0.011029273635121562,-0.19950235555283255,0.2462713292767864,0.11846319033593815,0.27425185816645575,0.2083255074088316,0.25182346710684883,0.28509646552413925,-0.12444566752595189,0.061690222494866234
4.39,0.6891756322365451,-0.33013256014494113,0.16835803621053594,0.6750824607793471,0.6410576962019072,1.0596912088142738,-0.012000563036708305,-0.1994536815343778,0.24678946599409693,0.11859274489987558,0.2738875531154559,0.20793722099788375,0.2514274618669802,0.28551906205193306,-0.12451931063717367,0.06168169582537396
4.4,0.6920308228570644,-0.33137775325131286,0.16897485316878968,0.6787569032577526,0.6418962862518719,1.0638523026299036,-0.01297281958974272,-0.1994009216596519,0.2473043471358898,0.11872100342690328,0.27351943566367026,0.20754763289414324,0.25103335664121146,0.28594002373167815,-0.1245922954790079,0.06167272050699762
4.41,0.6948902230943812,-0.33262367620610295,0.16959158037385966,0.6824352771096698,0.6427221972086227,1.068013150911018,-0.013946012647790948,-0.19934408859793046,0.24781596859996413,0.11884796591875936,0.2731475402143484,0.20715676906513641,0.2506411453629612,0.2863593491619558,-0.12466463360440518,0.061663307539174365
4.42,0.6977538165860008,-0.333870322542147,0.1702082134492514,0.6861174441006072,0.6435354228240859,1.072173618574196,-0.01492011163787658,-0.19928319521011953,0.24832432654554162,0.1189736324560037,0.27277190125914974,0.20676465538375383,0.2502508217900475,0.2867770371418663,-0.12473633651425327,0.06165346786575491
4.43,0.7006215869574194,-0.3351176859072895,0.17082474812790896,0.6898032656363501,0.6443359579960879,1.0763335702690024,-0.015895086063606536,-0.19921825454596606,0.2488294173918258,0.11909800319759734,0.27239255337300355,0.20637131762602126,0.2498623795077426,0.2871930866689833,-0.12480741565585471,0.06164321237342186
4.44,0.7034935178241092,-0.33636576006384805,0.17144118025164318,0.693492602790409,0.6451237987659386,1.0804928704046022,-0.016870905508257837,-0.19914927984125894,0.24933123781652505,0.1192210783804706,0.2720095312089999,0.20597678146890697,0.24947581193184573,0.2876074969372808,-0.12487788242143649,0.061632551890142086
4.45,0.706369592793482,-0.3376145388880624,0.1720575057705446,0.6971853163316191,0.6458989423157465,1.0846513831765274,-0.017847539637824816,-0.19907628451502124,0.2498297847543406,0.11934285831908015,0.27162286949331277,0.20558107248816523,0.24909111231177497,0.2880202673350361,-0.12494774814669131,0.06162149718365255
4.46,0.7092497954668323,-0.33886401636952934,0.17267372074238113,0.7008812667518773,0.6466613869654632,1.0888089725935857,-0.01882495820402641,-0.19899928216669466,0.2503250553954198,0.11946334340495521,0.27123260302015645,0.2051842161562165,0.24870827373367502,0.2884313974427076,-0.1250170241093497,0.061610058959980056
4.47,0.7121341094412594,-0.3401141866106228,0.17328982133198093,0.704580314294004,0.6474111321696611,1.0929655025048928,-0.019803131047273142,-0.19891828657331653,0.2508170471837763,0.1195825341062332,0.2708387666467762,0.20478623784006414,0.24832728912354002,0.28884088703079047,-0.12508572152778494,0.06159824786199519
4.48,0.7150225183115674,-0.34136504382590066,0.1739058038106009,0.7082823189797137,0.6481481785140444,1.0971208366270195,-0.020782028099593428,-0.19883331168669063,0.25130575781567643,0.11970043096718491,0.27044139528847394,0.20438716279924818,0.24794815125035036,0.28924873605764956,-0.12515385155964853,0.061586074467999935
4.49,0.7179150056721438,-0.34261658234149717,0.1745216645552809,0.711987140637683,0.648872527711695,1.101274838571236,-0.02176161938751891,-0.19874437163055222,0.25179118523799443,0.11981703460772973,0.2700405239136702,0.20398701618383586,0.24757085272922108,0.28965494466733166,-0.1252214253005381,0.06157354929034946
4.5,0.7208115551188171,-0.34386879659450253,0.1751374000481844,0.7156946389317,0.6495841825990545,1.1054273718708405,-0.022741875034928437,-0.1986514806977282,0.25227332764653543,0.11993234572294073,0.26963618753900326,0.20358582303244926,0.24719538602456242,0.2900595131873579,-0.1252884537826971,0.06156068277410792
4.51,0.7237121502506907,-0.3451216811323295,0.1757530068759255,0.7194046733888829,0.6502831471316444,1.1095783000085593,-0.02372276526585045,-0.19855465334729305,0.2527521834843285,0.12004636508254024,0.2692284212244658,0.20318360827033025,0.24682174345324784,0.29046244212649663,-0.12535494797374566,0.061547485295738294
4.5200000000000005,0.7266167746719556,-0.34637523061206693,0.17636848172888286,0.7231171034279512,0.6509694263795266,1.1137274864440023,-0.024704260407223438,-0.19845390420172146,0.25322775143988935,0.1201590935303859,0.2688172600685807,0.2027803967074424,0.24644991718779233,0.2908637321725194,-0.1254209187754442,0.06153396716182628
4.53,0.7295254119936808,-0.34762943979982136,0.17698382140050112,0.7268317883875379,0.6516430265225053,1.1178747946411618,-0.025686330891614234,-0.19834924804403803,0.25370003044545447,0.12027053198394753,0.26840273920361674,0.20237621303661066,0.24607989925953572,0.29126338418993875,-0.12548637702248744,0.061520138607838226
4.54,0.7324380458355803,-0.34888430357004624,0.1775990227865795,0.7305485875545267,0.6523039548450728,1.1220200880959375,-0.02666894725989388,-0.19824069981496525,0.25416901967518657,0.12038068143377502,0.26798489379084417,0.20197108183169782,0.2457116815618327,0.29166139921773165,-0.12555133348133163,0.061506009796913064
4.55,0.7353546598277576,-0.35013981690485957,0.17821408288454862,0.7342673601924001,0.6529522197311017,1.126163230363677,-0.027652080163870822,-0.19812827461007004,0.2546347185433526,0.12048954294295744,0.267563759015832,0.20156502754581893,0.24534525585324599,0.2920577784670464,-0.1256157988490523,0.06149159081868803
4.5600000000000005,0.7382752376124281,-0.3513959748933501,0.1788289987927355,0.7379879655695858,0.6535878306582859,1.130304085086715,-0.028635700368881266,-0.19801198767690972,0.25509712670247536,0.12059711764657369,0.2671393700837872,0.20115807450959286,0.24498061376074276,0.2924525233188969,-0.12567978375223401,0.06147689168815833
4.57,0.7411997628456171,-0.3526527727308725,0.1794437677096171,0.7417102629877841,0.6542107981923313,1.1344425160218974,-0.029619778756336423,-0.19789185441217821,0.2555562440414585,0.12070340675113479,0.2667117622149366,0.20075024692943144,0.2446177467828927,0.2928456353218431,-0.12574329874589169,0.06146192234457083
4.58,0.7441282191988355,-0.35391020571833137,0.1800583869330628,0.7454341118102653,0.6548211339809019,1.138578387068077,-0.030604286326226523,-0.19776789035885295,0.256012070683687,0.12080841153401825,0.26628097063995243,0.20034156888586607,0.2442566462930658,0.29323711618966036,-0.12580635431242349,0.06144669265035074
4.59,0.7470605903607321,-0.3551682692614556,0.18067285385956633,0.7491593714901204,0.6554188507473208,1.1427115622935657,-0.031589194199581415,-0.1976401112033433,0.2564646069851027,0.12091213334289445,0.26584703059542214,0.19993206433191166,0.24389730354262912,0.2936269677989968,-0.12586896086059454,0.06143121239006281
4.6000000000000005,0.7499968600387221,-0.35642695887006154,0.18128716598346695,0.752885901598452,0.6560039622840309,1.1468419059635293,-0.03257447362088758,-0.19750853277264124,0.2569138535322567,0.12101457359514559,0.2654099773193627,0.19952175709146824,0.24353970966414215,0.29401519218702116,-0.1259311287245527,0.06141549126940528
4.61,0.7529370119605924,-0.3576862701573071,0.181901320896161,0.7566135618524918,0.6565764834458184,1.150969282567311,-0.03356009596046147,-0.19737317103147475,0.2573598111403383,0.12111573377727716,0.26496984604678075,0.1991106708577598,0.2431838556745473,0.294401791549062,-0.12599286816287444,0.0613995389142374
4.62,0.755881029876083,-0.3589461988389358,0.18251531628530338,0.7603422121436291,0.6571364301428007,1.155093556845669,-0.03454603271677903,-0.19723404207946468,0.257802480851182,0.1212156154443224,0.2645266720052787,0.1986988291918105,0.24282973247835657,0.2947867682362373,-0.12605418935764273,0.06138336486964011
4.63,0.7588288975584453,-0.36020674073251224,0.18312914993399979,0.7640717125653371,0.657683819333183,1.1592145938179155,-0.03553225551876128,-0.19709116214828581,0.2582418639312536,0.12131422021923972,0.26408049041070764,0.1982862555209584,0.24247733087083187,0.2951701247530782,-0.12611510241355484,0.061366978599009865
4.64,0.761780598805976,-0.3614678917566478,0.18374281971998987,0.7678019234409845,0.6582186690157877,1.1633322588089408,-0.03651873612801595,-0.19694454759883256,0.2586779618696147,0.12141154979230365,0.2636313364628674,0.19787297313740612,0.24212664154115882,0.29555186375514564,-0.1261756173570618,0.06135038948318512
4.65,0.7647361174435275,-0.3627296479302184,0.18435632361482174,0.7715327053515157,0.6587409982223581,1.1674464174761117,-0.03750544644103498,-0.19679421491839016,0.25911077637586855,0.12150760592048909,0.2631792453412545,0.19745900519680887,0.24177765507561108,0.29593198804664117,-0.12623574413553734,0.06133360681960563
4.66,0.7676954373239939,-0.3639920053715738,0.1849696596830178,0.7752639191629885,0.6592508270096414,1.1715569358360287,-0.038492358491347994,-0.19664018071781178,0.2595403093780857,0.1216023904268496,0.26272425220085843,0.1970443747168995,0.24143036196070702,0.29631050057801456,-0.12629549261647824,0.06131663982150429
4.67,0.770658542329774,-0.3652549602977386,0.18558282608123283,0.7789954260539546,0.6597481764512548,1.1756636802911293,-0.03947944445163153,-0.19648246172870215,0.25996656302071197,0.1216959051998895,0.2622663921680068,0.1966291045761506,0.2410847525863541,0.29668740444356545,-0.1263548725867337,0.06129949761713107
4.68,0.7736254163742097,-0.3665185090236059,0.18619582105740415,0.7827270875426696,0.6602330686293373,1.1797665176561227,-0.04046667663577417,-0.1963210748006085,0.2603895396624586,0.12178815219293036,0.2618057003362596,0.19621321751247325,0.2407408172489833,0.29706270287904435,-0.1264138937517659,0.06128218924900922
4.69,0.7765960434030001,-0.36778264796112353,0.18680864294989424,0.7864587655141202,0.6607055266259921,1.1838653151842446,-0.041454027500897404,-0.19615603689821917,0.26080924187417553,0.12187913342347183,0.2613422117623535,0.19579673612195278,0.2403985461546692,0.29743639925924986,-0.1264725657349393,0.061264723673223435
4.7,0.7795704073955927,-0.36904737361847295,0.18742129018662648,0.7901903222468534,0.6611655745145238,1.1879599405933186,-0.042441469649332396,-0.1959873650985706,0.2612256724367085,0.12196885097254717,0.260875961462196,0.19537968285762095,0.2400579294222383,0.29780849709562585,-0.12653089807684018,0.06124710975873914
4.71,0.782548492366549,-0.3703126825992413,0.18803376128421387,0.7939216204395974,0.6616132373504734,1.1920502620916094,-0.04342897583055255,-0.19581507658826314,0.2616388343387408,0.12205730698407377,0.26040698440691035,0.19496208002826462,0.2397189570863611,0.2981790000338573,-0.12658890023462496,0.06122935628675382
4.72,0.7855302823668876,-0.3715785716015876,0.1886460548470814,0.7976525232376601,0.6620485411624556,1.1961361484034583,-0.04441651894306197,-0.19563918866068647,0.26204873077462026,0.12214450366419864,0.2599353155189314,0.19454394979727088,0.2393816191006284,0.298547911851467,-0.1266465815813984,0.06121147195007916
4.73,0.7885157614854023,-0.37284503741740155,0.1892581695665822,0.8013828942590927,0.662471512942804,1.200217468794686,-0.04540407203623984,-0.1954597187132548,0.2624553651421725,0.12223044328063938,0.2594609896681527,0.1941253141815081,0.23904590534061299,0.29891523645541374,-0.12670395140561982,0.06119346535255414
4.74,0.7915049138499564,-0.37411207693145776,0.18987010422010775,0.8051125976206065,0.662882180638027,1.204294093097752,-0.04639160831214081,-0.19527668424465272,0.26285874104050055,0.12231512816202059,0.258984041668125,0.19370619505024322,0.23871180560691058,0.2992809778796914,-0.1267610189105385,0.06117534500848848
4.75,0.7944977236287533,-0.37537968712056313,0.19048185767019263,0.8088414979632311,0.6632805731390785,1.208365891736657,-0.047379101127251425,-0.19509010285209213,0.26325886226777234,0.12239856069720607,0.25850450627230726,0.19328661412409456,0.23837930962816467,0.2996451402829317,-0.12681779321365705,0.061157119342137065
4.76,0.7974941750315826,-0.3766478650526997,0.191093428863614,0.8125694604777016,0.6636667202714506,1.2124327357515796,-0.04836652399420278,-0.19489999222858068,0.26365573281899596,0.12248074333462707,0.2580224181703692,0.19286659297402056,0.2380484070640708,0.30000772794601027,-0.12687428334622355,0.06113879668720376
4.7700000000000005,0.8004942523110427,-0.37791660788616194,0.19170481683048604,0.8162963509295637,0.6640406527850892,1.2164944968232305,-0.04935385058343934,-0.1947063701602021,0.26404935688378417,0.1225616785816066,0.2575378119845468,0.19244615302034362,0.23771908750836038,0.3003687452696561,-0.1269304982527507,0.06112038528637547
4.78,0.8034979397637392,-0.37918591286868947,0.1923160206833498,0.820022035683985,0.6644024023441403,1.2205510472969192,-0.05034105472484424,-0.19450925452340942,0.26443973884410815,0.12264136900368028,0.2570507222660503,0.1920253155318095,0.237391340491764,0.30072819677206697,-0.12698644679056328,0.06110189329088539
4.79,0.8065052217314599,-0.3804557773365951,0.19292703961625865,0.8237463817302626,0.6647520015165299,1.2246022602063178,-0.05132811040932102,-0.19430866328233093,0.2648268832720417,0.12271981722391362,0.25656118349152535,0.19160410162468128,0.23706515548495163,0.30108608708652973,-0.12704213772937223,0.06108332876010559
4.8,0.8095160826023252,-0.3817261987138888,0.1935378729038597,0.8274692567060139,0.6650894837633832,1.228648009296912,-0.05231499179033202,-0.1941046144860897,0.265210794927496,0.1227970259222163,0.2560692300595669,0.1911825322618686,0.2367405219014513,0.30144242095904694,-0.12709757975087632,0.06106469966116849
4.8100000000000005,0.8125305068119156,-0.3829971745113976,0.19414851990047138,0.8311905289210433,0.665414883428287,1.232688169049131,-0.05330167318539364,-0.19389712626613712,0.2655914787559466,0.12287299783465327,0.25557489628728686,0.190760628252091,0.23641742910054245,0.30179720324597087,-0.12715278144839018,0.06104601386861674
4.82,0.8155484788443753,-0.3842687023258815,0.19475898003915756,0.8349100673808715,0.6657282357264022,1.2367226147011414,-0.054288129077528474,-0.19368621683360074,0.26596893988615194,0.12294773575275328,0.255078216406935,0.1903384102490759,0.23609586639012622,0.30215043891164456,-0.1272077513264987,0.06102727916408136
4.83,0.8185699832334917,-0.3855407798391465,0.19536925283079837,0.8386277418099198,0.6660295767334279,1.2407512222713024,-0.05527433411667464,-0.19347190447664706,0.2663431836278653,0.12302124252281454,0.2545792245625735,0.18991589875079043,0.23577582302957018,0.3025021330260515,-0.1272624978007382,0.061008503235987874
4.84,0.8215950045637522,-0.38681340481715387,0.19597933786315824,0.842343422674339,0.6663189433744264,1.2447738685802652,-0.05626026312105242,-0.1932542075578594,0.26671421546954,0.12309352104520829,0.2540779548068052,0.18949311409870714,0.2354572882325271,0.30285229076247416,-0.12731702919730206,0.06098969367929003
4.8500000000000005,0.824623527471377,-0.3880865751091269,0.19658923479995113,0.8460569812044727,0.6665963734125109,1.2487904312727123,-0.057245891078488466,-0.1930331445116317,0.26708204107602884,0.12316457427367991,0.2535744410975558,0.18907007647710333,0.2351402511697263,0.30320091739516153,-0.1273713537527732,0.06097085799523042
4.86,0.8276555366453286,-0.3893602886466547,0.19719894337990343,0.8497682894169478,0.6668619054374014,1.2528007888387263,-0.05823119314769766,-0.19280873384157807,0.2674466662862786,0.12323440521464821,0.2530687172949099,0.18864680591239358,0.23482470097174016,0.3035480182970077,-0.12742547961388087,0.06095200359112848
4.87,0.8306910168282987,-0.39063454344279347,0.1978084634158147,0.8534772201363827,0.6671155788538566,1.2568048206347786,-0.059216144659523025,-0.1925809941179591,0.2678080971110197,0.1233030169265028,0.2525608171580009,0.18822332227249533,0.23451062673171968,0.30389359893724005,-0.1274794148372829,0.06093313778019452
4.88,0.8337299528176711,-0.3919093375911663,0.19841779479361665,0.8571836470167042,0.6673574338699831,1.260802406904332,-0.06020072111813374,-0.19234994397512484,0.26816633973045206,0.12337041251889991,0.2520507743419551,0.18779964526622728,0.2341980175081039,0.30423766487911924,-0.12753316738937154,0.06091426778137018
4.89,0.8367723294664623,-0.39318466926506,0.19902693747143035,0.8608874445620666,0.6675875114854299,1.264793428798046,-0.06118489820218164,-0.19211560210897513,0.2685214004919277,0.12343659515205666,0.25153862239488983,0.18737579444274005,0.2338868623272993,0.30458022177765126,-0.12758674514610466,0.06089540071919482
4.9,0.8398181316842388,-0.39446053671652104,0.1996358914786223,0.8645884881473637,0.6678058534794724,1.268777768393581,-0.062168651765916356,-0.1918779872744374,0.2688732859076305,0.12350156803604419,0.2510243947549653,0.18695178919097924,0.23357715018632944,0.304921275377311,-0.1276401558928598,0.06087654362369702
4.91,0.8428673444380119,-0.39573693827544965,0.20024465691485926,0.8682866540383284,0.6680125023989909,1.272755308714991,-0.06315195784025938,-0.19163711828296243,0.26922200265225393,0.12356533443007964,0.25050812474749085,0.18652764873918018,0.23326887005545485,0.3052608315097793,-0.12769340732431197,0.060857703430311404
4.92,0.8459199527531097,-0.3970138723486928,0.20085323394916238,0.8719818194112109,0.6682075015463499,1.2767259337516992,-0.0641347926338374,-0.1913930140000385,0.2695675575606773,0.12362789764181727,0.24998984558208512,0.18610339215439436,0.2329620108807621,0.3055988960916934,-0.12774650704433518,0.0608388869798201
4.93,0.8489759417140267,-0.39829133741913614,0.20146162281896057,0.8756738623720302,0.6683908949671822,1.28068952847705,-0.06511713253397497,-0.19114569334272402,0.26990995762564085,0.12368926102663882,0.24946959034988997,0.18567903834204705,0.23265656158672116,0.30593547512241076,-0.1277994625659259,0.060820101018318536
4.94,0.8520352964652508,-0.3995693320447954,0.20206982382914376,0.8793626619753924,0.6685627274380836,1.284645978866431,-0.06609895410764713,-0.1908951752771991,0.2702492099954207,0.12374942798694336,0.24894739202083851,0.1852546060455259,0.23235251107871188,0.3062705746817877,-0.12785228131114953,0.060801352197205345
4.95,0.8550980022120687,-0.40084785485790686,0.20267783735111583,0.8830480982428697,0.6687230444542244,1.2885951719149582,-0.0670802341023919,-0.19064147881633636,0.27058532197150376,0.12380840197143672,0.24842328344097678,0.18483011384580028,0.23204984824551778,0.3066042009279723,-0.127904970611109,0.06078264707319526
4.96,0.8581640442213484,-0.40212690456401795,0.2032856638218478,0.8867300521809346,0.6688718922168803,1.2925369956547208,-0.06806094944718329,-0.1903846230172914,0.27091830100626363,0.12386618647442078,0.24789729732983914,0.18440558016107075,0.23174856196178764,0.30693636009521347,-0.1279575377059348,0.0607639921083563
4.97,0.8612334078223005,-0.4034064799410773,0.20389330374293135,0.8904084057984442,0.6690093176208922,1.2964713391715785,-0.06904107725326483,-0.1901246269791128,0.2712481547006374,0.12392278503508265,0.24736946627787743,0.18398102324644863,0.23144864109046398,0.30726705849168456,-0.12800998974479658,0.06074539367016863
4.98,0.8643060784072174,-0.4046865798385253,0.20450075767963305,0.8940830421236696,0.6691353682420559,1.3003980926215084,-0.07002059481494423,-0.18986150984037262,0.27157489080180464,0.123978201236784,0.2468398227439433,0.18355646119366528,0.23115007448517796,0.30759630249732395,-0.128062333785936,0.060726858031606545
4.99,0.8673820414321907,-0.4059672031763847,0.20510802625994912,0.897753845220867,0.6692500923244493,1.3043171472464945,-0.07099947961034923,-0.1895952907768168,0.2718985172008684,0.12403243870635071,0.24630839905282415,0.18313191193081063,0.23085285099261152,0.30792409856169184,-0.1281145767967198,0.06070839137124227
5.0,0.8704612824178076,-0.40724834894435186,0.20571511017366154,0.9014207002063838,0.6693535387677025,1.3082283953899583,-0.07197770930214518,-0.18932598899903663,0.27221904193053925,0.12408550111336285,0.24577522739283195,0.1827073932221007,0.2305569594548241,0.3082504532018437,-0.12816672565371373,0.06068999977337139
5.01,0.873543786949826,-0.40853001620088897,0.20632201017139526,0.9050834932642992,0.6694457571142146,1.3121317305117248,-0.07295526173821454,-0.18905362375016072,0.2725364731628227,0.12413739216944542,0.24524033981344534,0.18228292266767385,0.23026238871154642,0.3085753730002215,-0.1282187871427759,0.06067168922815972
5.0200000000000005,0.8766295406798282,-0.4098122040723167,0.20692872706367685,0.9087421116615935,0.6695267975363233,1.316027047202523,-0.07393211495229872,-0.18877821430356836,0.2728508192067102,0.12418811562755971,0.24470376822300427,0.18185851770341532,0.2299691276024394,0.3088988646025625,-0.12827076795917017,0.06065346563181073
5.03,0.8797185293258538,-0.41109491175190843,0.20753526171999495,0.9123964437628442,0.6695967108234329,1.3199142411980138,-0.07490824716460266,-0.18849977996062411,0.2731620885058749,0.12423767528129566,0.24416554438645743,0.18143419560080967,0.22967716496931687,0.30922093471582546,-0.1283226747076987,0.060635334786753675
5.04,0.8828107386730121,-0.4123781384989854,0.2081416150678625,0.9160463790444461,0.6696555483691048,1.323793209392347,-0.07588363678236235,-0.1882183400484338,0.27347028963637177,0.12428607496416515,0.24362569992316196,0.18100997346682093,0.22938648965833539,0.3095415901061359,-0.1283745139028529,0.0606173024018519
5.05,0.8859061545740734,-0.4136618836380139,0.20874778809188102,0.9196918081083519,0.6697033621581164,1.3276638498512423,-0.07685826240037578,-0.18793391391762257,0.2737754313043433,0.12433331854889662,0.24308426630473529,0.1805858682438,0.229097090522147,0.3098608375967498,-0.12842629196898372,0.06059937409263037
5.0600000000000005,0.8890047629500409,-0.4149461465577038,0.2093537818328073,0.923332622695334,0.669740204753493,1.3315260618245937,-0.07783210280149774,-0.18764652094013465,0.274077522343731,0.12437940994673095,0.24254127485295907,0.18016189670941887,0.22880895642201696,0.3101786840660359,-0.1284780152404893,0.060581555381523065
5.07,0.8921065497907013,-0.4162309267101087,0.20995959738662254,0.9269687156977624,0.6697661292835182,1.3353797457585943,-0.07880513695709862,-0.1873561805070554,0.27437657171399293,0.12442435310671887,0.24199675673773455,0.17973807547663154,0.2285220762299065,0.31049513644547794,-0.12852968996202074,0.060563851698138896
5.08,0.895211501155156,-0.4175162236097289,0.21056523590360393,0.9305999811719006,0.669781189428727,1.3392248033073821,-0.07977734402748785,-0.18706291202645564,0.2746725884978279,0.12446815201501991,0.24145074297508953,0.17931442099366096,0.2282364388305184,0.3108102017176958,-0.12858132228870545,0.06054626837954627
5.09,0.898319603172333,-0.41880203683261596,0.2111706985873994,0.9342263143497163,0.669785439408888,1.3430611373442043,-0.0807487033623022,-0.18676673492125845,0.2749655818989068,0.12451081069420325,0.24090326442523638,0.17889094954401205,0.22795203312330783,0.31112388691448684,-0.12863291828638712,0.060528810670575535
5.1000000000000005,0.9014308420414778,-0.42008836601547983,0.21177598669410516,0.9378476116502076,0.669778933969978,1.3468886519720997,-0.08171919450085939,-0.1864676686271287,0.2752555612396115,0.12455233320255026,0.24035435179068082,0.17846767724650991,0.22766884802445625,0.3114361991148872,-0.12868448393188273,0.06051148372413963
5.11,0.9045452040326267,-0.4213752108547987,0.21238110153134657,0.9414637706902437,0.6697617283711547,1.3507072525341004,-0.08268879717247737,-0.1861657325903854,0.27554253595878153,0.12459272363335924,0.23980403561438143,0.1780446200553633,0.2273868724688097,0.3117471454432535,-0.12873602511325571,0.060494292601571395
5.12,0.9076626754870593,-0.42266257110593125,0.21298604445736227,0.9450746902949206,0.669733878371732,1.3545168456229506,-0.0836574912967597,-0.1858609462659369,0.2758265156094693,0.1246319861142522,0.23925234627795922,0.17762179376025294,0.22710609541178034,0.312056733067365,-0.12878754763010508,0.060477242272978245
5.13,0.9107832428177329,-0.4239504465822323,0.21359081688009204,0.9486802705074321,0.6696954402181635,1.3583173390903445,-0.08462525698384742,-0.18555332911523925,0.2761075098567037,0.12467012480648397,0.2386993139999571,0.1771992139864439,0.22682650583121133,0.31236496919654594,-0.1288390571938701,0.06046033761761332
5.14,0.9139068925096984,-0.425238837154171,0.21419542025626817,0.952280412598456,0.6696464706310369,1.3621086420556838,-0.08559207453463781,-0.18524290060427778,0.27638552847526315,0.1247071439042536,0.23814496883414923,0.17677689619492226,0.22654809272920692,0.3126718610798107,-0.12889055942815045,0.060443583424262676
5.15,0.9170336111204964,-0.4265277427484525,0.2147998560905108,0.9558750190750583,0.6695870267920864,1.3658906649143554,-0.0865579244409705,-0.18492968020157205,0.27666058134745813,0.12474304763401839,0.23758934066789908,0.17635485568255535,0.22627084513392415,0.3129774160040276,-0.1289420598690408,0.06042698439164816
5.16,0.9201633852805366,-0.4278171633471429,0.2154041259344273,0.9594639936891153,0.6695171663312257,1.3696633193455308,-0.08752278738578122,-0.1846136873762041,0.2769326784609233,0.12477784025381053,0.23703245922056695,0.17593310758227512,0.2259947521013291,0.31328164129210606,-0.12899356396548028,0.06041054512884578
5.17,0.9232962016934577,-0.4291070989867977,0.21600823138571573,0.9630472414452546,0.6694369473136071,1.373426518319488,-0.0884866442432237,-0.1842949415958704,0.27720182990642006,0.12481152605255637,0.2364743540419657,0.17551166686328457,0.22571980271691688,0.3135845443012043,-0.12904507707961593,0.06039427015571902
5.18,0.9264320471364698,-0.43039754975759387,0.21661217408727293,0.9666246686083192,0.6693464282267109,1.3771801761044609,-0.08944947607876015,-0.18397346232495732,0.27746804587564966,0.12484410934939869,0.23591505451086467,0.1750905483312865,0.2254459860973949,0.3138861324209587,-0.12909660448718,0.06037816390336656
5.19,0.9295709084606794,-0.43168851580246564,0.2172159557263066,0.9701961827103552,0.6692456679674685,1.3809242082730133,-0.09041126414922075,-0.18364926902264037,0.27773133665907723,0.12487559449302182,0.23535458983354146,0.1746697666287347,0.22517329139232992,0.31418641307173556,-0.12914815137788074,0.060362230714584526
5.2,0.9327127725913967,-0.4329799973162444,0.21781957803345242,0.9737616925571257,0.6691347258294261,1.3846585317079456,-0.09137198990283238,-0.18332238114100718,0.27799171264376704,0.12490598586097994,0.23479298904238122,0.17424933623510658,0.22490170778575871,0.3144853937029045,-0.12919972285580586,0.06034647484434213
5.21,0.9358576265284257,-0.4342719945448025,0.21842304278189584,0.977321108234154,0.6690136614899493,1.3883830646077318,-0.09233163497921734,-0.1829928181232044,0.2782491843112293,0.12493528785902838,0.2342302809945227,0.17382927146719743,0.22463122449776288,0.3147830817911336,-0.1292513239398398,0.06033090046027108
5.22,0.9390054573463371,-0.43556450778420086,0.21902635178649854,0.9808743411122992,0.6688825349974766,1.3920977264914944,-0.09329018120936225,-0.1826605994016084,0.27850376223527895,0.12496350492045842,0.2336664943705512,0.1734095864794356,0.22436183078600686,0.315079484838707,-0.12930295956409174,0.06031551164316797
5.23,0.9421562521947242,-0.4368575373798418,0.21962950690293023,0.984421303852868,0.6687414067588231,1.3958024382035177,-0.09424761061555754,-0.18232574439602006,0.2787554570799065,0.12499064150543526,0.23310165767323754,0.17299029526421844,0.22409351594724117,0.31537461037186526,-0.12935463457833737,0.06030031238750909
5.24,0.9453099982984429,-0.43815108372562517,0.22023251002680533,0.9879619104122646,0.6685903375265393,1.3994971219173027,-0.09520390541130822,-0.18198827251188354,0.2790042795971617,0.12501670210033958,0.2325357992263229,0.17257141165226836,0.22382626931876826,0.3156684659391672,-0.12940635374847106,0.06028530660197784
5.25,0.9484666829578345,-0.4394451472631099,0.22083536309282512,0.9914960760461843,0.6684293883863297,1.40318170113917,-0.09615904800121601,-0.18164820313852895,0.2792502406250494,0.12504169121711262,0.23196894717334907,0.17215294931300887,0.22356008027987362,0.31596105910987493,-0.12945812175697036,0.060270498110004164
5.26,0.9516262935489332,-0.4407397284806796,0.22143806807392516,0.995023717313354,0.6682586207445332,1.4068561007114135,-0.0971130209808336,-0.18130555564743928,0.27949335108543916,0.12506561339260486,0.23140112947653363,0.17173492175496027,0.22329493825322141,0.3162523974723609,-0.1295099432033704,0.06025589065031499
5.2700000000000005,0.9547888175236569,-0.4420348279127133,0.2220406269804283,0.9985447520788243,0.6680780963156708,1.4105202468150067,-0.09806580713649117,-0.18096034939054131,0.27973362198198776,0.1250884731879286,0.23083237391568961,0.17131734232615434,0.2230308327062141,0.31654248863253814,-0.12956182260475038,0.06024148787749642
5.28,0.9579542424099823,-0.4433304461387608,0.22264304185920328,1.0020590995168164,0.6678878771100624,1.4141740669718708,-0.09901738944509585,-0.18061260369852072,0.27997106439807545,0.1251102751878142,0.2302627080871894,0.17090022421456785,0.22276775315231673,0.3168313402123126,-0.1296137643962291,0.060227293362566575
5.29,0.9611225558121054,-0.44462658378272313,0.22324531479282894,1.0055666801131309,0.6676880254215183,1.417817490046706,-0.09996775107390442,-0.18026233787916116,0.280205689494756,0.12513102399997028,0.22969215940297202,0.17048358044857465,0.2225056891523472,0.3171189598480581,-0.12966577293147147,0.060213310593558694
5.3,0.964293745410586,-0.4459232415120378,0.22384744789876454,1.0090674156671215,0.6674786038151074,1.421450446248392,-0.10091687538026975,-0.17990957121570755,0.28043750850872096,0.12515072425444795,0.22912075508959384,0.17006742389741555,0.2222446303157304,0.31740535518911495,-0.12971785248320394,0.06019954297611477
5.3100000000000005,0.9674677989624771,-0.44722042003686985,0.22444944332852568,1.012561229293239,0.6672596751150051,1.4250728671309616,-0.10186474591136133,-0.17955432296525348,0.2806665327502782,0.12516938060300908,0.22854852218732194,0.1696517672716862,0.2219845663017185,0.31769053389631,-0.12977000724373988,0.060185993834088514
5.32,0.9706447043014402,-0.44851812010930725,0.22505130326686656,1.0160480454221519,0.6670313023924258,1.428684685594156,-0.10281134640386044,-0.17919661235715262,0.280892773601345,0.12518699771849873,0.22797548754926975,0.16923662312384208,0.2217254868205768,0.3179745036405003,-0.1298222413255139,0.060172666410157984
5.33,0.9738244493378453,-0.44981634252256236,0.22565302993096814,1.0195277898014474,0.6667935489536418,1.4322858358835628,-0.10375666078363037,-0.1788364585914543,0.28111624251345596,0.12520358029422177,0.2274016778405745,0.16882200384872037,0.22146738163473514,0.3182572721011394,-0.12987455876162446,0.060159563866447274
5.34,0.9770070220588567,-0.4511150881101786,0.2262546255696326,1.0230003894959216,0.6665464783280923,1.4358762535903467,-0.10470067316536197,-0.17847388083736315,0.2813369510057859,0.12521913304332385,0.22682711953761603,0.16840792168407875,0.2212102405599049,0.31853884696486606,-0.12992696350638575,0.060146689285156554
5.3500000000000005,0.9801924105285054,-0.45241435774524247,0.22685609246248417,1.0264657728874607,0.6662901542565846,1.4394558756505753,-0.10564336785219529,-0.17810889823172257,0.2815549106631879,0.12523366069817665,0.2262518389272765,0.1679943887111501,0.2209540534661639,0.31881923592411615,-0.12997945943588649,0.06013404566920104
5.36,0.9833806028877465,-0.45371415233960133,0.2274574329191762,1.0299238696745219,0.6660246406795919,1.443024640344149,-0.10658472933531736,-0.1777415298775224,0.2817701331342471,0.1252471680097676,0.22567586210624047,0.16758141685521327,0.2206988102790064,0.3190984466757571,-0.13003205034855778,0.06012163594285765
5.37,0.9865715873545041,-0.4550144728430869,0.22805864927860478,1.03337461087122,0.6657500017256494,1.4465824872933377,-0.1075247422935369,-0.17737179484243035,0.28198263012934965,0.1252596597470941,0.22509921498033494,0.16716901788617927,0.22044450098035998,0.3193764869197448,-0.13008473996574743,0.060109462952419423
5.38,0.9897653522237015,-0.45631532024274435,0.228659743908129,1.0368179288060257,0.6654663016998512,1.4501293574609355,-0.10846339159283609,-0.17699971215734747,0.28219241341876755,0.12527114069656228,0.22452192326390882,0.16675720341919265,0.220191115609571,0.3196533643578035,-0.13013753193230207,0.06009752946685722
5.39,0.9929618858672796,-0.45761669556206735,0.22926071920279756,1.0402537571200805,0.6651736050724517,1.453665193148034,-0.10940066228590012,-0.17662530081498726,0.2823994948307597,0.12528161566139037,0.22394401247925133,0.16634598491524769,0.21993864426435553,0.31992908669212816,-0.13019042981715595,0.06008583817848863
5.4,0.9961611767342009,-0.4589185998602389,0.22986157758458245,1.0436820307651378,0.6648719764675728,1.4571899379914257,-0.11033653961162468,-0.17624857976847869,0.2826038862496887,0.12529108946101672,0.2233655079560489,0.16593537368181902,0.21968707710172022,0.32020366162410935,-0.13024343711392625,0.06007439170365347
5.41,0.999363213350442,-0.46022103423137817,0.230462321501619,1.0471026860011343,0.6645614806520204,1.4607035369606418,-0.11127100899460203,-0.17586956792999284,0.28280559961415425,0.1252995669305126,0.22278643483088006,0.16552538087350638,0.21943640433884923,0.32047709685308096,-0.13029655724151487,0.06006319258339595
5.42,1.0025679843189728,-0.46152399980379333,0.23106295342745295,1.0505156603934005,0.6642421825242113,1.4642059363546316,-0.11220405604458598,-0.17548828416939322,0.28300464691514277,0.12530705291999972,0.22220681804674788,0.16511601749269308,0.21918661625396058,0.3207494000750895,-0.13034979354471612,0.06005224328415234
5.43,1.0057754783197237,-0.4628274977392405,0.23166347586029448,1.053920892809515,0.6639141471032143,1.4676970837980905,-0.11313566655593621,-0.17510474731290954,0.2832010401941937,0.12531355229407257,0.22162668235264923,0.16470729439021792,0.21893770318713104,0.32102057898168684,-0.13040314929483005,0.06004154619844498
5.44,1.0089856841095406,-0.46413152923218876,0.23226389132227893,1.0573183234158114,0.6635774395179062,1.4711769282374438,-0.11406582650704238,-0.17471897614183501,0.28339479154158237,0.1253190699312257,0.2210460523031807,0.1642992222660601,0.2186896555410906,0.32129064125874474,-0.1304566276902816,0.060031103645581674
5.45,1.012198590522128,-0.4654360955090916,0.23286420235873476,1.0607078936735452,0.663232124996245,1.4746454199364936,-0.1149945220597285,-0.17433098939124703,0.28358591309452,0.12532361072328593,0.22046495225818052,0.163891811670037,0.2184424637819847,0.32155959458529126,-0.1305102318572443,0.060020917872360004
5.46,1.0154141864679809,-0.46674119782766404,0.23346441153745837,1.0640895463347257,0.6628782688546634,1.4781025104717345,-0.11592173955863787,-0.1739408057487511,0.2837744170353704,0.12532717957484935,0.2198834063824059,0.16348507300251408,0.2181961184401084,0.32182744663236984,-0.13056396485026964,0.06001099105377646
5.47,1.0186324609343045,-0.46804683747616677,0.23406452144799614,1.0674632254376222,0.6625159364875832,1.481548152727348,-0.1168474655305991,-0.1735484438532479,0.28396031558988344,0.12532978140272355,0.21930143864524543,0.16307901651512716,0.2179506101106085,0.3220942050619198,-0.1306178296529204,0.06000132529374063
5.48,1.0218534029849238,-0.46935301577269595,0.23466453470093354,1.0708288763019511,0.6621451933570524,1.4849823008898804,-0.11777168668397363,-0.1731539222937237,0.2841436210254467,0.12533142113537482,0.21871907282046602,0.16267365231151615,0.21770592945415815,0.32235987752567974,-0.13067182917840878,0.05999192262579309
5.49,1.0250770017601805,-0.47065973406448003,0.23526445392719147,1.0741864455237513,0.6617661049825074,1.488404910442613,-0.11869438990798507,-0.1727572596080632,0.2843243456493534,0.1253321037123804,0.2181363324859937,0.16226899034807024,0.21746206719760006,0.32262447166411135,-0.13072596627023822,0.05998278501382778
5.5,1.0283032464768216,-0.4719669937271824,0.23586428177732977,1.0775358809699553,0.661378736930662,1.491815938159631,-0.11961556227203096,-0.1723584742818859,0.284502501807088,0.12533183408388587,0.21755324102372822,0.16186504043468425,0.21721901413456293,0.3228879951053459,-0.13078024370284982,0.05997391435281758
5.51,1.031532126427875,-0.4732747961642109,0.23646402092085794,1.0808771317726633,0.6609831548055227,1.4952153420996008,-0.12053519102497715,-0.17195758474740463,0.2846781018806297,0.12533061721006772,0.21696982161939024,0.16146181223552553,0.21697676112604808,0.32315045546415216,-0.13083466418227144,0.05996531246954383
5.5200000000000005,1.0347636309825166,-0.47458314280603364,0.23706367404555337,1.0842101483231283,0.6605794242385356,1.4986030815992597,-0.12145326359443533,-0.1715546093823072,0.28485115828677265,0.12532845806060103,0.21638609726240138,0.16105931526981138,0.21673529910098846,0.32341186034092534,-0.1308892303467708,0.05995698112332869
5.53,1.0379977495859258,-0.47589203510950134,0.23766324385678667,1.0875348822654596,0.660167610878861,1.5019791172666288,-0.12236976758602416,-0.1711495665086602,0.2850216834754648,0.12532536161413252,0.21580209074579607,0.16065755891259656,0.21649461905678014,0.32367221732069773,-0.13094394476751142,0.05994892200677052
5.54,1.0412344717591329,-0.47720147455717643,0.23826273307685436,1.0908512864900515,0.6597477803837826,1.5053434109739547,-0.12328469078261427,-0.17074247439183524,0.28518968992816346,0.12532133285775868,0.215217824666165,0.16025655239557057,0.2162547120597861,0.3239315339721702,-0.13099880994921143,0.05994113674648178
5.55,1.0444737870988545,-0.47851146265666855,0.2388621444443192,1.0941593151267466,0.659319998409247,1.5086959258503887,-0.12419802114355762,-0.17033335123945767,0.28535519015620936,0.1253163767865093,0.2146333214236294,0.15985630480786428,0.21601556924581308,0.32418981784676526,-0.13105382833080528,0.059933626903829355
5.5600000000000005,1.0477156852773222,-0.4798220009399766,0.2394614807133575,1.0974589235377383,0.6588843306005394,1.5120366262744098,-0.12510974680390163,-0.16992221520037717,0.285518196699218,0.12531049840283623,0.21404860322184613,0.15945682509686585,0.21577718182056235,0.32444707647769994,-0.1311090022861073,0.059926393975677096
5.57,1.0509601560420991,-0.4811330909628377,0.24006074465311425,1.100750068310224,0.6584408425830925,1.5153654778660006,-0.12601985607358845,-0.16950908436366038,0.2856787221234893,0.12530370271610738,0.21346369206804233,0.15905812206904546,0.215539541060054,0.3247033173790805,-0.13116433412447828,0.05991943939513001
5.58,1.05420718921589,-0.48244473430408247,0.24065993904706556,1.1040327072488128,0.6579895999534325,1.5186824474785827,-0.1269283374366397,-0.16909397675760546,0.2858367790204348,0.12529599474210634,0.21287860977307993,0.15866020439078848,0.21530263831102503,0.32495854804501734,-0.131219826091493,0.05991276453228017
5.59,1.0574567746963401,-0.4837569325649974,0.24125906669238836,1.1073067993676973,0.6575306682702609,1.52198750319072,-0.1278351795503272,-0.1686769103487782,0.28599238000502286,0.12528737950253696,0.21229337795154896,0.158263080589237,0.21506646499130364,0.3252127759487601,-0.13127548036961004,0.05990637069495417
5.6000000000000005,1.0607089024558278,-0.4850696873686935,0.2418581303993379,1.110572304882598,0.6570641130456736,1.5252806142975954,-0.12874037124433002,-0.16825790304106972,0.2861455377142421,0.12527786202453367,0.2117080180218894,0.15786675905313918,0.21483101259015613,0.32546600854185287,-0.13133129907884336,0.05990025912946129
5.61,1.0639635625412465,-0.4863830003594819,0.2424571329906325,1.1138291852024846,0.656589999736519,1.528561751302272,-0.12964390151987815,-0.16783697267477574,0.2862962648055827,0.12526744734017695,0.21112255120654108,0.1574712480337064,0.21459627266861164,0.3257182532533106,-0.13138728427743462,0.05989443102134283
5.62,1.0672207450737796,-0.48769687320225624,0.24305607730084594,1.1170774029210855,0.6561083937358938,1.5318308859067424,-0.1305457595488833,-0.16741413702569674,0.28644457395553535,0.12525614048601433,0.210536998532121,0.15707655564547762,0.2143622368597611,0.32596951748881364,-0.13144343796252678,0.0598888874961223
5.63,1.0704804402486678,-0.4890113075818815,0.24365496617580717,1.1203169218081894,0.6556193603647777,1.5350879910027773,-0.1314459346730572,-0.16698941380425955,0.28659047785810904,0.12524394650258677,0.20995138082962772,0.15668268986719083,0.21412889686903336,0.32621980862992356,-0.1314997620708386,0.05988362962005569
5.64,1.073742638334967,-0.4903263052025899,0.24425380247200773,1.1235477068007502,0.6551229648638087,1.5383330406625766,-0.13234441640301756,-0.16656282065465963,0.28673398922336607,0.12523087043396045,0.20936571873467227,0.15628965854266136,0.21389624447444733,0.32646913403331795,-0.13155625847934022,0.05987865840088209
5.65,1.0770073296753002,-0.49164186778738334,0.24485258905601656,1.1267697239937993,0.6546192723851966,1.5415660101292357,-0.13324119441738239,-0.16613437515402427,0.2868751207759758,0.12521691732726395,0.20878003268773504,0.15589746938166657,0.21366427152684178,0.3267175010300445,-0.13161292900592844,0.05987397478857425
5.66,1.0802745046856006,-0.49295799707744264,0.2454513288039023,1.1299829406311739,0.6541083479847781,1.5447868758070291,-0.1341362585618528,-0.16570409481159623,0.28701388525378607,0.1252020922322311,0.2081943429344483,0.1555061299608369,0.2134329699500819,0.32696491692479435,-0.13166977541010286,0.05986957967608921
5.67,1.0835441538548485,-0.4942746948315437,0.2460500246006632,1.1331873250960696,0.6535902566142117,1.547995615251522,-0.1350295988482848,-0.16527199706793802,0.2871502954064126,0.12518640020074895,0.20760866952590373,0.15511564772455275,0.21320233174124473,0.3272113889951948,-0.13172679939364212,0.05986547390011835
5.68,1.0868162677448003,-0.4955919628254801,0.24664867933966436,1.1363828469014237,0.6530650631133122,1.5511922071595163,-0.13592120545375028,-0.16483809929415627,0.287284363993847,0.12516984628641142,0.2070230323189845,0.15472602998584709,0.2129723489707814,0.3274569244911204,-0.13178400260127981,0.05986165824183648
5.69,1.0900908369897115,-0.49690980285149294,0.24724729592208272,1.139569476680135,0.6525328322025274,1.5543766313588379,-0.13681106871958765,-0.1644024187911462,0.287416103785082,0.12515243554407837,0.20643745097672153,0.1543372839273135,0.21274301378265978,0.3277015306340229,-0.1318413866213803,0.059858133427650805
5.7,1.0933678522960517,-0.49822821671770673,0.24784587725635923,1.1427471861751302,0.6519936284755535,1.5575488687979713,-0.1376991791504426,-0.16396497278885616,0.2875455275567555,0.12513417302944002,0.2058519449686733,0.15394941660201933,0.21251431839448479,0.3279452146162796,-0.13189895298661428,0.05985490012994834
5.71,1.0966473044422145,-0.4995472062475729,0.24844442625765872,1.1459159482292816,0.651447516392092,1.5607089015355526,-0.13858552741329905,-0.16352577844557178,0.2876726480918122,0.12511506379858703,0.2052665335713288,0.15356243493442373,0.21228625509759894,0.3281879836005603,-0.1319567031746331,0.059851958967842275
5.72,1.0999291842782202,-0.5008667732793192,0.24904294584733713,1.1490757367751843,0.6508945602707465,1.5638567127297227,-0.1394701043365008,-0.16308485284721974,0.2877974781781832,0.1250951129075858,0.2046812358685332,0.15317634572130037,0.21205881625716247,0.3284298447192116,-0.13201463860874318,0.05984931050791704
5.73,1.1032134827254123,-0.5021869196654066,0.2496414389524163,1.1522265268247989,0.6503348242820601,1.5669922866273502,-0.14035290090876437,-0.16264221300669088,0.2879200306074836,0.12507432541205935,0.20409607075193578,0.15279115563266443,0.21183199431221392,0.32867080507365987,-0.132072760658579,0.0598469552649718
5.74,1.106500190776149,-0.5035076472719924,0.250239908505066,1.155368294458967,0.6497683724416916,1.5701156085531325,-0.14123390827818288,-0.16219787586318257,0.28804031817372816,0.12505270636677374,0.2035110569214594,0.15240687121270388,0.21160578177571152,0.3289108717338312,-0.1321310706407749,0.05984489370276216
5.75,1.1097892994934873,-0.5048289579784001,0.2508383574420936,1.1585010168168073,0.6491952686037323,1.5732266648985778,-0.142113117751222,-0.16175185828156016,0.2881583536720645,0.1250302608252297,0.2029262128857914,0.15202349888071448,0.2113801712345551,0.3291500517375895,-0.1321895698196358,0.05984312623473985
5.76,1.1130808000108632,-0.5061508536765965,0.25143678870444097,1.1616246720849972,0.6486155764541615,1.5763254431108789,-0.1429905207917077,-0.16130417705173716,0.2882741498975245,0.12500699383925984,0.20234155696289538,0.15164104493203856,0.2111551553495905,0.32938835209019107,-0.13224825940780685,0.059841653224790535
5.7700000000000005,1.1163746835317652,-0.5074733362706746,0.2520352052366889,1.164739239486947,0.6480293595044401,1.5794119316816815,-0.14386610901980632,-0.1608548488880741,0.2883877196437932,0.12498291045863139,0.2017571072805431,0.15125951553900707,0.21093072685559466,0.3296257797637572,-0.13230714056694082,0.05984047498796935
5.78,1.1196709413294028,-0.508796407676344,0.2526336099865686,1.1678446992718736,0.6474366810852438,1.582486120135757,-0.14473987421099743,-0.160403890428796,0.28849907570199557,0.12495801573065407,0.2011728817768665,0.15087891675188492,0.21070687856124398,0.32986234169676254,-0.1323662144083643,0.05983959179123396
5.79,1.1229695647463704,-0.5101200698204277,0.2532320059044809,1.170941032703782,0.6468376043403329,1.5855479990195835,-0.1456118082950397,-0.15995131823542788,0.28860823085950094,0.12493231469979366,0.2005888982009291,0.15049925449981916,0.2104836033490648,0.33009804479354105,-0.1324254819937421,0.05983900385417494
5.8,1.1262705451943058,-0.5114443246403652,0.25383039594302265,1.174028222050355,0.6462321922205594,1.5885975598898432,-0.14648190335492983,-0.15949714879224863,0.28871519789874495,0.12490581240729075,0.2000051741133163,0.15012053459178992,0.21026089417536703,0.3303328959238078,-0.13248494433573932,0.0598387113497437
5.8100000000000005,1.129573874153544,-0.5127691740837226,0.25442878305652006,1.1771062505717655,0.6456205074780111,1.591634795301841,-0.1473501516258554,-0.15904139850576263,0.2888199895960692,0.12487851389078504,0.1994217268867445,0.14974276271756384,0.21003874407016185,0.3305669019221977,-0.13254460239868138,0.059838714404977525
5.82,1.1328795431727658,-0.5140946201077093,0.2550271702005698,1.1801751025094096,0.645002612660291,1.5946596987978512,-0.14821654549414146,-0.1585840837041891,0.28892261872057823,0.1248504241839449,0.19883857370668806,0.1493659444486497,0.20981714613706207,0.33080006958781905,-0.13260445709921242,0.059839013101721385
5.83,1.136187543868644,-0.5154206646787015,0.255625560331587,1.1832347630745723,0.6443785701049317,1.597672264895398,-0.1490810774961912,-0.15812522063696907,0.2890230980330141,0.1248215483161023,0.1982557315720241,0.1489900852392562,0.20959609355316733,0.33103240568382414,-0.13266450930695034,0.05983960747734688
5.84,1.1394978679254821,-0.516747309771771,0.2562239564063605,1.1862852184370296,0.6437484419339446,1.6006724890754769,-0.14994374031742153,-0.1576648254742895,0.2891214402846482,0.1247918913118931,0.1976732172956946,0.14861519042725144,0.20937557956893493,0.331263916936995,-0.13272475984514,0.05984049752546772
5.8500000000000005,1.142810507094852,-0.5180745573702223,0.2568223613816151,1.1893264557135916,0.6431122900485022,1.6036603677707197,-0.150804526791193,-0.15720291430662475,0.2892176582161903,0.12476145819090266,0.19709104750538514,0.14824126523512415,0.20915559750803311,0.3314946100373441,-0.13278520949130385,0.059841683196651854
5.86,1.1461254531952254,-0.5194024094651354,0.25742077821358167,1.1923584629565946,0.642470176123753,1.606635898353513,-0.15166342989773512,-0.1567395031442949,0.28931176455671487,0.12473025396731674,0.19650923864422026,0.1478683147709463,0.2089361407671825,0.331724491637731,-0.13284585897788942,0.05984316439913024
5.87,1.1494426981116028,-0.5207308680549143,0.258019209857573,1.1953812291423458,0.6418221616037684,1.6095990791240713,-0.152520442763067,-0.15627460791704081,0.28940377202260464,0.12469828364957768,0.19592780697147466,0.14749634402933684,0.20871720281598138,0.3319535683534935,-0.13290670899291446,0.05984494099950164
5.88,1.1527622337951378,-0.5220599351448435,0.258617659267568,1.198394744159528,0.64116830769662,1.6125499092984756,-0.15337555865791344,-0.15580824447361574,0.2894936933165109,0.12466555224004586,0.1953467685633,0.1471253578924265,0.2084987771967175,0.33218184676209356,-0.1329677601806086,0.059847012823433826
5.89,1.1560840522627587,-0.5233896127466496,0.25921612939580235,1.2013989987975675,0.6405086753695876,1.6154883889966765,-0.15422877099661722,-0.15534042858139332,0.28958154112633105,0.12463206473466637,0.19476613931346687,0.14675536113082358,0.20828085752416697,0.33240933340277806,-0.1330290131420525,0.05984937965636114
5.9,1.1594081455967864,-0.5247199028780701,0.259814623192366,1.2043939847349727,0.6398433253444943,1.6184145192304724,-0.15508007333604745,-0.15487117592599184,0.28966732812420265,0.12459782612264092,0.19418593493412156,0.14638635840457997,0.20806343748537903,0.3326360347762535,-0.13309046843581335,0.059852041244177555
5.91,1.1627345059445489,-0.5260508075624283,0.2604131436048078,1.2073796945276472,0.6391723180931713,1.6213283018914657,-0.1559294593745044,-0.1544005021109142,0.28975106696551467,0.12456284138610495,0.193606170956557,0.1460183542641581,0.20784651083944863,0.3328619573443748,-0.13315212657857742,0.05985499729392592
5.92,1.1660631255179925,-0.527382328828214,0.261011693577747,1.2103561215971819,0.6384957138330484,1.6242297397390013,-0.156776922950621,-0.15392842265720394,0.2898327702879351,0.1245271154998099,0.19302686273199782,0.14565135315139768,0.20763007141727668,0.33308710752984905,-0.1332139880457793,0.059858247474483074
5.93,1.169393996593291,-0.5287144687086718,0.2616102760524918,1.213323260219133,0.6378135725228696,1.627118836388094,-0.15762245804226152,-0.1534549530031168,0.2899124507104551,0.1244906534308106,0.1924480254323989,0.14528535940048287,0.20741411312131688,0.3333114917159511,-0.1332760532722274,0.0598617914172405
5.94,1.1727271115104505,-0.530047229241394,0.26220889396666425,1.2162811055112897,0.6371259538585344,1.6299955962973482,-0.15846605876541717,-0.15298010850380736,0.28999012083245024,0.12445346013815788,0.19186967405125702,0.1449203772389091,0.20719862992531282,0.3335351162462544,-0.13333832265272638,0.059865628716780535
5.95,1.176062462672913,-0.5313806124679213,0.26280755025383207,1.2192296534219345,0.6364329172690616,1.6328600247568772,-0.1593077193730996,-0.15250390443103132,0.2900657932327569,0.12441554057259611,0.19129182340443537,0.14455641078844977,0.2069836158740218,0.33375798742437407,-0.13340079654269515,0.05986975893154829
5.96,1.1794000425471567,-0.5327146204333483,0.26340624784314753,1.222168900718105,0.635734521912675,1.6357121278762212,-0.16014743425423178,-0.15202635597286243,0.29013948046876625,0.12437689967626601,0.1907144881310004,0.14419346406612232,0.20676906508292855,0.33398011151372325,-0.13346347525878244,0.059874181584518675
5.97,1.182739843662294,-0.534049255185936,0.2640049896589927,1.2250988449738562,0.6350308266730106,1.6385519125722756,-0.16098519793253707,-0.15154747823342438,0.29021119507553367,0.1243375423824123,0.19013768269407058,0.1438315409851539,0.206554971737948,0.3342014947372829,-0.1335263590794772,0.05987889616385917
5.98,1.1860818586096669,-0.5353845187767308,0.26460377862063134,1.2280194845585335,0.6343218901554432,1.6413793865572286,-0.1618210050654264,-0.15106728623263715,0.29028094956490424,0.12429747361509652,0.18956142138167706,0.14347064535594609,0.2063413300951174,0.33442214327738307,-0.13358944824571603,0.05988390212358743
5.99,1.1894260800424408,-0.536720413259188,0.2652026176418672,1.2309308186250554,0.633607770683531,1.6441945583265138,-0.16265485044288402,-0.150585794905978,0.2903487564246545,0.12425669828891472,0.18898571830763528,0.14311078088703863,0.2061281344802783,0.3346420632754977,-0.13365274296148652,0.059889198884224205
6.0,1.1927725006751957,-0.5380569406888028,0.2658015096307094,1.2338328470982136,0.632888526295578,1.646997437146784,-0.1634867289863518,-0.15010301910425639,0.2904146281176498,0.1242152213087202,0.18841058741242767,0.14275195118607226,0.20591537928874956,0.3348612608320513,-0.13371624339442645,0.05989478583344132
6.01,1.1961211132835161,-0.539394103122747,0.26640045748904384,1.2367255706629927,0.6321642147413117,1.649788033043906,-0.1643166357476125,-0.149618973593403,0.29047857708101743,0.1241730475693511,0.18783604246409688,0.14239415976075012,0.20570305898498928,0.3350797420062373,-0.13377994967641857,0.05990066232670503
6.0200000000000005,1.1994719107035785,-0.5407319026195112,0.2669994641123109,1.2396089907529146,0.631434893478675,1.6525663567909856,-0.16514456590767224,-0.14913367305427275,0.2905406157253354,0.12413018195536288,0.18726209705914912,0.14203741001979775,0.20549116810224943,0.33529751281584846,-0.13384386190418227,0.059906827687913604
6.03,1.202824885831737,-0.542070341238553,0.26759853238919,1.2424831095384106,0.6307006196707322,1.655332419896421,-0.16597051477564226,-0.1486471320824611,0.29060075643383676,0.12408662934076571,0.18668876462346737,0.1416817052739216,0.2052797012422202,0.33551457923711914,-0.13390798013986,0.059913281210030415
6.04,1.2061800316241083,-0.5434094210399516,0.2681976652012903,1.2453479299152246,0.6299614501826858,1.6580862345919933,-0.16679447778762016,-0.1481593651881341,0.2906590115616291,0.12404239458876667,0.18611605841323406,0.1413270487367658,0.20506865307466657,0.3357309472045788,-0.13397230441159982,0.05992002215571152
6.05,1.209537341096154,-0.5447491440840676,0.2687968654228474,1.2482034554928525,0.629217441579004,1.6608278138209942,-0.16761645050557106,-0.14767038679587147,0.29071539343492964,0.12399748255151673,0.18554399151586295,0.14097344352586705,0.20485801833705639,0.33594662261091646,-0.134036834714134,0.0599270497579281
6.0600000000000005,1.2128968073222632,-0.546089512431209,0.2693961359204267,1.2510496905830193,0.6284686501206579,1.6635571712263966,-0.1684364286162087,-0.14718021124452277,0.290769914350315,0.12395189806986245,0.18497257685093974,0.14062089266360758,0.20464779183418036,0.3361616113068562,-0.1341015710093522,0.0599343632205838
6.07,1.2162584234353317,-0.5474305281413024,0.26999547955263253,1.253886640188199,0.6277151317624647,1.6662743211390687,-0.16925440792987662,-0.14668885278707644,0.2908225865739865,0.12390564597310254,0.18440182717117115,0.140269399078166,0.20443796843776493,0.33637591910104386,-0.13416651322687168,0.059941961719126226
6.08,1.2196221826263423,-0.5487721932735712,0.2705948991698238,1.2567143099901799,0.6269569421505392,1.6689792785660393,-0.17007038437942992,-0.14619632559054152,0.29087342234104996,0.12385873107874892,0.18383175506334223,0.13991896560446573,0.2042285430860771,0.3365895517599442,-0.13423166126460176,0.059949844401153474
6.09,1.2229880781439417,-0.5501145098862172,0.27119439761383535,1.2595327063386774,0.626194136619848,1.6716720591788123,-0.17088435401911736,-0.1457026437358417,0.2909224338548104,0.12381115819229264,0.1832623729492814,0.13956959498512142,0.20401951078352273,0.33680251500774805,-0.13429701498930435,0.05995801038701499
6.1000000000000005,1.2263561032940191,-0.5514574800361103,0.27179397771770547,1.2623418362399998,0.625426770191869,1.6743526793017374,-0.1716963130234644,-0.14520782121772186,0.29096963328608155,0.12376293210697427,0.18269369308683306,0.13922128987138238,0.20381086660023767,0.3370148145262899,-0.1343625742371499,0.0599664587704071
6.11,1.229726251439282,-0.5528011057784817,0.2723936423054095,1.2651417073457671,0.6246548975723509,1.6770211559004373,-0.17250625768615707,-0.1447118719446664,0.2910150327725095,0.12371405760355893,0.18212572757083725,0.13887405282407372,0.20360260567167252,0.33722645595497575,-0.13442833881426852,0.05997518861896275
6.12,1.2330985159988317,-0.5541453891666244,0.2729933941915991,1.2679323279416885,0.6238785731491752,1.6796775065702971,-0.1733141844189272,-0.1442148097388298,0.29105864441791107,0.12366453945011592,0.18155848833411636,0.13852788631453472,0.20339472319817126,0.33743744489072053,-0.13449430849729674,0.05998419897483597
6.13,1.236472890447739,-0.5554903322515974,0.2735932361813475,1.270713706936399,0.6230978509903151,1.682321749525015,-0.17412008975043863,-0.14371664833597866,0.2911004802916263,0.12361438240180277,0.18099198714846826,0.1381827927255541,0.20318721444454363,0.3376477868878949,-0.13456048303391946,0.05999348885528037
6.140000000000001,1.2398493683166179,-0.5568359370819366,0.2741931710699003,1.2734858538503586,0.622312784841894,1.6849539035852195,-0.1749239703251751,-0.14321740138544525,0.291140552427885,0.12356359120065383,0.18042623562566582,0.13783877435230257,0.20298007473963206,0.337857487458282,-0.13462686214340688,0.060003057253222344
6.15,1.2432279431912008,-0.5581822057033706,0.27479320164243254,1.276248778804818,0.6215234281263385,1.6875739881671563,-0.17572582290232985,-0.14271708245009257,0.29117887282518773,0.1235121705753733,0.1798612452184623,0.1374958334032622,0.20277329947587286,0.3380665520710432,-0.13469344551714701,0.060012903137828505
6.16,1.2466086087119113,-0.559529140158542,0.27539333067381083,1.2790024925108507,0.620729833940627,1.6901820232714437,-0.17652564435469692,-0.14221570500629035,0.2912154534456998,0.1234601252411326,0.17929702722160246,0.13715397200115248,0.20256688410885224,0.33827498615269247,-0.13476023281917343,0.06002302545506695
6.17,1.2499913585734381,-0.5608767424867338,0.2759935609283615,1.2817470062584557,0.6199320550546307,1.6927780294719024,-0.17732343166756454,-0.1417132824439022,0.2912503062146599,0.12340745989937225,0.17873359277283898,0.1368131921838532,0.2023608241568576,0.3384827950870803,-0.1348272236866882,0.06003342312826359
6.18,1.253376186524309,-0.5622250147236006,0.27659389515964417,1.2844823319057321,0.6191301439095475,1.6953620279044606,-0.17811918193761056,-0.14120982806628335,0.2912834430198018,0.12335417923760787,0.17817095285395423,0.13647349590532398,0.20215511520042406,0.3386899842153861,-0.13489441773057967,0.06004409505865207
6.19,1.2567630863664627,-0.5635739589009064,0.2771943361102307,1.287208481868129,0.6183241526164246,1.6979340402561365,-0.1789128923718003,-0.14070535509028925,0.2913148757107896,0.12330028792924064,0.17760911829178647,0.13613488503652005,0.20194975288187592,0.33889655883611847,-0.13496181453593556,0.060055040125918065
6.2,1.260152051954824,-0.5649235770462658,0.27779488651148987,1.2899254691077706,0.6175141329547712,1.7004940887541,-0.17970456028628679,-0.14019987664629424,0.2913446160986666,0.12324579063337192,0.17704809975926097,0.13579736136630466,0.20174473290486483,0.3391025242051247,-0.13502941366255128,0.06006625718873806
6.21,1.2635430771968752,-0.5662738711828913,0.27839554908337727,1.2926333071228608,0.6167001363712574,1.7030421961548161,-0.18049418310531368,-0.1396934057782208,0.29137267595531685,0.12319069199462214,0.17648790777642526,0.13546092660235776,0.201540051033903,0.3393078855356079,-0.13509721464543342,0.06007774508531186
6.22,1.2669361560522312,-0.5676248433293456,0.2789963265342304,1.2953320099371677,0.6158822139785001,1.7055783857332716,-0.1812817583601208,-0.13918595544357865,0.2913990670129403,0.12313499664295381,0.1759285527114883,0.13512558237208078,0.20133570309389345,0.3395126479981519,-0.13516521699529788,0.060089502633889645
6.23,1.2703312825322126,-0.5689764954992986,0.2795972215605693,1.2980215920895903,0.6150604165539317,1.7081026812722873,-0.1820672836878528,-0.13867753851351372,0.2914238009635406,0.12307870919349868,0.17537004478186363,0.13479133022349754,0.20113168496965608,0.33971681672075416,-0.1352334201990636,0.06010152863329285
6.24,1.2737284506994202,-0.5703288297012893,0.28019823684690226,1.3007020686238089,0.6142347945387535,1.710615107051916,-0.18285075683047056,-0.13816816777286703,0.2914468894584256,0.123021834246389,0.17481239405521576,0.13445817162615137,0.20092799260545047,0.33992039678886654,-0.13530182372034064,0.060113821863429555
6.25,1.277127654667309,-0.5716818479384926,0.28079937506553654,1.3033734550780212,0.6134053980369688,1.7131156878389302,-0.18363217563366604,-0.1376578559202429,0.291468344107721,0.12296437638659284,0.17425561045051008,0.134126107971998,0.2007246220044959,0.3401233932454433,-0.13537042699991417,0.060126381085803524
6.26,1.2805288885997634,-0.5730355522084918,0.28140063887639455,1.3060357674747651,0.6125722768144973,1.7156044488763984,-0.18441153804578037,-0.13714661556808655,0.2914881764798956,0.12290634018375338,0.1736997037390655,0.13379514057629438,0.2005215692284881,0.34032581109099524,-0.1354392294562228,0.060139205044017915
6.2700000000000005,1.2839321467106735,-0.574389944503054,0.28200203092683473,1.30868902231083,0.6117354802983673,1.7180814158733537,-0.18518884211672518,-0.13663445924277098,0.2915063981013002,0.12284773019203223,0.17314468354561005,0.13346527067848332,0.2003188303971133,0.34052765528365336,-0.13550823048583233,0.0601522924642727
6.28,1.28733742326351,-0.5757450268079124,0.28260355385147745,1.3113332365472579,0.6108950575759851,1.720546614994555,-0.18596408599690775,-0.13612139938469278,0.29152302045571754,0.12278855094995667,0.17259055934933898,0.13313649944307382,0.2001164016875599,0.3407289307392371,-0.13557742946390378,0.0601656420558564
6.29,1.2907447125709024,-0.5771008011025515,0.283205210272036,1.3139684275994357,0.61005105739448,1.7230000728503412,-0.1867372679361597,-0.13560744834837674,0.29153805498392515,0.12272880698027075,0.1720373404849749,0.13280882796051707,0.19991427933402778,0.34092964233133016,-0.13564682574465764,0.06017925251163178
6.3,1.2941540089942156,-0.5784572693599981,0.2838070027971523,1.3165946133272795,0.6092035281601239,1.7254418164865823,-0.18750838628266944,-0.13509261840258932,0.2915515130832698,0.12266850278979027,0.17148503614383032,0.13248225724807797,0.1997124596272351,0.34112979489136336,-0.13571641866183193,0.06019312250851587
6.3100000000000005,1.2975653069431292,-0.5798144335466164,0.2844089340222375,1.3192118120255127,0.6083525179378232,1.727871873374725,-0.18827743948191877,-0.13457692173046043,0.29156340610725395,0.12260764286926157,0.17093365537487173,0.13215678825070223,0.19951093891392407,0.3413293932087032,-0.13578620752913614,0.060207250707953894
6.32,1.3009786008752162,-0.5811722956219078,0.28501100652931705,1.3218200424140385,0.607498074450682,1.7302902714019364,-0.18904442607562322,-0.13406037042961363,0.29157374536513386,0.12254623169322407,0.1703832070857855,0.13183242184187885,0.19930971359636354,0.34152844203074717,-0.13585619164069954,0.06022163575638763
6.33,1.3043938852955237,-0.5825308575383148,0.2856132228868809,1.324419323628407,0.6066402450796359,1.7326970388613467,-0.18980934470067665,-0.13354297651230454,0.29158254212152923,0.12248427371987658,0.169833700044045,0.13150915882449804,0.19910878013185174,0.34172694606302473,-0.13592637027151458,0.060236276285717455
6.34,1.307811154756154,-0.5838901212410299,0.2862155856497381,1.3270096752103804,0.6057790768631535,1.7350922044423904,-0.19057219408810017,-0.13302475190556723,0.2915898075960443,0.12242177339094729,0.16928514287797894,0.13118699993170438,0.1989081350322157,0.3419249099693046,-0.13599674267787557,0.060251170913758915
6.3500000000000005,1.311230403855847,-0.5852500886678087,0.2868180973588757,1.3295911170985941,0.6049146164970056,1.7374757972212467,-0.19133297306199532,-0.13250570845136844,0.2915955529629004,0.12235873513156735,0.16873754407784072,0.1308659458277453,0.1987077748633111,0.3421223383717077,-0.13606730809781245,0.06026631824469328
6.36,1.314651627239564,-0.5866107617487868,0.28742076054132265,1.332163669619316,0.6040469103341003,1.7398478466513827,-0.19209168053850167,-0.13198585790676953,0.2915997893505793,0.12229516335014819,0.1681909119968785,0.13054599710881465,0.1985076962445201,0.3423192358508255,-0.13613806575151874,0.060281716869512336
6.37,1.3180748195980723,-0.587972142406302,0.2880235777100178,1.334727353477305,0.6031760043843817,1.7422083825541963,-0.19284831552475912,-0.131465211944096,0.2916025278414779,0.12223106243826223,0.16764525485240572,0.13022715430389162,0.19830789584824843,0.3425156069458441,-0.13620901484177553,0.06029736536645731
6.38,1.3214999756675307,-0.5893342325547197,0.28862655136368237,1.337282189746769,0.6023019443147924,1.7445574351097624,-0.19360287711787463,-0.13094378215111427,0.2916037794715738,0.12216643677052731,0.16710058072687226,0.12990941787557456,0.1981083703994216,0.34271145615467374,-0.1362801545543699,0.06031326230145181
6.390000000000001,1.3249270902290775,-0.5906970341002634,0.2892296839866969,1.3398281998624217,0.601424775449298,1.7468950348476808,-0.19435536450389385,-0.13042158003121582,0.29160355523010134,0.12210129070449445,0.16655689756893538,0.1295927882209099,0.19790911667498184,0.3429067879340834,-0.1363514840585085,0.060329406228529406
6.4,1.3283561581084184,-0.5920605489408485,0.2898329780489822,1.3423654056106418,0.6005445427689701,1.749221212638029,-0.19510577695677747,-0.12989861700360827,0.29160186605923866,0.12203562858053914,0.16601421319453094,0.12927726567221604,0.19771013150338146,0.34310160669983975,-0.13642300250722592,0.06034579569025494
6.41,1.3317871741754168,-0.5934247789659207,0.29043643600588476,1.344893829120731,0.5996612909121309,1.7515359996824167,-0.19585411383738255,-0.12937490440351354,0.2915987228538048,0.12196945472175601,0.16547253528794428,0.12896285049790235,0.19751141176407994,0.34329591682685234,-0.1364947090377887,0.060362429218140445
6.42,1.3352201333436853,-0.5947897260562987,0.29104006029806617,1.3474134928562755,0.5987750641745536,1.753839427505145,-0.19660037459244883,-0.12885045348237256,0.2915941364609675,0.12190277343385689,0.16493187140288074,0.12864954290328282,0.19731295438703778,0.34348972264932237,-0.13656660277209393,0.060379305333055196
6.43,1.3386550305701785,-0.5961553920840196,0.2916438533513967,1.3499244196066078,0.5978859065097197,1.7561315279444714,-0.19734455875359003,-0.1283252754080568,0.2915881176799611,0.12183558900507217,0.16439222896353547,0.1283373430313847,0.1971147563522114,0.34368302846089666,-0.1366386828170628,0.06039642254562981
6.44,1.3420918608547876,-0.5975217789121902,0.292247817576853,1.352426632478371,0.5969938615291318,1.7584123331439776,-0.1980866659362904,-0.1277993812650861,0.29158067726181464,0.12176790570605543,0.1638536152656628,0.12802625096375203,0.19691681468904856,0.34387583851482595,-0.13671094826502964,0.06041377935665518
6.45,1.3455306192399359,-0.5988888883948404,0.2928519553704195,1.354920154887185,0.5960989725026797,1.7606818755440432,-0.19882669583890641,-0.12727278205485296,0.2915718259090895,0.12169972778979138,0.1633160374776443,0.12771626672124384,0.19671912647598352,0.34406815702412746,-0.13678339819412594,0.06043137425747532
6.46,1.3489713008101771,-0.6002567223767817,0.2934562691129943,1.3574050105494164,0.5952012823590596,1.7629401878734239,-0.19956464824167386,-0.12674548869585286,0.29156157427562723,0.12163105949150689,0.16277950264155613,0.1274073902648271,0.19652168883993282,0.34425998816175174,-0.13685603166865945,0.060449205730374635
6.47,1.3524139006917946,-0.6016252826934684,0.294060761170298,1.3598812234740496,0.5943008336862436,1.765187303140936,-0.20030052300572013,-0.12621751202392084,0.2915499329663072,0.12156190502858535,0.16224401767423485,0.12709962149636445,0.19632449895579104,0.3444513360607535,-0.13692884773948807,0.06046727224895957
6.48,1.3558584140524021,-0.6029945711708633,0.2946654338927876,1.3623488179546612,0.5933976687320011,1.7674232546272448,-0.20103432007208213,-0.12568886279247365,0.2915369125368133,0.12149226860048398,0.161709589368342,0.12679296025939657,0.19612755404592838,0.3446422048144667,-0.13700184544438979,0.060485572278534794
6.49,1.3593048361005469,-0.6043645896253071,0.29527028961557295,1.3648078185614971,0.5924918294044664,1.7696480758767597,-0.20176603946072955,-0.1251595516727579,0.29152252349341035,0.12142215438865432,0.16117622439342705,0.12648740633991923,0.19593085137968794,0.34483259847668296,-0.13707502380842673,0.060504104276473646
6.5,1.3627531620853137,-0.6057353398633915,0.29587533065833765,1.3672582501336525,0.5915833572727568,1.7718618006896332,-0.20249568126959377,-0.12462958925410379,0.29150677629273003,0.1213515665564658,0.16064392929698862,0.12618295946715485,0.19573438827288367,0.34502252106183406,-0.13714838184430517,0.06052286669258336
6.51,1.366203387295932,-0.6071068236818346,0.2964805593252635,1.3697001377713547,0.5906722935676348,1.7740644631138665,-0.20322324567360234,-0.12409898604418414,0.29148968134156544,0.12128050924913217,0.16011271050553394,0.12587961931431885,0.19553816208730077,0.3452119765451777,-0.13722191855273044,0.06054185796946419
6.5200000000000005,1.3696555070613838,-0.6084790428673619,0.29708597790495817,1.3721335068283476,0.5897586791822171,1.776256097437519,-0.20394873292371912,-0.12356775246927901,0.2914712489966751,0.12120898659364107,0.1595825743256361,0.12557738549938033,0.19534217023019587,0.3454009688629871,-0.13729563292275723,0.06056107654286371
6.53,1.3731095167500138,-0.6098519991965895,0.2976915886703868,1.3745583829043801,0.5888425546727266,1.7784367381810244,-0.20467214334599027,-0.12303589887454532,0.29145148956459577,0.12113700269868641,0.15905352694498942,0.12527625758581754,0.19514641015379855,0.34558950191274357,-0.13736952393213475,0.06058052084202527
6.54,1.3765654117691413,-0.6112256944359108,0.29829739387880705,1.3769747918377961,0.587923960259288,1.7806064200896097,-0.20539347734059582,-0.12250343552429163,0.2914304133014639,0.12106456165460366,0.1585255744334623,0.12497623508336762,0.19495087935481495,0.3457775795533323,-0.13744359054764796,0.06060018929003115
6.55,1.3800231875646747,-0.6126001303413873,0.2989033957717074,1.3793827596982264,0.5870029358267649,1.78276517812582,-0.2061127353809073,-0.12197037260225788,0.2914080304128459,0.12099166753330803,0.1579987227441477,0.12467731744877109,0.19475557537393196,0.3459652056052417,-0.1375178317254533,0.06062008030414038
6.5600000000000005,1.383482839620727,-0.6139753086586418,0.2995095965747488,1.3817823127793827,0.5860795209256378,1.7849130474621477,-0.20682991801255105,-0.12143672021189986,0.29138435105357685,0.1209183243882354,0.15747297771441124,0.12437950408651056,0.194560495795323,0.3461523838507648,-0.13759224641141016,0.060640192296121206
6.57,1.3869443634592347,-0.6153512311227559,0.30011599849771,1.3841734775919534,0.5851537547729211,1.787050063473765,-0.20754502585247764,-0.12090248837667844,0.2913593853276076,0.12084453625428603,0.15694834506693633,0.1240827943495442,0.19436563824615627,0.3463391180342046,-0.13766683354140782,0.06066052367257811
6.58,1.3904077546395768,-0.61672789945817,0.30072260373443577,1.3865562808566008,0.5842256762531193,1.7891762617313605,-0.20825805958803706,-0.12036768704035332,0.29133314328786014,0.12077030714777105,0.1564248304107668,0.12378718754003333,0.1941710003961036,0.3465254118620815,-0.13774159204168734,0.06068107283527384
6.59,1.3938730087581976,-0.6181053153785868,0.3013294144627885,1.3889307494970582,0.5832953239192198,1.7912916779940793,-0.20896901997606016,-0.1198323260672812,0.29130563493609124,0.12069564106636164,0.15590243924234626,0.12349268291006472,0.19397657995685194,0.3467112690033436,-0.13781652082915963,0.06070183818144586
6.6000000000000005,1.397340121448231,-0.6194834805868784,0.301936432844603,1.3912969106333293,0.5823627359937226,1.793396348202566,-0.2096779078419459,-0.1192964152427183,0.29127687022276383,0.12062054198904076,0.1553811769465548,0.12319927966236718,0.19378237468161533,0.34689669308957893,-0.13789161881171785,0.060722818104117934
6.61,1.4008090883791269,-0.6208623967749956,0.3025436610256442,1.393654791574986,0.5814279503697048,1.7954903084721099,-0.2103847240787549,-0.11875996427312707,0.2912468590469266,0.12054501387605764,0.15486104879774212,0.12290697695102254,0.1935883823646514,0.34708168771523157,-0.13796688488854653,0.06074401099240627
6.62,1.404279905256279,-0.6222420656238811,0.30315110113556826,1.396004419814567,0.58049100461192,1.797573595085892,-0.21108946964630892,-0.11822298278648687,0.29121561125610124,0.12046906066888471,0.15434205996075784,0.12261577388217108,0.1933946008407767,0.3472662564378186,-0.13804231795042507,0.0607654152318207
6.63,1.4077525678206573,-0.6236224888033853,0.3037587552878865,1.3983458230210746,0.5795519359579298,1.7996462444883345,-0.2117921455702967,-0.11768548033260871,0.29118313664617723,0.12039268629017726,0.15382421549197797,0.12232566951471138,0.19320102798488697,0.34745040277814976,-0.1381179168800277,0.060787029204560965
6.640000000000001,1.4112270718484388,-0.6250036679721857,0.3043666255799321,1.4006790290335722,0.5786107813192681,1.8017082932785506,-0.21249275294138587,-0.1171474663834538,0.2911494449613144,0.12031589464373536,0.1533075203403282,0.12203666286099443,0.19300766171147757,0.34763413022054984,-0.13819368055221853,0.0608088512898074
6.65,1.4147034131506442,-0.6263856047777079,0.30497471409283017,1.4030040658548777,0.5776675772826374,1.8037597782038954,-0.21319129291434097,-0.11660895033345577,0.2911145458938526,0.1202386896144685,0.15279197934830352,0.12174875288751226,0.1928144999741674,0.34781744221308214,-0.13826960783434192,0.060830879864007106
6.66,1.418181587572775,-0.6277683008560513,0.3055830228914702,1.4053209616453555,0.5767223601111334,1.8058007361536155,-0.21388776670714807,-0.11606994149984652,0.29107844908422914,0.12016107506836243,0.152277597252984,0.12146193851558082,0.19262154076522445,0.34800034216777476,-0.13834569758650928,0.060853113301155136
6.67,1.4216615909944528,-0.6291517578319163,0.3061915540244818,1.407629744716806,0.5757751657455009,1.8078312041525992,-0.21458217560014523,-0.11553044912298557,0.2910411641209028,0.12008305485244858,0.1517643786870471,0.1211762186220173,0.19242878211509407,0.3481828334608477,-0.13842194866188087,0.06087554997307053
6.68,1.4251434193290613,-0.6305359773185352,0.3068003095242125,1.4099304435264517,0.5748260298054165,1.8098512193552256,-0.2152745209351596,-0.11499048236669279,0.2910027005402855,0.12000463279477573,0.1512523281797757,0.12089159203981183,0.19223622209192973,0.3483649194329432,-0.1384983599069436,0.06089818824966753
6.69,1.4286270685233908,-0.6319209609176046,0.3074092914067092,1.4122230866710175,0.5738749875907995,1.8118608190393102,-0.2159648041146507,-0.11445005031858438,0.2909630678266804,0.11992581270438404,0.15074145015806262,0.12060805755879342,0.19204385880112582,0.348546603389356,-0.13857493016178432,0.06092102649922209
6.7,1.4321125345572845,-0.6333067102192225,0.3080185016717014,1.4145077028809085,0.5729220740831487,1.8138600406001495,-0.21665302660085986,-0.113909161990412,0.2909222754122274,0.11984659837128135,0.15023174894741054,0.12032561392629043,0.1918516903848539,0.3487278886002666,-0.1386516582603591,0.0609440630886335
6.71,1.4355998134432872,-0.634693226801826,0.3086279423025878,1.4167843210144806,0.5719673239469054,1.8158489215446616,-0.21733918991496648,-0.11336782631840502,0.2908803326768548,0.11976699356642174,0.14972322877292818,0.1200442598477853,0.19165971502160037,0.3489087783009752,-0.13872854303075827,0.0609672963836813
6.72,1.439088901226297,-0.6360805122321336,0.30923761526642457,1.419052970052406,0.5710107715308409,1.8178274994856234,-0.2180232956362502,-0.11282605216361566,0.2908372489482379,0.11968700204168632,0.14921589376032215,0.11976399398756364,0.19146793092570802,0.3490892756921373,-0.13880558329546697,0.060990724749277456
6.73,1.4425797939832183,-0.6374685680650882,0.30984752251391734,1.4213136790921312,0.5700524508694671,1.8197958121360023,-0.2187053454012597,-0.11228384831226702,0.29079303350176405,0.11960662752986617,0.14870974793688435,0.11948481496935778,0.1912763363469197,0.3492693839400007,-0.1388827778716223,0.061014346549713765
6.74,1.4460724878226183,-0.6388573958438044,0.3104576659794145,1.4235664773424288,0.5690923956844711,1.8217538973033836,-0.21938534090298784,-0.1117412234761038,0.290747695560504,0.11952587374464745,0.14820479523247512,0.1192067213769846,0.19108492956992476,0.3494491061766435,-0.1389601255712653,0.06103816014890495
6.75,1.4495669788843848,-0.640246997099517,0.31106804758090356,1.4258113941180386,0.5681306393861711,1.8237017928844905,-0.22006328389005325,-0.11119818629274572,0.2907012442951896,0.11944474438059859,0.1477010394805019,0.11892971175497775,0.19089370891390828,0.34962844550021355,-0.13903762520158994,0.06106216391062684
6.76,1.453063263339387,-0.6416373733515329,0.3116786692200098,1.4280484588344022,0.5671672150749943,1.8256395368597989,-0.2207391761658883,-0.11065474532604351,0.2906536888241978,0.1193632431131596,0.14719848441889324,0.11865378460921436,0.1907026727321038,0.34980740497516866,-0.13911527556518732,0.0610863561987502
6.7700000000000005,1.4565613373891386,-0.6430285261071848,0.31228953278199734,1.430277701002487,0.5662021555429747,1.8275671672882423,-0.22141301958793358,-0.11011090906643725,0.29060503821354017,0.1192813735986334,0.1466971336910684,0.11837893840753597,0.19051181941134807,0.34998598763251787,-0.13919307546028611,0.06111073537747006
6.78,1.4600611972654638,-0.6444204568617876,0.312900640135772,1.4324991502236988,0.5652354932752705,1.8294847223020108,-0.22208481606683866,-0.10956668593131719,0.29055530147685926,0.11919913947417912,0.14619699084690208,0.11810517158036403,0.1903211473716392,0.3501641964700641,-0.13927102368098931,0.06113529981153048
6.79,1.4635628392301645,-0.6458131670985975,0.31351199313388733,1.4347128361848842,0.5642672604517008,1.8313922401014389,-0.22275456756566955,-0.10902208426538669,0.2905044875754299,0.11911654435780746,0.14569805934368443,0.11783248252130973,0.1901306550656982,0.35034203445264683,-0.1393491190175064,0.061160047866445084
6.8,1.467066259574691,-0.6472066582887726,0.31412359361255177,1.436918788653421,0.5632974889483009,1.8332897589499837,-0.22342227609912238,-0.1084771123410275,0.2904526054181669,0.11903359184837789,0.14520034254707645,0.11756086958777823,0.18994034097853288,0.3505195045123865,-0.1394273602563826,0.0611849779087132
6.8100000000000005,1.470571454619815,-0.6486009318913364,0.3147354433916389,1.4391170374723938,0.5623262103388934,1.8351773171692929,-0.2240879437327437,-0.10793177835866695,0.29039966386163807,0.11895028552559787,0.1447038437320602,0.11729033110156736,0.18975020362700484,0.3506966095489285,-0.13950574618072292,0.06121008830603164
6.82,1.4740784207153044,-0.6499959893531436,0.3153475442746992,1.4413076125558588,0.5613534558966775,1.8370549531343605,-0.2247515725821572,-0.10738609044714724,0.2903456717100827,0.11886662895002387,0.14420856608388433,0.11702086534946082,0.18956024155940038,0.3508733524296891,-0.1395842755704138,0.061235377427502194
6.83,1.4775871542396013,-0.6513918321088478,0.31595989804897423,1.4434905438841916,0.5603792565958334,1.8389227052687698,-0.22541316481229673,-0.10684005666409657,0.29029063771543584,0.11878262566306419,0.14371451269900457,0.11675247058381569,0.1893704533550038,0.35104973599010064,-0.13966294720234018,0.061260843643834995
6.84,1.4810976515995022,-0.6527884615808711,0.3165725064854126,1.4456658614995213,0.5594036431131422,1.8407806120400234,-0.22607272263664607,-0.10629368499630212,0.2902345705773575,0.11869827918698377,0.1432216865860191,0.11648514502314454,0.1891808376236739,0.35122576303385833,-0.13974175985059886,0.06128648532754756
6.8500000000000005,1.4846099092298408,-0.6541858791793771,0.31718537133868807,1.4478335955012462,0.5584266458296199,1.8426287119549585,-0.22673024831648497,-0.1057469833600847,0.2901774789432675,0.11861359302491058,0.14273009066659895,0.11621888685269202,0.18899139300542406,0.3514014363331667,-0.13982071228670814,0.06131230085316006
6.86,1.4881239235931725,-0.6555840863022442,0.3177984943472197,1.4499937760416355,0.5574482948321658,1.8444670435552475,-0.22738574416014162,-0.1051999596016751,0.2901193714083849,0.11852857066084384,0.14223972777641308,0.11595369422500586,0.18880211817000525,0.35157675862898685,-0.13989980327981424,0.06133828859738605
6.87,1.4916396911794623,-0.6569830843350424,0.31841187723319353,1.45214643332151,0.5564686199152239,1.8462956454129824,-0.2280392125222517,-0.10465262149759194,0.290060256515773,0.11844321555966403,0.14175060066604853,0.11568956526050247,0.18861301181649248,0.35175173263128395,-0.13997903159689357,0.061364446939319466
6.88,1.4951572085057752,-0.6583828746510113,0.31902552170258675,1.4542915975860062,0.555487650582456,1.8481145561263421,-0.2286906558030238,-0.1041049767550211,0.290000142756389,0.11835753116714444,0.14126271200192506,0.1154264980480271,0.18842407267287425,0.3519263610192748,-0.1400583960029514,0.0613907742606174
6.890000000000001,1.498676472115968,-0.6597834586110408,0.3196394294451929,1.4564292991204195,0.5545054160484277,1.849923814315342,-0.22934007644751125,-0.10355703301219639,0.2899390385691386,0.1182715209099645,0.14077606436720475,0.11516449064540839,0.18823529949564569,0.3521006464416758,-0.1401378952612176,0.061417268945679365
6.9,1.5021974785803847,-0.661184837563653,0.3202536021346497,1.4585595682461274,0.5535219452403054,1.8517234586176652,-0.22998747694489047,-0.10300879783878164,0.2898769523409352,0.11818518819572466,0.1402906602626961,0.1149035410800077,0.1880466910694047,0.35227459151695084,-0.1402175281333379,0.06144392938182213
6.91,1.505720224495554,-0.6625870128449863,0.3208680414284679,1.4606824353165906,0.5525372667995629,1.8535135276845738,-0.23063285982774567,-0.10246027873625406,0.289813892406764,0.1180985364129629,0.1398065021077529,0.11464364734926291,0.18785824620645128,0.35244819883355966,-0.14029729337956243,0.0614707539594511
6.92,1.5092447064838896,-0.663989985778782,0.32148274896806245,1.4627979307134331,0.5515514090836997,1.8552940601768997,-0.23127622767135997,-0.10191148313828864,0.28974986704975025,0.11801156893117284,0.13932359224116755,0.11438480742122681,0.18766996374639114,0.3526214709502057,-0.14037718975893076,0.061497741072227594
6.93,1.5127709211933917,-0.6653937576763713,0.3220977263787847,1.4649060848425977,0.5505644001679667,1.8570650947611147,-0.231917583093013,-0.10136241841114377,0.2896848845012327,0.11792428910082328,0.13884193292205924,0.11412701923510023,0.18748184255574113,0.3527944103960844,-0.14045721602945263,0.06152488911723256
6.94,1.5162988652973526,-0.6667983298366659,0.322712975269957,1.4670069281305778,0.5495762678471027,1.858826670105477,-0.23255692875128472,-0.10081309185404776,0.28961895294084045,0.11783670025337935,0.13836152633075624,0.11387028070175967,0.18729388152753929,0.3529670196711309,-0.1405373709482867,0.061552196495126756
6.95,1.519828535494064,-0.6682037035461488,0.3233284972349083,1.469100491020725,0.5485870396370774,1.8605788248762556,-0.23319426734536583,-0.10026351069958639,0.28955208049657494,0.11774880570132508,0.13788237456967303,0.11361458970427975,0.1871060795809583,0.3531393012462684,-0.1406176532719148,0.06157966161030652
6.96,1.5233599285065267,-0.6696098800788679,0.32394429385101137,1.4711868039696303,0.5475967427768438,1.8623215977340308,-0.23382960161437438,-0.09971368211409129,0.28948427524489556,0.11766060873818748,0.13740447966418184,0.11335994409845025,0.18691843566092117,0.3533112575636555,-0.14069806175631352,0.06160728287105695
6.97,1.5268930410821633,-0.6710168606964311,0.32456036667972193,1.4732658974435775,0.5466054042300956,1.8640550273300687,-0.23446293433667878,-0.09916361319802912,0.2894155452108098,0.11757211263856199,0.1369278435634785,0.1131063417132879,0.1867309487377216,0.35348289103693353,-0.14077859515712215,0.06163505868970064
6.98,1.5304278699925327,-0.6724246466480023,0.32517671726661895,1.4753378019150711,0.5456130506870338,1.86577915230277,-0.2350942683292272,-0.09861331098639148,0.28934589836796715,0.11748332065813927,0.1364524681414428,0.1128537803515429,0.18654361780664744,0.35365420405147435,-0.14085925222980783,0.06166298748274336
6.99,1.5339644120330473,-0.6738332391703004,0.32579334714144637,1.477402547859434,0.5446197085661368,1.8674940112741931,-0.23572360644688314,-0.0980627824490855,0.28927534263875687,0.11739423603373352,0.1359783551974932,0.11260225779020026,0.1863564418876066,0.35382519896462633,-0.14094003172982686,0.061691067671016016
7.0,1.5375026640226936,-0.6752426394875987,0.3264102578181565,1.4794601657514757,0.5436254040159384,1.8691996428466477,-0.2363509515817675,-0.09751203449132503,0.28920388589440993,0.11730486198331198,0.13550550645743606,0.11235177178097581,0.1861694200247585,0.3539958781059617,-0.1410209324127837,0.06171929767981341
7.01,1.5410426228037533,-0.6766528488117265,0.32702745079495465,1.4815106860622316,0.542630162916809,1.8708960855993617,-0.23697630666260672,-0.09696107395402234,0.2891315359551045,0.11721520170602584,0.13503392357430893,0.11210232005080714,0.18598255128614663,0.3541662437775221,-0.14110195303458598,0.06174767593902935
7.0200000000000005,1.5445842852415286,-0.6780638683420723,0.32764492755434493,1.4835541392557698,0.5416340108827427,1.8725833780852166,-0.23759967465408732,-0.0964099076141803,0.2890583005900751,0.11712525838224234,0.13456360812921844,0.11185390030233928,0.1857958347633357,0.35433629825406426,-0.14118309235159698,0.061776200883288335
7.03,1.5481276482240691,-0.6794756992655883,0.32826268956317783,1.4855905557860662,0.5406369732631479,1.8742615588275537,-0.2382210585562167,-0.09585854218528499,0.2889841875177255,0.11703503517357827,0.1340945616321723,0.11160651021440533,0.18560926957105262,0.35450604378330525,-0.1412643491207852,0.06180487095207443
7.04,1.5516727086619022,-0.6808883427567961,0.3288807382726986,1.4876199660939462,0.5396390751446418,1.875930666317049,-0.23884046140368995,-0.09530698431769861,0.2889092044057449,0.11694453522293453,0.13362678552290563,0.1113601474425019,0.18542285484683024,0.3546754825861671,-0.14134572209987,0.061833684589856275
7.05,1.5552194634877639,-0.6823017999777948,0.32949907511859716,1.4896424006040934,0.5386403413528483,1.8775907390086548,-0.23945788626526318,-0.09475524059905276,0.288833358871228,0.11685376165453205,0.13316028117170178,0.11111480961925951,0.18523658975065466,0.3548446168570207,-0.14142721004746567,0.061862640246209216
7.0600000000000005,1.558767909656334,-0.6837160720782695,0.33011770152105924,1.4916578897221224,0.5376407964541979,1.8792418153186092,-0.24007333624313276,-0.09420331755464179,0.28875665848079785,0.11676271757394881,0.132695049880207,0.11087049435490794,0.18505047346461606,0.35501344876392904,-0.14150881172322122,0.06189173637593425
7.07,1.5623180441439732,-0.6851311601955017,0.3307366188848186,1.4936664638317174,0.5366404647577312,1.8808839336215113,-0.2406868144723208,-0.09365122164781652,0.2886791107507324,0.116671406068158,0.13223109288223972,0.11062719923773646,0.18486450519256337,0.35518198044889043,-0.14159052588795806,0.06192097143917353
7.08,1.565869863948462,-0.6865470654543813,0.3313558285992103,1.4956681532918321,0.535639370316903,1.8825171322474608,-0.2412983241200668,-0.09309895928037792,0.28860072314709406,0.11657983020556738,0.13176841134459383,0.11038492183454922,0.1846786841597614,0.35535021402808,-0.14167235130380454,0.06195034390152339
7.09,1.5694233660887429,-0.6879637889674193,0.33197533203822555,1.4976629884339547,0.534637536931389,1.8841414494792623,-0.24190786838522535,-0.09254653679297092,0.2885215030858627,0.11648799303605968,0.13130700636783635,0.11014365969111546,0.18449300961255274,0.35551815159209155,-0.141754286734328,0.06197985223414341
7.1000000000000005,1.5729785476046638,-0.6893813318347626,0.332595130560567,1.4996509995594325,0.5336349881488933,1.8857569235496934,-0.24251545049766993,-0.09199396046547816,0.2884414579330713,0.11639589759103416,0.13084687898709918,0.10990341033261496,0.18430748081802178,0.35568579520617777,-0.1418363309446631,0.062009494913863546
7.11,1.5765354055567256,-0.6907996951442092,0.3332152255097056,1.5016322169368586,0.5326317472669561,1.8873635926388335,-0.2431210737177028,-0.09144123651741375,0.28836059500494465,0.11630354688344911,0.13038803017286513,0.10966417126407842,0.1841220970636631,0.35585314691049,-0.14191848270163893,0.06203927042328736
7.12,1.5800939370258305,-0.6922188799712257,0.3338356182139385,1.5036066707995182,0.5316278373347625,1.8889614948714561,-0.2437247413354709,-0.09088837110831692,0.2882789215680413,0.11621094390786552,0.12993046083174814,0.10942593997082306,0.18393685765705303,0.3560202087203178,-0.14200074077390176,0.06206917725089283
7.13,1.5836541391130337,-0.6936388873789647,0.33445630998644743,1.5055743913428938,0.5306232811549512,1.8905506683144806,-0.2443264566703876,-0.0903353703381455,0.28819644483939805,0.1161180916404916,0.1294741718072677,0.1091887139188833,0.1837517619255245,0.35618698262632614,-0.1420831039320361,0.06209921389113026
7.140000000000001,1.5872160089392968,-0.6950597184182851,0.33507730212535874,1.5075354087222295,0.5296181012854222,1.8921311509744838,-0.24492622307056075,-0.08978224024766913,0.28811317198667724,0.11602499303922849,0.12901916388061738,0.10895249055543658,0.1835668092158451,0.3563534705947935,-0.142165570948683,0.06212937884451717
7.15,1.5907795436452448,-0.6964813741277719,0.3356985959138039,1.509489753050151,0.5286123200411446,1.8937029807952708,-0.24552404391222638,-0.08922898681886239,0.28802911012831683,0.11593165104371675,0.12856543777142768,0.10871726730922451,0.1833819988938994,0.35651967456784783,-0.14224814059865534,0.062159670617730436
7.16,1.5943447403909232,-0.6979038555337584,0.3363201926199812,1.5114374543943445,0.5276059594959627,1.8952661956555035,-0.2461199225991884,-0.08867561597529741,0.287944266333683,0.11583806857538388,0.128112994138523,0.10848304159096904,0.18319733034437358,0.35668559646370174,-0.14233081165905095,0.06219008772369575
7.17,1.5979115963555603,-0.699327163650349,0.33694209349721815,1.5133785427752893,0.5265990414844012,1.896820833366387,-0.24671386256226435,-0.08812213358253629,0.2878586476232253,0.11574424853749275,0.1276618335806728,0.10824981079378407,0.1830128029704443,0.3568512381768875,-0.14241358290936285,0.0622206286816744
7.18,1.6014801087373292,-0.7007512994794426,0.3375642997840349,1.5153130481640464,0.5255915876034684,1.8983669316694107,-0.2473058672587367,-0.08756854544852306,0.28777226096863473,0.11565019381519093,0.12721195663733684,0.10801757229358228,0.18282841619347046,0.35701660157848997,-0.14249645313158743,0.06225129201734719
7.19,1.6050502747531141,-0.7021762640107585,0.33818681270420836,1.5172410004801011,0.5245836192144574,1.8999045282341478,-0.24789594017181035,-0.08701485732397522,0.28768511329300334,0.11555590727556087,0.12676336378940486,0.10778632344947724,0.18264416945268855,0.3571816885163794,-0.14257942111032942,0.062282076262895975
7.2,1.6086220916382779,-0.7036020582218618,0.33880963346683735,1.5191624295892583,0.5235751574447451,1.9014336606561055,-0.24848408481007556,-0.08646107490277477,0.2875972114709871,0.11546139176767095,0.1263160554599303,0.10755606160418092,0.1824600622049112,0.3573465008154425,-0.14266248563290534,0.06231297995708233
7.21,1.6121955566464323,-0.7050286830781909,0.33943276326640814,1.5210773653015905,0.5225662231895887,1.9029543664546333,-0.2490703047069769,-0.08590720382235872,0.2875085623289706,0.11536665012262738,0.12587003201485808,0.1073267840843966,0.1822760939242294,0.35751104027781316,-0.14274564548944355,0.062344001645323915
7.22,1.6157706670492105,-0.7064561395330853,0.3400562032828614,1.5229858373694383,0.5215568371139185,1.9044666830708807,-0.24965460342028797,-0.08535324966410907,0.28741917264523403,0.1152716851536269,0.12542529376374686,0.10709848820120707,0.18209226410171733,0.3576753086831014,-0.1428288994729826,0.062375139879768164
7.23,1.6193474201360414,-0.7078844285278151,0.34067995468165907,1.52488787548546,0.5205470196541289,1.9059706478658094,-0.25023698453159154,-0.0847992179537421,0.2873290491501225,0.11517649965601025,0.12498184096048534,0.10687117125045849,0.18190857224514168,0.3578393077886215,-0.1429122463795673,0.06240639321936349
7.24,1.6229258132139277,-0.7093135509916108,0.3413040186138527,1.5267835092807327,0.5195367910198643,1.9074662981182553,-0.25081745164576563,-0.08424511416169708,0.2872381985262171,0.11508109640731641,0.12453967380400276,0.10664483051313947,0.18172501787867298,0.35800303932961935,-0.14299568500834173,0.06243776022992826
7.25,1.626505843607224,-0.7107435078416942,0.34192839621615195,1.528672768322902,0.5185261711958029,1.908953671023043,-0.25139600839047527,-0.08369094370352428,0.2871466274085087,0.11498547816733765,0.12409879243897369,0.10641946325575587,0.18154160054260124,0.35816650501949815,-0.1430792141616408,0.062469239484217155
7.26,1.630087508657419,-0.7121742999833106,0.34255308861099415,1.5305556821143802,0.5175151799434353,1.9104328036891476,-0.2519726584156695,-0.08313671194027217,0.28705434238457284,0.11488964767817525,0.12365919695651707,0.10619506673070096,0.18135831979305408,0.35832970655004287,-0.14316283264507906,0.06250082956198517
7.2700000000000005,1.6336708057229195,-0.7136059283097614,0.343178096906614,1.5324322800905923,0.5165038368028395,1.9119037331379078,-0.25254740539308446,-0.08258242417887396,0.2869613499947471,0.11479360766429594,0.12322088739488939,0.10597163817662135,0.1811751752017189,0.358492645591644,-0.14324653926763742,0.06253252905004948
7.28,1.637255732178836,-0.7150383937024378,0.3438034221971145,1.5343025916182689,0.515492161094451,1.9133664963012855,-0.2531202530157516,-0.0820280856725333,0.2868676567323105,0.11469736083258907,0.12278386374017218,0.10574917481877831,0.18099216635556756,0.35865532379352016,-0.14333033284174787,0.06256433654234883
7.29,1.640842285416771,-0.7164716970308553,0.344429065562538,1.536166645993785,0.5144801719208284,1.9148211300201738,-0.2536912049975116,-0.08147370162110908,0.2867732690436642,0.11460090987242438,0.1223481259269538,0.10552767386940487,0.18080929285658479,0.3588177427839385,-0.14341421218337566,0.06259625064000075
7.3,1.6444304628446105,-0.7179058391526891,0.345055028068938,1.5380244724415448,0.5134678881684147,1.9162676710427513,-0.25426026507253374,-0.08091927717149944,0.2866781933285142,0.11450425745571052,0.12191367383900538,0.10530713252805857,0.18062655432149957,0.35897990417043524,-0.1434981761120997,0.06262826995135662
7.3100000000000005,1.648020261886315,-0.7193408209138101,0.3456813107684516,1.5398761001124102,0.5124553285092921,1.9177061560228825,-0.2548274369948408,-0.08036481741802483,0.286582435940056,0.11440740623695414,0.12148050730995125,0.10508754798196981,0.18044395038151972,0.3591418095400339,-0.1435822234511905,0.0626603930920544
7.32,1.6516116799817153,-0.720776643148322,0.34630791469937217,1.541721558082174,0.5114425114029326,1.9191366215185628,-0.2553927245378391,-0.07981032740281012,0.2864860031851604,0.11431035885331957,0.12104862612393344,0.10486891740638608,0.18026148068206968,0.3593034604594626,-0.14366635302768677,0.06269261868506953
7.33,1.65520471458631,-0.7222133066785988,0.34693484088622284,1.5435608753500758,0.5104294550979427,1.9205591039904084,-0.2559561314938543,-0.07925581211616577,0.28638890132456124,0.11421311792468922,0.12061803001627065,0.10465123796491181,0.1800791448825315,0.3594648584753706,-0.143750563672469,0.06272494536076334
7.34,1.6587993631710638,-0.7236508123153236,0.3475620903398305,1.545394080837361,0.509416177633802,1.92197363980019,-0.25651766167367207,-0.07870127649696794,0.28629113657304467,0.11411568605372441,0.1201887186741115,0.10443450680984412,0.17989694265598916,0.3596260051145424,-0.1438348542203317,0.06275737175692962
7.3500000000000005,1.6623956232222092,-0.725089160857527,0.34818966405739976,1.5472212033858805,0.5084026968425961,1.923380265209409,-0.25707731890608454,-0.07814672543303762,0.2861927150996396,0.11401806582592688,0.11976069173708212,0.10421872108250436,0.17971487368897532,0.3597869018841117,-0.1439192235100538,0.06278989651883907
7.36,1.6659934922410504,-0.7265283530926275,0.34881756302258815,1.5490422717567327,0.5073890303507437,1.924779016377915,-0.2576351070374417,-0.07759216376151867,0.28609364302781015,0.11392025980970082,0.11933394879792812,0.10400387791356552,0.17953293768122192,0.35994755027177333,-0.1440036703844663,0.06282251829928187
7.37,1.6695929677437682,-0.7279683897964722,0.349445788205581,1.550857314628944,0.5063751955807168,1.9261699293625678,-0.2581910299312081,-0.07703759626925473,0.2859939264356488,0.11382227055641536,0.11890848940315094,0.10378997442337551,0.17935113434541394,0.36010795174599414,-0.14408819369051892,0.06285523575860831
7.38,1.6731940472612281,-0.7294092717333773,0.35007434056316705,1.5526663605981907,0.5053612097527547,1.9275530401159364,-0.25874509146752506,-0.07648302769316503,0.28589357135607135,0.11372410060046768,0.11848431305363856,0.10357700772227639,0.17916946340694467,0.36026810775622237,-0.14417279227934426,0.06288804756476724
7.390000000000001,1.6767967283387903,-0.7308509996561707,0.35070322103881474,1.5544694381755593,0.5043470898865712,1.9289283844850407,-0.25929729554277725,-0.07592846272061914,0.2857925837770131,0.11362575245934656,0.1180614192052907,0.1033649749109196,0.17898792460367663,0.36042801973309563,-0.14425746500632045,0.06292095239334279
7.4,1.6804010085361214,-0.732293574306234,0.35133243056274815,1.5562665757863443,0.5033328528030553,1.930295998210131,-0.25984764606916544,-0.07537390598981031,0.28569096964162616,0.11352722863369638,0.11763980726963837,0.10315387308057708,0.17880651768570305,0.3605876890886482,-0.1443422107311317,0.06295394892758935
7.41,1.6840068854270078,-0.7337369964135453,0.35196197005202406,1.5580578017688844,0.5023185151259646,1.9316559169235081,-0.2603961469742834,-0.07481936209012788,0.28558873484847785,0.11342853160738167,0.11721947661445792,0.10294369931344852,0.17862524241511402,0.3607471172165156,-0.14442702831782736,0.0629870358584645
7.42,1.687614356599173,-0.7351812666967236,0.3525918404106087,1.5598431443734353,0.5013040932836116,1.9330081761483784,-0.26094280220070065,-0.07426483556252823,0.2854858852517506,0.11332966384755204,0.1168004265643796,0.1027344506829646,0.17844409856576435,0.3609063054921393,-0.14451191663487895,0.06302021188466034
7.43,1.6912234196540945,-0.7366263858630724,0.3532220425294553,1.5616226317610788,0.500289603510543,1.9343528112977495,-0.2614876157055494,-0.07371033089990463,0.28538242666144253,0.11323062780470755,0.11638265640149051,0.1025261242540864,0.17826308592304554,0.36106525527296873,-0.14459687455523543,0.06305347571263281
7.44,1.6948340722068242,-0.7380723546086247,0.35385257728658165,1.5633962920026674,0.4992750618492111,1.935689857673361,-0.26203059146011737,-0.07315585254745569,0.2852783648435694,0.11313142591276455,0.1159661653659322,0.10231871708360081,0.17808220428365992,0.36122396789866296,-0.1446819009563772,0.06308682605662967
7.45,1.6984463118858109,-0.7395191736181885,0.35448344554714795,1.565164153077804,0.49826048415163837,1.9370193504646505,-0.2625717334494447,-0.07260140490305261,0.2851737055203673,0.11303206058912187,0.11555095265649269,0.1021122262204122,0.17790145345539782,0.3613824446912902,-0.14476699472036766,0.06312026163871623
7.46,1.7020601363327237,-0.7409668435653922,0.3551146481635351,1.566926242873856,0.4972458860810736,1.9383413247477566,-0.2631110456719264,-0.07204699231760507,0.2850684543704966,0.11293253423472738,0.11513701743119316,0.10190664870583029,0.17772083325691806,0.3615406869555262,-0.14485215473390398,0.06315378118879995
7.47,1.705675543202279,-0.7424153651127312,0.3557461859754231,1.5686825891850025,0.4962312831136409,1.9396558154845558,-0.26364853213891937,-0.07149261909542569,0.2849626170292466,0.11283284923414502,0.11472435880786912,0.10170198157385414,0.17754034351753073,0.3616986959788513,-0.1449373798883654,0.06318738344465318
7.48,1.7092925301620674,-0.7438647389116149,0.35637805980986964,1.5704332197113156,0.49521669053998024,1.9409628575217337,-0.26418419687435435,-0.07093828949459324,0.284856199088741,0.1127330079556221,0.11431297586474626,0.10149822185145252,0.17735998407698322,0.3618564730317459,-0.14502266907986056,0.0632210671519342
7.49,1.712911094892385,-0.7453149656024135,0.357010270481389,1.572178162057873,0.49420212346688047,1.9422624855898893,-0.2647180439143526,-0.07038400772731442,0.2847492060981445,0.11263301275115699,0.1139028676410109,0.10129536655884044,0.17717975478524858,0.36201401936788474,-0.145108021209273,0.06325483106420682
7.5,1.7165312350860638,-0.7467660458145062,0.3576428187920311,1.5739174437339034,0.49318759681890384,1.943554734302673,-0.26525007730684735,-0.06982977796028417,0.28464164356387,0.11253286595656709,0.11349403313737515,0.10109341270975214,0.1769996555023175,0.3621713362243291,-0.14519343518230476,0.06328867394295846
7.51,1.7201529484483071,-0.7482179801663292,0.35827570553146065,1.575651092151963,0.49217312534000257,1.944839638155955,-0.26578030111121004,-0.06927560431504462,0.2845335169497864,0.11243256989155719,0.11308647131663661,0.10089235731171028,0.17681968609799262,0.36232842482171873,-0.14527890990951958,0.0633225945576165
7.5200000000000005,1.7237762326965242,-0.7496707692654244,0.35890893147703684,1.5773791346271422,0.49115872359512686,1.9461172315270285,-0.26630871939788114,-0.06872149086834257,0.2844248316774274,0.11233212685978809,0.112680181104233,0.10069219736629167,0.17663984645168498,0.362485286364461,-0.14536444430638293,0.06335659168556342
7.53,1.727401085560169,-0.7511244137084883,0.3595424973938925,1.5791015983763026,0.49014440597182457,1.9473875486738412,-0.26683533624800587,-0.06816744165248552,0.2843155931262008,0.11223153914894554,0.11227516138879128,0.10049292986938932,0.17646013645221448,0.3626419220409194,-0.14545003729330222,0.06339066411215029
7.54,1.731027504780578,-0.7525789140814213,0.360176404035014,1.580818510517344,0.48913018668183256,1.948650623734258,-0.2673601557530741,-0.06761346065569614,0.2842058066335986,0.11213080903080941,0.11187141102267167,0.10029455181147093,0.17628055599761192,0.36279833302360076,-0.14553568779566425,0.06342481063070896
7.55,1.734655488110814,-0.7540342709593779,0.3608106521413211,1.5825298980684999,0.488116079762659,1.9499064907253545,-0.2678831820145652,-0.06705955182246533,0.28409547749540764,0.11202993876132317,0.1114689288225065,0.10009706017783393,0.1761011049949244,0.3629545204693403,-0.14562139474387206,0.06345903004256268
7.5600000000000005,1.7382850333155075,-0.7554904849068166,0.3614452424417467,1.5842357879476612,0.48710209907915764,1.9511551835427383,-0.26840441914359725,-0.06650571905390373,0.2839846109659204,0.11192893058066361,0.11106771356973369,0.09990045194885701,0.17592178336002298,0.36311048551948577,-0.14570715707337997,0.06349332115703549
7.57,1.7419161381707025,-0.7569475564775504,0.36208017565331707,1.5859362069717284,0.48608825832509256,1.9523967359599008,-0.26892387126058087,-0.0659519662080917,0.28387321225814716,0.11182778671331081,0.11066776401112523,0.09970472410024817,0.17574259101741369,0.3632662293000799,-0.1457929737247278,0.06352768279146027
7.58,1.7455488004637032,-0.7584054862147976,0.36271545248123166,1.587631181855991,0.48507457102469487,1.953631181627596,-0.2694415424948774,-0.06539829710042767,0.2837612865440278,0.11172650936811832,0.11026907885931042,0.09950987360328935,0.17556352790004956,0.36342175292204165,-0.1458788436435725,0.06356211377118541
7.59,1.7491830179929235,-0.7598642746512334,0.36335107361894353,1.5893207392135325,0.48406105053420995,1.9548585540732473,-0.2699574369844615,-0.06484471550397508,0.28364883895464477,0.11162510073838354,0.10987165679329411,0.09931589742507772,0.17538459394914752,0.3635770574813456,-0.14596476578071996,0.0635966129295802
7.6000000000000005,1.7528187885677369,-0.7613239223090406,0.3639870397482393,1.5910049055546636,0.48304771004343594,1.9560788867003815,-0.2704715588755882,-0.06429122514980759,0.2835358745804357,0.1115235630019184,0.10947549645896973,0.09912279252876358,0.1752057891140058,0.36373214405920007,-0.14605073909215452,0.06363117910803888
7.61,1.756456110008329,-0.7627844296999621,0.3646233515393197,1.5926837072863798,0.48203456257725324,1.9572922127880898,-0.2709839123224644,-0.06373782972735283,0.2834223984714074,0.1114218983211201,0.10908059646962738,0.09893055587378488,0.17502711335182525,0.3638870137222241,-0.14613676253906754,0.06366581115598366
7.62,1.7600949801455512,-0.7642457973253528,0.3652600096508795,1.5943571707118442,0.48102162099714496,1.9584985654905138,-0.27149450148692433,-0.06318453288473443,0.2833084156373491,0.11132010884304211,0.1086869554064568,0.09873918441609855,0.17484856662753243,0.3640416675226224,-0.14622283508788456,0.06370050793086628
7.63,1.7637353968207774,-0.7657080256762316,0.36589701473018815,1.5960253220298963,0.48000889800270796,1.9596979778363581,-0.2720033305381098,-0.06263133822911247,0.283193931048047,0.11121819669946538,0.10829457181904543,0.0985486751084085,0.17467014891360547,0.3641961064983591,-0.14630895571029148,0.06373526829816857
7.640000000000001,1.767377357885761,-0.7671711152333346,0.36653436741316986,1.5976881873345832,0.4789964061331551,1.960890482728428,-0.27251040365215434,-0.06207824932702237,0.2830789496334985,0.11111616400696957,0.10790344422587146,0.0983590249003904,0.1744918601899025,0.36435033167333036,-0.14639512338325916,0.06377009113140175
7.65,1.7710208612024942,-0.7686350664671672,0.3671720683244839,1.5993457926147157,0.47798415776880787,1.9620761129431903,-0.2730157250118714,-0.061525269704712005,0.2829634762841268,0.1110140128670046,0.10751357111479193,0.09817023073891323,0.1743137004434924,0.36450434405753485,-0.14648133708906716,0.06380497531210452
7.66,1.7746659046430695,-0.7700998798380578,0.36781011807760494,1.6009981637534476,0.4769721651325803,1.9632549011303606,-0.27351929880644726,-0.060972402848477304,0.2828475158509961,0.11091174536596221,0.10712495094352593,0.09798228956825776,0.17413566966848765,0.3646581446472432,-0.14656759581532622,0.06383991972984036
7.67,1.7783124860895418,-0.7715655557962111,0.36844851727490335,1.6026453265278773,0.47596044029145274,1.964426879812512,-0.27402112923113764,-0.060419652204996066,0.28273107314602625,0.1108093635752477,0.10673758214013297,0.09779519833033175,0.17395776786588052,0.36481173442516635,-0.14665389855499922,0.06387492328219331
7.68,1.7819606034337936,-0.773032094781761,0.3690872665077253,1.604287306608672,0.4749489951579371,1.9655920813847072,-0.2745212204869684,-0.05986702118166019,0.2826141529422085,0.11070686955135182,0.1063514631034864,0.09760895396488216,0.17377999504338065,0.36496511436062123,-0.14674024430642177,0.06390998487476292
7.69,1.7856102545773997,-0.7744994972248253,0.3697263663564729,1.6059241295597138,0.4739378414915321,1.966750538114155,-0.27501957678044064,-0.05931451314690619,0.2824967599738205,0.11060426533592269,0.1059665922037421,0.09742355340970421,0.17360235121525563,0.36511828540969654,-0.14682663207332075,0.06394510342115821
7.7,1.7892614374314968,-0.7759677635455584,0.37036581739068447,1.6075558208377667,0.4729269909001696,1.967902282139887,-0.27551620232323937,-0.05876213143054397,0.28237889893664225,0.11050155295583786,0.1055829677828024,0.09723899360084744,0.17342483640217343,0.36527124851541604,-0.14691306086483272,0.06398027784299044
7.71,1.792914149916651,-0.7774368941542067,0.37100562016911437,1.6091824057921658,0.4719164548416509,1.9690473454724566,-0.27601110133194656,-0.058209879324083995,0.2822605744881713,0.11039873442327648,0.10520058815477508,0.0970552714728187,0.17324745063104766,0.3654240046079004,-0.14699952969552058,0.06401550706986497
7.72,1.79656838996273,-0.7789068894511619,0.371645775239813,1.6108039096645248,0.47090624462507413,1.9701857599936594,-0.27650427802775784,-0.05765776008106265,0.2821417912478387,0.11029581173579156,0.10481945160642782,0.09687238395878223,0.17307019393488463,0.3655765546045284,-0.1470860375853892,0.06405079003937213
7.73,1.8002241555087752,-0.7803777498270158,0.37228628314020673,1.612420357588466,0.4698963714122519,1.9713175574562745,-0.2769957366362034,-0.05710577691736597,0.2820225537972247,0.11019278687638219,0.10443955639763788,0.09669032799075666,0.17289306635263293,0.36572889941009573,-0.14717258355990062,0.06408612569707733
7.74,1.8038814445028761,-0.7818494756626148,0.3729271443971775,1.6140317745893678,0.46888684621911914,1.972442769483826,-0.2774854813868725,-0.056553933011551566,0.2819028666802742,0.11008966181356597,0.10406090076183712,0.09650910049980928,0.17271606792903577,0.36588103991697296,-0.14725916664998742,0.06412151299650976
7.75,1.8075402549020458,-0.7833220673291146,0.3735683595271426,1.6156381855841333,0.4678776799171321,1.9735614275703646,-0.27797351651314195,-0.056002231505168865,0.2817827344035128,0.10998643850145139,0.10368348290645231,0.09632869841624717,0.17253919871448387,0.3660329770052619,-0.1473457858920658,0.06415695089915074
7.76,1.8112005846720984,-0.7847955251880352,0.37420992903613415,1.6172396153809765,0.46686888323465703,1.974673563080268,-0.2784598462519084,-0.0554506755030776,0.2816621614362622,0.10988311887981027,0.103307301013341,0.09614911866980566,0.1723624587648729,0.36618471154295074,-0.14743244032804742,0.06419243837442076
7.7700000000000005,1.814862431787528,-0.7862698495913156,0.37485185341987837,1.6188360886792263,0.4658604667583499,1.9757792072480618,-0.2789444748433243,-0.05489926807376455,0.28154115221085585,0.1097797048741503,0.10293235323922262,0.09597035818983386,0.17218584814146107,0.3663362443860669,-0.14751912900535002,0.06422797439966599
7.78,1.8185257942313886,-0.7877450408813691,0.37549413316387503,1.6204276300691511,0.4648524409345262,1.9768783911782573,-0.27942740653053777,-0.05434801224965853,0.28141971112285447,0.10967619839578752,0.10255863771610521,0.09579241390547741,0.17200936691072996,0.3664875763788298,-0.14760585097690743,0.0642635579601435
7.79,1.8221906699951769,-0.7892210993911382,0.37613676874347646,1.6220142640317974,0.46384481607052114,1.9779711458452092,-0.27990864555943606,-0.05379691102744361,0.2812978425312614,0.10957260134191885,0.10218615255170749,0.0956152827458584,0.17183301514424723,0.36663870835380136,-0.14769260530117864,0.06429918804900625
7.8,1.825857057078715,-0.7906980254441499,0.3767797606239665,1.6235960149388486,0.46283760233604054,1.9790575020929901,-0.2803881961783926,-0.0532459673683706,0.28117555075873774,0.10946891559569465,0.10181489582987656,0.09543896164025262,0.17165679291853117,0.366789641132035,-0.14777939104215618,0.06433486366728672
7.8100000000000005,1.8295249534900353,-0.7921758193545715,0.3774231092606394,1.6251729070524992,0.4618308097645019,1.9801374906352835,-0.2808660626380179,-0.05269518419856674,0.28105284009181764,0.10936514302629127,0.10144486561100108,0.09526344751826404,0.17148070031491772,0.36694037552322367,-0.14786620726937272,0.06437058382388014
7.82,1.8331943572452676,-0.7936544814272652,0.3780668150988782,1.6267449645253456,0.4608244482543659,1.9812111420552925,-0.2813422491909137,-0.05214456440934362,0.2809297147811229,0.10926128548898359,0.10107605993242008,0.0950887373099966,0.1713047374194295,0.36709091232584634,-0.1479530530579082,0.06440634753552665
7.83,1.836865266368526,-0.7951340119578443,0.37871087857423347,1.6283122114002928,0.45981852757045827,1.982278486805666,-0.2818167600914312,-0.05159411085750334,0.2808061790415778,0.10915734482521751,0.10070847680882732,0.09491482794622332,0.17112890432264635,0.36724125232731275,-0.14803992748839484,0.06444215382679308
7.84,1.8405376788917993,-0.7966144112327282,0.3793553001125014,1.629874671610478,0.4588130573452822,1.983339555208442,-0.28228959959543204,-0.05104382636564287,0.28068223705262363,0.1090533228626825,0.10034211423267134,0.0947417163585528,0.17095320111957904,0.3673913963041076,-0.14812682964702198,0.06447800173005347
7.8500000000000005,1.8442115928548404,-0.7980956795291985,0.38000008012980196,1.6314323689792072,0.4578080470803212,1.9843943774550057,-0.2827607719600537,-0.05049371372245666,0.2805578929584327,0.10894922141538407,0.09997697017455122,0.09456939947959313,0.17077762790954318,0.36754134502193203,-0.14821375862554004,0.0645138902854696
7.86,1.8478870063050596,-0.7995778171154538,0.38064521903265663,1.6329853272199097,0.45680350614733195,1.9854429836060632,-0.2832302814434776,-0.04994377568303741,0.28043315086812237,0.10884504228371619,0.09961304258360794,0.09439787424311315,0.1706021847960372,0.36769109923584514,-0.14830071352126353,0.06454981854097006
7.87,1.851563917297418,-0.8010608242506665,0.38129071721806634,1.634533569936105,0.4557994437896282,1.9864854035916315,-0.283698132304701,-0.04939401496917508,0.2803080148559688,0.10874078725453372,0.09925032938791156,0.09422713758420122,0.17042687188662048,0.3678406596904035,-0.14838769343707367,0.06458578555222917
7.88,1.855242323894322,-0.8025447011850372,0.38193657507358864,1.6360771206213844,0.4547958691233547,1.9875216672110427,-0.284164328803312,-0.04884443426965414,0.28018248896162007,0.1086364581012247,0.09888882849484419,0.09405718643942144,0.17025168929279466,0.36799002711979867,-0.14847469748141945,0.06462179038264519
7.890000000000001,1.85892222416552,-0.8040294481598513,0.3825827929774151,1.637616002659408,0.4537927911387515,1.9885518041329626,-0.28462887519926844,-0.04829503624054894,0.28005657719030935,0.10853205658378272,0.09852853779147865,0.0938880177469674,0.17007663712988585,0.36813920224799457,-0.14856172476831878,0.06465783210331758
7.9,1.862603616188,-0.8055150654075345,0.38322937129844825,1.639150239323913,0.4527902187014091,1.989575843895424,-0.2850917757526795,-0.0477458235055174,0.2799302835130675,0.10842758444887908,0.09816945514495308,0.09371962844681334,0.16990171551692984,0.3682881857888625,-0.14864877441735866,0.06469390979302406
7.91,1.8662864980458886,-0.8070015531517081,0.3838763103963785,1.6406798537787377,0.4517881605535139,1.990593815905874,-0.2855530347235909,-0.047196798656092775,0.2798036118669354,0.10832304342993503,0.09781157840284138,0.09355201548086309,0.16972692457655802,0.36843697844631573,-0.14873584555369412,0.06473002253819672
7.92,1.8699708678303517,-0.808488911607245,0.38452361062176044,1.6422048690778572,0.45078662531508373,1.9916057494412336,-0.2860126563717733,-0.04664796425197373,0.27967656615517605,0.10821843524719375,0.0974549053935195,0.09338517579309637,0.1695522644348857,0.3685855809144414,-0.14882293730804766,0.06476616943289765
7.930000000000001,1.873656723639496,-0.8099771409803255,0.3851712723160894,1.6437253081654313,0.44978562148519474,1.9926116736479726,-0.2864706449565139,-0.04609932282131254,0.27954915024748567,0.10811376160779246,0.09709943392652771,0.09321910632971284,0.1693777352214026,0.36873399387763245,-0.14891004881670628,0.06480234957879424
7.94,1.8773440635782723,-0.8114662414684926,0.38581929581187735,1.6452411938758664,0.44878515744319797,1.993611617542196,-0.2869270047364114,-0.04555087686100154,0.2794213679802052,0.10800902420583423,0.09674516179292882,0.09305380403927367,0.16920333706886462,0.3688822180107178,-0.14899717922151953,0.06483856208513342
7.95,1.8810328857583796,-0.8129562132607078,0.3864676814327287,1.646752548933888,0.447785241449927,1.9946056100097433,-0.28738173996917366,-0.04500262883695775,0.279293223156531,0.10790422472245992,0.09639208676566233,0.09288926587284094,0.16902907011318716,0.36903025397909067,-0.14908432766989593,0.06487480606871586
7.96,1.8847231882981705,-0.8144470565374067,0.38711642949341585,1.6482593959546252,0.446785881648896,1.9955936798062996,-0.2878348549114191,-0.04445458118440568,0.2791647195467247,0.10779936482591977,0.09604020659989473,0.09272548878411453,0.16885493449334107,0.36917810243883603,-0.14917149331479918,0.06491108065386948
7.97,1.888414969322559,-0.8159387714705547,0.3877655402999545,1.6497617574437082,0.44578708606748835,1.9965758555575206,-0.28828635381848056,-0.043906736308158376,0.2790358608883235,0.10769444617164514,0.09568951903336576,0.09256246972956689,0.1686809303512495,0.3693257640368571,-0.1492586753147431,0.06494738497242224
7.98,1.8921082269629275,-0.8174313582237022,0.3884150141496788,1.6512596557973749,0.44478886261813605,1.9975521657591668,-0.2887362409442129,-0.04335909658289665,0.278906650886349,0.1075894704023199,0.09534002178673072,0.09240020566857543,0.16850705783168676,0.3694732394109994,-0.14934587283378697,0.06498371816367467
7.99,1.8958029593570374,-0.81892481695204,0.3890648513313155,1.6527531133025894,0.44379121909948943,1.9985226387772514,-0.28918452054080285,-0.04281166435344647,0.2787770932135163,0.1074844391479519,0.09499171256389902,0.09223869356355277,0.16833331708217908,0.3696205291901752,-0.14943308504152938,0.06502007937437193
8.0,1.8994991646489392,-0.8204191478024553,0.38971505212505925,1.6542421521371715,0.442794163197578,1.9994873028481974,-0.2896311968585825,-0.04226444193505464,0.27864719151044226,0.1073793540259442,0.09464458905236876,0.09207793038007471,0.16815970825290696,0.36976763399448487,-0.14952031111310204,0.06505646775867535
8.01,1.903196840988884,-0.8219143509135863,0.390365616802646,1.6557267943699359,0.4417977024869615,2.000446186079007,-0.2900762741458455,-0.04171743161366256,0.27851694938585325,0.10727421664116622,0.09429864892355758,0.09191791308700603,0.16798623149660835,0.36991455443533816,-0.1496075502291627,0.06509288247813343
8.02,1.9068959865332373,-0.8234104264158779,0.3910165456274273,1.6572070619608417,0.4408018444318722,2.001399316447441,-0.2905197566486661,-0.04117063564617831,0.2783863704167923,0.10716902858602473,0.0939538898331296,0.09175863865662419,0.16781288696848526,0.370061291115574,-0.14969480157588783,0.06512932270165243
8.03,1.910596599444393,-0.8249073744316368,0.39166783885444384,1.6586829767611522,0.43980659638734765,2.0023467218022084,-0.2909616486107211,-0.040624056260746874,0.2782554581488261,0.10706379144053473,0.0936103094213188,0.09160010406474078,0.16763967482611006,0.37020784462957884,-0.14978206434496413,0.06516578760546687
8.040000000000001,1.9142986778906887,-0.8264051950750864,0.3923194967304985,1.6601545605136034,0.4388119656003541,2.003288429863167,-0.29140195427311505,-0.04007769565701856,0.27812421609625065,0.10695850677239019,0.09326790531324844,0.09144230629082101,0.16746659522933444,0.3703542155634034,-0.1498693377335804,0.06520227637310909
8.05,1.9180022200463227,-0.8279038884524221,0.3929715194942296,1.661621834852583,0.43781795921090133,2.004224468221531,-0.29184067787420764,-0.03953155600641567,0.2779926477422974,0.1068531761370346,0.09292667511924693,0.09128524231810094,0.16729364834019986,0.37050040449487903,-0.1499566209444184,0.06523878819537869
8.06,1.9217072240912716,-0.8294034546618663,0.39362390737618336,1.6630848213043175,0.43682458425314746,2.0051548643400943,-0.2922778236494445,-0.038985639452397344,0.27786075653933795,0.10674780107773144,0.09258661643516006,0.09112890913370283,0.1671208343228493,0.3706464119937323,-0.15004391318564275,0.0652753222703117
8.07,1.925413688211209,-0.8309038937937226,0.3942766605988865,1.664543541287068,0.4358318476564957,2.006079645553454,-0.2927133958311903,-0.03843994811072266,0.27772854590908824,0.10664238312563441,0.09224772684265943,0.0909733037287483,0.1669481533434407,0.37079223862169813,-0.15013121367089152,0.06531187780314923
8.08,1.929121610597426,-0.8324052059304315,0.394929779376918,1.6659980161113361,0.43483975624668103,2.006998839068251,-0.29314739864856504,-0.0378944840697119,0.2775960192428127,0.10653692379985759,0.09191000390954747,0.09081842309846956,0.16677560557006146,0.37093788493263197,-0.15021852161926516,0.06534845400630562
8.09,1.9328309894467524,-0.8339073911466242,0.395583263916981,1.6674482669800763,0.43384831674684865,2.007912471963417,-0.2935798363272826,-0.03734924939050607,0.27746317990152713,0.10643142460754533,0.09157344519005874,0.09066426424231865,0.16660319117264563,0.37108335147262134,-0.15030583625531535,0.06538505009933676
8.1,1.9365418229614786,-0.8354104495091773,0.3962371144179744,1.668894314988918,0.43285753577862296,2.0088205711904266,-0.29401071308949234,-0.03680424610732463,0.2773300312162015,0.10632588704394208,0.09123804822515778,0.09051082416407462,0.16643091032289098,0.37122863878009493,-0.15039315680903398,0.06542166530890738
8.11,1.9402541093492796,-0.8369143810772677,0.39689133107106345,1.6703361811263944,0.43186741986316773,2.0097231635735624,-0.2944400331536232,-0.036259476227721424,0.2771965764879615,0.106220312592462,0.09090381054283342,0.09035809987194894,0.1662587631941788,0.3713737473859315,-0.15048048251584104,0.0654582988687586
8.120000000000001,1.943967846823139,-0.838419185902426,0.39754591405975104,1.6717738862741798,0.43087797542223755,2.010620275810187,-0.29486780073423047,-0.03571494173283892,0.27706281898829,0.10611470272475833,0.09057072965838953,0.09020608837868882,0.16608674996149425,0.3715186778135672,-0.15056781261657165,0.06549495001967488
8.13,1.9476830336012747,-0.8399248640285918,0.39820086355994777,1.673207451207334,0.42988920877922,2.0115119344710206,-0.2952940200418449,-0.03517064457766057,0.2769287619592276,0.10600905890079274,0.09023880307473248,0.0900547867016787,0.16591487080134926,0.37166343057910173,-0.1506551463574639,0.0655316180094507
8.14,1.9513996679070658,-0.8414314154921664,0.3988561797400423,1.6746368965945544,0.4289011261601693,2.0123981660004286,-0.29571869528282496,-0.0346265866912615,0.27679440861357246,0.10590338256890428,0.08990802828265501,0.0899041918630399,0.16574312589170506,0.37180800619140325,-0.15074248299014553,0.0655683020928571
8.15,1.9551177479689799,-0.8429388403220678,0.39951186276097084,1.6760622429984338,0.42791373369483127,2.0132789967167164,-0.29614183065921107,-0.03408276997705736,0.2766597621350795,0.10579767516587836,0.08957840276111688,0.08975430088972836,0.16557151541189827,0.37195240515221256,-0.15082982177162,0.0656050015316079
8.16,1.958837272020502,-0.844447138539784,0.40016791277628694,1.6774835108757271,0.4269270374176591,2.0141544528124307,-0.29656343036858257,-0.033539196313051495,0.27652482567865894,0.10569193811701538,0.08924992397752193,0.08960511081363057,0.16540003954256632,0.37209662795624543,-0.15091716196425253,0.06564171559432541
8.17,1.9625582383000646,-0.8459563101594265,0.4008243299322302,1.6789007205776234,0.4259410432688209,2.0150245603546675,-0.29698349860391715,-0.03299586755208032,0.27638960237057414,0.10558617283619924,0.08892258938799208,0.0894566186716577,0.1652286984655755,0.3722406750912941,-0.15100450283575578,0.06567844355650629
8.18,1.9662806450509775,-0.8474663551877841,0.40148111436779527,1.6803138923500245,0.4249557570951981,2.0158893452853883,-0.29740203955345285,-0.03245278552205694,0.27625409530863876,0.10548038072596562,0.08859639643763778,0.08930882150583795,0.16505749236395004,0.3723845470383282,-0.1510918436591753,0.06571518470048676
8.19,1.9700044905213607,-0.8489772736243759,0.40213826621480014,1.68172304633383,0.423971184651376,2.0167488334217425,-0.2978190574005523,-0.03190995202621305,0.276118307562413,0.10537456317757009,0.08827134256082536,0.0891617163634071,0.16488642142180213,0.3725282442715933,-0.15117918371287375,0.0657519383154081
8.2,1.9737297729640766,-0.8504890654615046,0.4027957855979542,1.6831282025652283,0.42298733160062474,2.017603050456395,-0.29823455632356943,-0.031367368843339107,0.27598224217339945,0.10526872157105596,0.08794742518144104,0.08901530029689733,0.16471548582426396,0.3726717672587098,-0.15126652228051587,0.06578870369718137
8.21,1.9774564906366636,-0.8520017306843097,0.40345367263492604,1.6845293809759943,0.4220042035158724,2.0184520219578608,-0.29864854049571854,-0.03082503772802271,0.27584590215523785,0.10516285727532204,0.08762464171315179,0.08886957036422437,0.16454468575741987,0.37281511646076904,-0.15135385865105266,0.06582548014845217
8.22,1.9811846418012713,-0.8535152692708202,0.40411192743641056,1.6859266013937908,0.4210218058806698,2.0192957733708474,-0.2990610140849458,-0.03028296041088533,0.2757092904938994,0.10505697164819,0.08730298955966294,0.08872452362877287,0.16437402140824156,0.3729582923324303,-0.15144119211870488,0.06586226697856531
8.23,1.9849142247245957,-0.8550296811920073,0.4047705501061962,1.6873198835424779,0.42004014409014606,2.020134330016599,-0.29947198125380287,-0.029741138598817246,0.2755724101478802,0.1049510660364717,0.08698246611497268,0.08858015715948013,0.16420349296452225,0.3731012953220144,-0.15152852198294686,0.06589906350352924
8.24,1.9886452376778159,-0.8565449664118368,0.4054295407412315,1.6887092470424256,0.4190592234519566,2.020967717093251,-0.2998814461593232,-0.029199573975210814,0.2754352640483938,0.1048451417760362,0.08666306876362344,0.08843646803091819,0.16403310061481427,0.3732441258715988,-0.15161584754848956,0.06593586904598006
8.25,1.992377678936532,-0.8580611248873217,0.4060888994316913,1.6900947114108333,0.41807904918722233,2.0217959596761865,-0.30028941295290007,-0.028658268200192006,0.2752978550995633,0.10473920019187656,0.08634479488095012,0.08829345332337425,0.16386284454836628,0.37338678441710865,-0.15170316812526352,0.06597268293514562
8.26,1.9961115467807031,-0.8595781565685743,0.40674862626104274,1.6914762960620526,0.41709962643146054,2.0226190827184,-0.30069588578016715,-0.02811722291085022,0.2751601861786123,0.10463324259817648,0.0860276418333253,0.08815111012292946,0.16369272495506265,0.3735292713884101,-0.1517904830284012,0.06600950450680954
8.27,1.9998468394945872,-0.8610960613988583,0.40740872130611083,1.6928540203079168,0.416120960235508,2.023437111050865,-0.30110086878088144,-0.027576439721466426,0.2750222601360556,0.10452727029837662,0.08571160697840138,0.08800943552153616,0.1635227420253633,0.3736715872093992,-0.15187779157821973,0.06604633310327462
8.28,2.003583555366681,-0.8626148393146404,0.4080691846371436,1.6942279033580734,0.4151430555664351,2.024250069382908,-0.301504366088808,-0.027035920223739594,0.27488407979588836,0.10442128458524079,0.08539668766534975,0.08786842661709349,0.16335289595024527,0.37381373229809245,-0.1519650931002025,0.06608316807332662
8.290000000000001,2.0073216926896618,-0.8641344902456425,0.40873001631787687,1.695597964320322,0.41416591730845276,2.025057982302587,-0.3019063818316071,-0.02649566598701143,0.2747456479557754,0.1043152867409218,0.08508288123509689,0.08772808051352149,0.16318318692114506,0.3739557070667148,-0.15205238692498102,0.06612000877219769
8.3,2.011061249760329,-0.8656550141148923,0.40939121640559883,1.6969642222009569,0.4131895502638102,2.0258608742770723,-0.3023069201307235,-0.02595567855848943,0.2746069673872387,0.1042092780370272,0.0847701850205576,0.08758839432083364,0.16301361512990253,0.374097511921787,-0.15213967238831677,0.06615685456152946
8.31,2.014802224879547,-0.8671764108387755,0.4100527849512141,1.6983266959051126,0.4122139591536857,2.026658769653036,-0.3027059851012778,-0.02541595946346828,0.2744680408358451,0.10410325973468468,0.08445859634686526,0.08744936515520785,0.16284418076870533,0.37423914726421187,-0.15222694883108176,0.0661937048093364
8.32,2.018544616352189,-0.8686986803270863,0.4107147219993075,1.6996854042371148,0.41123914861906846,2.027451692657041,-0.3031035808519596,-0.024876510205549537,0.2743288710213922,0.10399723308460732,0.0841481125315992,0.08731099013905601,0.16267488403003458,0.37438061348935975,-0.15231421559924035,0.06623055888996897
8.33,2.0222884224870827,-0.8702218224830787,0.41137702758820716,1.7010403659008342,0.41026512322163317,2.028239667395941,-0.3034997114849234,-0.024337332266859694,0.27418946063809446,0.10389119932715851,0.0838387308850092,0.087173266401092,0.1625057251066121,0.3745219109871528,-0.15240147204382903,0.06626741618407635
8.34,2.026033641596954,-0.871745837203517,0.4120397017500479,1.702391599500045,0.40929188744460626,2.029022717857275,-0.30389438109568573,-0.023798427108266546,0.27404981235476766,0.10378515969241674,0.08353044871023711,0.08703619107639832,0.16233670419134852,0.37466304014214846,-0.15248871752093796,0.06630427607856944
8.35,2.0297802719983755,-0.8732707243787263,0.4127027445108336,1.703739123538786,0.4083194456936245,2.029800867909675,-0.3042875937730248,-0.023259796169593932,0.27390992881501297,0.10367911540024,0.08322326330353567,0.08689976130649113,0.16216782147729175,0.3748040013336213,-0.15257595139169028,0.06634113796658363
8.36,2.0335283120117116,-0.8747964838926432,0.41336615589049946,1.7050829564217267,0.40734780229758566,2.030574141303272,-0.304679353598882,-0.022721440869834814,0.2737698126374001,0.1035730676603301,0.08291717195448459,0.08676397423938406,0.1619990771575774,0.3749447949356445,-0.15266317302222324,0.06637800124744148
8.370000000000001,2.037277759961068,-0.8763231156228655,0.4140299359029739,1.7064231164545347,0.40637696150949165,2.0313425616701064,-0.3050696646482654,-0.022183362607362728,0.27362946641564945,0.10346701767229664,0.08261217194620375,0.08662882702965047,0.16183047142537985,0.3750854213171706,-0.15275038178366726,0.06641486532661543
8.38,2.0410286141742398,-0.8778506194407021,0.41469408455624,1.7077596218442481,0.4054069275072836,2.0321061525245443,-0.30545853098915504,-0.021645562760141582,0.27348889271881394,0.10336096662572072,0.08230826055556383,0.08649431683848434,0.16166200447386408,0.37522588084211017,-0.15283757705212572,0.06645172961569026
8.39,2.0447808729826606,-0.8793789952112233,0.4153586018523969,1.7090924906996505,0.4044377043946695,2.0328649372636938,-0.30584595668241027,-0.02110804268593386,0.2733480940914593,0.10325491570021846,0.08200543505339401,0.08636044083375985,0.1614936764961392,0.37536617386941096,-0.15292475820865511,0.0664885935323256
8.4,2.048534534721355,-0.8809082427933098,0.4160234877877202,1.7104217410316482,0.4034692962019443,2.0336189391678268,-0.30623194578167895,-0.020570803722507174,0.2732070730538441,0.10314886606550423,0.0817036927046872,0.08622719619008959,0.1613254876852121,0.3755063007531346,-0.1530119246392434,0.06652545650021842
8.41,2.052289597728886,-0.8824383620397023,0.41668874235272235,1.7117473907536516,0.4025017068868025,2.0343681814008034,-0.30661650233330856,-0.020033847187839238,0.27306583210209856,0.1030428188814537,0.08140303076880247,0.08609458008888136,0.1611574382339426,0.375646261842534,-0.15309907573478979,0.0665623179490654
8.42,2.0560460603473114,-0.8839693527970501,0.417354365532213,1.7130694576819578,0.4015349403351427,2.035112687010498,-0.30699963037625894,-0.019497174380321194,0.2729243737084027,0.10293677529816643,0.08110344649966486,0.08596258971839378,0.16098952833499935,0.37578605748212773,-0.15318621089108359,0.06659917731452539
8.43,2.059803920922133,-0.885501214905961,0.41802035730535825,1.7143879595361373,0.4005690003618655,2.0358524789292307,-0.3073813339420172,-0.018960786578959388,0.2727827003211638,0.10283073645602851,0.08080493714596271,0.08583122227379048,0.16082175818081665,0.3759256880117758,-0.1532733295087829,0.06663603403818158
8.44,2.0635631778022505,-0.8870339482010489,0.41868671764574006,1.7157029139394222,0.39960389071166336,2.0365875799741993,-0.30776161705451416,-0.018424685043575514,0.27264081436519244,0.10272470348577467,0.08050749995134218,0.08570047495719306,0.1606541279635529,0.3760651537667528,-0.15336043099339292,0.06667288756750392
8.45,2.067323829339918,-0.8885675525109827,0.4193534465214151,1.7170143384190968,0.3986396150598035,2.0373180128479143,-0.30814048373004255,-0.017888871015005206,0.2724987182418784,0.10261867750855026,0.08021113215459948,0.08557034497773283,0.1604866378750484,0.376204455077821,-0.15344751475524507,0.06670973735581144
8.46,2.0710858738906963,-0.8901020276585352,0.42002054389497323,1.7183222504068913,0.3976761770129033,2.0380438001386367,-0.3085179379771771,-0.017353345715295027,0.2723564143293651,0.10251265963597297,0.07991583098987033,0.08544082955160123,0.1603192881067857,0.37634359227130176,-0.153534580209475,0.0667465828622343
8.47,2.0748493098134095,-0.89163737346063,0.42068800972359555,1.7196266672393767,0.39671358010969854,2.0387649643208188,-0.3088939837966964,-0.01681811034789792,0.27221390498272363,0.10240665097019425,0.0796215936868171,0.08531192590209903,0.16015207884984947,0.3764825656691471,-0.15362162677600066,0.06678342355167641
8.48,2.078614135470101,-0.89317358972839,0.4213558439591123,1.720927606158362,0.3957518278218043,2.039481527755546,-0.30926862518150633,-0.016283166097867063,0.27207119253412565,0.10230065260396044,0.07932841747081333,0.08518363125968435,0.1599850102948887,0.37662137558900965,-0.1537086538795005,0.06682025889477733
8.49,2.082380349225991,-0.894710676267185,0.4220240465480601,1.722225084311294,0.394790923554469,2.040193512690981,-0.30964186611656513,-0.0157485141320482,0.2719282792930155,0.10219466562067378,0.0790362995631259,0.08505594286201947,0.15981808263207825,0.37676002234431194,-0.15379566094939134,0.06685708836787475
8.5,2.086147949449434,-0.896248632876679,0.4226926174317388,1.7235191187516583,0.3938308706473211,2.040900941262812,-0.31001371057881033,-0.015214155599270408,0.2717851675462814,0.10208869109445293,0.07874523718109469,0.08492885795401638,0.15965129605108225,0.37689850624431465,-0.1538826474198063,0.06689391145296665
8.51,2.0899169345118773,-0.8977874593508771,0.42336155654626845,1.7248097264393818,0.3928716723751088,2.041603835494698,-0.3103841625370872,-0.014680091630535328,0.27164185955842585,0.10198273009019343,0.0784552275383099,0.08480237378788132,0.15948465074101784,0.3770368275941841,-0.15396961272957235,0.06693072763767371
8.52,2.0936873027878193,-0.8993271554781729,0.4240308638226452,1.7260969242412376,0.39191333194843286,2.0423022172987233,-0.31075322595207894,-0.01414632333920488,0.2714983575717352,0.10187678366362778,0.07816626784478695,0.084676487623158,0.1593181468904199,0.37717498669505933,-0.15405655632218782,0.06696753641520141
8.53,2.09745905265477,-0.9008677210413948,0.42470053918679723,1.727380728931251,0.3909558525144724,2.0429961084758457,-0.31112090477623805,-0.013612851821187426,0.2713546638064481,0.10177085286138526,0.07787835530713902,0.08455119672676985,0.159151784687207,0.37731298384411743,-0.15414347764580003,0.06700433728430259
8.540000000000001,2.101232182493211,-0.9024091558178527,0.4253705825596403,1.7286611571911072,0.3899992371577037,2.0436855307163526,-0.31148720295372,-0.013079678155122447,0.27121078046092356,0.10166493872105153,0.0775914871287473,0.08442649837306093,0.15898556431864702,0.3774508193346389,-0.15423037615318255,0.06704112974923955
8.55,2.1050066906865577,-0.9039514595793846,0.4260409938571327,1.72993822561056,0.3890434889006124,2.044370505600315,-0.31185212442031796,-0.012546803402563695,0.27106670971180746,0.1015590422712279,0.07730566050992889,0.08430238984383602,0.15881948597132498,0.37758849345607176,-0.1543172513017128,0.06707791331974666
8.56,2.1087825756211185,-0.9054946320924018,0.42671177299033014,1.7312119506878418,0.38808861070439893,2.0450510545980456,-0.312215673103399,-0.012014228608160845,0.2709224537141989,0.10145316453159037,0.07702087264810237,0.08417886842839933,0.15865354983111035,0.37772600649409455,-0.1544041025533484,0.06711468751099274
8.57,2.1125598356860595,-0.9070386731179353,0.4273829198654401,1.732482348830076,0.3871346054696767,2.045727199070554,-0.3125778529218421,-0.011481954799839664,0.27077801460181494,0.10134730651294839,0.07673712073795125,0.08405593142359238,0.1584877560831259,0.3778633587306792,-0.15449092937460532,0.06715145184354337
8.58,2.116338469273366,-0.9085835824116814,0.4280544343838755,1.7337494363536883,0.3861814760371643,2.0463989602700097,-0.31293866778597773,-0.010949982988980691,0.27063339448715523,0.10124146921730334,0.07645440197158504,0.08393357613383064,0.1583221049117174,0.3780005504441529,-0.15457773123653443,0.06718820584332359
8.59,2.120118474777808,-0.9101293597240467,0.42872631644230874,1.735013229484821,0.3852292251883706,2.0470663593401994,-0.3132981215975284,-0.010418314170596436,0.2704885954616652,0.10113565363790673,0.07617271353869817,0.08381179987113921,0.15815659650042313,0.37813758190925867,-0.1546645076146979,0.06722494904158031
8.6,2.1238998505969007,-0.9116760048001937,0.4293985659327245,1.7362737443597474,0.38427785564627354,2.0477294173169907,-0.3136562182495513,-0.009886949323507118,0.2703436195958986,0.10102986075931816,0.07589205262672676,0.0836905999551875,0.1579912310319451,0.37827445339721566,-0.15475125798914707,0.06726168097484513
8.61,2.1276825951308727,-0.9132235173800852,0.43007118274247297,1.7375309970252868,0.383327370075992,2.048388155128793,-0.3140129616263819,-0.009355889410514939,0.2701984689396789,0.10092409155746297,0.07561241642100305,0.08356997371332281,0.15782600868812074,0.3784111651757786,-0.15483798184439865,0.0672984011848968
8.620000000000001,2.1314667067826303,-0.9147718971985292,0.4307441667543219,1.7387850034392212,0.3823777710854518,2.049042593597023,-0.31436835560357923,-0.008825135378576906,0.27005314552226045,0.1008183469996896,0.07533380210490795,0.08344991848060294,0.15766092964989487,0.37854771750929633,-0.1549246786694111,0.06733510921872415
8.63,2.135252183957723,-0.9163211439852234,0.43141751784650917,1.740035779470712,0.3814290612260446,2.049692753436567,-0.31472240404787244,-0.008294688158976207,0.26990765135248784,0.10071262804482674,0.07505620686002118,0.08333043159982785,0.15749599409729262,0.37868411065876967,-0.15501134795756263,0.06737180462848871
8.64,2.139039025064311,-0.917871257464799,0.4320912358927941,1.7412833409007171,0.38048124299328095,2.050338655256247,-0.3150751108171089,-0.007764548667492157,0.26976198841895527,0.10060693564324015,0.07477962786626957,0.0832115104215703,0.15733120220939317,0.37882034488190813,-0.15509798920662646,0.06740848697148785
8.65,2.1428272285131302,-0.9194222373568653,0.43276532076250895,1.7425277034224096,0.3795343188274367,2.0509803195592866,-0.31542647976020355,-0.007234717804568703,0.26961615869016436,0.10050127073688923,0.07450406230207308,0.08309315230420551,0.1571665541643043,0.37895642043318706,-0.15518460191874797,0.06744515581011759
8.66,2.146616792717462,-0.9209740833760528,0.43343977232061015,1.743768882641596,0.37858829111419323,2.0516177667437776,-0.3157765147170894,-0.006705196455481526,0.2694701641146815,0.1003956342593833,0.07422950734448887,0.08297535461394001,0.15700205013913698,0.3790923375639024,-0.15527118560042125,0.06748181071183552
8.67,2.150407716093101,-0.922526795232057,0.4341145904277285,1.7450068940771355,0.37764316218527144,2.052251017103146,-0.31612521951866984,-0.006175985490503713,0.26932400662129413,0.10029002713603759,0.07395596016935328,0.08285811472483934,0.156837690309981,0.3792280965222259,-0.1553577397624655,0.06751845124912423
8.68,2.1541999970583237,-0.9240803726296817,0.43478977494021975,1.7462417531613592,0.37669893431905965,2.052880090826621,-0.31647259798677196,-0.005647085765070041,0.2691776881191662,0.10018445028392899,0.07368341795142186,0.082741430018855,0.15667347485188135,0.3793636975532592,-0.15544426392000188,0.06755507699945423
8.69,2.1579936340338564,-0.9256348152688817,0.4354653257102143,1.7474734752404897,0.3757556097412352,2.0535050079997013,-0.3168186539341011,-0.005118498119939851,0.26903121049799267,0.1000789046119515,0.07341187786450734,0.08262529788585046,0.1565094039388153,0.37949914089908754,-0.15553075759242913,0.06759168754524751
8.700000000000001,2.1617886254428473,-0.927190122844806,0.4361412425856668,1.7487020755750613,0.37481319062538,2.0541257886046247,-0.3171633911641967,-0.004590223381358549,0.2688845756281533,0.09997339102087141,0.07314133708161569,0.0825097157236262,0.15634547774366908,0.3796344267988316,-0.15561722030340056,0.06762828247384069
8.71,2.1655849697108356,-0.92874629504784,0.4368175254104052,1.7499275693403402,0.3738716790935902,2.0547424525208355,-0.31750681347138976,-0.0040622623612177125,0.26873778536086546,0.09986791040338218,0.07287179277508014,0.08239468093794394,0.15618169643821694,0.3797695554887005,-0.1557036515808007,0.06766486137744863
8.72,2.1693826652657227,-0.930303331563648,0.43749417402417967,1.7511499716267442,0.3729310772170798,2.0553550195254537,-0.3178489246407611,-0.0035346158572138377,0.2685908415283358,0.09976246364415907,0.0726032421166934,0.08228019094255003,0.15601806019309916,0.37990452720204226,-0.15579005095672094,0.06770142385312809
8.73,2.173181710537743,-0.9318612320732151,0.43817118826271095,1.7523692974402636,0.37199138701677803,2.0559635092937443,-0.3181897284481009,-0.0030072846530057175,0.2684437459439117,0.09965705161991349,0.07233568227783786,0.08216624315919786,0.15585456917780197,0.3800393421693951,-0.15587641796743634,0.06773796950274126
8.74,2.176982103959437,-0.9334199962528895,0.43884856795773836,1.753585561702881,0.3710526104639215,2.0565679413995857,-0.3185292286598699,-0.002480269518370465,0.26829650040223113,0.09955167519944708,0.07206911042961393,0.08205283501766959,0.15569122356063655,0.380174000618537,-0.15596275215338165,0.06777449793291966
8.75,2.180783843965622,-0.9349796237744233,0.43952631293706756,1.7547987792529918,0.3701147494806398,2.0571683353159385,-0.31886742903316107,-0.0019535712093581925,0.26814910667937214,0.09944633524370543,0.0718035237429666,0.0819399639557969,0.15552802350872005,0.3803085027745347,-0.156049053059128,0.06781100875502813
8.76,2.1845869289933675,-0.9365401143050146,0.4402044230246178,1.7560089648458237,0.36917780594053584,2.0577647104153156,-0.3192043333156631,-0.001427190468445351,0.26800156653300117,0.09934103260583167,0.07153891938880999,0.08182762741948102,0.15536496918795664,0.38044284885979307,-0.1561353202333586,0.0678475015851287
8.77,2.1883913574819656,-0.9381014675073482,0.4408828980404691,1.7572161331538578,0.3682417816692601,2.058357085970249,-0.31953994524562473,-0.0009011280246867382,0.26785388170252056,0.09923576813121968,0.07127529453815024,0.0817158228627119,0.15520206076301862,0.38057703909410184,-0.1562215532288462,0.06788397604394474
8.78,2.1921971278729067,-0.9396636830396367,0.4415617378009085,1.7584202987672475,0.36730667844507925,2.0589454811537613,-0.3198742685518203,-0.00037538459386618635,0.2677060539092153,0.09913054265756698,0.07101264636220644,0.08160454774758662,0.15503929839732877,0.38071107369468404,-0.156307751602428,0.0679204317568253
8.790000000000001,2.1960042386098535,-0.9412267605556609,0.44224094211847675,1.759621476194238,0.3663724979994395,2.059529915039832,-0.3202073069535162,0.0001500391213540655,0.267558084856399,0.09902535701492748,0.07075097203252996,0.08149379954432702,0.15487668225304282,0.38084495287624204,-0.1563939149149826,0.06795686835370938
8.8,2.199812688138616,-0.9427906997048108,0.44292051080201383,1.7608196798615852,0.36543924201752376,2.060110406603866,-0.320539064160439,0.0006751424312853035,0.26740997622955837,0.09892021202576388,0.0704902687211218,0.08138357573129651,0.1547142124910329,0.38097867685100356,-0.15648004273140673,0.06799328546909059
8.81,2.203622474907126,-0.9443555001321249,0.44360044365670476,1.7620149241149754,0.36450691213880365,2.0606869747231635,-0.320869543872744,0.0011999246590655684,0.2672617296964978,0.09881510850499974,0.07023053360054833,0.08127387379501615,0.15455188927087068,0.38111224582876696,-0.15656613462059077,0.06802968274198153
8.82,2.2074335973654136,-0.9459211614783308,0.4442807404841246,1.763207223219443,0.3635755099575858,2.0612596381773853,-0.3211987497809855,0.001724385140514176,0.2671133469074823,0.09871004726007132,0.06997176384405532,0.08116469123018,0.15438971275081184,0.3812456600169462,-0.1566521901553956,0.06806605981587867
8.83,2.211246053965583,-0.9474876833798848,0.4449614010822834,1.764396591359788,0.3626450370235529,2.0618284156490216,-0.3215266855660874,0.0022485232239875166,0.2669648294953797,0.09860502909097923,0.06971395662568013,0.0810560255396697,0.1542276830877808,0.3813789196206148,-0.15673820891262877,0.06810241633872711
8.84,2.2150598431617894,-0.9490550654690111,0.44564242524567066,1.7655830426409946,0.3617154948422991,2.062393325723858,-0.3218533548993155,0.002772338270236128,0.26681617907580246,0.09850005479033964,0.06945710912036235,0.08094787423456838,0.1540658004373555,0.38151202484254937,-0.1568241904730209,0.06813875196288591
8.85,2.2188749634102147,-0.9506233073737413,0.44632381276529953,1.7667665910886465,0.3607868848758602,2.0629543868914415,-0.32217876144225066,0.003295829652263032,0.26666739724724803,0.09839512514343532,0.06920121850405268,0.08084023483417377,0.15390406495375336,0.3816449758832723,-0.15691013442120222,0.06817506634509272
8.86,2.2226914131690476,-0.9521924087179534,0.4470055634287505,1.7679472506493443,0.35985920854323855,2.063511617545548,-0.32250290884676275,0.0038189967551833306,0.2665184855912387,0.09829024092826637,0.0689462819538202,0.08073310486601064,0.1537424767898171,0.3817777729410942,-0.1569960403456784,0.06821135914642956
8.870000000000001,2.2265091908984584,-0.9537623691214102,0.4476876770202148,1.769125035191121,0.3589324672209224,2.0640650359846457,-0.3228258007549858,0.004341838976085047,0.2663694456724604,0.09818540291560068,0.06869229664795795,0.0806264818658426,0.15358103609700163,0.38191041621215577,-0.157081907838808,0.06824763003228772
8.88,2.23032829506058,-0.9553331881997983,0.44837015332053765,1.7702999585038566,0.35800666224340055,2.0646146604123605,-0.3231474407992942,0.0048643557238912056,0.2662202790389009,0.09808061186902417,0.06843925976608702,0.08052036337768317,0.1534197430253608,0.38204290589046874,-0.15716773649677784,0.06828387867233372
8.89,2.2341487241194846,-0.9569048655647661,0.44905299210726096,1.7714720342996924,0.35708179490367103,2.06516050893794,-0.3234678326022796,0.005386546419223151,0.2660709872219868,0.09797586854499062,0.06818716848925888,0.08041474695380614,0.15325859772353478,0.3821752421679563,-0.15725352591958,0.06832010474047479
8.9,2.237970476541164,-0.9584774008239618,0.44973619315466573,1.772641276213445,0.3561578664537455,2.065702599576716,-0.3237869797767292,0.005908410494265081,0.26592157173672,0.09787117369287134,0.06793602000005623,0.08030963015475534,0.15309760033873832,0.3823074252344932,-0.1573392757109883,0.06835630791482465
8.91,2.241793550793509,-0.9600507935810717,0.450419756233814,1.773807697803018,0.3552348781051479,2.0662409502505685,-0.32410488592560455,0.006429947392629804,0.26577203408181305,0.09776652805500453,0.06768581148269232,0.08020501054935372,0.1529367510167486,0.382439455277945,-0.15742498547853517,0.06839248787766981
8.92,2.2456179453462886,-0.9616250434358571,0.4511036811125907,1.7749713125498152,0.3543128310294086,2.0667755787883846,-0.3244215546420214,0.006951156569225696,0.26562237573982395,0.0976619323667444,0.06743654012310857,0.08010088571471181,0.15277604990189458,0.3825713324842071,-0.15751065483348772,0.06842864431543519
8.93,2.249443658671131,-0.963200149984192,0.451787967555745,1.776132133859151,0.3533917263585528,2.0673065029265225,-0.3247369895092308,0.007472037490124866,0.26547259817728974,0.09755738735650994,0.06718820310907085,0.07999725323623552,0.15261549713704564,0.38270305703724283,-0.15759628339082457,0.06846477691865081
8.94,2.253270689241503,-0.9647761128181003,0.45247261532493155,1.77729017506066,0.35247156518558487,2.0678337403092697,-0.3250511941006007,0.007992589632432502,0.26532270284485965,0.09745289374583348,0.06694079763026414,0.07989411070763332,0.15245509286360123,0.3828346291191215,-0.15768187076921247,0.06850088538191798
8.950000000000001,2.2570990355326943,-0.9663529315257924,0.4531576241787507,1.7784454494087076,0.3515523485649669,2.0683573084893023,-0.3253641719795985,0.008512812484157408,0.26517269117742703,0.09734845224940895,0.06669432087838574,0.07979145573092283,0.15229483722148138,0.3829660489100548,-0.15776741659098342,0.06853696940387588
8.96,2.2609286960217947,-0.9679306056917022,0.4538429938727895,1.7795979700827973,0.3506340775130932,2.068877224928144,-0.3256759266997748,0.009032705544083718,0.26502256459426066,0.0972440635751399,0.06644877004723694,0.07968928591643681,0.15213473034911645,0.3830973165884348,-0.15785292048211064,0.0685730286871684
8.97,2.2647596691876792,-0.9695091348965234,0.45452872415966117,1.780747750187978,0.3497167530087592,2.0693935069966223,-0.32598646180474755,0.009552268321643765,0.26487232449913517,0.09713972842418721,0.06620414233281335,0.07958759888282856,0.15197477238343837,0.38322843233086873,-0.15793838207218636,0.06860906293841089
8.98,2.2685919535109877,-0.9710885187172452,0.4552148147890453,1.7818948027552513,0.3488003759936261,2.069906171975325,-0.32629578082818744,0.010071500336792123,0.26472197228046074,0.09703544749101653,0.0659604349333937,0.07948639225707663,0.1518149634598714,0.3833593963122153,-0.1580238009943977,0.06864507186815717
8.99,2.2724255474741097,-0.9726687567271892,0.45590126550772686,1.7830391407419754,0.34788494737268066,2.0704152370550566,-0.3266038872938039,0.010590401119880794,0.26457150931141166,0.09693122146344549,0.06571764504962717,0.07938566367448917,0.1516553037123239,0.38349020870561945,-0.15810917688550422,0.06868105519086684
9.0,2.276260449561166,-0.9742498484960442,0.45658807605963553,1.7841807770322706,0.34697046801469,2.0709207193372903,-0.3269107847153321,0.011108970211535533,0.2644209369500544,0.09682705102269062,0.06547576988461949,0.0792854107787075,0.15149579327318044,0.3836208696825475,-0.15819450938581486,0.06871701262487251
9.01,2.280096658257991,-0.9758317935899024,0.4572752461858843,1.7853197244374215,0.34605693875265214,2.071422635834623,-0.3272164765965204,0.01162720716253332,0.2642702565394748,0.09672293684341399,0.06523480664401746,0.07918563122170928,0.1513364322732937,0.3837513794128205,-0.15827979813916473,0.06875294389234728
9.02,2.283934172052119,-0.977414591571294,0.45796277562480775,1.7864559956962796,0.3451443603842416,2.071921003471226,-0.3275209664311194,0.012145111533680948,0.26411946940790404,0.09661887959376954,0.06499475253609219,0.07908632266381102,0.15117722084197704,0.38388173806464826,-0.15836504279289212,0.06878884871927246
9.03,2.2877729894327654,-0.9789982419992229,0.45865066411200045,1.7875896034756638,0.34423273367225077,2.072415839083298,-0.3278242577028706,0.012662682895694735,0.2639685768688445,0.09651487993544926,0.06475560477182095,0.07898748277367013,0.15101815910699817,0.38401194580466247,-0.15845024299781602,0.06882472683540532
9.040000000000001,2.291613108890812,-0.9805827444292011,0.4593389113803545,1.7887205603707603,0.3433220593450263,2.0729071594195108,-0.328126353885497,0.013179920829081346,0.26381758022119406,0.09641093852372902,0.06451736056496771,0.07888910922828637,0.1508592471945714,0.38414200279794875,-0.15853539840821296,0.06886057797424715
9.05,2.2954545289187913,-0.9821680984132832,0.46002751716009693,1.7898488789055211,0.3424123380969013,2.073394981141462,-0.32842725844269377,0.013696824924019725,0.2636664807493701,0.0963070560075141,0.06428001713216232,0.0787911997130029,0.15070048522935214,0.3842719092080794,-0.1586205086817945,0.06889640187301131
9.06,2.299297248010872,-0.9837543035001012,0.460716481178827,1.7909745715330612,0.3415035705886231,2.0738793208241195,-0.3287269748281198,0.01421339478024411,0.2635152797234325,0.09620323302938456,0.06404357169297836,0.07869375192150664,0.15054187333443095,0.3844016651971449,-0.15870557347968442,0.0689321982725916
9.07,2.3031412646628433,-0.9853413592348981,0.46140580316155294,1.7920976506360542,0.3405957574477763,2.074360194956269,-0.3290255064853902,0.014729630006928144,0.26336397839920594,0.09609947022564026,0.06380802147000976,0.0785967635558283,0.15038341163132657,0.3845312709257847,-0.1587905924663963,0.06896796691753068
9.08,2.306986577372101,-0.986929265159562,0.46209548283072827,1.7932181285271283,0.33968889926920204,2.0748376199409577,-0.3293228568480692,0.015245530222570068,0.26321257801840103,0.09599576822634562,0.06357336368894606,0.07850023232634182,0.15022510023998248,0.3846607265532183,-0.15887556530981042,0.0690037075559887
9.09,2.3108331846376333,-0.9885180208126602,0.46278551990628813,1.7943360174492584,0.338782996615412,2.075311612095939,-0.3296190293396642,0.015761095054878983,0.2630610798087352,0.09589212765537417,0.06333959557864646,0.07840415595176331,0.15006693927876016,0.38479003223727554,-0.15896049168115217,0.06903941993971209
9.1,2.314681084960006,-0.9901076257294716,0.4634759141056853,1.7954513295761592,0.33787805001699905,2.075782187654113,-0.32991402737361997,0.016276324140662164,0.26290948498405237,0.0957885491304528,0.06310671437121258,0.07830853215914958,0.14990892886443533,0.384919188134426,-0.15904537125496887,0.06907510382400261
9.11,2.3185302768413503,-0.9916980794420214,0.4641666651439253,1.7965640770126758,0.3369740599730432,2.0762493627639684,-0.3302078543533141,0.016791217125713465,0.2627577947444419,0.09568503326320575,0.06287471730206003,0.07821335868389617,0.14975106911219296,0.3850481943998086,-0.15913020370910802,0.06911075896768629
9.120000000000001,2.322380758785348,-0.9932893814791125,0.4648577727336022,1.7976742717951735,0.33607102695151325,2.0767131534900227,-0.33050051367205285,0.017305773664702727,0.2626060102763568,0.09558158065919833,0.06264360160998868,0.07811863326973487,0.14959336013562363,0.38517705118726053,-0.15921498872469442,0.06914638513308294
9.13,2.326232529297221,-0.9948815313663595,0.465549236584933,1.7987819258919253,0.3351689513896644,2.0771735758132586,-0.33079200871306763,0.017819993421066268,0.2624541327527314,0.09547819191798043,0.06241336453725183,0.07802435366873083,0.1494358020467192,0.38530575864934574,-0.15929972598610867,0.06918198208597542
9.14,2.330085586883714,-0.9964745286262205,0.4662410564057928,1.7998870512034997,0.3342678336944318,2.0776306456315616,-0.3310823428495124,0.018333876066898385,0.26230216333309747,0.09537486763312969,0.062184003329624066,0.07793051764127923,0.14927839495586914,0.3854343169373827,-0.15938441518096452,0.06921754959557945
9.15,2.333939930053088,-0.9980683727780302,0.46693323190174857,1.800989659563145,0.3333676742428199,2.0780843787601557,-0.33137151944446125,0.018847421282843883,0.2621501031637007,0.09527160839229447,0.06195551523646803,0.07783712295610153,0.14912113897185814,0.3855627262014726,-0.15946905600008685,0.06925308743451329
9.16,2.337795557315103,-0.999663063338031,0.4676257627760937,1.8020897627371744,0.3324684733822876,2.078534790932036,-0.33165954185090735,0.019360628757991626,0.2619979533776151,0.09516841477723655,0.06172789751079997,0.07774416739024119,0.14896403420186166,0.3856909865905255,-0.15955364813749032,0.06928859537876773
9.17,2.341652467181008,-1.001258599819406,0.4683186487298814,1.8031873724253478,0.3315702314311297,2.0789818977984025,-0.33194641341176173,0.019873498189769107,0.2618457150948579,0.09506528736387357,0.061501147409354195,0.07765164872905905,0.14880708075144408,0.385819098252288,-0.15963819129035678,0.0693240732076763
9.18,2.3455106581635308,-1.0028549817323096,0.46901188946195815,1.8042825002612535,0.33067294867885416,2.07942571492909,-0.3322321374598533,0.020386029283838,0.26169338942250253,0.09496222672232121,0.06127526219264631,0.07755956476622831,0.1486502787245564,0.3859470613333696,-0.15972268515901386,0.06935952070388547
9.19,2.3493701287768647,-1.0044522085838996,0.46970548466899703,1.8053751578126873,0.3297766253865553,2.079866257812998,-0.33251671731792914,0.020898221753990743,0.26154097745479166,0.09485923341693511,0.06105023912503542,0.077467913303729,0.14849362822353335,0.38607487597926793,-0.15980712944691292,0.06939493765332524
9.200000000000001,2.3532308775366575,-1.0060502798783688,0.4703994340455303,1.8064653565820314,0.3288812617872833,2.080303541858519,-0.33280015629865556,0.02141007532204806,0.2613884802732491,0.09475630800635257,0.06082607547478513,0.07737669215184213,0.1483371293490916,0.38620254233439505,-0.15989152386060798,0.06943032384517975
9.21,2.3570929029600016,-1.0076491951169748,0.47109373728398213,1.8075531080066307,0.32798685808640976,2.0807375823939647,-0.3330824577046196,0.021921589717757508,0.261235898946791,0.09465345104353391,0.06060276851412354,0.07728589912914346,0.14818078220032804,0.3863300605421019,-0.15997586810973355,0.06946567907185809
9.22,2.3609562035654226,-1.0092489537980722,0.4717883940747007,1.8086384234591681,0.3270934144619894,2.08116839466799,-0.33336362482833126,0.022432764678692988,0.2610832345318362,0.09455066307580372,0.06038031551930209,0.0771955320624968,0.1480245868747187,0.3864574307447039,-0.16006016190698347,0.06950100312896537
9.23,2.3648207778728696,-1.0108495554171422,0.4724834041059903,1.8097213142480384,0.32620093106511794,2.0815959938500184,-0.3336436609522263,0.022943599950155196,0.2609304880724159,0.09444794464489169,0.06015871377065337,0.07710558878704694,0.14786854346811656,0.38658465308350426,-0.16014440496808954,0.06953629581527379
9.24,2.3686866244037046,-1.0124509994668232,0.4731787670641431,1.8108017916177204,0.32530940802028613,2.0820203950306615,-0.3339225693486695,0.023454095285073064,0.2607776606002829,0.09434529628697334,0.059937960552647836,0.07701606714621234,0.1477126520747514,0.3867117276988192,-0.16022859701180006,0.06957155693269407
9.25,2.3725537416806928,-1.014053285436941,0.47387448263347004,1.8118798667491478,0.32441884542573024,2.082441613222141,-0.3342003532799584,0.02396425044390614,0.26062475313501926,0.09424271853271042,0.05971805315394954,0.07692696499167724,0.14755691278722854,0.38683865473000034,-0.16031273775985902,0.06960678628624689
9.26,2.376422128227993,-1.0156564128145396,0.4745705504963325,1.8129555507600785,0.3235292433537788,2.0828596633587066,-0.33447701599832785,0.024474065194547916,0.2604717666841441,0.09414021190729104,0.059498988867470765,0.07683828018338357,0.14740132569652842,0.3869654343154589,-0.16039682693698404,0.0696419836840346
9.27,2.3802917825711476,-1.0172603810839094,0.47526697033317283,1.8140288547054615,0.32264060185119553,2.0832745602970535,-0.334752560745955,0.024983539312230078,0.2603187022432202,0.09403777693046961,0.059280764990425686,0.07675001058952242,0.1472458908920061,0.3870920665926878,-0.1604808642708466,0.06967714893721325
9.28,2.3841627032370747,-1.0188651897266179,0.475963741822545,1.8150997895778036,0.3217529209395188,2.0836863188167376,-0.3350269907549646,0.02549267257942771,0.2601655607959597,0.09393541411660654,0.059063378824383006,0.07666215408652523,0.1470906084613913,0.38721855169828506,-0.1605648494920501,0.06971228185996435
9.290000000000001,2.3880348887540577,-1.0204708382215384,0.4766608646411446,1.816168366307534,0.32086620061539733,2.0840949536205895,-0.33530030924743515,0.026001464872718066,0.26001234331432965,0.09383312397470761,0.058846827675317605,0.07657470855905454,0.14693547849061547,0.3873448897733119,-0.1606487823005631,0.06974738234951043
9.3,2.391908337651791,-1.022077326044544,0.4773583384646397,1.8172345957633669,0.31998044085092264,2.0845004793351265,-0.33557251943533056,0.02650991617914336,0.25985905075858007,0.09373090700853258,0.05863110885366119,0.0764876718998468,0.1467805010634204,0.3874710809647583,-0.16073266235943115,0.06978245040124093
9.31,2.3957830484614386,-1.0236846526681382,0.4780561629686521,1.8182984887526634,0.319095641593959,2.0849029105109644,-0.3358436245204193,0.02701802649061992,0.25970568407725775,0.09362876371671561,0.05841621967435157,0.07640104200952758,0.1466256762613746,0.387597125419329,-0.16081648933549722,0.06981748601156827
9.32,2.399659019715632,-1.0252928175614933,0.4787543378287678,1.8193600560217937,0.3182118027684718,2.085302261623226,-0.33611362769428443,0.027525795803640264,0.25955224420731204,0.09352669459280061,0.058202157456880475,0.07631481679660629,0.14647100416388453,0.3877230232834401,-0.16090026289945844,0.06985248917770942
9.33,2.4035362499484663,-1.0269018201904878,0.4794528627205449,1.8204193082564968,0.31732892427485254,2.0856985470719507,-0.33638253213833436,0.02803322411920152,0.25939873207420033,0.09342470012527615,0.057988919525340424,0.07622899417747098,0.14631648484820672,0.3878487747032297,-0.16098398272583508,0.06988745989767498
9.34,2.4074147376954986,-1.0285116600177462,0.48015173731952165,1.821476256082238,0.31644700599024017,2.0860917811824993,-0.33665034102381425,0.028540311442734584,0.2592451485919923,0.09332278079761022,0.05777650320847071,0.07614357207638268,0.1461621183894583,0.3879743798245667,-0.16106764849294103,0.06992239817025835
9.35,2.4112944814937443,-1.0301223365026757,0.48085096130122423,1.8225309100645666,0.31556604776883884,2.0864819782059607,-0.3369170575118178,0.029047057784034026,0.259091494663474,0.09322093708828483,0.05756490583970248,0.0760585484254695,0.1460079048606289,0.3880998387930614,-0.16115125988285314,0.06995730399502494
9.36,2.415175479881675,-1.0317338491015042,0.4815505343411745,1.82358328070947,0.31468604944223255,2.086869152319554,-0.3371826847532991,0.02955346315718874,0.2589377711802505,0.09311916947083029,0.057354124757202904,0.07597392116472022,0.14585384433259196,0.3882251517540744,-0.16123481658138208,0.06999217737230165
9.370000000000001,2.419057731399216,-1.0333461972673181,0.48225045611489753,1.8246333784637274,0.31380701081969625,2.0872533176270296,-0.33744722588908566,0.030059527580513317,0.2587839790228486,0.09301747841385949,0.0571441573039185,0.07588968824197778,0.1456999368741159,0.38835031885272564,-0.16131831827804222,0.07002701830316627
9.38,2.4229412345877432,-1.0349593804500985,0.4829507262979292,1.8256812137152612,0.3129289316885036,2.0876344881590696,-0.33771068404989085,0.030565251076480157,0.25863011906081806,0.09291586438110185,0.05693500082761758,0.07580584761293219,0.1455461825518762,0.3884753402339037,-0.16140176466602255,0.07006182678943693
9.39,2.426825987990082,-1.0365733980967586,0.48365134456582354,1.8267267967934866,0.3120518118142314,2.088012677873685,-0.3379730623563276,0.031070633671652297,0.25847619215283246,0.09281432783143713,0.056726652680931806,0.07572239724111321,0.14539258143046638,0.3886002160422744,-0.1614851554421571,0.07009660283366181
9.4,2.4307119901505048,-1.0381882496511803,0.4843523105941602,1.8277701379696607,0.31117565094106087,2.0883879006566137,-0.33823436391892225,0.03157567539661695,0.2583221991467894,0.09271286921892906,0.05651911022139698,0.07563933509788279,0.14523913357241,0.38872494642228983,-0.16156849030689607,0.07013134643910894
9.41,2.4345992396147276,-1.0398039345542494,0.48505362405855124,1.8288112474572282,0.31030044879207547,2.088760170321713,-0.33849459183812836,0.03208037628591976,0.2581681408799096,0.09261148899285876,0.05631237081149292,0.07555665916242703,0.14508583903817218,0.38884953151819623,-0.16165176896427672,0.07016605760975585
9.42,2.4384877349299097,-1.0414204522438921,0.4857552846346488,1.8298501354121668,0.30942620506955565,2.089129500611354,-0.3387537492043415,0.032584736377999766,0.2580140181788357,0.09251018759775799,0.05610643181868255,0.07547436742174796,0.14493269788617136,0.3889739714740426,-0.1617349911218949,0.07020073635027947
9.43,2.4423774746446503,-1.043037802155111,0.4864572919981516,1.8308868119333301,0.3085529194552704,2.0894959051968116,-0.33901183909791416,0.03308875571512504,0.2578598318597301,0.09240896547344223,0.05590129061545017,0.07539245787065493,0.14477971017279098,0.3890982664336887,-0.1618181564908764,0.07023538266604618
9.44,2.446268457308987,-1.0446559837200198,0.487159645824812,1.8319212870627894,0.30768059161076555,2.0898593976786555,-0.33926886458917094,0.03359243434332906,0.25770558272837213,0.09230782305504351,0.055696944579338936,0.07531092851175575,0.14462687595239096,0.389222416540813,-0.1619012647858485,0.07026999656310177
9.450000000000001,2.450160681474395,-1.0462749963678784,0.487862345790443,1.832953570786173,0.306809221177649,2.090219991587136,-0.3395248287384242,0.0340957723123477,0.25755127158025437,0.09220676077304316,0.05549339109298752,0.07522977735544746,0.14447419527731994,0.38934642193892016,-0.161984315724912,0.07030457804816176
9.46,2.4540541456937843,-1.0478948395251275,0.48856539157092466,1.8339836730330048,0.305938807777873,2.0905777003825703,-0.33977973459599015,0.034598769675557,0.25739689920067865,0.09210577905330426,0.055290627544166,0.07514900241990695,0.14432166819792663,0.3894702827713488,-0.16206730902961314,0.07033912712860149
9.47,2.457948848521498,-1.0495155126154236,0.48926878284221065,1.8350116036770405,0.30506935101401306,2.0909325374557284,-0.340033585202205,0.03510142648991152,0.2572424663648509,0.092004878317104,0.055088651325811,0.0750686017310811,0.1441692947625718,0.3895939991812789,-0.16215024442491566,0.07037364381244632
9.48,2.461844788513311,-1.0511370150596728,0.4899725192803351,1.8360373725366024,0.3042008504695439,2.091284516128214,-0.34028638358744184,0.035603742815883396,0.2570879738379754,0.09190405898116578,0.054887459836060026,0.07498857332267682,0.14401707501764038,0.389717571311739,-0.1622331216391732,0.07040812810836236
9.49,2.465741964226428,-1.0527593462760645,0.4906766005614187,1.837060989374912,0.3033333057091128,2.0916336496528447,-0.34053813277212747,0.03610571871740208,0.25693342237534866,0.09180332145769121,0.05468705047828509,0.0749089152361507,0.14386500900755278,0.389840999305613,-0.162315940404102,0.0704425800256467
9.5,2.4696403742194843,-1.0543825056801055,0.4913810263616752,1.8380824639004218,0.3024667162788094,2.0919799512140327,-0.34078883576675983,0.0366073542617947,0.25677881272245223,0.09170266615439185,0.05448742066112555,0.07482962552069844,0.14371309677477745,0.3899642833056474,-0.16239870045475352,0.07047699957421805
9.51,2.473540017052541,-1.056006492684653,0.4920857963574174,1.839101805767145,0.3016010817064328,2.09232343392816,-0.3410384955719256,0.03710864951972712,0.2566241456150449,0.09160209347452081,0.05428856779852023,0.07475070223324397,0.14356133835984206,0.3900874234544578,-0.16248140152948742,0.07051138676460744
9.52,2.4774408912870856,-1.0576313066999479,0.4927909102250635,1.8401190245749828,0.3007364015017559,2.092664110843956,-0.3412871151783183,0.037609604565145616,0.25646942177925425,0.09150160381690414,0.05409048930973885,0.07467214343842836,0.14340973380134592,0.39021041989453553,-0.16256404336994418,0.07054574160794895
9.53,2.481342995486031,-1.0592569471336473,0.49349636764114296,1.841134129870051,0.2998726751567865,2.0930019949428686,-0.3415346975667562,0.038110219475219156,0.25631464193166775,0.0914011975759721,0.05389318261941269,0.07459394720859847,0.14325828313597194,0.3903332727682542,-0.162646625721019,0.0705800641159704
9.540000000000001,2.4852463282137136,-1.0608834133908573,0.4942021682823027,1.8421471311450042,0.2990099021460259,2.0933370991394384,-0.3417812457082014,0.03861049433028242,0.2561598067794227,0.09130087514179018,0.05369664515756458,0.07451611162379528,0.14310698639849778,0.3904559822178756,-0.162729148330835,0.07061435430098455
9.55,2.4891508880358924,-1.0625107048741658,0.49490831182531253,1.843158037839359,0.2981480819267245,2.093669436281668,-0.3420267625637783,0.03911042921377935,0.25600491702029576,0.09120063690008996,0.05350087435963817,0.07443863477174206,0.14295584362180916,0.39057854838555633,-0.16281161095071647,0.07064861217587978
9.56,2.493056673519748,-1.0641388209836729,0.4956147979470713,1.844166859339815,0.2972872139391343,2.093999019151389,-0.3422712510847928,0.039610024212207384,0.2558499733427921,0.09110048323229981,0.053305867666526535,0.07436151474783229,0.14280485483691055,0.39070097141335347,-0.16289401333516304,0.07068283775411136
9.57,2.4969636832338815,-1.0657677611170244,0.4963216263246124,1.8451736049805738,0.2964272976067594,2.0943258604646315,-0.34251471421275187,0.040109279415062274,0.25569497642623307,0.09100041451557543,0.053111622524600104,0.07428474965511721,0.14265402007293773,0.3908232514432301,-0.1629763552418234,0.07071703104969258
9.58,2.5008719157483137,-1.0673975246694427,0.49702879663510935,1.846178284043657,0.29556833233660273,2.094649972871986,-0.34275715487938324,0.04060819491478355,0.2555399269408443,0.09090043112283014,0.05291813638573388,0.07420833760429336,0.1425033393571698,0.3909453886170619,-0.1630586364314697,0.07075119207718589
9.59,2.5047813696344843,-1.0690281110337574,0.4977363085558812,1.847180905759222,0.2947103175194111,2.0949713689589684,-0.3429985760066552,0.041106770806700575,0.25538482554784214,0.09080053342276503,0.05272540670733404,0.0741322767136897,0.14235281271504086,0.39106738307664146,-0.16314085666797148,0.0707853208516944
9.6,2.508692043465251,-1.0706595196004371,0.49844416176439815,1.8481814793058762,0.29385325252991673,2.09529006124638,-0.34323898050679696,0.04160500718897922,0.2552296728995199,0.09070072177989902,0.052533430952363874,0.0740565651092546,0.14220244017015216,0.39118923496368463,-0.16322301571827053,0.07081941738885315
9.61,2.5126039358148877,-1.0722917497576199,0.49915235593828666,1.84918001381099,0.2929971367270764,2.095606062190668,-0.34347837128231923,0.042102904162569114,0.2550744696393337,0.09060099655459854,0.05234220658936906,0.07398120092454258,0.1420522217442842,0.39131094441983566,-0.16330511335235498,0.0708534817048207
9.620000000000001,2.516517045259086,-1.0739248008911435,0.49986089075533485,1.8501765183510073,0.29214196945430815,2.095919384184283,-0.3437167512260348,0.042600461831151494,0.2549192164019871,0.09050135810310726,0.05215173109250234,0.07390618230070087,0.14190215745740845,0.3914325115866719,-0.1633871493432345,0.07088751381627047
9.63,2.520431370374953,-1.0755586723845758,0.5005697658934976,1.8511710019517547,0.2912877500397251,2.096230039556035,-0.34395412322107954,0.043097680301087675,0.2547639138135154,0.0904018067775755,0.05196200194154751,0.0738315073864557,0.14175224732769937,0.39155393660570925,-0.1634691234669152,0.07092151374038266
9.64,2.52434690974101,-1.077193363619245,0.5012789810309014,1.852163473588749,0.29043447779636694,2.0965380405714473,-0.3441904901409339,0.043594559681368064,0.2546085624913692,0.09030234292608953,0.051773016621942856,0.07375717433809843,0.14160249137154649,0.39167521961840646,-0.16355103550237504,0.07095548149483596
9.65,2.5282636619371943,-1.0788288739742689,0.5019885358458498,1.8531539421875036,0.2895821520224284,2.096843399433109,-0.344425854849444,0.04409110008356177,0.2544531630444976,0.09020296689270065,0.051584772624803946,0.07368318131947148,0.1414528896035663,0.39179636076617075,-0.16363288523153852,0.07098941709779914
9.66,2.532181625544856,-1.0804652028265842,0.5026984300168278,1.8541424166238314,0.28873077200148556,2.0971461282810266,-0.3446602202008436,0.04458730162176679,0.25429771607343044,0.09010367901745413,0.051397267446945824,0.073609526501954,0.14130344203661444,0.3919173601903617,-0.16371467243925258,0.07102332056792308
9.67,2.5361007991467597,-1.0821023495509767,0.503408663222507,1.8551289057241482,0.2878803370027198,2.097446239192972,-0.3448935890397759,0.04508316441256076,0.25414222217035987,0.09000447963641799,0.05121049859090461,0.07353620806444744,0.1411541486817969,0.39203821803229594,-0.16379639691326203,0.07105719192433278
9.68,2.5400211813270825,-1.0837403135201094,0.5041192351417503,1.8561134182657733,0.28703084628113884,2.097743744184829,-0.3451259642013158,0.045578688574952265,0.2539866819192217,0.08990536908171157,0.05102446356495852,0.07346322419336086,0.14100500954848294,0.39215893443325167,-0.16387805844418596,0.07109103118661933
9.69,2.543942770671415,-1.0853790941045511,0.5048301454536165,1.857095962977228,0.2861822990777953,2.098038655210941,-0.34535734851099215,0.046073874230332726,0.2538310958957756,0.08980634768153396,0.050839159883148265,0.07339057308259607,0.14085602464431649,0.39227950953447277,-0.16395965682549268,0.07112483837483206
9.700000000000001,2.54786556576676,-1.087018690672806,0.5055413938373648,1.8580765485385335,0.2853346946200034,2.098330984164453,-0.34558774478481036,0.04656872150242881,0.2536754646676853,0.08970741576019226,0.050654585065296985,0.07331825293353257,0.14070719397522793,0.3923999434771731,-0.16404119185347674,0.07115861350947081
9.71,2.5517895652015317,-1.0886591025913408,0.5062529799724595,1.8590551835815068,0.28448803212155255,2.0986207428776535,-0.3458171558292752,0.0470632305172554,0.25351978879459747,0.0896085736381296,0.05047073663702948,0.0732462619550124,0.14055851754544635,0.3925202364025403,-0.16412266332723488,0.07119235661147806
9.72,2.555714767565557,-1.0903003292246132,0.5069649035385744,1.860031876690054,0.28364231078291907,2.098907943122316,-0.34604558444141376,0.047557401403069154,0.25336406882822055,0.08950982163195315,0.050287612129791,0.07317459836332466,0.14040999535751117,0.39264038845173976,-0.16420407104864235,0.07122606770223137
9.73,2.559641171450074,-1.0919423699350996,0.5076771642155967,1.8610066364004638,0.2827975297914752,2.099192596610035,-0.3462730334087986,0.048051234290322514,0.25320830531240274,0.08941116005446176,0.050105209080865416,0.07310326038219002,0.1402616274122843,0.39276039976591864,-0.16428541482233017,0.07125974680353589
9.74,2.563568775447733,-1.093585224083323,0.508389761683632,1.8619794712016966,0.281953688321696,2.099474714992566,-0.34649950550957115,0.04854472931161834,0.25305249878320946,0.0893125892146736,0.04992352503339291,0.07303224624274494,0.14011341370896171,0.39288027048620944,-0.1643666944556609,0.0712933939376167
9.75,2.5674975781525955,-1.0952288910278796,0.5091026956230083,1.8629503895356754,0.2811107855353637,2.0997543098621567,-0.3467250035124652,0.049037886601665005,0.2528966497690001,0.08921410941785354,0.04974255753638705,0.0729615541835258,0.13996535424508538,0.3930000007537332,-0.16444790975870663,0.07132700912711154
9.76,2.571427578160133,-1.0968733701254667,0.5098159657142793,1.8639193997975716,0.2802688205817701,2.1000313927518834,-0.3469495301768308,0.049530706297232066,0.25274075879050434,0.08911572096554042,0.04956230414475144,0.07289118245045284,0.13981744901655516,0.39311959070960373,-0.16452906054422559,0.07136059239506344
9.77,2.575358774067229,-1.098518660730909,0.51052957163823,1.8648865103360917,0.2794277925979163,2.100305975135981,-0.34717308825265786,0.05002318853710642,0.25258482636089763,0.08901742415557409,0.04938276241929576,0.0728211292968139,0.1396696980176403,0.3932390404949303,-0.1646101466276393,0.07139414376491347
9.78,2.579291164472178,-1.1001647621971853,0.5112435130758791,1.8658517294537613,0.27858770070871036,2.100578068430172,-0.3473956804806005,0.05051533346204899,0.2524288529858765,0.08891921928212233,0.04920392992675135,0.07275139298324816,0.1395221012409919,0.3933583502508213,-0.1646911678270104,0.07142766326049335
9.790000000000001,2.583224747974686,-1.1018116738754553,0.511957789708484,1.866815065407207,0.2777485440271629,2.1008476839919963,-0.3476173095920012,0.051007141214751923,0.25227283916373267,0.08882110663570764,0.04902580423978626,0.07268197177772952,0.13937465867765378,0.3934775201183872,-0.16477212396301977,0.07146115090601873
9.8,2.58715952317587,-1.1034593951150855,0.5126724012175442,1.8677765264074384,0.27691032165458035,2.1011148331211364,-0.34783797830891516,0.05149861193979629,0.25211678538542737,0.08872308650323374,0.04884838293701983,0.07261286395554997,0.13922737031707505,0.393596550238744,-0.16485301485894477,0.07149460672608177
9.81,2.5910954886782576,-1.1051079252636749,0.5133873472848051,1.8687361206201256,0.27607303268075567,2.1013795270597417,-0.348057689344135,0.051989745783610285,0.25196069213466427,0.08862515916801207,0.04867166360303677,0.07254406779930281,0.13908023614712106,0.39371544075301557,-0.16493384034063696,0.07152803074564437
9.82,2.5950326430857875,-1.1067572636670813,0.5141026275922616,1.8696938561658782,0.27523667618415765,2.101641776992752,-0.3482764454012153,0.05248054289442794,0.2518045598879624,0.08852732490978804,0.048495643828400714,0.07247558159886568,0.13893325615408578,0.393834191802337,-0.1650146002365,0.07156142299003128
9.83,2.598970985003811,-1.1084074096694463,0.5148182418221618,1.8706497411205207,0.2744012512321174,2.1019015940482175,-0.3484942491744975,0.052971003422248315,0.2516483891147283,0.08842958400476707,0.048320321209667366,0.07240740365138347,0.13878643032270285,0.39395280352785716,-0.16509529437746817,0.07159478348492315
9.84,2.6029105130390895,-1.110058362613221,0.515534189657011,1.8716037835153667,0.2735667568810132,2.102158989297621,-0.3487111033491352,0.053461127518795164,0.25149218027732767,0.08833193672564058,0.04814569334939712,0.07233953226125114,0.13863975863615785,0.3940712760707419,-0.16517592259698413,0.0716281122563499
9.85,2.606851225799797,-1.111710121839191,0.5162504707795745,1.8725559913374918,0.2727331921764528,2.102413973756191,-0.34892701060111886,0.05395091533747712,0.25133593383115627,0.08823438334161175,0.04797175785616725,0.07227196574009635,0.13849324107609925,0.39418960957217575,-0.1652564847309784,0.07166140933068399
9.86,2.6107931218955187,-1.1133626866865007,0.5169670848728813,1.8735063725300047,0.2719005561534542,2.102666558383223,-0.34914197359730154,0.05444036703334833,0.2511796502247105,0.08813692411842117,0.04779851234458363,0.07220470240676195,0.1383468776226505,0.3943078041733654,-0.16533698061784718,0.07169467473463387
9.870000000000001,2.6147361999372523,-1.1150160564926792,0.5176840316202277,1.8744549349923167,0.27106884783662377,2.1029167540823885,-0.34935599499542397,0.05492948276306959,0.2510233298996573,0.08803955931837223,0.047625954435291974,0.07213774058728846,0.13820066825442132,0.39442586001554114,-0.16541741009843186,0.0717279084952373
9.88,2.6186804585374075,-1.1166702305936635,0.51840131070518,1.8754016865804097,0.2702380662403328,2.1031645717020524,-0.3495690774441403,0.05541826268486993,0.2508669732909036,0.0879422892003565,0.047454081754988706,0.0720710786148963,0.13805461294851945,0.3945437772399603,-0.16549777301599738,0.07176111063985498
9.89,2.622625896309807,-1.1183252083238235,0.5191189218115786,1.876346635107102,0.2694082103688919,2.1034100220355803,-0.3497812235830438,0.05590670695850866,0.25071058082666514,0.08784511401987882,0.0472828919364313,0.07200471482996797,0.13790871168056168,0.3946615559879086,-0.1655780692162118,0.07179428119616421
9.9,2.626572511869686,-1.1199809890159858,0.5198368646235403,1.8772897883423139,0.26857927921672337,2.103653115821649,-0.3499924360426926,0.05639481574523792,0.25055415292853456,0.08774803402908234,0.047112382618448266,0.07193864758003007,0.1377629644246859,0.3947791964007025,-0.16565829854712547,0.07182742019215246
9.91,2.630520303833693,-1.121637572001457,0.5205551388254618,1.8782311540133296,0.26775127176853153,2.1038938637445557,-0.3502027174446356,0.05688258920776563,0.2503976900115494,0.08765104947677327,0.04694255144594864,0.07187287521973532,0.13761737115356212,0.3948966986196919,-0.1657384608591505,0.07186052765611123
9.92,2.63446927081989,-1.1232949566100485,0.5212737441020229,1.8791707398050603,0.2669241869994713,2.1041322764345205,-0.35041207040143857,0.05737002751021893,0.25024119248425913,0.08755416060844565,0.04677339606993111,0.07180739611084426,0.13747193183840392,0.3950140627862612,-0.16581855600504022,0.0718936036166296
9.93,2.6384194114477526,-1.124953142170099,0.5219926801381892,1.8801085533603032,0.26609802387531467,2.1043683644679936,-0.3506204975167103,0.05785713081810807,0.25008466074879204,0.08745736766630582,0.04660491414749271,0.07174220862220711,0.1373266464489802,0.3951312890418322,-0.1658985838398689,0.07192664810258836
9.94,2.642370724338171,-1.1266121280084975,0.5227119466192152,1.8810446022799998,0.26527278135261545,2.1046021383679565,-0.3508280013851289,0.05834389929829075,0.24992809520092113,0.08736067088929685,0.04643710334183709,0.07167731112974526,0.13718151495362585,0.3952483775278652,-0.16597854422101185,0.07195966114315393
9.950000000000001,2.6463232081134493,-1.1282719134507075,0.5234315432306467,1.8819788941234934,0.2644484583788719,2.1048336086042227,-0.3510345845924679,0.058830333118936866,0.24977149623012987,0.08726407051312264,0.04626996132228239,0.0716127020164329,0.1370365373192536,0.3953653283858611,-0.16605843700812525,0.0719926427677723
9.96,2.650276861397308,-1.1299324978207888,0.5241514696583244,1.882911436408784,0.2636250538926876,2.105062785593738,-0.3512402497156232,0.05931643244949372,0.24961486421967727,0.08716756677027213,0.04610348576426874,0.07154837967227834,0.136891713511365,0.3954821417573631,-0.16613826206312635,0.07202559300616312
9.97,2.6542316828148818,-1.13159388044142,0.524871725588386,1.8838422366127825,0.2628025668239305,2.105289679700876,-0.3514449993226391,0.059802197460651685,0.24945819954666248,0.0870711598900431,0.04593767434936534,0.07148434249430541,0.13674704349406178,0.39559881778395845,-0.16621801925017402,0.07205851188831369
9.98,2.6581876709927212,-1.1332560606339217,0.5255923107072692,1.8847713021715624,0.2619809960938902,2.105514301237737,-0.35164883597273544,0.060287628324310234,0.24930150258208889,0.08697485009856602,0.04577252476527716,0.07142058888653464,0.1366025272300569,0.3957153566072797,-0.1662977084356488,0.07209139944447356
9.99,2.662144824558794,-1.1349190377182783,0.5263132247017139,1.8856986404806109,0.26116034061543314,2.1057366604644394,-0.35185176221633396,0.06077272521354447,0.2491447736909275,0.0868786376188276,0.045608034705851286,0.07135711725996445,0.1364581646806858,0.39583175836900636,-0.16637732948813366,0.0721242557051484
10.0,2.666103142142484,-1.1365828110131597,0.5270344672587655,1.886624258895078,0.2603405992931563,2.105956767589415,-0.3520537805950854,0.061257488302572036,0.2489880132321802,0.08678252267069428,0.045444201871082834,0.07129392603255215,0.13631395580591776,0.39594802321086664,-0.16645688227839486,0.07215708070109454
10.01,2.670062622374593,-1.1382473798359436,0.5277560380657764,1.8875481647300238,0.259521771023539,2.1061746327696973,-0.35225489364189627,0.061741917766720424,0.24883122155894213,0.08668650547093557,0.04528102396712057,0.07123101362919493,0.13616990056436615,0.3960641512746379,-0.16653636667936303,0.0721898744633133
10.02,2.674023263887339,-1.1399127435027372,0.5284779368104096,1.8884703652606654,0.258703854695093,2.1063902661112133,-0.35245510388095586,0.06222601378239475,0.2486743990184638,0.08659058623324717,0.045118498706272096,0.07116837848171076,0.13602599891330056,0.39618014270214924,-0.16661578256611337,0.07222263702304564
10.03,2.6779850653143606,-1.1415789013283983,0.52920016318064,1.8893908677226208,0.25788684918851057,2.10660367766907,-0.35265441382776336,0.0627097765270459,0.24851754595221262,0.08649476516827406,0.04495662380700875,0.07110601902881916,0.13588225080865715,0.39629599763528167,-0.16669512981584772,0.07225536841176633
10.040000000000001,2.6819480252907133,-1.1432458526265568,0.5299227168647577,1.8903096793121525,0.25707075337681135,2.1068148774478406,-0.35285282598915507,0.06319320617913908,0.24836066269593388,0.0863990424836333,0.044795396993970074,0.07104393371612198,0.13573865620504935,0.3964117162159694,-0.16677440830787568,0.07228806866117873
10.05,2.685912142452873,-1.1449135967096356,0.5306455975513694,1.891226807186409,0.25625556612548706,2.10702387540185,-0.3530503428633315,0.0636763029181228,0.2482037495797113,0.0863034183839368,0.04463481599796798,0.070982120996084,0.1355952150557798,0.3965272985862016,-0.16685361792359552,0.07232073780320979
10.06,2.689877415438735,-1.1465821328888715,0.5313688049294015,1.8921422584636645,0.2554412862926448,2.1072306814354564,-0.35324696693988467,0.06415906692439823,0.24804680692802725,0.08620789307081395,0.04447487855599059,0.07092057932801354,0.13545192731285,0.3966427448880228,-0.1669327585464765,0.07235337587000398
10.07,2.6938438428876155,-1.1482514604743361,0.5320923386881016,1.8930560402235583,0.2546279127291484,2.1074353054033343,-0.35344270069982564,0.06464149837928893,0.24788983505982207,0.08611246674293394,0.04431558241120569,0.07085930717804295,0.1353087929269719,0.39675805526353397,-0.1670118300620399,0.07238598289391894
10.08,2.6978114234402506,-1.1499215787749566,0.5328161985170408,1.8939681595073319,0.2538154442787586,2.1076377571107536,-0.35363754661561164,0.06512359746501105,0.24773283428855333,0.08601713959602818,0.044156925312963884,0.07079830301910907,0.13516581184757892,0.3968732298548939,-0.16709083235784133,0.07241855890751953
10.09,2.7017801557387995,-1.151592487098535,0.5335403841061159,1.8948786233180641,0.2530038797782709,2.107838046313857,-0.35383150715117384,0.06560536436464381,0.2475758049222544,0.08592191182291242,0.043998905016801426,0.07073756533093357,0.13502298402283558,0.3969882688043191,-0.16716976532345257,0.07245110394357336
10.1,2.7057500384268427,-1.1532641847517695,0.5342648951455516,1.895787438620906,0.25219321805765244,2.1080361827199376,-0.3540245847619447,0.06608679926210045,0.2474187472635926,0.08582678361350873,0.043841519284442694,0.07067709260000332,0.13488030939964962,0.3971031722540858,-0.16724862885044378,0.0724836180350454
10.11,2.7097210701493837,-1.154936671040274,0.5349897313259021,1.896694612343313,0.25138345794017697,2.1082321759877147,-0.35421678189488565,0.06656790234209951,0.2472616616099268,0.0857317551548674,0.04368476588380237,0.07061688331955057,0.1347377879236815,0.3972179403465299,-0.1673274228323655,0.07251610121509298
10.120000000000001,2.713693249552849,-1.1566099452685976,0.535714892338053,1.8976001513752772,0.2505745982425582,2.1084260357276055,-0.3544081009885146,0.0670486737901365,0.2471045482533647,0.08563682663118868,0.04352864258898733,0.07055693598953319,0.13459541953935583,0.3973325732240476,-0.16740614716473143,0.07254855351706112
10.13,2.7176665752850897,-1.158284006740245,0.5364403778732236,1.898504062569556,0.24976663777508173,2.1086177715019985,-0.3545985444729338,0.06752911379245596,0.2469474074808195,0.08554199822384435,0.04337314718029817,0.07049724911661477,0.13445320418987153,0.39744707102909665,-0.16748480174500044,0.07258097497447744
10.14,2.721641045995381,-1.159958854757695,0.5371661876229684,1.899406352741902,0.24895957534173543,2.1088073928255233,-0.35478811476985755,0.06800922253602387,0.2467902395740662,0.0854472701113992,0.04321827744423048,0.0704378212141447,0.13431114181721215,0.3975614339041963,-0.16756338647255992,0.07261336562104737
10.15,2.7256166603344227,-1.1616344886224206,0.5378923212791789,1.900307028671289,0.24815340974033806,2.10899490916532,-0.35497681429263983,0.06848900020850042,0.24663304480979736,0.08535264246963233,0.04306403117347577,0.07037865080213822,0.13416923236215741,0.3976756619919284,-0.16764190124870784,0.07264572549064961
10.16,2.729593416954342,-1.1633109076349077,0.5386187785340854,1.901206097100138,0.2473481397626666,2.1091803299413057,-0.3551646454463023,0.06896844699821313,0.24647582345967853,0.0852581154715583,0.04291040616692218,0.07031973640725636,0.1340274757642922,0.39778975543493733,-0.16772034597663624,0.07267805461733111
10.17,2.7335713145086915,-1.164988111094674,0.5393455590802586,1.9021035647345417,0.24654376419458202,2.1093636645264415,-0.355351610627562,0.06944756309413039,0.24631857579040306,0.08516368928744825,0.042757400229654796,0.07026107656278588,0.13388587196201784,0.3979037143759309,-0.16779872056141376,0.07271035303530267
10.18,2.737550351652451,-1.1666660983002881,0.5400726626106116,1.9029994382444864,0.24574028181615354,2.1095449222469966,-0.3555377122248594,0.06992634868583529,0.2461613020637466,0.0850693640848507,0.04260501117295575,0.07020266980861914,0.13374442089256292,0.39801753895768066,-0.16787702490996906,0.07274262077893429
10.19,2.741530527042028,-1.1683448685493878,0.5408000888184009,1.9038937242640743,0.2449376914017814,2.1097241123828097,-0.3557229526183862,0.07040480396349984,0.24600400253662102,0.08497514002861242,0.04245323681430405,0.07014451469123391,0.13360312249199216,0.39813122932302175,-0.1679552589310743,0.07277485788275072
10.200000000000001,2.745511839335258,-1.1700244211386985,0.5415278373972284,1.9047864293917436,0.2441359917203182,2.1099012441675518,-0.35590733418011344,0.07088292911785947,0.24584667746112815,0.084881017280899,0.042302074977375065,0.07008660976367319,0.13346197669521806,0.39824478561485394,-0.1680334225353283,0.07280706438142677
10.21,2.7494942871914065,-1.1717047553640518,0.5422559080410427,1.9056775601904858,0.2433351815351888,2.1100763267889855,-0.3560908592738192,0.071360724340188,0.2456893270846127,0.08478699600121536,0.042151523492039794,0.07002895358552494,0.13332098343601032,0.3983582079761414,-0.1681115156351401,0.07283924030978324
10.22,2.753477869271168,-1.1733858705204032,0.5429843004441406,1.9065671231880648,0.24253525960450878,2.1102493693892233,-0.35627353025511704,0.07183818982227284,0.245531951649715,0.08469307634642614,0.04200158019436386,0.06997154472290178,0.1331801426470064,0.3984714965499129,-0.1681895381447129,0.07287138570278223
10.23,2.7574625842366673,-1.1750677659018502,0.5437130143011684,1.9074551248772313,0.2417362246812015,2.1104203810649844,-0.3564553494714836,0.07231532575639056,0.24537455139442332,0.08459925847077593,0.041852242926606234,0.06991438174842064,0.13303945425972136,0.39858465147926214,-0.1682674899800274,0.07290350059552295
10.24,2.76144843075146,-1.1767504408016505,0.5444420493071236,1.908341571715938,0.2409380755131138,2.1105893708678503,-0.356636319262287,0.07279213233528281,0.24521712655212557,0.08450554252590935,0.04170350953721766,0.06985746324118244,0.1328989182045582,0.398697672907348,-0.16834537105882602,0.07293558502323769
10.25,2.7654354074805334,-1.1784338945122388,0.545171405157356,1.9092264701275523,0.2401408108431301,2.110756347804518,-0.35681644195881473,0.07326860975213256,0.24505967735166073,0.08441192866089103,0.041555377880838906,0.06980078778675165,0.132758534410818,0.39881056097739426,-0.16842318130059705,0.07296763902128722
10.26,2.7694235130903073,-1.1801181263252447,0.5459010815475688,1.9101098265010688,0.23934442940928555,2.1109213208370528,-0.3569957198843018,0.07374475820054067,0.24490220401736984,0.08431841702222549,0.041407845818298684,0.06974435397713587,0.13261830280670933,0.39892331583268986,-0.1685009206265585,0.07299966262515697
10.27,2.7734127462486344,-1.1818031355315104,0.5466310781738204,1.9109916471913189,0.23854892994487736,2.111084298883139,-0.3571741553539588,0.07422057787450279,0.24474470676914648,0.08422500775387678,0.04126091121661137,0.06968816041076531,0.13247822331935866,0.39903593761658873,-0.1685785889596428,0.07303165587045272
10.28,2.7774031056248005,-1.1834889214211068,0.5473613947325249,1.9118719385191802,0.23775431117857518,2.1112452908163304,-0.3573517506750002,0.07469606896838654,0.2445871858224869,0.08413170099728814,0.041114571948974464,0.06963220569247239,0.13233829587482016,0.39914842647251,-0.16865618622448067,0.07306361879289681
10.290000000000001,2.781394589889526,-1.1851754832833516,0.5480920309204539,1.912750706771785,0.2369605718345299,2.1114043054662965,-0.35752850814667225,0.07517123167690913,0.24442964138853973,0.0840384968914014,0.040968825894765803,0.06957648843347113,0.132198520398086,0.3992607825439379,-0.16873371234738604,0.07309555142832384
10.3,2.7853871977149653,-1.1868628204068254,0.5488229864347371,1.9136279582027256,0.2361677106324812,2.1115613516190703,-0.3577044300602813,0.0756460661951151,0.24427207367415532,0.08394539557267632,0.040823670939540556,0.06952100725133666,0.13205889681309474,0.39937300597442105,-0.16881116725634068,0.07312745381267693
10.31,2.7893809277747095,-1.1885509320793888,0.5495542609728639,1.91450369903226,0.23537572628786393,2.1117164380172935,-0.3578795186992218,0.07612057271835457,0.2441144828819345,0.08385239717510977,0.04067910497502797,0.06946576076998459,0.13191942504274287,0.3994850969075733,-0.16888855088097862,0.07315932598200385
10.32,2.793375778743785,-1.1902398175881985,0.550285854232684,1.9153779354475156,0.23458461751191298,2.1118695733604596,-0.35805377633900465,0.07659475144226165,0.24395686921027712,0.08375950183025488,0.040535125899127895,0.06941074761965046,0.1317801050088933,0.39959705548707275,-0.16896586315257142,0.07319116797245302
10.33,2.797371749298656,-1.1919294762197243,0.5510177659124085,1.916250673602692,0.23379438301176705,2.1120207663051564,-0.35822720524728524,0.07706860256273326,0.2437992328534301,0.08366670966723991,0.040391731615907096,0.06935596643686913,0.13164093663238538,0.3997088818566619,-0.16904310400401312,0.07322297982026989
10.34,2.801368838117223,-1.1936199072597644,0.5517499957106111,1.917121919619262,0.23300502149057117,2.1121700254653075,-0.35839980768389157,0.0775421262759082,0.24364157400153513,0.08357402081278709,0.04024892003559531,0.06930141586445406,0.13150191983304452,0.39982057616014727,-0.16912027336980506,0.07325476156179316
10.35,2.805367043878824,-1.1953111099934626,0.552482543326229,1.9179916795861711,0.23221653164757786,2.1123173594124105,-0.3585715859008525,0.07801532277814652,0.24348389284067584,0.08348143539123132,0.04010668907458112,0.06924709455147675,0.13136305452969171,0.39993213854139886,-0.16919737118604136,0.07328651323345092
10.36,2.809366365264238,-1.197003083705323,0.5532154084585635,1.918859959560037,0.2314289121782471,2.1124627766757755,-0.35874254214242585,0.07848819226600917,0.24332618955292473,0.08338895352453878,0.039965036655407585,0.06919300115324604,0.131224340640153,0.40004356914435046,-0.1692743973903945,0.07331823487175729
10.370000000000001,2.8133668009556816,-1.1986958276792268,0.5539485908072811,1.9197267655653465,0.23064216177434516,2.112606285742763,-0.35891267864512666,0.07896073493623806,0.24316846431638964,0.08329657533232533,0.039823960706767705,0.06913913433128739,0.13108577808126906,0.40015486811299866,-0.1693513519220999,0.07334992651330866
10.38,2.8173683496368116,-1.2003893411984479,0.5546820900724142,1.9205921035946514,0.22985627912404208,2.112747895059018,-0.35908199763775517,0.07943295098573622,0.24301071730525983,0.08320430093187489,0.03968345916349963,0.06908549275332221,0.13094736676890445,0.4002660355914028,-0.16942823472194254,0.07338158819478009
10.39,2.821371009992726,-1.2020836235456673,0.555415905954362,1.9214559796087636,0.22907126291200816,2.112887613028704,-0.35925050134142505,0.07990484061154841,0.24285294868985163,0.0831121304381576,0.03954352996658167,0.06903207509324713,0.13080910661795717,0.4003770717236845,-0.16950504573224198,0.07341321995292192
10.4,2.8253747807099625,-1.2037786740029897,0.5561500381538912,1.922318399536949,0.22828711181950906,2.113025448014735,-0.35941819196959157,0.08037640401084195,0.24269515863665383,0.08302006396384794,0.039404171063127165,0.0689788800311133,0.13067099754236758,0.40048797665402697,-0.16958178489683842,0.07344482182455632
10.41,2.8293796604765027,-1.205474491851958,0.5568844863721367,1.9231793692771193,0.22750382452449983,2.1131614083390087,-0.3595850717280797,0.0808476413808878,0.2425373473083725,0.08292810161934268,0.039265380406379065,0.06892590625310563,0.13053303945512798,0.40059875052667515,-0.16965845216107814,0.07347639384657381
10.42,2.8333856479817694,-1.2071710763735688,0.5576192503106024,1.9240388946960232,0.22672139970171784,2.1132955022826336,-0.35975114281511206,0.08131855291904203,0.24237951486397566,0.08283624351277878,0.039127155955704394,0.06887315245152206,0.13039523226829208,0.40070939348593426,-0.16973504747180052,0.07350793605592988
10.43,2.837392741916629,-1.2088684268482868,0.5583543296711617,1.9248969816294366,0.22593983602277448,2.1134277380861595,-0.35991640742133724,0.08178913882272741,0.24222166145873733,0.08274448975005105,0.038989495676588486,0.06882061732475282,0.13025757589298342,0.4008199056761703,-0.1698115707773231,0.0735394484896418
10.44,2.8414009409733905,-1.21056654255606,0.5590897241560582,1.925753635882351,0.22515913215624575,2.1135581239498036,-0.36008086772985776,0.08225939928941543,0.24206378724428143,0.0826528404348298,0.03885239754062903,0.06876829957725965,0.13012007023940508,0.4009302872418086,-0.1698880220274283,0.07357093118478518
10.450000000000001,2.8454102438458087,-1.2122654227763343,0.559825433467906,1.926608863229161,0.2243792867677617,2.1136866680336768,-0.3602445259162581,0.08272933451660848,0.24190589236862514,0.08256129566857832,0.03871585952552998,0.06871619791955506,0.1299827152168485,0.40104053832733383,-0.16996440117334985,0.073602384178491
10.46,2.849420649229082,-1.2139650667880677,0.560561457309691,1.92746266941385,0.22360029852009486,2.113813378458008,-0.36040738414863277,0.08319894470182235,0.24174797697622197,0.08246985555057029,0.038579879615095194,0.06866431106818158,0.1298455107337027,0.4011506590772891,-0.17004070816775874,0.07363380750794206
10.47,2.853432155819855,-1.2156654738697452,0.5612977953847704,1.928315060150176,0.2228221660732475,2.1139382633033668,-0.3605694445876144,0.08366823004256897,0.24159004120800445,0.082378520177907,0.03844445579922201,0.06861263774569096,0.12970845669746284,0.40126064963627545,-0.17011694296475036,0.07366520121037026
10.48,2.857444762316218,-1.2173666432993928,0.5620344473968741,1.9291660411218552,0.22204488808453784,2.1140613306108853,-0.3607307093864016,0.08413719073633948,0.24143208520142648,0.08228728964553454,0.03830958607389453,0.06856117668062343,0.12957155301473944,0.4013705101489511,-0.1701931055198309,0.07369656532305309
10.49,2.8614584674177075,-1.219068574354591,0.5627714130501047,1.9300156179827443,0.22126846320868512,2.1141825883824796,-0.3608911806907871,0.0846058269805874,0.24127410909050526,0.08219616404626078,0.038175268441176816,0.06850992660748698,0.12943479959126716,0.40148024076003075,-0.17026919578990413,0.07372789988331087
10.5,2.8654732698253076,-1.22077126631249,0.5635086920489378,1.9308637963570223,0.22049289009789372,2.114302044581068,-0.36105086063918534,0.08507413897271228,0.24111611300586291,0.08210514347077233,0.038041500909205904,0.06845888626673648,0.1292981963319139,0.401589841614285,-0.17034521373325798,0.07375920492850363
10.51,2.8694891682414503,-1.2224747184498226,0.5642462840982229,1.9317105818393703,0.21971816740193612,2.114419707130789,-0.36120975136266087,0.08554212691004344,0.24095809707476779,0.08201422800765135,0.03790828149218462,0.06840805440475305,0.1291617431406888,0.40169931285653954,-0.170421159309552,0.0737904804960282
10.52,2.8735061613700155,-1.224178930042918,0.5649841889031831,1.932555979995151,0.21894429376823488,2.1145355839172177,-0.36136785498495594,0.08600979098982399,0.24080006142117527,0.08192341774339221,0.037775608210374255,0.06835742977382323,0.12902543992075174,0.4018086546316744,-0.17049703247980416,0.0738217266233151
10.53,2.877524247916332,-1.225883900367716,0.5657224061694163,1.9333999963605863,0.21817126784194366,2.114649682787582,-0.36152517362251835,0.08647713140919518,0.2406420061657684,0.08183271276241809,0.037643479090087084,0.06830701113211825,0.12888928657442192,0.4019178670846233,-0.17057283320637814,0.07385294334782601
10.540000000000001,2.881543426587178,-1.2275896286997798,0.5664609356028946,1.9342426364429344,0.21739908826602705,2.1147620115509755,-0.3616817093845294,0.08694414836518086,0.24048393142599803,0.08174211314709745,0.037511892163678714,0.06825679724367331,0.12875328300318561,0.40202695036037217,-0.1706485614529704,0.07388413070705055
10.55,2.885563696090782,-1.2292961143143095,0.567199776909965,1.935083905720665,0.21662775368133955,2.1148725779785713,-0.36183746437293174,0.08741084205467234,0.24032583731612275,0.08165161897776038,0.0373808454695403,0.06820678687836682,0.12861742910770593,0.4021359046039597,-0.17072421718459763,0.07391528873850371
10.56,2.889585055136821,-1.2310033564861556,0.5679389297973501,1.9359238096436344,0.21585726272670347,2.1149813898038325,-0.36199244068245684,0.08787721267441338,0.2401677239472483,0.08156123033271485,0.03725033705209058,0.06815697881189965,0.12848172478783035,0.40224472996047517,-0.1707998003675844,0.07394641747972301
10.57,2.893607502436426,-1.2327113544898314,0.5686783939721473,1.936762353633258,0.21508761403898594,2.1150884547227236,-0.36214664040065303,0.08834326042098548,0.24000959142736686,0.08147094728826287,0.03712036496176779,0.06810737182577448,0.12834616994259992,0.4023534265750584,-0.1708753109695504,0.07397751696826572
10.58,2.8976310367021765,-1.234420107599527,0.56941816914183,1.9375995430826831,0.21431880625317482,2.1151937803939176,-0.362300065607913,0.08880898549079332,0.2398514398613958,0.08138076991871648,0.03699092725502142,0.06805796470727501,0.12821076447025728,0.4024619945928984,-0.17095074895939869,0.07400858724170642
10.59,2.9016556566481055,-1.236129615089121,0.570158255014247,1.9384353833569599,0.2135508380024537,2.1152973744390056,-0.3624527183775016,0.08927438808005057,0.23969326935121618,0.08129069829641372,0.036862021994303815,0.06800875624944537,0.1280755082682548,0.4025704341592326,-0.17102611430730288,0.0740396283376339
10.6,2.9056813609896976,-1.237839876232194,0.5708986512976233,1.939269879793211,0.21278370791827603,2.115399244442703,-0.36260460077558326,0.08973946838476585,0.23953507999571105,0.0812007324917344,0.036733647248061656,0.06795974525106933,0.12794040123326356,0.4026787454193465,-0.17110140698469492,0.07407064029364901
10.61,2.909708148443891,-1.239550890302041,0.5716393577005597,1.9401030377008013,0.21201741463043813,2.1154993979530534,-0.36275571486124986,0.09020422660072887,0.2393768718908031,0.08111087257311583,0.03660580109072731,0.0679109305166497,0.12780544326118085,0.40278692851857173,-0.1711766269642539,0.07410162314736199
10.620000000000001,2.913736017729077,-1.2412626565716836,0.5723803739320333,1.9409348623615044,0.21125195676715153,2.1155978424816344,-0.3629060626865479,0.09066866292349693,0.2392186451294923,0.08102111860706843,0.03647848160271,0.06786231085638766,0.12767063424713912,0.4028949836022859,-0.1712517742198933,0.07413257693638962
10.63,2.9177649675650996,-1.2429751743138824,0.5731216997013973,1.94176535902967,0.21048733295511404,2.1156945855037597,-0.36305564629650633,0.09113277754838153,0.2390603998018931,0.0809314706581912,0.03635168687038691,0.06781388508616211,0.1275359740855136,0.40300291081591166,-0.1713268487267492,0.07416350169835322
10.64,2.921794996673259,-1.2446884428011498,0.5738633347183808,1.9425945329323897,0.20972354181958028,2.11578963445868,-0.3632044677291638,0.09159657067043527,0.23890213599527113,0.08084192878918715,0.03622541498609407,0.06776565202750905,0.1274014626699305,0.40311071030491485,-0.17140185046116893,0.07419439747087572
10.65,2.925826103776308,-1.2464024613057614,0.5746052786930895,1.9434223892696612,0.20896058198443096,2.115882996749785,-0.36335252901559617,0.0920600424844389,0.23874385379408,0.08075249306087855,0.03609966404811723,0.06771761050760099,0.12726709989327545,0.40321838221480477,-0.17147677940069958,0.07422526429157962
10.66,2.929858287598456,-1.2481172290997684,0.5753475313360054,1.9442489332145512,0.20819845207224155,2.1159746797448005,-0.36349983217994375,0.09252319318488872,0.2385855532799973,0.08066316353222211,0.03597443216068248,0.06766975935922635,0.12713288564770078,0.40332592669113204,-0.1715516355240752,0.0742561021980844
10.67,2.9338915468653672,-1.249832745455009,0.5760900923579862,1.9450741699133585,0.20743715070434993,2.1160646907759886,-0.3636463792394387,0.092986022965984,0.23842723453196063,0.0805739402603241,0.03584971743394686,0.06762209742076891,0.12699881982463457,0.40343334387948837,-0.171626418811207,0.07428691122800427
10.68,2.937925880304162,-1.2515490096431212,0.5768329614702663,1.945898104485775,0.2066766765009231,2.116153037140343,-0.36379217220443233,0.09344853202161481,0.23826889762620312,0.08048482330045532,0.03572551798398877,0.06757462353618723,0.12686490231478742,0.40354063392550504,-0.17170112924317088,0.07431769141894573
10.69,2.941961286643417,-1.2532660209355528,0.5775761383844558,1.9467207420250459,0.20591702808102325,2.116239726099786,-0.36393721307842225,0.09391072054534992,0.23811054263628884,0.08039581270606593,0.03560183193279831,0.06752733655499418,0.126731133008161,0.40364779697485226,-0.1717757668021962,0.07434844280850544
10.700000000000001,2.9459977646131654,-1.254983778603575,0.5783196228125408,1.9475420875981284,0.2051582040626727,2.116324764881361,-0.36408150385807964,0.09437258873042499,0.2379521696331476,0.08030690852880024,0.03547865740826747,0.06748023533223636,0.12659751179405568,0.40375483317323785,-0.17185033147165524,0.07437916543426802
10.71,2.9500353129448977,-1.2567022819182914,0.5790634144668835,1.948362146245851,0.20440020306291826,2.116408160677428,-0.3642250465332762,0.09483413676973096,0.2377937786851098,0.08021811081851145,0.035355992544180245,0.06743331872847366,0.1264640385610783,0.4038617426664059,-0.1719248232360514,0.07440985933380356
10.72,2.9540739303715617,-1.2584215301506518,0.5798075130602215,1.9491809229830692,0.20364302369789444,2.1164899206458547,-0.36436784308711134,0.09529536485580256,0.2376353698579407,0.08012941962327615,0.035233835480202584,0.06738658560975883,0.12633071319715,0.4039685256001367,-0.17199924208100847,0.0744405245446658
10.73,2.958113615627563,-1.2601415225714618,0.5805519183056681,1.949998422798823,0.20288666458288623,2.1165700519102075,-0.36450989549593926,0.09575627318080715,0.23747694321487445,0.0800408349894088,0.0351121843618723,0.06734003484761697,0.12619753558951363,0.4040751821202443,-0.17207358799325964,0.0744711611043897
10.74,2.9621543674487656,-1.2618622584513943,0.581296629916712,1.95081465065649,0.20213112433239072,2.1166485615599417,-0.3646512057293957,0.09621686193653364,0.23731849881664796,0.07995235696147615,0.0349910373405888,0.06729366531902521,0.12606450562474183,0.4041817123725765,-0.17214786096063667,0.07450176905048958
10.75,2.9661961845724916,-1.2635837370610008,0.582041647607217,1.9516296114939418,0.20137640156017803,2.11672545665059,-0.3647917757504251,0.09667713131438174,0.23716003672153427,0.07986398558231149,0.03487039257360278,0.06724747590639224,0.12593162318874412,0.4042881165030133,-0.17222206097205933,0.07453234842045692
10.76,2.9702390657375215,-1.2653059576707213,0.5827869710914215,1.9524433102236949,0.20062249487935147,2.11680074420395,-0.36493160751530723,0.09713708150535125,0.2370015569853758,0.07977572089302881,0.03475024822400575,0.067201465497538,0.1257988881667744,0.40439439465746546,-0.17229618801752417,0.07456289925175824
10.77,2.974283009684096,-1.2670289195508966,0.5835326000839391,1.9532557517330638,0.1998694029024069,2.116874431208271,-0.3650707029736842,0.09759671270003167,0.2368430596616172,0.07968756293303693,0.0346306024607195,0.06715563298567334,0.12566630044343904,0.404500546981874,-0.1723702420880949,0.07459342158183342
10.78,2.978328015153915,-1.2687526219717775,0.5842785342997575,1.9540669408843117,0.19911712424129127,2.116946524618439,-0.3652090640685871,0.09805602508859196,0.23668454480133788,0.07959951174005343,0.034511453458485476,0.06710997726937971,0.12553385990270355,0.4046065736222087,-0.17244422317589095,0.07462391544809331
10.790000000000001,2.982374080890137,-1.2704770642035363,0.5850247734542384,1.9548768825148006,0.1983656575074604,2.1170170313561614,-0.3653466927364626,0.09851501886077044,0.23652601245328445,0.07951156735011862,0.03439279939785402,0.06706449725258891,0.12540156642790073,0.404712474724467,-0.1725181312740773,0.07465438088791806
10.8,2.986421205637382,-1.2722022455162771,0.5857713172631176,1.9556855814371406,0.19761500131193602,2.1170859583101502,-0.3654835909071997,0.09897369420586496,0.23636746266390254,0.07942372979760925,0.03427463846517356,0.06701919184456279,0.1252694199017372,0.4048182504346727,-0.17259196637685453,0.07468481793865514
10.81,2.9904693881417286,-1.2739281651800456,0.5865181654425041,1.956493042439337,0.19686515426536194,2.1171533123363036,-0.36561976050415623,0.09943205131272326,0.23620889547736876,0.07933599911525228,0.03415696885257967,0.06697405995987309,0.1251374202063012,0.4049239008988751,-0.1726657284794482,0.07471522663761748
10.82,2.9945186271507174,-1.27565482246484,0.5872653177088804,1.9572992702849383,0.19611611497805967,2.117219100257887,-0.36575520344418555,0.09989009036973337,0.23605031093562195,0.07924837533413844,0.03403978875798405,0.06692910051838122,0.12500556722306977,0.40502942626314775,-0.1727394175780987,0.07474560702208162
10.83,2.998568921413349,-1.277382216640621,0.5880127737791012,1.958104269713182,0.1953678820600831,2.117283328865713,-0.3658899216376627,0.10034781156481437,0.23589170907839446,0.07916085848373573,0.033923096385063446,0.06688431244521813,0.12487386083291593,0.40513482667358697,-0.17281303367005157,0.07477595912928581
10.84,3.0026202696800848,-1.2791103469773215,0.588760533370394,1.9589080454391399,0.19462045412127255,2.1173460049183204,-0.366023916988511,0.10080521508540724,0.235733089943243,0.07907344859190293,0.03380688994324844,0.06683969467076417,0.12474230091611539,0.4052401022763109,-0.1728865767535468,0.07480628299642843
10.85,3.006672670702848,-1.280839212744857,0.5895085962003583,1.9597106021538617,0.19387382977130813,2.1174071351421517,-0.36615719139422825,0.1012623011184659,0.23557445356557927,0.07898614568490285,0.03369116764771218,0.066795246130629,0.12461088735235461,0.40534525321745846,-0.17296004682780955,0.07483657866066594
10.86,3.0107261232350226,-1.282568813213135,0.590256961986965,1.9605119445245192,0.19312800761976223,2.1174667262317297,-0.36628974674591314,0.1017190698504484,0.23541579997870027,0.07889894978741556,0.03357592771935902,0.06675096576563153,0.12447962002073662,0.4054502796431876,-0.17303344389304032,0.07486684615911142
10.870000000000001,3.0147806260314547,-1.2842991476520653,0.5910056304485561,1.9613120771945474,0.19238298627615144,2.1175247848498326,-0.3664215849282913,0.10217552146730835,0.23525712921381844,0.07881186092255159,0.03346116838481311,0.06670685252177992,0.12434849879978907,0.4055551816996747,-0.17310676795040458,0.07489708552883277
10.88,3.0188361778484514,-1.2860302153315695,0.5917546013038445,1.9621110047837866,0.1916387643499877,2.11758131762767,-0.36655270781974153,0.10263165615448644,0.23509844130009142,0.07872487911186496,0.033346887876406835,0.06666290535025157,0.12421752356747043,0.40565995953311296,-0.17318001900202368,0.07492729680685108
10.89,3.0228927774437824,-1.2877620155215896,0.592503874271913,1.9629087318886234,0.19089534045082882,2.1176363311650546,-0.3666831172923219,0.10308747409690222,0.23493973626465153,0.07863800437536612,0.03323308443216925,0.06661912320737316,0.12408669420117756,0.4057646132897114,-0.17325319705096492,0.07495748003013888
10.9,3.0269504235766793,-1.2894945474920994,0.5932534490722143,1.9637052630821288,0.1901527131883282,2.1176898320305764,-0.36681281521179565,0.10354297547894598,0.23478101413263514,0.07855123673153487,0.0331197562958144,0.06657550505460075,0.12395601057775198,0.40586914311569355,-0.17332630210123232,0.07498763523561863
10.91,3.031009115007836,-1.2912278105131116,0.5940033254245706,1.9645006029141976,0.18941088117228394,2.1177418267617725,-0.36694180343765725,0.10399816048447079,0.23462227492721158,0.07846457619733312,0.033006901716729584,0.06653204985849988,0.12382547257348678,0.40597354915729605,-0.17339933415775677,0.07501776246016124
10.92,3.035068850499409,-1.2929618038546893,0.5947535030491722,1.9652947559116862,0.18866984301268738,2.117792321865298,-0.3670700838231582,0.10445302929678477,0.23446351866961193,0.07837802278821758,0.032894518949963536,0.06648875659072571,0.12369508006413417,0.40607783156076777,-0.17347229322638744,0.07504786174058418
10.93,3.0391296288150165,-1.2946965267869532,0.595503981666578,1.9660877265785492,0.18792959731977074,2.1178413238170966,-0.3671976582153328,0.10490758209864345,0.23430474537915758,0.07829157651815241,0.032782606256214535,0.06644562422800328,0.12356483292491073,0.40618199047236814,-0.1735451793138811,0.07507793311365035
10.94,3.0431914487197402,-1.296431978580092,0.5962547609977146,1.966879519395975,0.1871901427040543,2.1178888390625663,-0.367324528455024,0.10536181907224239,0.23414595507328825,0.0782052373996217,0.03267116190181846,0.06640265175210763,0.12343473103050547,0.4062860260383661,-0.17361799242789466,0.07510797661606637
10.950000000000001,3.047254308980124,-1.298168158504371,0.5970058407638752,1.9676701388225206,0.18645147777639276,2.1179348740167296,-0.3674506963769091,0.10581574039920977,0.23398714776759022,0.0781190054436419,0.03256018415873675,0.06635983814984416,0.12330477425508576,0.4063899384050393,-0.17369073257697454,0.0751379922844811
10.96,3.051318208364174,-1.2999050658301408,0.59775722068672,1.968459589294247,0.1857136011480212,2.1179794350643975,-0.3675761638095251,0.10626934626059939,0.23382832347582383,0.07803288065977426,0.03244967130454435,0.06631718241302886,0.12317496247230382,0.4064937277186718,-0.17376339977054872,0.07516798015548425
10.97,3.0553831456413607,-1.3016426998278463,0.5985089004882749,1.9692478752248506,0.18497651143060018,2.1180225285603362,-0.3677009325752947,0.10672263683688363,0.23366948220995107,0.07794686305613696,0.03233962162241752,0.06627468353846874,0.12304529555530395,0.40659739412555396,-0.17383599401891675,0.07519794026560489
10.98,3.059449119582616,-1.3033810597680355,0.5992608798909309,1.9700350010057965,0.18424020723626025,2.118064160829431,-0.36782500449055117,0.10717561230794662,0.23351062398016276,0.07786095263941739,0.03223003340112166,0.06623234052794211,0.12291577337672789,0.4067009377719802,-0.17390851533324161,0.07522787265131023
10.99,3.063516128960336,-1.3051201449213679,0.600013158617444,1.9708209710064504,0.18350468717764595,2.1181043381668494,-0.36794838136556424,0.10762827285307759,0.2333517487949055,0.07777514941488423,0.032120904934999014,0.06619015238817905,0.12278639580872262,0.4068043588042485,-0.1739809637255407,0.07525777734900407
11.0,3.067584172548379,-1.3068599545586232,0.600765736390934,1.9716057895742076,0.18276994986795908,2.1181430668382033,-0.36807106500456527,0.1080806186509644,0.23319285666090844,0.0776894533863994,0.032012234523956344,0.06614811813084191,0.12265716272294529,0.40690765736865847,-0.17405333920867685,0.07528765439502559
11.01,3.071653249122065,-1.30860048795071,0.6015186129348843,1.9723894610346246,0.1820359939210014,2.1181803530797114,-0.36819305720577244,0.10853264987968704,0.23303394758320975,0.07760386455643008,0.031904020473452546,0.06610623677250577,0.12252807399057118,0.40701083361151086,-0.17412564179634962,0.07531750382564788
11.02,3.0757233574581804,-1.3103417443686736,0.6022717879731407,1.9731719896915467,0.1813028179512167,2.1182162030983585,-0.36831435976141597,0.10898436671671156,0.23287502156518278,0.07751838292606048,0.031796261094486196,0.06606450733463895,0.12239912948229843,0.4071138876791054,-0.1741978715030871,0.07534732567707673
11.03,3.0797944963349715,-1.3120837230837044,0.6030252612299115,1.9739533798272364,0.18057042057373235,2.118250623072055,-0.36843497445776324,0.10943576933888388,0.2327160786085622,0.07743300849500363,0.03168895470358305,0.06602292884358368,0.12227032906835557,0.40721681971774026,-0.1742700283442369,0.07537711998544948
11.040000000000001,3.083866664532149,-1.3138264233671468,0.603779032429766,1.9747336357025005,0.17983880040440017,2.118283619149796,-0.3685549030751439,0.1098868579224239,0.2325571187134696,0.0773477412616131,0.0315820996227835,0.06598150033053668,0.12214167261850672,0.4073196298737103,-0.17434211233595798,0.07540688678683359
11.05,3.087939860830886,-1.3155698444905064,0.6045331012976344,1.9755127615568164,0.17910795605983684,2.1183151974518184,-0.36867414738797466,0.11033763264291972,0.23239814187843916,0.0772625812228945,0.03147569417962996,0.06594022083152981,0.1220131600020588,0.40742231829330616,-0.17441412349521165,0.07543662611722562
11.06,3.0920140840138193,-1.3173139857254585,0.6052874675588066,1.9762907616084582,0.1783778861574635,2.1183453640697576,-0.3687927091647844,0.11078809367532196,0.23223914810044283,0.07717752837451711,0.031369736707154226,0.06589908938741083,0.12188479108786661,0.4075248851228126,-0.17448606183975432,0.07546633801254979
11.07,3.0960893328650476,-1.3190588463438562,0.6060421309389321,1.9770676400546203,0.17764858931554506,2.118374125066803,-0.36891059016823885,0.11123824119393821,0.23208013737491542,0.07709258271082524,0.031264225543864745,0.06585810504382413,0.1217565657443396,0.40762733050850747,-0.1745579273881283,0.07549602250865696
11.08,3.100165606170133,-1.3208044256177374,0.6067970911640187,1.977843401071542,0.17692006415322875,2.1184014864778526,-0.36902779215516535,0.11168807537242778,0.23192110969577948,0.07700774422484961,0.031159159033733883,0.06581726685119152,0.12162848383944787,0.40772965459666044,-0.1746297201596536,0.07552567964132356
11.09,3.1042429027160994,-1.3225507228193338,0.6075523479604319,1.9786180488146305,0.17619230929058222,2.1184274543096673,-0.3691443168765775,0.1121375963837963,0.23176206505546978,0.07692301290831867,0.03105453552618513,0.06577657386469313,0.121500545240728,0.4078318575335316,-0.1747014401744204,0.07555530944625027
11.1,3.1083212212914346,-1.324297737221078,0.6083079010548944,1.979391587418583,0.17546532334863102,2.1184520345410225,-0.3692601660776999,0.11258680440039075,0.23160300344495782,0.07683838875166972,0.030950353376080254,0.06573602514424821,0.12137274981528864,0.40793393946537027,-0.17477308745328074,0.07558491195906111
11.11,3.1124005606860883,-1.3260454680956109,0.609063750174485,1.980164020997508,0.17473910494939557,2.118475233122862,-0.3693753414979925,0.11303569959389437,0.23144392485377585,0.07675387174406009,0.03084661094370641,0.06569561975449614,0.12124509742981743,0.40803590053841365,-0.17484466201783994,0.07561448721530215
11.120000000000001,3.1164809196914725,-1.3277939147157893,0.609819895046638,1.9809353536450462,0.17401365271592759,2.1184970559784464,-0.3694898448711752,0.11348428213532188,0.23128482927004082,0.0766694618733782,0.030743306594763223,0.06565535676477736,0.12111758795058568,0.4081377408988854,-0.17491616389044998,0.07564403525044065
11.13,3.120562297100461,-1.3295430763546938,0.6105763353991425,1.9817055894344902,0.17328896527234594,2.1185175090035058,-0.369603677925252,0.11393255219501479,0.23112571668047813,0.07658515912625447,0.03064043870034981,0.06561523524911443,0.12099022124345513,0.4082394606929948,-0.17498759309419998,0.07567355609986395
11.14,3.1246446917073913,-1.3312929522856358,0.6113330709601411,1.982474732418903,0.17256504124387206,2.1185365980663873,-0.36971684238253555,0.11438050994263672,0.230966587070445,0.07650096348807223,0.030538005636951776,0.06557525428619307,0.12086299717388331,0.4083410600669351,-0.1750589496529096,0.07570304979887856
11.15,3.128728102308061,-1.3330435417821649,0.6120901014581299,1.9832427866312374,0.17184187925686478,2.118554329008204,-0.36982933995967116,0.11482815554716903,0.2308074404239539,0.07641687494297855,0.030436005786428178,0.0655354129593433,0.12073591560692917,0.4084425391668821,-0.17513023359112087,0.07573251638270882
11.16,3.1328125276997296,-1.3347948441180761,0.612847426621957,1.9840097560844527,0.1711194779388546,2.118570707642981,-0.3699411723676611,0.11527548917690644,0.2306482767236954,0.07633289347389499,0.03033443753599843,0.06549571035652056,0.12060897640725915,0.40854389813899356,-0.17520144493409068,0.07576195588649638
11.17,3.1368979666811194,-1.336546858567417,0.613605046180822,1.9847756447716316,0.17039783591857754,2.118585739757805,-0.3700523413118886,0.11572251099945281,0.23048909595106107,0.07624901906252822,0.030233299278229177,0.06545614557028698,0.12048217943915251,0.4086451371294069,-0.17527258370778304,0.07579136834529904
11.18,3.1409844180524136,-1.3382995844044947,0.614362959864275,1.985540456666096,0.16967695182600848,2.1185994311129663,-0.3701628484921417,0.11616922118171708,0.23032989808616613,0.07616525168938063,0.03013258941102117,0.06541671769779257,0.1203555245665071,0.40874625628423883,-0.1753436499388615,0.0758207537940897
11.19,3.145071880615256,-1.3400530209038832,0.6151211674022159,1.986304195721522,0.1689568242923939,2.118611787442106,-0.3702726956026375,0.11661561988990926,0.2301706831078718,0.07608159133376084,0.030032306337596053,0.06537742584075659,0.120229011652845,0.4088472557495837,-0.1754146436546816,0.07585011226775573
11.200000000000001,3.1491603531727517,-1.3418071673404302,0.6158796685248935,1.9870668658720552,0.16823745195028422,2.1186228144523596,-0.37038188433204555,0.11706170728953663,0.23001145099380754,0.07599803797379416,0.029932448466483155,0.06533826910544883,0.12010264056131771,0.40894813567151217,-0.17548556488328365,0.07587944380109786
11.21,3.1532498345294666,-1.343562022989263,0.6166384629629045,1.9878284710324232,0.16751883343356572,2.118632517824498,-0.37049041636351204,0.11750748354539996,0.22985220172039292,0.07591459158643293,0.029833014211506238,0.06529924660267107,0.11997641115471208,0.40904889619606993,-0.17555641365338562,0.07590874842882948
11.22,3.1573403234914275,-1.345317587125797,0.6173975504471928,1.9885890150980496,0.1668009673774917,2.118640903213072,-0.37059829337468314,0.11795294882158988,0.22969293526285953,0.07583125214746683,0.02973400199177022,0.06526035744773846,0.11985032329545543,0.4091495374692766,-0.17562718999437507,0.07593802618557553
11.23,3.16143181886612,-1.3470738590257407,0.6181569307090485,1.9893485019451653,0.16608385241871354,2.1186479762465535,-0.37070551703772875,0.11839810328148345,0.22953365159527242,0.07574801963153308,0.02963541023164786,0.06522160076046109,0.11972437684562134,0.4092500596371246,-0.17569789393630234,0.07596727710587205
11.24,3.1655243194624916,-1.3488308379651037,0.6189166034801072,1.9901069354309204,0.16536748719531097,2.1186537425274743,-0.370812089019366,0.1188429470877407,0.2293743506905516,0.0756648940121266,0.02953723736076643,0.06518297566512546,0.11959857166693452,0.4093504628455772,-0.17576852550987374,0.07599650122416504
11.25,3.169617824090947,-1.3505885232202024,0.6196765684923489,1.990864319393495,0.16465187034682208,2.1186582076325666,-0.37091801098088273,0.11928748040230136,0.22921503252049302,0.07558187526161012,0.02943948181399434,0.06514448129047613,0.11947290762077618,0.40945074724056785,-0.1758390847464439,0.0760256985748098
11.26,3.173712331563353,-1.352346914067667,0.620436825478097,1.9916206576522084,0.1639370005142727,2.1186613771129026,-0.3710232845781607,0.11973170338638175,0.22905569705578974,0.07549896335122412,0.029342142031427765,0.06510611676969731,0.11934738456819008,0.40955091296799917,-0.17590957167800877,0.07605486919207029
11.27,3.177807840693033,-1.354106009784447,0.6211973741700176,1.9923759540076298,0.16322287634020555,2.1186632564940306,-0.37112791146169904,0.12017561620047167,0.22889634426605251,0.07541615825109682,0.029245216458377216,0.0650678812403946,0.11922200236988667,0.4096509601737407,-0.17597998633719894,0.07608401311011802
11.28,3.1819043502947704,-1.355865809647819,0.6219582143011189,1.9931302122416852,0.16250949646870863,2.118663851276114,-0.37123189327663736,0.12061921900433142,0.22873697411983043,0.07533345993025405,0.02914870354535411,0.06502977384457667,0.11909676088624901,0.40975088900362855,-0.17605032875727253,0.07611313036303179
11.290000000000001,3.1860018591848065,-1.3576263129353918,0.6227193456047492,1.9938834361177662,0.1617968595454435,2.1186631669340654,-0.3713352316627788,0.12106251195698906,0.2285775865846313,0.07525086835662897,0.02905260174805732,0.0649917937286371,0.11897165997733793,0.4098506996034637,-0.17612059897210797,0.07614222098479663
11.3,3.190100366180841,-1.359387518925113,0.6234807678145972,1.9946356293808372,0.1610849642176729,2.118661208917685,-0.3714379282546133,0.12150549521673756,0.22841818162694172,0.07516838349707192,0.028956909527359666,0.0649539400433362,0.11884669950289667,0.4099503921190109,-0.17619079701619808,0.0761712850093032
11.31,3.194199870102031,-1.361149426895275,0.6242424806646902,1.9953867957575413,0.1603738091342879,2.118657982651792,-0.37153998468134036,0.12194816894113227,0.22825875921224723,0.07508600531735994,0.028861625349294453,0.06491621194378287,0.1187218793223565,0.4100499666959976,-0.17626092292464218,0.07620032247034708
11.32,3.198300369768991,-1.3629120361245215,0.6250044838893937,1.9961369389563064,0.15966339294583481,2.118653493536362,-0.37164140256689193,0.12239053328698829,0.22809931930505192,0.0750037337822065,0.028766747685041914,0.0648786085894166,0.11859719929484146,0.4101494234801121,-0.17633097673314005,0.07622933340162827
11.33,3.202401864003792,-1.3646753458918528,0.6257667772234099,1.99688606266745,0.15895371430454158,2.1186477469466563,-0.37174218352995525,0.12283258841037813,0.22793986186889817,0.07492156885527089,0.028672275010915696,0.06484112914398941,0.11847265927917339,0.4102487626170029,-0.17640095847798537,0.0762583178367502
11.34,3.2065043516299623,-1.3664393554766328,0.6265293604017774,1.9976341705632836,0.1582447718643437,2.1186407482333562,-0.3718423291839957,0.12327433446662932,0.22778038686638594,0.07483951049916779,0.028578205808349282,0.0648037727755479,0.118348259133877,0.4103479842522772,-0.17647086819605876,0.0762872758092196
11.35,3.210607831472485,-1.3682040641585933,0.6272922331598696,1.9983812662982163,0.1575365642809097,2.1186325027226953,-0.37194184113727913,0.1237157716103222,0.22762089425919207,0.07475755867547657,0.028484538563882434,0.06476653865641534,0.11822399871718496,0.4104470885315,-0.17654070592482135,0.07631620735244543
11.36,3.2147123023578,-1.3699694712178414,0.628055395233394,1.999127353508858,0.15682909021166647,2.1186230157165875,-0.37204072099289476,0.12415689999528781,0.22746138400808932,0.07467571334475065,0.0283912717691476,0.06472942596317381,0.11809987788704196,0.4105460756001922,-0.17661047170230842,0.0763451124997385
11.370000000000001,3.218817763113802,-1.3717355759348644,0.6288188463583915,1.9998724358141213,0.15612234831582375,2.1186122924927595,-0.37213897034877735,0.12459771977460585,0.22730185607296516,0.07459397446652677,0.028298403920856297,0.06469243387664642,0.11797589650111093,0.41064494560382986,-0.17668016556712288,0.07637399128431094
11.38,3.2229242125698403,-1.3735023775905357,0.6295825862712345,2.0006165168153234,0.15541633725439866,2.1186003383048786,-0.37223659079772986,0.1250382311006027,0.2271423104128405,0.07451234199933414,0.02820593352078551,0.0646555615818795,0.11785205441677679,0.41074369868784316,-0.17674978755842868,0.07640284373927554
11.39,3.227031649556719,-1.3752698754661201,0.6303466147086273,2.001359600096287,0.15471105569023946,2.1185871583826805,-0.37233358392744553,0.1254784341248496,0.22698274698588813,0.0744308159007036,0.028113859075764053,0.06461880826812497,0.11772835149115132,0.4108423349976144,-0.17681933771594513,0.07643166989764516
11.4,3.231140072906695,-1.3770380688432795,0.6311109314076038,2.0021016892234416,0.1540065022880492,2.1185727579320983,-0.3724299513205303,0.12591832899816094,0.2268231657494511,0.07434939612717668,0.028022179097658917,0.0645821731288226,0.11760478758107848,0.4109408546784776,-0.17688881607993995,0.07646046979233229
11.41,3.23524948145348,-1.3788069570040788,0.631875536105527,2.0028427877459203,0.1533026757144088,2.1185571421353884,-0.37252569455452483,0.12635791587059253,0.22666356666006074,0.07426808263431456,0.027930892103361627,0.06454565536158247,0.11748136254313862,0.4110392578757169,-0.1769582226912233,0.07648924345614866
11.42,3.239359874032237,-1.380576539230991,0.6326404285400885,2.0035828991956617,0.15259957463779983,2.1185403161512566,-0.3726208152019267,0.1267971948914401,0.22650394967345472,0.074186875376707,0.027839996614774574,0.06450925416816738,0.11735807623365323,0.4111375447345655,-0.17702755759114164,0.07651799092180445
11.43,3.2434712494795828,-1.3823468148069025,0.6334056084493066,2.004322027087507,0.15189719772862686,2.1185222851149836,-0.3727153148302122,0.12723616620923775,0.2263443147445948,0.07410577430798128,0.027749491158797338,0.06447296875447542,0.11723492850868968,0.41123571540020415,-0.1770968208215716,0.07654671222190806
11.44,3.247583606633585,-1.3841177830151181,0.6341710755715256,2.0050601749192984,0.1511955436592395,2.1185030541385492,-0.37280919500185844,0.12767482997175664,0.22618466182768437,0.07402477938081092,0.027659374267313,0.06443679833052243,0.11711191922406575,0.41133377001776034,-0.17716601242491398,0.07657540738896554
11.450000000000001,3.251696944333762,-1.3858894431393673,0.6349368296454153,2.005797346171975,0.150494611103954,2.118482628310756,-0.3729024572743651,0.1281131863260036,0.22602499087618597,0.07394389054692448,0.02756964447717445,0.06440074211042468,0.11698904823535422,0.41143170873230683,-0.1772351324440881,0.07660407645538003
11.46,3.2558112614210852,-1.3876617944638083,0.6357028704099691,2.00653354430967,0.14979439873907455,2.1184610126973533,-0.3729951032002761,0.12855123541822003,0.22586530184283848,0.07386310775711419,0.0274803003301907,0.0643647993123815,0.11686631539788703,0.4115295316888607,-0.17730418092252465,0.07663271945345158
11.47,3.259926556737974,-1.3894348362730335,0.6364691976045036,2.0072687727798066,0.14909490524291408,2.1184382123411583,-0.37308713432720136,0.1289889773938806,0.22570559467967427,0.07378243096124462,0.027391340373113162,0.06432896915865799,0.11674372056676072,0.41162723903238185,-0.17737315790416122,0.07666133641537651
11.48,3.264042829128298,-1.3912085678520751,0.6372358109686573,2.008003035013193,0.14839612929581494,2.118414232262178,-0.3731785521978383,0.12942641239769237,0.22554586933803608,0.07370186010826121,0.02730276315762194,0.0642932508755678,0.11662126359683948,0.41172483090777195,-0.1774420634334356,0.07668992737324705
11.49,3.2681600774373756,-1.3929829884864096,0.6380027102423899,2.0087363344241167,0.147698069580169,2.118389077457731,-0.3732693583499934,0.12986354057359373,0.22538612576859376,0.07362139514619877,0.027214567240312123,0.06425764369345591,0.11649894434276092,0.4118223074598735,-0.1775108975552802,0.07671849235905115
11.5,3.2722783005119744,-1.3947580974619624,0.6387698951659804,2.009468674410438,0.14700072478043752,2.1183627529025664,-0.37335955431660367,0.13030036206475354,0.22522636392136092,0.07354103602218988,0.027126751182680046,0.06422214684668155,0.11637676265893958,0.4119196688334686,-0.17757966031511602,0.07674703140467173
11.51,3.276397497200309,-1.3965338940651135,0.639537365480027,2.0102000583536856,0.14630409358317054,2.1183352635489836,-0.3734491416257578,0.13073687701357037,0.22506658374571126,0.07346078268247333,0.027039313551109577,0.0641867595736011,0.11625471839957131,0.4120169151732772,-0.17764835175884766,0.07677554454188665
11.52,3.280517666352042,-1.398310377582702,0.6403051209254459,2.010930489619146,0.14560817467702616,2.1183066143269507,-0.37353812180071755,0.1311730855616717,0.22490678519039495,0.07338063507240239,0.026952252916858398,0.06415148111655104,0.11613281141863828,0.4121140466239567,-0.17771697193285713,0.07680403180236806
11.53,3.2846388068182817,-1.4000875473020304,0.6410731612434696,2.011659971555958,0.14491296675278925,2.1182768101442235,-0.3736264963599389,0.13160898784991334,0.2247469682035546,0.0733005931364531,0.026865567856044253,0.06411631072183102,0.1160110415699122,0.4122110633301003,-0.17778552088399788,0.07683249321768246
11.540000000000001,3.2887609174515826,-1.4018654025108703,0.6418414861756464,2.012388507497204,0.14421846850338996,2.118245855886462,-0.3737142668170931,0.13204458401837882,0.2245871327327413,0.07322065681823241,0.026779256949631236,0.06408124763968692,0.11588940870695959,0.4123079654362364,-0.17785399865959006,0.07686092881928985
11.55,3.292883997105945,-1.4036439424974663,0.6426100954638393,2.0131161007599987,0.14352467862392182,2.1182137564173464,-0.3738014346810877,0.13247987420637897,0.22442727872493032,0.07314082606048637,0.026693318783416048,0.06404629112429398,0.11576791268314514,0.4124047530868265,-0.17792240530741477,0.07688933863854405
11.56,3.2970080446368133,-1.4054231665505403,0.6433789888502247,2.013842754645583,0.14283159581165958,2.1181805165786947,-0.37388800145608747,0.13291485855245141,0.22426740612653678,0.0730611008051082,0.02660775194801427,0.06401144043374,0.1156465533516365,0.41250142642626525,-0.1779907408757079,0.0769177227066917
11.57,3.301133058901076,-1.4072030739592973,0.6441481660772916,2.0145684724394104,0.1421392187660767,2.1181461411905755,-0.3739739686415353,0.13334953719436032,0.2241075148834311,0.0729814809931463,0.026522555038846627,0.06397669483000858,0.11552533056540781,0.4125979855988782,-0.17805900541315597,0.0769460810548726
11.58,3.305259038757065,-1.408983664013429,0.6449176268878404,2.0152932574112388,0.14144754618886257,2.1181106350514254,-0.3740593377321729,0.13378391026909608,0.2239476049409543,0.07290196656481222,0.02643772665612527,0.06394205357896238,0.11540424417724424,0.4126944307489216,-0.17812719896888937,0.07697441371411899
11.59,3.3093859830645544,-1.4107649360031178,0.6456873710249815,2.016017112815217,0.14075657678393916,2.1180740029381604,-0.3741441102180614,0.13421797791287512,0.22378767624393314,0.07282255745948855,0.026353265404840034,0.06390751595032652,0.11528329403974624,0.41279076202058057,-0.17819532159247803,0.07700272071535555
11.6,3.31351389068476,-1.4125468892190425,0.6464573982321351,2.0167400418899737,0.14006630925747776,2.11803624960629,-0.374228287584602,0.13465174026113985,0.22362772873669512,0.07274325361573683,0.026269169894744714,0.06387308121767198,0.11516248000533263,0.4128869795579684,-0.17826337333392608,0.07703100208939904
11.61,3.31764276048034,-1.4143295229523818,0.6472277082530291,2.017462047858705,0.13937674231791516,2.1179973797900296,-0.37431187131255667,0.13508519744855854,0.22346776236308336,0.07266405497130524,0.026185438740343354,0.063838748658399,0.115041801926246,0.41298308350512536,-0.17833135424366575,0.07705925786695815
11.620000000000001,3.321772591315391,-1.4161128364948183,0.6479983008316987,2.0181831339292615,0.13868787467596952,2.1179573982024125,-0.3743948628780683,0.13551834960902534,0.22330777706647123,0.07258496146313645,0.026102070560876517,0.06380451755372064,0.11492125965455514,0.4130790740060174,-0.17839926437255343,0.07708748807863297
11.63,3.325903382055451,-1.4178968291385439,0.648769175712485,2.0189033032942327,0.137999705044656,2.1179163095354006,-0.37447726375268114,0.13595119687566043,0.223147772789777,0.07250597302737523,0.02601906398030757,0.06377038718864632,0.11480085304215995,0.4131749512045351,-0.1784671037718635,0.07711569275491544
11.64,3.3300351315674965,-1.4196815001762626,0.6495403326400342,2.0196225591310353,0.13731223213930213,2.1178741184599956,-0.37455907540336125,0.1363837393808101,0.2229877494754781,0.07242708959937612,0.025936417627308986,0.06373635685196541,0.11468058194079542,0.41327071524449316,-0.17853487249328368,0.07714387192618836
11.65,3.3341678387199414,-1.4214668489011955,0.6503117713592961,2.0203409046019964,0.13662545467756276,2.1178308296263477,-0.3746402992925164,0.1368159772560471,0.22282770706562546,0.07234831111371096,0.025854130135248628,0.06370242583623098,0.11456044620203462,0.4133663662696282,-0.17860257058891005,0.07717202562272585
11.66,3.3383015023826377,-1.4232528746070845,0.6510834916155234,2.02105834285444,0.1359393713794349,2.117786447663866,-0.3747209368780164,0.13724791063217076,0.2226676455018577,0.07226963750417645,0.025772200142176054,0.06366859343774343,0.1144404456772935,0.4134619044235987,-0.17867019811124168,0.07720015387469259
11.67,3.3424361214268736,-1.425039576588197,0.6518554931542703,2.021774877020769,0.13525398096727206,2.1177409771813265,-0.3748009896132129,0.1376795396392075,0.22250756472541483,0.07219106870380158,0.025690626290808833,0.06363485895653434,0.11432058021783413,0.41355732984998345,-0.17873775511317594,0.0772282567121442
11.68,3.3465716947253736,-1.4268269541393286,0.6526277757213917,2.0224905102185504,0.13456928216579847,2.1176944227669794,-0.37488045894695965,0.13811086440641118,0.22234746467715233,0.0721126046448551,0.025609407228518854,0.06360122169635023,0.11420084967476855,0.4136526426922805,-0.17880524164800346,0.07725633416502674
11.69,3.3507082211522965,-1.4286150065558085,0.653400339063042,2.023205245550597,0.13388527370212294,2.117646788988657,-0.37495934632363204,0.13854188506226356,0.22218734529755466,0.07203424525885277,0.025528541607318652,0.06356768096463651,0.11408125389906255,0.41374784309390616,-0.17887265776940356,0.07728438626317663
11.700000000000001,3.3548456995832354,-1.4304037331335027,0.6541731829256737,2.0239190861050513,0.13320195430575246,2.117598080393881,-0.3750376531831471,0.13897260173447493,0.22202720652674884,0.07195599047656477,0.025448028083847742,0.06353423607252139,0.11396179274153946,0.41384293119819404,-0.1789400035314388,0.07731241303632064
11.71,3.3589841288952176,-1.4321931331688171,0.654946307056037,2.0246320349554656,0.13251932270860556,2.117548301509966,-0.37511538096098307,0.13940301454998463,0.22186704830451792,0.07187784022802292,0.025367865319358952,0.06350088633479983,0.11384246605288337,0.41393790714839357,-0.17900727898855065,0.07734041451407558
11.72,3.3631235079667015,-1.4339832059587025,0.6557197112011777,2.025344095160885,0.1318373776450253,2.117497456844128,-0.37519253108819905,0.13983312363496178,0.22170687057031407,0.07179979444252783,0.025288051979704785,0.06346763106991768,0.11372327368364382,0.4140327710876697,-0.1790744841955548,0.07736839072594838
11.73,3.367263835677578,-1.4357739508006582,0.6564933951084372,2.0260552697659278,0.1311561178517921,2.1174455508835868,-0.3752691049914546,0.140262929114806,0.22154667326327185,0.07172185304865614,0.02520858673532377,0.0634344695999557,0.11360421548423784,0.4141275231591012,-0.1791416192076358,0.0773963417013357
11.74,3.371405110909169,-1.4375653669927346,0.6572673585254505,2.026765561800865,0.13047554206813625,2.117392588095671,-0.3753451040930291,0.1406924311141482,0.22138645632222106,0.07164401597426752,0.025129468261226834,0.06340140125061373,0.11348529130495522,0.4142221635056798,-0.17920868408034332,0.07742426746952422
11.75,3.375547332544226,-1.439357453833538,0.6580416012001458,2.0274749742817013,0.1297956490357502,2.1173385729279213,-0.3754205298108412,0.14112162975685136,0.2212262196856997,0.07156628314651177,0.025050695236983698,0.06336842535119491,0.11336650099596053,0.41431669227030943,-0.17927567886958679,0.0774521680596903
11.76,3.3796904994669292,-1.441150210622234,0.6588161228807426,2.028183510210254,0.12911643749880047,2.1172835098081935,-0.37549538355846795,0.14155052516601155,0.22106596329196657,0.07148865449183582,0.02497226634670924,0.06333554123458995,0.11324784440729775,0.4144111095958048,-0.179342603631631,0.07748004350089989
11.77,3.383834610562887,-1.4429436366585504,0.6595909233157516,2.028891172574231,0.12843790620393952,2.117227403144761,-0.37556966674516434,0.14197911746395883,0.2209056870790139,0.07141112993599064,0.02489418027904993,0.06330274823726141,0.11312932138889314,0.4145054156248907,-0.17940945842309153,0.07750789382210851
11.78,3.3879796647191363,-1.4447377312427814,0.6603660022539727,2.0295979643473108,0.1277600539003171,2.1171702573264155,-0.37564338077588205,0.14240740677225824,0.2207453909845798,0.07133370940403813,0.024816435727170228,0.06327004569922808,0.11301093179055903,0.41459961050020083,-0.1794762433009304,0.07753571905216151
11.790000000000001,3.392125660824138,-1.4465324936757906,0.6611413594444943,2.030303888489218,0.12708287933959164,2.1171120767225693,-0.3757165270512888,0.14283539321171093,0.22058507494616053,0.07125639282035802,0.02473903138873902,0.06323743296404942,0.11289267546199706,0.41469369436427694,-0.1795429583224514,0.07756351921979336
11.8,3.396272597767781,-1.4483279232590152,0.6619169946366922,2.031008947945803,0.12640638127594106,2.117052865683355,-0.3757891069677871,0.14326307690235524,0.2204247389010227,0.07117918010865461,0.024661965965916053,0.06320490937881003,0.11277455225280139,0.4147876673595677,-0.17960960354529593,0.07759129435362827
11.81,3.4004204744413764,-1.4501240192944682,0.6626929075802285,2.031713145649117,0.12573055846607367,2.116992628539725,-0.37586112191753335,0.14369045796346788,0.22026438278621535,0.07110207119196352,0.024585238165338412,0.06317247429410415,0.11265656201246266,0.41488152962842756,-0.17967617902743813,0.07761904448217975
11.82,3.4045692897376605,-1.4519207810847425,0.6634690980250503,2.0324164845174892,0.12505540966923864,2.116931369603552,-0.3759325732884564,0.14411753651356526,0.22010400653858178,0.0710250659926584,0.024508846698106965,0.0631401270640203,0.11253870459037055,0.41497528131311623,-0.1797426848271808,0.07764676963385073
11.83,3.408719042550792,-1.4537182079330144,0.6642455657213888,2.033118967455602,0.12438093364723622,2.116869093167726,-0.3760034624642766,0.14454431267040466,0.21994361009477142,0.07094816443245758,0.024432790279772864,0.06310786704612582,0.1124209798358178,0.41506892255579736,-0.17980912100315163,0.0776744698369337
11.84,3.41286973177635,-1.455516299143046,0.6650223104197581,2.0338205973545667,0.12370712916442782,2.1168058035062542,-0.37607379082452413,0.14497078655098555,0.2197831933912515,0.07087136643243065,0.02435706763032404,0.06307569360145168,0.11230338759800296,0.41516245349853753,-0.1798754876142975,0.07770214511961031
11.85,3.417021356311335,-1.4573150540191888,0.6657993318709542,2.0345213770919983,0.12303399498774575,2.116741504874358,-0.37614355974455765,0.1453969582715511,0.21962275636431852,0.07079467191300504,0.024281677474171714,0.06304360609447714,0.11218592772603396,0.4152558742833056,-0.17994178471988154,0.07772979550995185
11.86,3.4211739150541685,-1.4591144718663875,0.6665766298260537,2.03522130953209,0.12236152988670287,2.116676201508569,-0.376212770595583,0.14582282794758952,0.2194622989501098,0.07071808079397249,0.024206618540136934,0.06301160389311455,0.11206860006893109,0.4153491850519715,-0.18000801237947828,0.07775742103591894
11.870000000000001,3.425327406904688,-1.4609145519901823,0.6673542040364129,2.035920397525687,0.12168973263340187,2.1166098976268253,-0.37628142474467136,0.14624839569383555,0.2193018210846146,0.07064159299449552,0.024131889561437126,0.06297968636869426,0.1119514044756304,0.41544238594630517,-0.18007417065297032,0.07778502172536164
11.88,3.429481830764151,-1.462715293696712,0.6681320542536665,2.036618643910359,0.1210186020025444,2.1165425974285696,-0.37634952355477774,0.14667366162427206,0.21914132270368544,0.07056520843311384,0.02405748927567264,0.06294785289594947,0.11183434079498668,0.41553547710797606,-0.1801402596005425,0.07781259760601962
11.89,3.433637185535231,-1.4645166962927174,0.6689101802297267,2.0373160515104747,0.12034813677143996,2.116474305094842,-0.3764170683847591,0.14709862585213154,0.2189808037430491,0.07048892702775074,0.023983416424813348,0.06291610285300117,0.11171740887577704,0.4156284586785518,-0.1802062792826796,0.07784014870552197
11.9,3.437793470122016,-1.4663187590855442,0.6696885817167819,2.038012623137273,0.11967833572001461,2.1164050247883757,-0.37648406058939254,0.1475232884898978,0.2188202641383175,0.07041274869571934,0.02390966975518524,0.06288443562134323,0.11160060856670295,0.4157213307994975,-0.18027222976016122,0.07786767505138734
11.91,3.441950683430011,-1.4681214813831458,0.6704672584672958,2.0387083615889354,0.1190091976308194,2.116334760653691,-0.3765505015193936,0.14794764964930757,0.2186597038249986,0.07033667335372894,0.023836248017457016,0.06285285058582739,0.11148393971639473,0.41581409361217464,-0.18033811109405806,0.07789517667102426
11.92,3.446108824366133,-1.4699248624940864,0.6712462102340061,2.039403269650658,0.11834072128903857,2.116263516817188,-0.3766163925214341,0.14837170944135233,0.21849912273850705,0.07026070091789116,0.023763149966626755,0.06282134713464839,0.1113674021734132,0.4159067472578401,-0.18040392334572822,0.07792265359173076
11.93,3.450267891838711,-1.4717289017275437,0.6720254367699234,2.0400973500947215,0.11767290548249766,2.116191297387243,-0.3766817349381599,0.14879546797627996,0.21833852081417474,0.07018483130372621,0.023690374362008545,0.06278992465932919,0.1112509957862542,0.4159992918776458,-0.1804696665768124,0.07795010584069467
11.94,3.4544278847574876,-1.4735335983933118,0.6728049378283304,2.0407906056805634,0.1170057490016713,2.1161181064542958,-0.376746530108209,0.1492189253635966,0.21817789798726128,0.07010906442616896,0.02361791996721915,0.06275858255470612,0.11113472040335004,0.4160917276126371,-0.18053534084923076,0.07797753344499375
11.950000000000001,3.458588802033614,-1.475338951801804,0.6735847131627803,2.0414830391548464,0.1163392506396908,2.1160439480909456,-0.37681077936622953,0.14964208171206847,0.21801725419296442,0.07003340019957503,0.02354578555016471,0.06272732021891424,0.1110185758730737,0.4161840546037523,-0.180600946225179,0.07800493643159565
11.96,3.4627506425796515,-1.477144961264056,0.6743647625270963,2.04217465325153,0.11567340919235164,2.1159688263520415,-0.37687448404289686,0.1500649371297238,0.21785658936643013,0.0699578385377269,0.023473969883027447,0.06269613705337257,0.11090256204374094,0.4162762729918217,-0.18066648276712388,0.07803231482735798
11.97,3.46691340530957,-1.4789516260917273,0.6751450856753699,2.042865450691937,0.11500822345812056,2.1158927452747722,-0.3769376454649317,0.15048749172385475,0.21769590344276282,0.06988237935383983,0.02340247174225239,0.06266503246276955,0.11078667876361377,0.4163683829175665,-0.1807319505378001,0.07805966865902887
11.98,3.4710770891387455,-1.4807589455971053,0.6759256823619602,2.043555434184826,0.11434369223814268,2.1158157088787575,-0.37700026495511746,0.15090974560101938,0.21753519635703536,0.06980702256056784,0.02333128990853412,0.06263400585504847,0.11067092588090292,0.41646038452159845,-0.18079734960020613,0.07808699795324636
11.99,3.4752416929839614,-1.4825669190931074,0.6767065523414926,2.044244606426457,0.11367981433624828,2.1157377211661372,-0.3770623438323178,0.15133169886704367,0.21737446804429889,0.06973176807000968,0.023260423166803556,0.0626030566413929,0.11055530324377097,0.41655227794441824,-0.18086268001760078,0.0781143027365388
12.0,3.4794072157634055,-1.4843755458932835,0.677487695368858,2.04493297010066,0.11301658855895941,2.115658786121662,-0.37712388341149383,0.15175335162702358,0.21721371843959267,0.06965661579371464,0.023189870306214725,0.06257218423621232,0.11043981070033514,0.4166440633264153,-0.18092794185349878,0.07814158303532545
12.01,3.4835736563966697,-1.4861848253118184,0.6782691111992113,2.0456205278789037,0.1123540137154963,2.11557890771278,-0.3771848850037217,0.15217470398532712,0.21705294747795373,0.06958156564268839,0.023119630120131577,0.06254138805712763,0.11032444809867008,0.41673574080786674,-0.18099313517166804,0.0781688388759158
12.02,3.487741013804748,-1.487994756663535,0.6790507995879704,2.0463072824203605,0.11169208861778367,2.115498089889727,-0.3772453499162096,0.15259575604559653,0.21689215509442641,0.06950661752739876,0.02304970140611482,0.06251066752495683,0.11020921528681063,0.4168273105289362,-0.18105826003612502,0.07819607028451042
12.030000000000001,3.4919092869100377,-1.4898053392638961,0.6798327602908155,2.0469932363719754,0.1110308120804567,2.115416336585613,-0.37730527945231507,0.15301650791075042,0.21673134122407187,0.0694317713577815,0.02298008296590878,0.062480022063700756,0.11009411211275438,0.4169187726296735,-0.18112331651113223,0.07822327728720051
12.040000000000001,3.4960784746363345,-1.4916165724290074,0.6806149930636876,2.047678392368531,0.11037018292086696,2.1153336517165098,-0.37736467491156195,0.15343695968298593,0.21657050580197734,0.06935702704324599,0.02291077360542825,0.06244945110052876,0.10997913842446477,0.41701012725001335,-0.18118830466119343,0.07825045990996846
12.05,3.5002485759088344,-1.4934284554756192,0.6813974976627872,2.048362753032713,0.10971019995908805,2.1152500391815376,-0.37742353758965747,0.15385711146378112,0.2164096487632655,0.06928238449268087,0.022841772134745426,0.06241895406576458,0.10986429406987384,0.4171013745297751,-0.18125322455105103,0.07827761817868789
12.06,3.504419589654132,-1.4952409877211297,0.6821802738445741,2.0490463209751772,0.10905086201792112,2.1151655028629515,-0.3774818687785092,0.15427696335389707,0.21624877004310344,0.06920784361445967,0.022773077368076787,0.06238853039287215,0.10974957889688412,0.4171925146086612,-0.18131807624568202,0.07830475211912373
12.07,3.508591514800219,-1.4970541684835865,0.6829633213657653,2.049729098794612,0.10839216792290021,2.1150800466262263,-0.3775396697662418,0.15469651545338037,0.2160878695767119,0.06913340431644638,0.022704688123770064,0.06235817951844153,0.10963499275337246,0.4172835476262569,-0.18138285981029492,0.07833186175693271
12.08,3.5127643502764814,-1.4988679970816894,0.6837466399833346,2.0504110890778064,0.10773411650229739,2.114993674320143,-0.3775969418372139,0.15511576786156533,0.215926947299374,0.06905906650600101,0.022636603224291195,0.06232790088217488,0.10952053548719165,0.41737447372202935,-0.18144757531032563,0.0783589471176628
12.09,3.5169380950137015,-1.5006824728347927,0.6845302294545113,2.0510922943997105,0.10707670658712772,2.114906389776872,-0.3776536862720346,0.15553472067707647,0.21576600314644423,0.06898483008998504,0.02256882149621131,0.062297693926872434,0.10940620694617371,0.4174652930353267,-0.18151222281143484,0.07838600822675426
12.1,3.5211127479440547,-1.5024975950629071,0.6853140895367787,2.0517727173235016,0.10641993701115407,2.114818196812059,-0.37770990434758045,0.15595337399783082,0.215605037053357,0.06891069497476694,0.022501341770193757,0.06226755809841861,0.10929200697813189,0.41755600570537726,-0.181576802379504,0.0784130451095394
12.11,3.5252883080011084,-1.5043133630867023,0.6860982199878741,2.0524523604006473,0.10576380661089176,2.114729099224908,-0.37776559733701165,0.15637172792104057,0.21544404895563546,0.0688366610662275,0.022434162880981115,0.06223749284576808,0.10917793543086382,0.417646611871289,-0.18164131408063205,0.07844005779124262
12.120000000000001,3.529464774119821,-1.5061297762275085,0.6868826205657865,2.0531312261709678,0.105108314225613,2.1146391007982634,-0.3778207665097887,0.15678978254321532,0.21528303878889982,0.06876272826976529,0.02236728366738227,0.062207497620931994,0.10906399215215373,0.4177371116720486,-0.1817057579811323,0.078467046296981
12.13,3.5336421452365414,-1.5079468338073199,0.6876672910287563,2.053809317162699,0.10445345869735122,2.114548205298694,-0.3778754131316887,0.15720753796016482,0.21512200648887592,0.06868889649030191,0.022300702972259494,0.06217757187896415,0.10895017698977473,0.41782750524652046,-0.1817701341475291,0.07849401065176417
12.14,3.5378204202890067,-1.5097645351487952,0.688452231135274,2.054486635892554,0.1037992388709052,2.1144564164765756,-0.37792953846482175,0.15762499426700133,0.2149609519914035,0.06861516563228737,0.02223441964251555,0.0621477150779473,0.10883648979149169,0.4179177927334462,-0.1818344426465544,0.07852095088049478
12.15,3.541999598216341,-1.5115828795752606,0.6892374406440789,2.0551631848657865,0.10314565359384303,2.1143637380661713,-0.3779831437676472,0.1580421515581423,0.21479987523244443,0.0685415355997053,0.02216843252908083,0.06211792667897945,0.10872293040506381,0.41800797427144404,-0.18189868354514457,0.07854786700796831
12.16,3.5461796779590555,-1.513401866410712,0.6900229193141586,2.0558389665762498,0.10249270171650596,2.1142701737857146,-0.3780362302949897,0.15845900992731302,0.21463877614809082,0.06846800629607816,0.0221027404869005,0.06208820614616026,0.10860949867824651,0.4180980499990078,-0.18196285691043684,0.07857475905887393
12.17,3.5503606584590455,-1.5152214949798164,0.6908086669047473,2.05651398350646,0.101840382092012,2.1141757273374884,-0.37808879929805544,0.1588755694675491,0.21447765467457308,0.06839457762447244,0.0220373423749217,0.062058552946577444,0.10849619445879406,0.41818802005450595,-0.18202696280976702,0.078601627057794
12.18,3.5545425386595904,-1.517041764607914,0.6915946831753252,2.0571882381276554,0.1011886935762595,2.1140804024079065,-0.37814085202444814,0.15929183027119936,0.21431651074826782,0.0683212494875038,0.02197223705608074,0.062028966550293274,0.10838301759446228,0.4182778845761813,-0.18209100131066547,0.07862847102920491
12.19,3.558725317505352,-1.5188626746210205,0.6923809678856173,2.0578617328998567,0.10053763502793045,2.1139842026675937,-0.37819238971818486,0.15970779242992833,0.21415534430570576,0.06824802178734217,0.02190742339729033,0.0619994464303311,0.1082699679330106,0.4183676437021503,-0.18215497248085402,0.07865529099747695
12.200000000000001,3.5629089939423735,-1.5206842243458292,0.6931675207955921,2.058534470271928,0.0998872053084937,2.1138871317714645,-0.3782434136197121,0.1601234560347191,0.21399415528357943,0.06817489442571681,0.02184290026942685,0.061969992062661905,0.10815704532220448,0.41845729757040195,-0.1822188763882434,0.07868208698687464
12.21,3.5670935669180777,-1.5225064131097117,0.6939543416654608,2.0592064526816345,0.099237403282208,2.1137891933588024,-0.3782939249659214,0.16053882117587603,0.21383294361875077,0.06810186730392134,0.021778666547317627,0.06194060292619099,0.10804424960981775,0.41854684631879707,-0.1822827131009297,0.0787088590215571
12.22,3.5712790353812656,-1.524329240240721,0.6947414302556764,2.0598776825557037,0.09858822781612489,2.1136903910533387,-0.3783439249901652,0.1609538879430275,0.2136717092482588,0.06802894032281875,0.021714721109728243,0.06191127850274461,0.10793158064363481,0.4186362900850681,-0.18234648268719153,0.07873560712557792
12.23,3.575465398282116,-1.526152705067593,0.6955287863269322,2.0605481623098822,0.09793967778009151,2.1135907284633295,-0.37839341492227246,0.16136865642512882,0.213510452109327,0.06795611338284634,0.02165106283934988,0.06188201827705672,0.10781903827145306,0.41872562900681787,-0.18241018521548688,0.07876233132288608
12.24,3.5796526545721843,-1.5279768069197477,0.6963164096401611,2.0612178943489954,0.09729175204675314,2.1134902091816348,-0.37844239598856416,0.1617831267104649,0.21334917213937085,0.0678833863840206,0.021587690622786676,0.06185282173675577,0.1077066223410852,0.4188148632215191,-0.1824738207544502,0.07878903163732548
12.25,3.5838408032043994,-1.5298015451272922,0.6971042999565343,2.061886881067005,0.09664444949155572,2.113388836785795,-0.37849086941186894,0.16219729888665332,0.21318786927600486,0.06781075922594215,0.02152460335054312,0.06182368837235152,0.10759433270036106,0.4189039928665138,-0.18253738937288955,0.07881570809263562
12.26,3.5880298431330644,-1.531626919021021,0.6978924570374607,2.062555124847066,0.09599776899274816,2.113286614838107,-0.3785388364115384,0.162611173040647,0.21302654345704997,0.06773823180780059,0.021461799917011467,0.06179461767722195,0.10748216919713036,0.4189930180790126,-0.18260089113978306,0.07884236071245196
12.27,3.5922197733138543,-1.5334529279324187,0.6986808806445852,2.0632226280615864,0.09535170943138452,2.1131835468857023,-0.3785862982034626,0.16302474925873728,0.21286519462054063,0.06766580402837924,0.021399279220459182,0.06176560914760017,0.10737013167926443,0.4190819389960938,-0.1826643261242769,0.07886898952030566
12.280000000000001,3.5964105927038155,-1.5352795711936615,0.6994695705397883,2.06388939307228,0.0947062696913261,2.11307963646062,-0.37863325600008524,0.1634380276265567,0.21270382270473176,0.06759347578605998,0.02133704016301641,0.061736662282561416,0.10725821999465882,0.41917075575470275,-0.18272769439568173,0.07889559453962454
12.290000000000001,3.6006023002613623,-1.5371068481376184,0.7002585264851846,2.0645554222302276,0.09406144865924333,2.1129748870798855,-0.3786797110104189,0.16385100822908216,0.21254242764810577,0.06752124697882794,0.021275081650663472,0.061707776584010096,0.10714643399123515,0.41925946849165174,-0.18279099602347001,0.0789221757937328
12.3,3.604794894946279,-1.5389347580978532,0.7010477482431219,2.0652207178759294,0.09341724522461757,2.1128693022455827,-0.3787256644400603,0.1642636911506377,0.21238100938937934,0.06744911750427626,0.021213402593218397,0.061678951556666854,0.10703477351694309,0.41934807734361856,-0.18285423107727336,0.07894873330585166
12.31,3.608988375719715,-1.5407633004086259,0.7018372355761804,2.0658852823393636,0.09277365827974275,2.11276288544493,-0.37877111749120507,0.16467607647489757,0.21221956786751026,0.0673770872596107,0.021152001904324473,0.06165018670805573,0.10692323841976295,0.41943658244714643,-0.18291739962687945,0.07897526709909938
12.32,3.6131827415441866,-1.5425924744048947,0.7026269882471714,2.06654911794004,0.0921306867197269,2.1126556401503533,-0.3788160713626632,0.16508816428488937,0.212058103021704,0.06730515614165429,0.021090878501437822,0.061621481548491314,0.10681182854770715,0.4195249839386426,-0.18298050174222966,0.0790017771964918
12.33,3.617377991383573,-1.544422279422317,0.7034170060191364,2.0672122269870568,0.09148832944249358,2.1125475698195624,-0.3788605272498737,0.16549995466299688,0.2118966147914204,0.06723332404685196,0.021030031305815017,0.06159283559106602,0.10670054374882292,0.41961328195437914,-0.18304353749341554,0.07902826362094247
12.34,3.6215741242031165,-1.5462527147972511,0.7042072886553458,2.0678746117791533,0.09084658534878307,2.11243867789562,-0.3789044863449193,0.16591144769096333,0.2117351031163802,0.06716159087127509,0.020969459242500717,0.06156424835163734,0.10658938387119404,0.41970147663049073,-0.18310650695067704,0.079054726395263
12.35,3.6257711389694216,-1.548083779866758,0.7049978359192984,2.0685362746047673,0.09020545334215359,2.1123289678070187,-0.3789479498365417,0.16632264344989436,0.21157356793657137,0.06708995651062598,0.02090916124031533,0.06153571934881518,0.10647834876294247,0.4197895681029749,-0.18316941018439878,0.07908116554216323
12.36,3.6299690346504514,-1.5499154739686019,0.70578864757472,2.069197217742086,0.0895649323289823,2.1122184429677504,-0.3789909189101558,0.1667335420202612,0.21141200919225553,0.06701842086024244,0.020849136231842702,0.06150724810394927,0.10636743827223127,0.41987755650769126,-0.18323224726510842,0.079107581084252
12.370000000000001,3.634167810215528,-1.551747796441253,0.7065797233855625,2.0698574434591026,0.0889250212184662,2.1121071067773802,-0.37903339474786474,0.16714414348190373,0.21125042682397424,0.06694698381510222,0.020789383153417856,0.06147883414111657,0.10625665224726573,0.419965441980361,-0.18329501826347297,0.07913397304403676
12.38,3.6383674646353317,-1.5535807466238876,0.7073710631160028,2.070516954013668,0.08828571892262287,2.1119949626211167,-0.3790753785284743,0.16755444791403376,0.21108882077255509,0.06687564526982741,0.020729900945114725,0.06145047698710876,0.10614599053629548,0.42005322465656575,-0.18335772325029717,0.07916034144392446
12.39,3.642567996881897,-1.5554143238563904,0.7081626665304421,2.0711757516535454,0.0876470243562912,2.1118820138698844,-0.37911687142750733,0.16796445539523802,0.2109271909791179,0.06680440511868886,0.02067068855073394,0.06142217617141976,0.10603545298761702,0.4201409046717479,-0.18342036229651995,0.07918668630622151
12.4,3.6467694059286146,-1.5572485274793557,0.7089545333935043,2.071833838616461,0.0870089364371319,2.111768263880393,-0.3791578746172184,0.1683741660034815,0.21076553738508075,0.06673326325561056,0.020611744917790636,0.061393931226233336,0.10592503944957496,0.420228482161209,-0.18348293547321243,0.07921300765313442
12.41,3.6509716907502265,-1.5590833568340878,0.7097466634700357,2.072491217130159,0.0863714540856279,2.1116537159952102,-0.379198389266608,0.1687835798161106,0.2106038599321658,0.06666221957417395,0.02055306899750229,0.06136574168641071,0.10581474977056429,0.4203159572601101,-0.18354544285157492,0.07923930550676972
12.42,3.655174850322828,-1.5609188112626036,0.7105390565251034,2.0731478894124518,0.08573457622508471,2.111538373542828,-0.379238416541437,0.16919269690985633,0.21044215856240528,0.06659127396762222,0.02049465974477659,0.06133760708947823,0.10570458379903193,0.42040333010347036,-0.18360788450293514,0.0792655798891348
12.43,3.6593788836238628,-1.562754890107633,0.7113317123239947,2.073803857671273,0.08509830178163061,2.111422239837736,-0.37927795760424066,0.16960151736083753,0.2102804332181473,0.0665204263288646,0.020436516118199324,0.06130952697561512,0.10559454138347886,0.4204906008261672,-0.18367026049874477,0.07929183082213756
12.44,3.6635837896321246,-1.5645915927126204,0.7121246306322161,2.0744591241047283,0.08446262968421674,2.1113053181804884,-0.379317013614343,0.17001004124456426,0.21011868384206148,0.06644967655048054,0.020378637080022313,0.06128150088764123,0.1054846223724621,0.4205777695629351,-0.18373257091057746,0.07931805832758745
12.450000000000001,3.667789567327754,-1.5664289184217262,0.7129178112154919,2.075113690901147,0.08382755886461705,2.111187611857773,-0.37935558572787087,0.17041826863594092,0.20995691037714465,0.06637902452472398,0.020321021596151363,0.06125352837100486,0.10537482661459634,0.42066483644836544,-0.18379481581012647,0.07934426242719546
12.46,3.671996215692238,-1.5682668665798274,0.7137112538397639,2.075767560239133,0.08319308825742824,2.111069124142481,-0.37939367509776784,0.17082619960926965,0.20979511276672635,0.06630847014352752,0.02026366863613424,0.061225608973770655,0.10526515395855547,0.420751801616906,-0.1838569952692016,0.07937044314257428
12.47,3.676203733708407,-1.5701054365325193,0.7145049582711896,2.076420734287615,0.08255921680006946,2.1109498582937722,-0.37943128287380823,0.17123383423825353,0.20963329095447442,0.06623801329850647,0.0202065771731487,0.06119774224660749,0.10515560425307498,0.42083866520285995,-0.18391910935972766,0.07939660049523894
12.48,3.6804121203604354,-1.5719446276261166,0.7152989242761421,2.077073215205897,0.08192594343278202,2.110829817557146,-0.3794684102026112,0.17164117259600004,0.2094714448844003,0.06616765388096309,0.020149746183990513,0.061169927742776464,0.10504617734695297,0.4209254273403858,-0.1839811581537414,0.07942273450660706
12.49,3.6846213746338394,-1.573784439207654,0.7160931516212081,2.077725005143708,0.08129326709862891,2.1107090051645057,-0.3795050582276542,0.17204821475502424,0.2093095745008645,0.06609739178189056,0.020093174649061556,0.061142165018118894,0.10493687308905254,0.42101208816349656,-0.1840431417233893,0.07944884519799941
12.5,3.6888314955154744,-1.575624870624888,0.7168876400731882,2.0783761062412527,0.08066118674349432,2.1105874243342275,-0.37954122808928703,0.17245496078725228,0.2091476797485817,0.06602722689197708,0.020036861552357902,0.06111445363104438,0.10482769132830352,0.42109864780605955,-0.18410506014092531,0.07947493259063967
12.51,3.693042481993535,-1.5774659212262974,0.7176823893990946,2.0790265206292586,0.08002970131608289,2.1104650782712255,-0.37957692092474543,0.17286141076402467,0.20898576057262616,0.06595715910160992,0.019980805881457956,0.06108679314251893,0.10471863191370359,0.42118510640179535,-0.1841669134787084,0.07950099670565537
12.52,3.697254333057553,-1.5793075903610845,0.7184773993661511,2.079676250429028,0.07939880976791908,2.1103419701670187,-0.37961213786816467,0.17326756475609964,0.20882381691843666,0.0658871883008793,0.019925006627510622,0.061059183116053094,0.10460969469432044,0.42127146408427774,-0.18422870180920026,0.07952703756407796
12.530000000000001,3.701467047698396,-1.5811498773791766,0.7192726697417918,2.080325297752484,0.07876851105334624,2.1102181031997964,-0.37964688005059316,0.17367342283365664,0.20866184873182164,0.06581731437958248,0.01986946278522349,0.061031623117690184,0.10450087951929352,0.4213577209869332,-0.18429042520496292,0.07955305518684318
12.540000000000001,3.705680624908265,-1.5829927816312261,0.7200682002936603,2.080973664702221,0.07813880412952574,2.1100934805344833,-0.37968114860000596,0.17407898506629962,0.20849985595896417,0.06574753722722758,0.01981417335285107,0.06100411271599452,0.10439218623783525,0.42144387724304,-0.1843520837386567,0.07957904959479169
12.55,3.7098950636806958,-1.5848363024686127,0.7208639907896082,2.0816213533715513,0.07750968795643587,2.1099681053228045,-0.3797149446413181,0.17448425152306057,0.20833783854642687,0.06567785673303755,0.019759137332183024,0.060976651482039713,0.10428361469923307,0.42152993298572805,-0.18441367748303797,0.07960502080866892
12.56,3.714110363010553,-1.586680439243443,0.7216600409976949,2.082268365844554,0.07688116149687074,2.109841980703351,-0.3797482692963981,0.17488922227240283,0.20817579644115675,0.06560827278595402,0.01970435372853248,0.06094923898939704,0.104175164752851,0.4216158883479784,-0.18447520651095659,0.07963096884912585
12.57,3.7183265218940327,-1.5885251913085525,0.7224563506861861,2.0829147041961225,0.07625322371643908,2.109715109801642,-0.37978112368408107,0.17529389738222467,0.20801372959048997,0.0655387852746411,0.019649821550724325,0.06092187481412381,0.10406683624813096,0.42170174346262257,-0.18453667089535386,0.07965689373671932
12.58,3.722543539328659,-1.590370558017506,0.7232529196235533,2.0835603704920103,0.0756258735835629,2.109587495730191,-0.3798135089201821,0.17569827691986264,0.20785163794215658,0.06546939408748925,0.019595539811083553,0.060894558534751814,0.10395862903459462,0.421787498462342,-0.1845980707092608,0.0796827954919123
12.59,3.7267614143132826,-1.5922165387245986,0.7240497475784724,2.0842053667888805,0.07499911006947609,2.1094591415885677,-0.3798454261175094,0.17610236095209508,0.20768952144428512,0.06540009911261901,0.01954150752542365,0.060867289732275794,0.10385054296184498,0.42187315347966803,-0.184659406025795,0.07970867413507414
12.6,3.730980145848079,-1.5940631327848565,0.7248468343198231,2.0848496951343503,0.0743729321482229,2.1093300504634627,-0.37987687638587725,0.1765061495451456,0.20752738004540724,0.06533090023788482,0.019487723713034984,0.060840067990141994,0.10374257787956795,0.42195870864698115,-0.1847206769181592,0.07973452968648129
12.61,3.7351997329345488,-1.595910339554038,0.7256441796166879,2.0854933575670382,0.07374733879665642,2.109200225428748,-0.3799078608321193,0.17690964276468654,0.20736521369446217,0.06526179735087866,0.019434187396673266,0.06081289289423673,0.10363473363753362,0.4220441640965104,-0.18478188345963908,0.07976036216631732
12.620000000000001,3.739420174575514,-1.5977581583886342,0.7264417832383511,2.0861363561166106,0.07312232899443687,2.1090696695455415,-0.37993838056010126,0.17731284067584255,0.20720302234080115,0.06519279033893381,0.019380897602547992,0.060785764032875,0.10352701008559792,0.42212951996033277,-0.18484302572360123,0.07978617159467369
12.63,3.7436414697751172,-1.5996065886458701,0.7272396449542978,2.086778692803827,0.07249790172402984,2.108938385862268,-0.37996843667073404,0.17771574334319398,0.20704080593419188,0.06512387908912852,0.01932785336031096,0.060758680996789174,0.1034194070737041,0.42221477637037363,-0.18490410378349062,0.07981195799154954
12.64,3.747863617538821,-1.601455629683705,0.7280377645342133,2.087420369640586,0.07187405597070447,2.108806377414722,-0.37999803026198636,0.1781183508307805,0.20687856442482275,0.0650550634882896,0.01927505370304479,0.060731643379117684,0.10331192445188461,0.42229993345840533,-0.18496511771282861,0.07983772137685254
12.65,3.752086616873405,-1.6033052808608332,0.7288361417479818,2.0880613886299697,0.07125079072253153,2.1086736472261283,-0.3800271624288978,0.1785206632021046,0.2067162977633071,0.0649863434229961,0.019222497667251485,0.06070465077539381,0.1032045620702619,0.42238499135604723,-0.18502606758521156,0.07986346177039928
12.66,3.7563104667869656,-1.6051555415366854,0.7296347763656859,2.0887017517662896,0.0706281049703814,2.108540198307202,-0.3800558342635912,0.1789226805201351,0.20655400590068745,0.06491771877958283,0.019170184292841026,0.060677702783534467,0.10309731977905033,0.42246995019476496,-0.18508695347430804,0.07988917919191545
12.67,3.7605351662889133,-1.6070064110714284,0.730433668157605,2.0893414610351315,0.07000599770792201,2.108406033656211,-0.38008404685528563,0.17932440284731074,0.2063916887884396,0.06484918944414397,0.01911811262311999,0.06065079900382906,0.1029901974285574,0.4225548101058706,-0.18514777545385722,0.07991487366103625
12.68,3.764760714389972,-1.608857888825967,0.7312328168942154,2.089980518413399,0.06938446793161666,2.1082711562590366,-0.3801118012903088,0.17972583024554373,0.20622934637847667,0.0647807553025366,0.019066281704780207,0.06062393903892838,0.10288319486918515,0.42263957122052137,-0.1852085335976667,0.07994054519730691
12.69,3.7689871101021772,-1.6107099741619437,0.7320322223461885,2.090618925869359,0.06876351464072177,2.108135569089231,-0.38013909865210954,0.18012696277622325,0.2060669786231531,0.06471241624038417,0.01901469058788745,0.06059712249383356,0.10277631195143212,0.4227242336697202,-0.18526922797961085,0.07996619382018277
12.700000000000001,3.7732143524388744,-1.6125626664417398,0.7328318842843903,2.091256685362684,0.06814313683728457,2.1079992751080803,-0.38016594002127035,0.18052780050021916,0.20590458547526858,0.06464417214307998,0.018963338325870136,0.06057034897588504,0.10266954852589377,0.4228087975843143,-0.18532985867362808,0.0799918195490303
12.71,3.7774424404147173,-1.6144159650284762,0.7336318024798806,2.091893798844497,0.06752333352614072,2.1078622772646605,-0.38019232647551987,0.18092834347788542,0.20574216688807195,0.06457602289579069,0.018912223975508076,0.06054361809475161,0.10256290444326444,0.42289326309499575,-0.18539042575372,0.08001742240312662
12.72,3.7816713730456675,-1.6162698692860133,0.7344319767039118,2.092530268257415,0.06690410371491183,2.107724578495899,-0.38021825908974505,0.18132859176906377,0.20557972281526504,0.0645079683834597,0.018861346596921267,0.060516929462419475,0.10245637955433876,0.42297763033230024,-0.1854509292939487,0.08004300240166061
12.73,3.7859011493489905,-1.6181243785789527,0.7352324067279284,2.093166095535591,0.06628544641400289,2.1075861817266324,-0.3802437389360035,0.18172854543308734,0.20541725321100632,0.06444000849081052,0.01881070525355868,0.060490282693181394,0.10234997371001293,0.42306189942660744,-0.185511369368435,0.08006855956373296
12.74,3.7901317683432567,-1.6199794922726372,0.7360330923235657,2.0938012826047583,0.06566736063659967,2.107447089869665,-0.38026876708353574,0.18212820452878417,0.2052547580299147,0.06437214310235025,0.018760299012187124,0.06046367740362583,0.10224368676128587,0.42314607050814007,-0.1855717460513568,0.08009409390835677
12.75,3.7943632290483382,-1.6218352097331508,0.7368340332626493,2.0944358313822713,0.06504984539866605,2.1073073058258265,-0.3802933445987774,0.1825275691144809,0.2050922372270731,0.06430437210237278,0.01871012694288009,0.06043711321262616,0.1021375185592606,0.4232301437069637,-0.18563205941694708,0.08011960545445772
12.76,3.7985955304854078,-1.6236915303273203,0.7376352293171938,2.09506974377715,0.06443289971894124,2.10716683248403,-0.3803174725453711,0.1829266392480063,0.20492969075803208,0.06423669537496225,0.01866018811900668,0.06041058974132994,0.10203146895514566,0.4233141191529863,-0.18569230953949198,0.08014509422087453
12.77,3.8028286716769375,-1.6255484534227151,0.7384366802594026,2.0957030216901207,0.06381652261893693,2.107025672721329,-0.38034115198417884,0.18332541498669505,0.2047671185788133,0.06416911280399627,0.018610481617220526,0.06038410661314819,0.10192553780025614,0.4233979969759579,-0.18575249649332934,0.08017056022635964
12.780000000000001,3.807062651646697,-1.6274059783876484,0.7392383858616661,2.096335667013658,0.06320071312293442,2.1068838294029755,-0.38036438397329353,0.18372389638739114,0.20460452064591306,0.06410162427314922,0.018561006517448755,0.060357663453744735,0.10181972494601527,0.42348177730547065,-0.1858126203528461,0.0801960034895791
12.790000000000001,3.811297469419752,-1.6292641045911769,0.7400403458965619,2.096967681632027,0.06258547025798164,2.1067413053824753,-0.3803871695680512,0.18412208350645165,0.2044418969163056,0.06403422966589548,0.018511761902880997,0.06033125989102559,0.10171403024395562,0.4235654602709577,-0.1858726811924774,0.08022142402911331
12.8,3.8155331240224615,-1.6311228314031017,0.740842560136853,2.0975990674213243,0.06197079305389012,2.106598103501646,-0.3804095098210428,0.18451997639975035,0.20427924734744654,0.06396692886551264,0.0184627468599584,0.060304895555128406,0.10160845354572005,0.42364904600169345,-0.1859326790867042,0.08024682186345744
12.81,3.819769614482478,-1.6329821581939687,0.7416450283554876,2.0982298262495185,0.06135668054323188,2.106454226590671,-0.38043140578212603,0.18491757512268134,0.20411657189727617,0.06389972175508478,0.018413960478362704,0.06027857007841192,0.10150299470306308,0.4237325346267927,-0.18599261411005183,0.08027219701102171
12.82,3.824006939828746,-1.6348420843350693,0.7424477503255978,2.0988599599764917,0.060743131761336285,2.106309677468158,-0.38045285849843685,0.18531487973016272,0.20395387052422262,0.06383260821750553,0.01836540185100531,0.060252283095445475,0.10139765356785234,0.42381592627521103,-0.18605248633708812,0.08029754949013199
12.83,3.8282450990914985,-1.6367026091984402,0.7432507258204991,2.0994894704540807,0.06013014574628679,2.106164458941192,-0.38047386901440144,0.1857118902766402,0.2037911431872051,0.06376558813548128,0.01831707007401643,0.06022603424299859,0.10129242999206921,0.42389922107574357,-0.18611229584242184,0.08032287931902983
12.84,3.832484091302256,-1.6385637321568645,0.7440539546136894,2.1001183595261166,0.05951772153891768,2.1060185738053914,-0.3804944383717477,0.18610860681609073,0.203628389845637,0.06369866139153431,0.01826896424673422,0.06019982316003055,0.10118732382781083,0.42398241915702534,-0.18617204270070095,0.08034818651587308
12.85,3.836723915493826,-1.6404254525838715,0.7448574364788482,2.1007466290284644,0.05890585818281067,2.105872024844964,-0.3805145676095166,0.18650502940202623,0.20346561045942904,0.06363182786800588,0.01822108347169397,0.06017364948768005,0.1010823349272904,0.42406552064753084,-0.1862317269866103,0.08037347109873647
12.86,3.8409645707003013,-1.6422877698537377,0.7456611711898355,2.1013742807890643,0.058294554724291535,2.1057248148327603,-0.38053425776407407,0.18690115808749722,0.20330280498899217,0.06356508744705927,0.018173426854617328,0.06014751286925489,0.1009774631428389,0.4241485256755734,-0.18629134877487094,0.0803987330856117
12.870000000000001,3.845206055957057,-1.6441506833414865,0.7464651585206916,2.10200131662797,0.05768381021242662,2.1055769465303276,-0.3805535098691221,0.18729699292509644,0.20313997339524062,0.06349844001068292,0.01812599350440154,0.0601214129502217,0.10087270832690594,0.42423143436930505,-0.18635090814023791,0.08042397249440819
12.88,3.84944837030075,-1.6460141924228888,0.7472693982456357,2.102627738357389,0.05707362369901929,2.105428422687964,-0.38057232495571036,0.1876925339669626,0.20297711563959484,0.06343188544069335,0.018078782533108743,0.0600953493781957,0.10076807033206105,0.4243142468567164,-0.18641040515749885,0.08044918934295318
12.89,3.853691512769317,-1.6478782964744638,0.7480738901390652,2.103253547781722,0.05646399423860636,2.105279246044774,-0.3805907040522473,0.18808778126478395,0.20281423168398424,0.06336542361873826,0.018031793055955245,0.06006932180293056,0.10066354901099472,0.4243969632656361,-0.18646983990147184,0.08047438364899216
12.9,3.8579354824019734,-1.6497429948734785,0.7488786339755551,2.1038787466975997,0.05585492088845443,2.1051294193287187,-0.3806086481845116,0.18848273486980208,0.20265132149085016,0.06329905442629946,0.017985024191300908,0.06004332987630818,0.10055914421651958,0.42447958372373046,-0.18652921244700443,0.08049955543018966
12.91,3.8621802782392107,-1.6516082869979485,0.749683629529857,2.104503336893925,0.055246402708556186,2.1049789452566716,-0.3806261583756632,0.18887739483281543,0.20248838502314853,0.06323277774469585,0.017938475060638486,0.060017373252328664,0.10045485580157128,0.4245621083585034,-0.18658852286897173,0.08052470470412915
12.92,3.866425899322796,-1.6534741722266382,0.7504888765768983,2.105127320151909,0.054638438761626634,2.1048278265344695,-0.38064323564625463,0.18927176120418315,0.2023254222443526,0.06316659345508635,0.01789214478858306,0.059991451587100224,0.10035068361920967,0.42464453729729607,-0.18664777124227497,0.0805498314883138
12.93,3.8706723446957687,-1.6553406499390608,0.7512943748917815,2.1057506982451093,0.05403102811309929,2.1046760658569665,-0.380659881014242,0.1896658340338286,0.20216243311845564,0.06310050143847283,0.017846032502861448,0.059965564538829154,0.10024662752261988,0.42472687066728654,-0.1867069576418399,0.0805749358001667
12.94,3.8749196134024415,-1.6572077195154793,0.7521001242497832,2.1063734729394694,0.05342416983112229,2.1045236659080855,-0.3806760954949959,0.1900596133712432,0.20199941760997353,0.06303450157570298,0.017800137334301698,0.059939711767809885,0.10014268736511375,0.42480910859548954,-0.18676608214261475,0.08060001765703152
12.950000000000001,3.8791677044883963,-1.6590753803369054,0.7529061244263535,2.1069956459933556,0.0528178629865545,2.104370629360869,-0.38069188010131283,0.19045309926548992,0.20183637568394727,0.06296859374747317,0.017754458416822567,0.059913892936415025,0.10003886300012985,0.42489125120875626,-0.18682514481956977,0.08062507707617247
12.96,3.883416617000484,-1.6609436317851012,0.7537123751971152,2.1076172191575946,0.052212106652961505,2.1042169588775335,-0.38070723584342553,0.19084629176520715,0.20167330730594557,0.06290277783433136,0.017708994887423064,0.05988810770908548,0.09993515428123553,0.42497329863377387,-0.18688414574769452,0.08065011407477533
12.97,3.8876663499868216,-1.6628124732425782,0.754518876337863,2.108238194175511,0.05160689990661161,2.1040626571095173,-0.38072216372901424,0.19123919091861227,0.2015102124420673,0.06283705371667984,0.01766374588617201,0.05986235575232059,0.09983156106212739,0.4250552509970653,-0.1869430850019974,0.08067512866994729
12.98,3.891916902496792,-1.6646819040925982,0.7553256276245625,2.108858572782964,0.05100224182647174,2.103907726697535,-0.3807366647632174,0.19163179677350536,0.20134709105894386,0.06277142127477811,0.017618710556197625,0.05983663673466832,0.09972808319663255,0.4251371084249894,-0.18700196265750363,0.08070012087871781
12.99,3.896168273581042,-1.6665519237191733,0.7561326288333496,2.1094783567083852,0.05039813149420333,2.1037521702716258,-0.38075073994864234,0.1920241093772729,0.2011839431237416,0.06270588038874561,0.017573888043677165,0.05981095032671551,0.09962472053870917,0.42521887104374007,-0.1870607787892534,0.0807250907180387
13.0,3.9004204622914793,-1.6684225315070658,0.75693987974053,2.110097547672815,0.04979456799415813,2.1035959904512054,-0.3807643902853762,0.19241612877689143,0.20102076860416412,0.06264043093856449,0.01752927749782657,0.05978529620107813,0.09952147294244815,0.42530053897934644,-0.18711953347230134,0.08075003820478474
13.01,3.9046734676812727,-1.6702937268417888,0.7577473801225778,2.110716147389939,0.049191550413374,2.103439189845115,-0.3807776167709962,0.19280785501893125,0.20085756746845457,0.06257507280408237,0.017484878070890154,0.05975967403239158,0.09941834026207313,0.42538211235767226,-0.18717822678171447,0.08077496335575392
13.02,3.908927288804849,-1.672165509109606,0.7585551297561354,2.1113341575661235,0.04858907784157063,2.1032817710516727,-0.3807904204005806,0.19319928814956008,0.20069433968539782,0.06250980586501503,0.017440688918130318,0.05973408349730107,0.09931532235194247,0.42546359130441624,-0.18723685879257077,0.08079986618766807
13.030000000000001,3.913181924717893,-1.6740378776975315,0.759363128418012,2.111951579900453,0.047987149371145205,2.103123736658722,-0.380802802166719,0.1935904282145468,0.2005310852243227,0.062444630000949145,0.01739670919781731,0.05970852427445198,0.09921241906654944,0.4255449759451112,-0.18729542957995804,0.08082474671717318
13.040000000000001,3.9174373744773443,-1.6759108319933311,0.7601713758851838,2.1125684160847644,0.047385764097168076,2.1029650892436815,-0.38081476305952294,0.19398127525926512,0.20036780405510413,0.0623795450913449,0.01735293807121901,0.05968299604448033,0.0991096302605234,0.42562626640512413,-0.18735393921897245,0.08084960496083991
13.05,3.9216936371413955,-1.677784371385521,0.7609798719347922,2.1131846678036843,0.04678492111737832,2.1028058313735944,-0.38082630406663626,0.19437182932869715,0.2002044961481652,0.0623145510155387,0.017309374702590728,0.05965749849000322,0.09900695578863063,0.425707462809656,-0.18741238778471675,0.08087444093516376
13.06,3.925950711769492,-1.6796584952633682,0.7617886163441439,2.1138003367346636,0.04618461953217931,2.102645965605177,-0.3808374261732454,0.19476209046743725,0.20004116147447926,0.06224964765274578,0.017266018259165048,0.05963203129560937,0.09890439550577543,0.42578856528374137,-0.18747077535229947,0.08089925465656554
13.07,3.9302085974223293,-1.6815332030168912,0.7625976088907095,2.1144154245480125,0.04558485844463418,2.1024854944848674,-0.3808481303620899,0.19515205871969563,0.1998778000055718,0.06218483488206282,0.017222867911141724,0.05960659414784965,0.0988019492670008,0.4258695739522484,-0.18752910199683304,0.08092404614139218
13.08,3.934467293161852,-1.6834084940368597,0.7634068493521234,2.115029932906936,0.04498563696046133,2.102324420548874,-0.38085841761347267,0.195541734129302,0.19971441171352253,0.06212011258247054,0.017179922831677567,0.05958118673522767,0.09869961692748919,0.42595048893987847,-0.18758736779343302,0.08094881540591663
13.09,3.938726798051251,-1.685284367714794,0.7642163375061826,2.1156438634675685,0.04438695418802982,2.102162746323222,-0.3808682889052698,0.1959311167397093,0.1995509965709673,0.062055480632836266,0.017137182196876388,0.059555808748190456,0.0985973983425638,0.42603131037116587,-0.18764557281721628,0.08097356246633844
13.1,3.9429871111549626,-1.687160823442966,0.7650260731308459,2.1162572178790082,0.043788809238354744,2.1020004743238054,-0.3808777452129413,0.19632020659399735,0.19938755455109994,0.06199093891191648,0.017094645185778967,0.05953045987911906,0.09849529336768903,0.426112038370478,-0.1877037171432997,0.08099828733878453
13.11,3.9472482315386674,-1.689037860614399,0.7658360560042338,2.116869997783352,0.04319120122509258,2.101837607056429,-0.3808867875095408,0.19670900373487654,0.19922408562767402,0.061926487298359374,0.017052310980353053,0.05950513982231932,0.09839330185847141,0.4261926730620148,-0.1877618008467993,0.08102299003930906
13.120000000000001,3.9515101582692878,-1.690915478622867,0.7666462859046269,2.1174822048157282,0.042594129264536484,2.101674147016859,-0.3808954167657257,0.1970975082046915,0.19906058977500476,0.061862125670707334,0.017010178765483396,0.05947984827401258,0.09829142367066061,0.42627321456980866,-0.18781982400282848,0.08104767058389434
13.13,3.955772890414986,-1.6927936768628953,0.7674567626104658,2.1180938406043337,0.04199759247561152,2.1015100966908706,-0.38090363394976723,0.19748572004542472,0.19889706696797074,0.06179785390739945,0.016968247728961806,0.05945458493232648,0.09818965866014981,0.42635366301772415,-0.18787778668649704,0.0810723289884508
13.14,3.960036427045163,-1.6946724547297602,0.7682674859003503,2.1187049067704646,0.041401589979869924,2.1013454585542917,-0.3809114400275604,0.1978736392987003,0.19873351718201554,0.06173367188677398,0.01692651706147725,0.05942934949728581,0.09808800668297717,0.4264340185294581,-0.18793568897290985,0.08109696526881756
13.15,3.9643007672304575,-1.6965518116194893,0.7690784555530384,2.119315404928551,0.040806120901486234,2.101180235073053,-0.3809188359626337,0.19826126600578758,0.19856994039314949,0.06166957948707081,0.01688498595660596,0.059404141670803344,0.09798646759532624,0.4265142812285393,-0.18799353093716528,0.0811215794407632
13.16,3.968565910042743,-1.698431746928861,0.7698896713474461,2.1199253366861908,0.04021118436725248,2.101014428703231,-0.38092582271615927,0.19864860020760478,0.19840633657795123,0.06160557658643389,0.016843653610801614,0.059378961156670775,0.09788504125352639,0.42659445123832795,-0.1880513126543545,0.08114617151998561
13.17,3.972831854555126,-1.7003122600554046,0.770701133062646,2.120534703644182,0.03961677950657327,2.1008480418910964,-0.3809324012469624,0.19903564194472267,0.19824270571356936,0.06154166306291363,0.016802519223385506,0.05935380766054963,0.09778372751405423,0.4266745286820162,-0.1881090341995599,0.08117074152211284
13.18,3.977098599841946,-1.7021933503974003,0.7715128404778671,2.121143507396557,0.03902290545146084,2.1006810770731588,-0.3809385725115315,0.19942239125736827,0.1980790477777239,0.061477838794469324,0.016761581996536757,0.05932868088996228,0.09768252623353407,0.42675451368262735,-0.18816669564785402,0.08119528946270325
13.19,3.9813661449787725,-1.7040750173538788,0.772324793372494,2.1217517495306146,0.03842956133653012,2.1005135366762127,-0.38094433746402756,0.1998088481854284,0.19791536274870783,0.0614141036589715,0.016720841135282574,0.05930358055428292,0.09758143726873869,0.42683440636301617,-0.18822429707429794,0.0812198153572461
13.200000000000001,3.9856344890424027,-1.7059572603246218,0.7731369915260665,2.122359431626952,0.03783674629899372,2.1003454231173815,-0.38094969705629395,0.20019501276845347,0.19775165060538857,0.0613504575342043,0.016680295847488518,0.05927850636472867,0.09748046047658998,0.4269142068458681,-0.18828183855394098,0.08124431922116195
13.21,3.9899036311108613,-1.7078400787101613,0.7739494347182782,2.122966555259498,0.03724445947865691,2.1001767388041643,-0.380954652237866,0.200580885045661,0.19758791132720943,0.06128690029786782,0.016639945343848824,0.05925345803435066,0.09737959571415997,0.42699391525370006,-0.18833932016181867,0.08126880106980303
13.22,3.9941735702633983,-1.7097234719117795,0.7747621227289762,2.123573121995546,0.03665270001791254,2.1000074861344795,-0.38095920395598043,0.2009664650559393,0.19742414489419094,0.061223431827580395,0.016599788837876727,0.05922843527802514,0.09727884283867112,0.42707353170885937,-0.1883967419729519,0.08129326091845347
13.23,3.998444305580487,-1.711607439331509,0.7755750553381607,2.1241791333957853,0.03606146706173594,2.0998376674967094,-0.380963353155585,0.20135175283785117,0.19726035128693217,0.06116005200088095,0.016559825545894843,0.059203437812444665,0.09717820170749733,0.4271530563335241,-0.1884541040623458,0.08131769878233006
13.24,4.002715836143822,-1.7134919803721325,0.7763882323259841,2.124784591014332,0.03547075975767979,2.099667285269745,-0.3809671007793478,0.20173674842963746,0.19709653048661216,0.06109676069523125,0.01652005468702556,0.059178465356109315,0.0970776721781646,0.42723248924970253,-0.18851140650498882,0.08134211467658256
13.25,4.006988161036319,-1.7153770944371824,0.7772016534727499,2.125389496398763,0.03488057725586897,2.0994963418230297,-0.38097044776766675,0.2021214518692207,0.1969326824749911,0.06103355778801818,0.016480475483181482,0.059153517629317934,0.09697725410835169,0.42731183057923394,-0.18856864937585077,0.08136650861629398
13.26,4.011261279342111,-1.7172627809309409,0.7780153185589129,2.1259938510901457,0.03429091870899534,2.0993248395166035,-0.38097339505867883,0.20250586319420877,0.19676880723441156,0.060970443156555997,0.016441087159055873,0.0591285943541594,0.09687694735589067,0.42739108044378726,-0.1886258327498827,0.08139088061648093
13.27,4.015535190146549,-1.7191490392584396,0.7788292273650778,2.1265976566230695,0.03370178327231255,2.0991527807011456,-0.3809759435882694,0.20288998244189851,0.19660490474779974,0.06090741667808855,0.016401888942113158,0.05910369525450397,0.09677675177876797,0.4274702389648618,-0.1886829567020153,0.08141523069209448
13.280000000000001,4.019809892536197,-1.72103586882546,0.7796433796719987,2.1272009145256776,0.033113170103630754,2.0989801677180187,-0.3809780942900816,0.20327380964927932,0.19644097499866658,0.06084447822979149,0.016362880062579455,0.059078820055994616,0.09667666723512434,0.42754930626378657,-0.18874002130715795,0.08143955885802018
13.290000000000001,4.024085385598835,-1.7229232690385314,0.7804577752605789,2.127803626319698,0.03252507836331135,2.0988070028993118,-0.3809798480955253,0.20365734485303674,0.19627701797110894,0.060781627688774494,0.01632405975343311,0.05905396848603842,0.09657669358325634,0.42762828246172074,-0.1887970266401974,0.08146386512907842
13.3,4.028361668423452,-1.7248112393049335,0.7812724139118697,2.128405793520474,0.03193750721426166,2.098633288567883,-0.3809812059337864,0.20404058808955616,0.19611303364981067,0.06071886493208339,0.01628542725039529,0.05902914027379803,0.09647683068161628,0.4277071676796531,-0.18885397277599708,0.0814881495200251
13.31,4.032638740100248,-1.7266997790326934,0.78208729540707,2.1290074176369953,0.03135045582192958,2.098459027037402,-0.3809821687318359,0.20442353939492627,0.19594902202004363,0.06065618983670236,0.016246981791920596,0.05900433515018308,0.0963770783888133,0.4277859620384019,-0.1889108597893956,0.08151241204555189
13.32,4.036916599720632,-1.7285888876305875,0.7829024195275255,2.129608500171927,0.030763923354298225,2.098284220612394,-0.3809827374144388,0.2048061988049428,0.19578498306766876,0.060593602279556076,0.016208722619187706,0.05897955284784175,0.09627743656361386,0.42786466565861536,-0.18896768775520567,0.08153665272028675
13.33,4.041195246377218,-1.7304785645081395,0.7837177860547283,2.130209042621642,0.030177908981880535,2.0981088715882787,-0.38098291290416336,0.20518856635511204,0.19562091677913704,0.06053110213751182,0.016170648976090045,0.05895479310115227,0.09617790506494227,0.42794327866077064,-0.1890244567482142,0.08156087155879417
13.34,4.045474679163826,-1.7323688090756217,0.7845333947703163,2.130809046476249,0.029592411877713852,2.097932982251415,-0.38098269612138996,0.20557064208065443,0.1954568231414904,0.06046868928738157,0.01613276010922649,0.0589300556462145,0.09607848375188104,0.4280218011651743,-0.18908116684317963,0.08158506857557603
13.35,4.049754897175478,-1.7342596207440535,0.785349245456072,2.131408513219624,0.029007431217354468,2.097756554879142,-0.3809820879843198,0.20595242601650812,0.19529270214236275,0.06040636360592413,0.01609505526789211,0.05890534022084154,0.09597917248367223,0.42810023329196223,-0.18913781811483188,0.08160924378507106
13.36,4.054035899508397,-1.7361509989252017,0.7861653378939227,2.13200744432944,0.028422966178872165,2.097579591739821,-0.38098108940898406,0.2063339181973326,0.19512855376998073,0.06034412496984718,0.01605753370406892,0.05888064656455139,0.09587997111971723,0.4281785751610994,-0.18919441063787118,0.0816333972016565
13.370000000000001,4.0583176852600085,-1.7380429430315805,0.7869816718659393,2.1326058412771953,0.027839015942844703,2.0974020950928742,-0.3809797013092525,0.20671511865751221,0.19496437801316466,0.06028197325580935,0.016020194672416686,0.058855974418558624,0.0957808795195778,0.42825682689238,-0.1892509444869669,0.08165752883964751
13.38,4.062600253528932,-1.73993545247645,0.7877982471543358,2.1332037055282442,0.027255579692352323,2.09722406718883,-0.3809779245968424,0.20709602743115976,0.19480017486132925,0.060219908340422235,0.015983037430263736,0.05883132352576612,0.0956818975429765,0.4283349886054266,-0.18930741973675713,0.081681638713298
13.39,4.066883603414986,-1.7418285266738176,0.7886150635414687,2.133801038541826,0.026672656612972176,2.09704551026936,-0.38097576018132695,0.20747664455212,0.19463594430448453,0.06015793010025246,0.015946061237597824,0.05880669363075681,0.09558302504979733,0.4284130604196914,-0.18936383646184662,0.081705726836801
13.4,4.071167734019183,-1.743722165038436,0.7894321208098367,2.134397841771093,0.026090245892772774,2.0968664265673223,-0.38097320897014436,0.20785697005397324,0.19447168633323644,0.06009603841182365,0.01590926535705701,0.05878208447978544,0.09548426190008585,0.4284910424544547,-0.18942019473680724,0.08172979322428896
13.41,4.075452644443728,-1.745616366985804,0.7902494187420797,2.134994116663142,0.025508346722308388,2.0966868183068,-0.3809702718686062,0.2082370039700389,0.19430740093878768,0.06003423315161844,0.015872649053920572,0.05875749582077045,0.09538560795405057,0.428568934828826,-0.18947649463617558,0.08175383788983435
13.42,4.079738333792016,-1.7475111319321657,0.791066957120978,2.13558986465904,0.024926958294613447,2.096506687703143,-0.3809669497799061,0.20861674633337896,0.1941430881129383,0.059972514196080455,0.015836211596099947,0.058732927403285805,0.09528706307206247,0.4286467376617432,-0.1895327362344531,0.08177786084744997
13.43,4.084024801168634,-1.7494064592945102,0.7918847357294525,2.136185087193854,0.0243460798051969,2.0963260369630063,-0.380963243605128,0.20899619717680162,0.19397874784808639,0.05991088142161626,0.01579995225412971,0.05870837897855287,0.0951886271146564,0.4287244510719729,-0.1895889196061047,0.08180186211108932
13.44,4.088312045679354,-1.7513023484905712,0.7927027543505634,2.1367797856966813,0.02376571045203655,2.0961448682843917,-0.3809591542432552,0.2093753565328647,0.1938143801372287,0.059849334704597315,0.015763870301158566,0.05868385029943238,0.09509029994253074,0.42880207517811,-0.18964504482555766,0.08182584169464695
13.450000000000001,4.092600066431135,-1.7531987989388267,0.7935210127675099,2.1373739615906744,0.023185849435573395,2.0959631838566852,-0.38095468259117826,0.20975422443387923,0.1936499849739613,0.05978787392136189,0.01572796501294039,0.05865934112041637,0.09499208141654902,0.4288796100985781,-0.1897011119672016,0.08184979961195905
13.46,4.096888862532121,-1.7550958100584988,0.7943395107636294,2.1379676162930714,0.022606495958705917,2.0957809858606984,-0.3809498295437036,0.2101328009119129,0.19348556235248,0.05972649894821699,0.015692235667825283,0.05863485119762021,0.09489397139773917,0.4289570559516291,-0.1897571211053862,0.08187373587680365
13.47,4.101178433091637,-1.7569933812695526,0.7951582481223974,2.138560751215224,0.022027649226784372,2.0955982764687064,-0.38094459599356195,0.2105110859987936,0.19332111226758095,0.05966520966144025,0.015656681546750668,0.05861038028877459,0.09479596974729489,0.4290344128553433,-0.18981307231442143,0.08189765050290125
13.48,4.1054687772201905,-1.7588915119926969,0.7959772246274265,2.1391533677626238,0.02144930844760506,2.095415057844487,-0.38093898283141653,0.21088907972611295,0.19315663471466119,0.05960400593728181,0.015621301933232402,0.05858592815321765,0.0946980763265758,0.4291116809276291,-0.18986896566857622,0.08192154350391491
13.49,4.109759894029467,-1.7607902016493826,0.7967964400624656,2.139745467334931,0.02087147283140456,2.0952313321433595,-0.38093299094587135,0.21126678212522973,0.19299212968971904,0.0595428876519662,0.015586096113355931,0.058561494551887014,0.09460029099710786,0.42918886028622344,-0.18992480124207758,0.0819454148934511
13.5,4.1140517826323295,-1.7626894496618033,0.7976158942114001,2.140337051326003,0.020294141590853958,2.095047101512223,-0.3809266212234794,0.21164419322727338,0.1928275971893546,0.05948185468169417,0.015551063375767464,0.05853707924731198,0.09450261362058399,0.4292659510486913,-0.18998057910911,0.08196926468505943
13.51,4.118344442142816,-1.7645892554528944,0.7984355868582507,2.1409281211239186,0.01971731394105307,2.0948623680895953,-0.380919874548751,0.21202131306314742,0.1926630372107701,0.059420906902644524,0.01551620301166518,0.05851268200360567,0.09440504405886423,0.4293429533324258,-0.1900362993438145,0.08199309289223396
13.52,4.12263787167614,-1.7664896184463326,0.799255517787173,2.1415186781110083,0.019140989099524615,2.09467713400565,-0.38091275180416156,0.21239814166353302,0.19249844975177036,0.05936004419097597,0.01548151431479047,0.058488302586457215,0.09430758217397672,0.4294198672546484,-0.19009196202028722,0.08201689952841257
13.530000000000001,4.126932070348687,-1.7683905380665355,0.8000756867824571,2.1421087236638794,0.018565166286208398,2.0944914013822555,-0.38090525387016005,0.21277467905889236,0.19233383481076305,0.0592992664228289,0.015446996581419193,0.05846394076312403,0.09421022782811772,0.42949669293240844,-0.19014756721257942,0.08204068460697823
13.540000000000001,4.131227037278011,-1.7702920137386613,0.8008960936285269,2.142698259153444,0.01798984472345547,2.0943051723330117,-0.38089738162517683,0.21315092527947213,0.19216919238675909,0.059238573474327184,0.015412649110352982,0.05843959630242404,0.09411298088365178,0.42957343048258334,-0.19020311499469642,0.082064448141259
13.55,4.135522771582837,-1.7721940448886082,0.8017167381099395,2.1432872859449446,0.017415023636022268,2.0941184489632887,-0.3808891359456318,0.21352688035530698,0.1920045224793729,0.05917796522157997,0.015378471202910554,0.058415268974728034,0.09401584120311313,0.4296500800218787,-0.19025860544059628,0.08208819014452841
13.56,4.139819272383056,-1.7740966309430142,0.8025376200113847,2.1438758053979825,0.016840702251064738,2.093931233370263,-0.3808805177059421,0.21390254431622288,0.19183982508882275,0.05911744154068341,0.015344462162919074,0.058390958551951956,0.09391880864920497,0.4297266416668284,-0.19031403862418966,0.08211191063000577
13.57,4.144116538799724,-1.7759997713292561,0.8033587391176847,2.144463818866542,0.016266879798132444,2.093743527642955,-0.3808715277785304,0.21427791719184064,0.19167510021593082,0.059057002307722435,0.015310621296705525,0.05836666480754931,0.09382188308480055,0.42980311553379363,-0.19036941461933865,0.08213560961085695
13.58,4.1484145699550625,-1.7779034654754495,0.8041800952137933,2.1450513276990186,0.01569355550916267,2.093555333862266,-0.3808621670338324,0.21465299901157928,0.19151034786212362,0.05899664739877248,0.015276947913088125,0.058342387516503544,0.09372506437294342,0.4298795017389642,-0.19042473349985603,0.08215928710019442
13.59,4.152713364972453,-1.7798077128104481,0.8050016880847952,2.1456383332382436,0.015120728618474492,2.093366654101015,-0.3808524363403049,0.2150277898046594,0.19134556802943206,0.058936376689901204,0.015243441323367765,0.05831812645532048,0.0936283523768478,0.42995580039835773,-0.1904799953395046,0.08218294311107784
13.6,4.1570129229764365,-1.7817125127638431,0.805823517515906,2.146224836821511,0.014548398362762857,2.0931774904239755,-0.38084233656443356,0.21540228960010663,0.19118076072049162,0.05887619005717019,0.01521010084131947,0.058293881402020804,0.09353174695989894,0.43003201162781973,-0.19053520021199633,0.0822065776565143
13.61,4.161313243092715,-1.783617864765963,0.8066455832924712,2.146810839780603,0.01397656398109262,2.0929878448879102,-0.38083186857074053,0.215776498426755,0.19101592593854252,0.05881608737663664,0.015176925783183895,0.05826965213613256,0.09343524798565346,0.4301081355430238,-0.19059034819099166,0.08223019074945867
13.620000000000001,4.1656143244481445,-1.785523768247873,0.8074678851999657,2.1473963434418164,0.013405224714892593,2.0927977195416094,-0.3808210332217923,0.21615041631325038,0.1908510636874298,0.05875606852435506,0.015143915467658857,0.058245438438683676,0.09333885531783986,0.4301841722594714,-0.19064543935009864,0.08225378240281436
13.63,4.169916166170739,-1.787430222641374,0.8082904230239939,2.147981349125987,0.01283437980794957,2.092607116425926,-0.3808098313782072,0.21652404328805375,0.19068617397160337,0.058696133376378905,0.015111069215890876,0.05822124009219453,0.09324256882035872,0.43026012189249213,-0.19070047376287208,0.08227735262943316
13.64,4.1742187673896645,-1.7893372273790027,0.8091131965502882,2.1485658581485154,0.01226402850640234,2.0924160375738103,-0.3807982638986632,0.21689737937944464,0.19052125679611812,0.058636281808762236,0.01507838635146676,0.05819705688067056,0.09314638835728321,0.43033598455724337,-0.19075545150281337,0.08230090144211617
13.65,4.178522127235237,-1.791244781894031,0.8099362055647094,2.149149871819393,0.011694170058735688,2.0922244850103473,-0.38078633163990544,0.21727042461552448,0.19035631216663393,0.058576513697561367,0.015045866200405216,0.058172888589594886,0.09305031379285916,0.4304117603687104,-0.1908103726433691,0.0823244288536138
13.66,4.182826244838924,-1.7931528856204646,0.8107594498532454,2.1497333914432266,0.011124803715774385,2.092032460752791,-0.38077403545675365,0.21764317902421987,0.19019134008941566,0.058516828918836465,0.01501350809114848,0.05814873500592097,0.09295434499150586,0.430487449441707,-0.19086523725793064,0.08234793487662623
13.67,4.1871311193333405,-1.795061537993044,0.8115829292020117,2.150316418319263,0.010555928730677164,2.0918399668106007,-0.38076137620210976,0.21801564263328604,0.19002634057133314,0.058457227348653176,0.01498131135455399,0.05812459591806532,0.09285848181781611,0.43056305189087446,-0.1909200454198331,0.08237141952380397
13.68,4.191436749852249,-1.7969707384472422,0.8124066433972498,2.150898953741414,0.009987544358930688,2.0916470051854734,-0.38074835472696533,0.2183878154703101,0.1898613136198611,0.058397708863084215,0.014949275323886069,0.05810047111590021,0.0927627241365563,0.4306385678306823,-0.19097479720235555,0.08239488280774805
13.69,4.195743135530556,-1.7988804864192658,0.8132305922253272,2.1514809989982826,0.00941964985834351,2.091453577871382,-0.38073497188040906,0.21875969756271438,0.18969625924307915,0.058338273338210934,0.014917399334807652,0.05807636039074643,0.09266707181266716,0.430713997375428,-0.19102949267871921,0.08241832474101043
13.700000000000001,4.20005027550431,-1.800790781346053,0.8140547754727373,2.152062555373185,0.008852244489040012,2.0912596868546074,-0.38072122850963397,0.21913128893775968,0.1895311774496716,0.05827892065012492,0.014885682725372038,0.05805226353536609,0.09257152471126391,0.4307893406392371,-0.19108413192208742,0.08244174533609454
13.71,4.204358168910702,-1.802701622665274,0.8148791929260982,2.152643624144177,0.008285327513454347,2.091065334113775,-0.38070712545994495,0.21950258962254873,0.18936606824892743,0.05821965067492951,0.014854124836014655,0.05802818034395544,0.0924760826976364,0.4308645977360632,-0.19113871500556473,0.08246514460545548
13.72,4.208666814888063,-1.8046130098153295,0.8157038443721528,2.1532242065840776,0.007718898196324358,2.0908705216198866,-0.38069266357476594,0.21987359964402928,0.18920093165074012,0.05816046328874138,0.014822725009544875,0.05800411061213769,0.0923807456372497,0.43093976877968826,-0.19119324200219648,0.08248852256150054
13.73,4.212976212575859,-1.8065249422353513,0.8165287295977678,2.1538043039604933,0.0071529558046854996,2.0906752513363576,-0.3806778436956472,0.22024431902899755,0.18903576766560742,0.05810135836769202,0.014791482591137838,0.05798005413695595,0.09228551339574435,0.4310148538837222,-0.19124771298496762,0.08251187921658935
13.74,4.217286361114697,-1.808437419365201,0.8173538483899336,2.1543839175358417,0.006587499607864745,2.090479525219048,-0.38066266666227255,0.2206147478041014,0.18887057630463125,0.05804233578792931,0.014760396928326319,0.05795601071686609,0.0921903858389364,0.43108985316160314,-0.1913021280268025,0.08253521458303459
13.75,4.2215972596463125,-1.8103504406454691,0.818179200535764,2.1549630485673767,0.006022528877474481,2.0902833452162977,-0.3806471333124665,0.22098488599584362,0.18870535757951742,0.05798339542561897,0.014729467370992604,0.05793198015172971,0.09209536283281776,0.4311647667265973,-0.19135648720056425,0.08255852867310205
13.76,4.2259089073135785,-1.8122640055174748,0.819004785822495,2.1555416983072107,0.005458042887406404,2.0900867132689593,-0.3806312444822016,0.22135473363058522,0.18854011150257546,0.057924537156946086,0.014698693271360417,0.057907962242807115,0.09200044424355668,0.43123959469179934,-0.19141079057905408,0.08258182149901115
13.77,4.230221303260496,-1.8141781134232653,0.8198306040374851,2.156119868002339,0.004894040913825398,2.089889631310433,-0.38061500100560514,0.2217242907345486,0.18837483808671826,0.057865760858116566,0.014668073983986852,0.05788395679275031,0.09190562993749803,0.43131433717013223,-0.19146503823501027,0.08260509307293554
13.780000000000001,4.234534446632197,-1.8160927638056155,0.8206566549682145,2.1566975588946633,0.004330522235163409,2.0896921012666985,-0.3805984037149666,0.22209355733382086,0.1882095373454619,0.05780706640535862,0.014637608865754348,0.057859963605596046,0.09181091978116303,0.431388994274347,-0.19151923024110787,0.08262834340700283
13.790000000000001,4.23884833657494,-1.8180079561080265,0.8214829384022845,2.1572747722210157,0.003767486132113317,2.0894941250563477,-0.3805814534407446,0.22246253345435696,0.18804420929292523,0.057748453674924205,0.014607297275862683,0.057835982486758884,0.09171631364125023,0.4314635661170236,-0.1915733666699583,0.08265157251329566
13.8,4.24316297223611,-1.819923689774726,0.8223094541274174,2.1578515092131805,0.0032049318876227893,2.089295704590619,-0.3805641510115737,0.22283121912198298,0.18787885394382967,0.05768992254309048,0.014577138575820997,0.05781201324302429,0.09162181138463515,0.4315380528105698,-0.19162744759410835,0.08267478040385175
13.81,4.247478352764216,-1.821839964250667,0.8231362019314559,2.1584277710979185,0.0026428587868881403,2.0890968417734292,-0.38054649725427153,0.22319961436239927,0.18771347131349878,0.0576314728861612,0.014547132129439842,0.057788055682541764,0.09152741287837095,0.4316124544672223,-0.19168147308603972,0.08269796709066418
13.82,4.251794477308889,-1.8237567789815274,0.8239631816023625,2.1590035590969894,0.0020812661173481737,2.088897538501406,-0.3805284929938456,0.22356771920118373,0.1875480614178579,0.057573104580468194,0.014517277302823262,0.057764109614817996,0.09143311798968863,0.43168677119904614,-0.19173544321816854,0.08272113258568205
13.83,4.256111345020879,-1.8256741334137092,0.8247903929282193,2.1595788744271758,0.001520153168678026,2.0886977966639204,-0.3805101390535003,0.2239355336637949,0.18738262427343377,0.05751481750237269,0.014487573464360894,0.05774017485071006,0.09133892658599667,0.43176100311793514,-0.19178935806284447,0.08274427690081045
13.84,4.260428955052059,-1.8275920269943378,0.8256178356972275,2.160153718300304,0.0009595192327829996,2.0884976181431196,-0.38049143625464354,0.22430305777557522,0.18721715989735413,0.05745661152826677,0.014458019984720107,0.05771625120241862,0.09124483853488212,0.43183515033561176,-0.19184321769235052,0.08276740004791132
13.85,4.264747306555415,-1.8295104591712612,0.8264455096977066,2.1607280919232683,0.00039936360379239327,2.088297004813958,-0.3804723854168939,0.22467029156175405,0.18705166830734724,0.05739848653457473,0.01442861623683815,0.05769233848348117,0.09115085370411027,0.43190921296362694,-0.19189702217890234,0.0827905020388032
13.86,4.269066398685051,-1.8314294293930502,0.8272734147180946,2.1613019964980533,-0.00016031442194667427,2.08809595854423,-0.38045298735808686,0.22503723504745105,0.18688614952174148,0.057340442397754446,0.014399361595914343,0.057668436508765325,0.091056971961625,0.4319831911133607,-0.19195077159464743,0.0828135828852623
13.870000000000001,4.273386230596184,-1.8333489371089966,0.8281015505469472,2.1618754332217556,-0.0007195155458754454,2.0878944811946005,-0.38043324289428204,0.22540388825767907,0.1867206035594649,0.05728247899429873,0.01437025543940229,0.05764454509446214,0.09096319317554893,0.4320570848960219,-0.1920044660116649,0.08283664259902221
13.88,4.277706801445144,-1.8352689817691132,0.8289299169729375,2.1624484032866063,-0.001278240467229709,2.087692574618639,-0.3804131528397697,0.22577025121734745,0.18655503044004465,0.05722459620073668,0.014341297147002113,0.0576206640580794,0.09086951721418365,0.4321308944226482,-0.1920581055019644,0.0828596811917747
13.89,4.282028110389371,-1.8371895628241328,0.8297585137848552,2.1630209078799933,-0.0018364898830459909,2.0874902406628477,-0.3803927180070772,0.22613632395126512,0.18638943018360646,0.05716679389363501,0.01431248610065272,0.05759679321843502,0.0907759439460101,0.4322046198041064,-0.19211169013748658,0.08288269867516988
13.9,4.286350156587412,-1.8391106797255077,0.8305873407716069,2.1635929481844838,-0.0023942644881677477,2.087287481166695,-0.38037193920697593,0.22650210648414362,0.1862238028108742,0.05710907194959936,0.014283821684524092,0.057572932395650436,0.09068247323968845,0.43227826115109225,-0.19216521999010142,0.08290569506081664
13.91,4.290672939198923,-1.8410323319254087,0.8314163977222151,2.164164525377845,-0.0029515649752515642,2.087084297962645,-0.38035081724848774,0.22686759884060032,0.18605814834316925,0.057051430245275654,0.01425530328500961,0.057549081411144,0.09058910496405838,0.4323518185741308,-0.19221869513160847,0.08292867036028283
13.92,4.294996457384665,-1.842954518876725,0.8322456844258179,2.1647356406330673,-0.003508392034773357,2.086880692876191,-0.3803293529388915,0.2272328010451614,0.18589246680240998,0.056993868657351336,0.014226930290718387,0.05752524008762446,0.09049583898813951,0.43242529218357634,-0.1922721156337361,0.0829516245850961
13.93,4.2993207103065005,-1.8448772400330622,0.8330752006716688,2.1653062951183846,-0.004064746355034577,2.0866766677258832,-0.3803075470837295,0.22759771312226498,0.18572675821111106,0.056936387062556694,0.014198702092467645,0.05750140824908443,0.09040267518113107,0.43249868208961245,-0.19232548156814044,0.0829745577467435
13.94,4.303645697127397,-1.8468004948487435,0.8339049462491362,2.165876489997297,-0.004620628622168421,2.0864722243233613,-0.3802854004868142,0.22796233509626423,0.185561022592383,0.05687898533766614,0.014170618083275112,0.05747758572079389,0.09030961341241249,0.4325719884022522,-0.1923787930064059,0.0829974698566725
13.950000000000001,4.307971417011419,-1.8487242827788075,0.834734920947703,2.1664462264285915,-0.005176039520146036,2.086267364473384,-0.3802629139502344,0.22832666699143037,0.18539525996993136,0.05682166335949945,0.014142677658351439,0.057453772329293724,0.09021665355154347,0.43264521123133787,-0.19243205002004404,0.08302036092629105
13.96,4.312297869123733,-1.850648603279008,0.8355651245569659,2.167015505566364,-0.00573097973078274,2.086062089973859,-0.38024008827436184,0.22869070883195566,0.18522947036805626,0.05676442100492305,0.014114880215092654,0.0574299679023893,0.09012379546826405,0.4327183506865418,-0.19248525268049316,0.08304323096696793
13.97,4.316625052630599,-1.852573455805813,0.8363955568666356,2.1675843285600402,-0.006285449933744233,2.0858564026158755,-0.3802169242578573,0.22905446064195656,0.18506365381165157,0.056707258150851245,0.014087225153072633,0.05740617226914404,0.09003103903249474,0.4327914068773657,-0.19253840105911751,0.08306607999003289
13.98,4.320952966699372,-1.8544988398164042,0.8372262176665359,2.1681526965543956,-0.006839450806552816,2.0856503041837304,-0.3801934226976773,0.2294179224454767,0.1848978103262043,0.05665017467424744,0.014059711874035603,0.057382385259873055,0.08993838411433684,0.43286437991314114,-0.1925914952272076,0.08308890800677787
13.99,4.325281610498504,-1.8564247547686763,0.8380571067466037,2.1687206106895784,-0.0073929830245936115,2.0854437964549617,-0.3801695843890801,0.22978109426648988,0.1847319399377939,0.05659317045212538,0.014032339781888666,0.057358606706136794,0.08984583058407238,0.43293726990302966,-0.1926445352559788,0.08311171502845623
14.0,4.329610983197534,-1.8583512001212361,0.8388882238968883,2.16928807210113,-0.00794604726112078,2.0852368812003754,-0.38014541012563213,0.23014397612890303,0.18456604267309154,0.05653624536155035,0.014005108282694348,0.05733483644073472,0.08975337831216418,0.43301007695602267,-0.19269752121657155,0.08313450106628352
14.01,4.333941083967094,-1.860278175333402,0.8397195689075512,2.1698550819200033,-0.008498644187263751,2.0850295601840765,-0.3801209006992141,0.2305065680565593,0.18440011855935928,0.0564793992796404,0.01397801678466318,0.057311074297699015,0.08966102716925643,0.43308280118094156,-0.19275045318005082,0.08315726613143834
14.02,4.338271911978904,-1.8622056798652025,0.8405511415688656,2.170421641272587,-0.009050774472033434,2.084821835163498,-0.38009605690002735,0.23086887007324103,0.1842341676244495,0.0564226320835675,0.013951064698146299,0.0572873201122883,0.0895687770261744,0.4331554426864382,-0.1928033312174051,0.08318001023506183
14.030000000000001,4.342603466405768,-1.8641337131773765,0.8413829416712162,2.170987751280724,-0.009602438782328455,2.084613707889431,-0.38007087951659985,0.23123088220267254,0.18406818989680393,0.05636594365055874,0.01392425143562808,0.057263573720981405,0.08947662775392445,0.43322800158099445,-0.1928561553995466,0.08320273338825863
14.040000000000001,4.346935746421578,-1.866062274731372,0.8422149690050987,2.171553413061732,-0.010153637782941373,2.084405180106052,-0.3800453693357924,0.23159260446852337,0.183902185405453,0.05630933385789749,0.013897576411718784,0.05723983496147117,0.08938457922369475,0.4333004779729229,-0.19290892579731045,0.08322543560209689
14.05,4.3512687512013075,-1.867991363989345,0.8430472233611197,2.172118627728424,-0.010704372136564907,2.0841962535509535,-0.3800195271428048,0.231954036894411,0.18373615418001496,0.056252802582924574,0.013871039043147237,0.05721610367265824,0.08929263130685468,0.4333728719703663,-0.1929616424814539,0.0832481168876089
14.06,4.355602479921012,-1.8699209804141597,0.8438797045299958,2.172683396389129,-0.011254642503798163,2.083986929955171,-0.3799933537211817,0.23231517950390387,0.18357009625069506,0.056196349703039404,0.013844638748753543,0.057192379694644906,0.08920078387495561,0.4334451836812983,-0.1930143055226572,0.08327077725579096
14.07,4.359936931757825,-1.8718511234693862,0.8447124123025538,2.173247720147711,-0.011804449543152858,2.0837772110432136,-0.3799668498528189,0.2326760323205243,0.1834040116482848,0.05613997509570112,0.0138183749494818,0.057168662868728994,0.08910903679973023,0.43351741321352316,-0.19306691499152162,0.08329341671760437
14.08,4.3642721058899605,-1.8737817926193014,0.8455453464697298,2.1738116001035905,-0.012353793911059544,2.083567098533091,-0.3799400163179692,0.23303659536775143,0.1832379004041609,0.05608367863842974,0.013792247068372865,0.05714495303739774,0.0890173899530933,0.43358956067467586,-0.19311947095857002,0.08331603528397515
14.09,4.368608001496708,-1.8757129873288871,0.8463785068225695,2.174375037351763,-0.012902676261873832,2.083356594136343,-0.3799128538952483,0.23339686866902404,0.18307176255028465,0.05602746020880724,0.013766254530557133,0.05712125004432173,0.08892584320714148,0.43366162617222276,-0.19317197349424586,0.08333863296579457
14.1,4.37294461775843,-1.8776447070638296,0.8472118931522274,2.174938032982819,-0.013451097247882616,2.0831456995580666,-0.3798853633616409,0.2337568522477435,0.1829055981192008,0.05597131968447868,0.013740396763247335,0.057097553734348834,0.08883439643415349,0.43373360981346093,-0.19322442266891332,0.08336120977391985
14.11,4.377281953856564,-1.8795769512905187,0.8480455052499667,2.1755005880829654,-0.013999057519310297,2.0829344164969443,-0.3798575454925064,0.2341165461272767,0.1827394071440368,0.05591525694315333,0.013714673195731372,0.057073863953498186,0.08874304950659001,0.4338055117055188,-0.1932768185528564,0.08338376571917389
14.120000000000001,4.38162000897362,-1.8815097194760473,0.8488793429071584,2.1760627037340425,-0.014546557724325001,2.082722746645273,-0.3798294010615849,0.23447595033095875,0.18257318965850186,0.055859271862605704,0.013689083259365168,0.0570501805489542,0.08865180229709398,0.43387733195535627,-0.19332916121627877,0.08340630081234594
14.13,4.385958782293174,-1.88344301108821,0.8497134059152819,2.1766243810135446,-0.015093598509044803,2.0825106916889906,-0.3798009308410031,0.234835064882096,0.18240694569688595,0.05580336432067669,0.013663626387565544,0.057026503369060594,0.08856065467849038,0.4339490706697644,-0.1933814507293034,0.08342881506419217
14.14,4.390298272999871,-1.8853768255955032,0.8505476940659238,2.1771856209946403,-0.01564018051754394,2.082298253307704,-0.3797721356012798,0.23519388980396877,0.18224067529405893,0.05574753419527458,0.013638302015803135,0.05700283226331443,0.08846960652378684,0.43402072795536606,-0.19343368716197204,0.08345130848543533
14.15,4.394638480279425,-1.887311162467123,0.8513822071507782,2.17774642474619,-0.01618630439185903,2.0820854331747163,-0.37974301611133204,0.23555242511983426,0.18207437848546956,0.05569178136437617,0.013613109581595303,0.05697916708236022,0.08837865770617323,0.434092303918616,-0.19348587058424502,0.08347378108676559
14.16,4.398979403318611,-1.8892460211729656,0.8522169449616458,2.178306793332767,-0.016731970771995293,2.081872232957055,-0.37971357313848064,0.23591067085292936,0.1819080553071445,0.05563610570602776,0.0135880485244991,0.05695550767798402,0.08828780809902155,0.4341637986658004,-0.1935380010660006,0.08349623287884077
14.17,4.4033210413052695,-1.8911814011836257,0.8530519072904342,2.1788667278146745,-0.017277180295932754,2.0816586543154987,-0.37968380744845587,0.2362686270264734,0.1817417057956873,0.05558050709834624,0.013563118286104238,0.05693185390310756,0.08819705757588665,0.43423521230303797,-0.1935900786770349,0.08351866387228672
14.18,4.4076633934283,-1.893117301970396,0.8538870939291571,2.1794262292479663,-0.017821933599632453,2.0814446989046034,-0.3796537198054032,0.23662629366367097,0.18157532998827744,0.0555249854195201,0.013538318310026092,0.05690820561178242,0.08810640601050562,0.434306544936279,-0.1936421034870614,0.08354107407769727
14.19,4.412006458877663,-1.8950537230052666,0.854722504669934,2.1799852986844646,-0.01836623131704266,2.081230368372731,-0.37962331097188895,0.23698367078771473,0.1814089279226693,0.055469540547810434,0.013513648041898729,0.056884562659184214,0.08801585327679844,0.43437779667130666,-0.19369407556571036,0.08356346350563497
14.200000000000001,4.416350236844376,-1.8969906637609237,0.8555581393049904,2.1805439371717794,-0.018910074080105074,2.0810156643620754,-0.3795925817089059,0.23734075842178823,0.1812424996371911,0.05541417236155199,0.013489106929367955,0.056860924901606776,0.08792539924886732,0.43444896761373597,-0.19374599498252867,0.08358583216663129
14.21,4.420694726520513,-1.898928123710749,0.8563939976266567,2.181102145753327,-0.019453462518761025,2.080800588508688,-0.37956153277587884,0.2376975565890685,0.18107604517074383,0.05535888073915414,0.013464694422084388,0.05683729219645643,0.0878350438009975,0.43452005786901476,-0.19379786180698,0.08360818007118685
14.22,4.425039927099204,-1.9008661023288187,0.8572300794273685,2.1816599254683475,-0.019996397260957675,2.0805851424425064,-0.3795301649306701,0.238054065312729,0.18090956456280022,0.055303665559101906,0.013440409971696557,0.05681366440224624,0.08774478680765635,0.4345910675424236,-0.19384967610844323,0.08363050722977196
14.23,4.429385837774628,-1.9028045990899032,0.8580663844996662,2.1822172773519255,-0.020538878932654207,2.080369327787379,-0.37949847892958516,0.23841028461594221,0.18074305785340367,0.05524852669995692,0.013416253031844027,0.056790041378590304,0.08765462814349466,0.4346619967390759,-0.19390143795621329,0.08365281365282658
14.24,4.433732457742019,-1.9047436134694653,0.8589029126361944,2.1827742024350067,-0.02108090815782803,2.0801531461610923,-0.379466475527378,0.23876621452188246,0.18057652508316713,0.055193464040358395,0.013392223058150538,0.05676642298619804,0.08756456768334538,0.434732845563918,-0.19395314741950037,0.08367509935076085
14.25,4.438079786197658,-1.9066831449436603,0.8597396636297021,2.1833307017444166,-0.02162248555848095,2.0799365991753964,-0.3794341554772567,0.23912185505372854,0.180409966293272,0.055138477459024116,0.01336831950821718,0.05674280908686856,0.08747460530222452,0.43480361412172924,-0.19400480456742927,0.08369736433395547
14.26,4.442427822338876,-1.9086231929893347,0.8605766372730417,2.183886776302879,-0.022163611754645367,2.079719688436032,-0.37940151953088874,0.2394772062346665,0.18024338152546698,0.05508356683475137,0.013344541841615584,0.05671919954348503,0.08738474087533077,0.4348743025171226,-0.1940564094690395,0.08371960861276176
14.27,4.446776565364047,-1.910563757084025,0.8614138333591693,2.1844424271290337,-0.02270428736439045,2.0795024155427546,-0.37936856843840655,0.23983226808789226,0.18007677082206705,0.05502873204641793,0.01332088951988114,0.05669559422000904,0.0872949742780455,0.43494491085454423,-0.19410796219328502,0.08374183219750228
14.280000000000001,4.451126014472592,-1.9125048367059578,0.8622512516811444,2.184997655237455,-0.02324451300382831,2.0792847820893616,-0.3793353029484128,0.2401870406366144,0.17991013422595215,0.05497397297298295,0.013297362006506235,0.05667199298147502,0.08720530538593299,0.435015439238274,-0.19415946280903362,0.0837640350984709
14.290000000000001,4.455476168864975,-1.9144464313340481,0.863088892032129,2.1855524616386686,-0.023784289287120182,2.079066789663718,-0.37930172380798566,0.24054152390405664,0.17974347178056618,0.05491928949348793,0.01327395876693352,0.056648395693984686,0.08711573407474031,0.43508588777242563,-0.1942109113850667,0.0837862173259333
14.3,4.4598270277426995,-1.9163885404478989,0.8639267542053883,2.186106847339171,-0.02432361682648258,2.0788484398477807,-0.37926783176268425,0.2408957179134607,0.17957678352991577,0.054864681487057636,0.013250679268549198,0.05662480222470152,0.08702626022039722,0.4351562565609464,-0.19426230799007901,0.0838083788901269
14.31,4.464178590308309,-1.9183311635277998,0.8647648379942896,2.186660813341445,-0.024862496232193467,2.078629734217625,-0.3792336275565539,0.2412496226880888,0.17941006951856908,0.054810148832901,0.013227522980676329,0.05660121244184523,0.08693688369901639,0.4352265457076181,-0.19431365269267845,0.08383051980126176
14.32,4.468530855765385,-1.9202743000547264,0.8656031431923022,2.18721436064398,-0.025400928112598413,2.0784106743434694,-0.3791991119321312,0.24160323825122634,0.1792433297916546,0.054755691410312037,0.013204489374568171,0.05657762621468627,0.08684760438689323,0.43529675531605644,-0.1943649455613857,0.08385264006952041
14.33,4.472883823318545,-1.9222179495103402,0.8664416695929974,2.1877674902412876,-0.02593891307411674,2.0781912617897005,-0.3791642856304495,0.24195656462618453,0.17907656439485997,0.05470130909867072,0.013181577923401536,0.05655404341354037,0.08675842216050589,0.43536688548971164,-0.19441618666463337,0.08387473970505814
14.34,4.477237492173442,-1.9241621113769865,0.867280416990048,2.188320203123919,-0.02647645172124768,2.0779714981148985,-0.37912914939104403,0.242309601836303,0.17890977337443076,0.054647001777443915,0.013158788102270166,0.05653046390976312,0.0866693368965152,0.43543693633186864,-0.19446737607076675,0.08389681871800377
14.35,4.481591861536761,-1.926106785137694,0.868119385177228,2.188872500278484,-0.02701354465657651,2.077751384871861,-0.37909370395195696,0.24266234990495233,0.17874295677716923,0.05459276932618621,0.013136119388178139,0.056506887575744555,0.08658034847176507,0.4355069079456467,-0.1945185138480432,0.08391887711845937
14.36,4.485946930616217,-1.9280519702761745,0.8689585739484126,2.1894243826876663,-0.027550192480780684,2.07753092360763,-0.3790579500497426,0.2430148088555367,0.1785761146504331,0.0545386116245408,0.013113571260033296,0.05648331428490372,0.08649145676328157,0.4355768004340005,-0.19456960006463106,0.08394091491650091
14.370000000000001,4.490302698620557,-1.9299976662768208,0.8697979830975776,2.1899758513302423,-0.028086395792635978,2.077310115863513,-0.37902188841947243,0.24336697871149643,0.17840924704213426,0.05448452855224039,0.013091143198640694,0.05645974391168335,0.08640266164827409,0.4356466138997193,-0.1946206347886103,0.0839629321221784
14.38,4.494659164759554,-1.931943872624707,0.8706376124187994,2.190526907181097,-0.028622155189022606,2.077088963175112,-0.3789855197947405,0.24371885949631059,0.17824235400073754,0.054430519989107994,0.01306883468669607,0.0564361763315445,0.08631396300413428,0.43571634844542795,-0.19467161808797193,0.08398492874551637
14.39,4.499016328244008,-1.9338905888055866,0.8714774617062546,2.191077551211242,-0.029157471264931345,2.0768674670723426,-0.37894884490766795,0.2440704512334994,0.1780754355752594,0.05437658581505782,0.01304664520877934,0.05641261142096125,0.0862253607084364,0.4357860041735864,-0.19472255003061792,0.08400690479651386
14.4,4.503374188285744,-1.9358378143058927,0.8723175307542198,2.1916277843878307,-0.029692344613469635,2.0766456290794633,-0.37891186448890857,0.244421753946627,0.1779084918152667,0.054322725910096084,0.013024574251348118,0.056389049057415395,0.08613685463893761,0.4358555811864906,-0.19477343068436037,0.08402886028514513
14.41,4.507732744097609,-1.9377855486127364,0.8731578193570713,2.1921776076741772,-0.030226775825867705,2.0764234507150956,-0.3788745792676534,0.24477276765930372,0.1777415227708753,0.05426894015432187,0.013002621302731259,0.05636548911939116,0.08604844467357725,0.43592507958627175,-0.1948242601169221,0.08405079522135961
14.42,4.5120919948934715,-1.9397337912139057,0.8739983273092848,2.1927270220297723,-0.03076076549148466,2.076200933492251,-0.3788369899716359,0.24512349239518877,0.17757452849274885,0.05421522842792792,0.012980785853122411,0.05634193148636998,0.08596013069047752,0.4359944994748974,-0.19487503839593578,0.08407270961508218
14.43,4.516451939888221,-1.941682541597865,0.8748390544054356,2.1932760284102994,-0.03129431419781458,2.0759780789183537,-0.37879909732713685,0.24547392817799263,0.17740750903209748,0.05416159061120148,0.01295906739457361,0.05631837603882524,0.08587191256794291,0.43606384095417083,-0.19492576558894348,0.08409460347621361
14.44,4.520812578297762,-1.9436317992537544,0.8756800004401978,2.193824627767652,-0.031827422530492616,2.0757548884952635,-0.37876090205898927,0.24582407503147963,0.17724046444067634,0.054108026584525085,0.012937465420988881,0.056294822658217114,0.08578379018446056,0.4361331041257321,-0.19497644176339735,0.08411647681463097
14.450000000000001,4.525173909339019,-1.9455815636713885,0.8765211652083441,2.1943728210499494,-0.032360091073301046,2.0755313637193002,-0.3787224048905833,0.24617393297947032,0.17707339477078438,0.05405453622837736,0.012915979428117879,0.05627127122698735,0.08569576341869944,0.4362022890910571,-0.19502706698665864,0.0841383296401875
14.46,4.52953593222993,-1.947531834341255,0.8773625485047459,2.1949206092015543,-0.032892320408175385,2.0753075060812685,-0.378683606543871,0.24652350204584403,0.17690630007526292,0.05400111942333383,0.012894608913549528,0.05624772162855415,0.0856078321495116,0.4362713959514592,-0.19507764132599753,0.0841601619627133
14.47,4.533898646189444,-1.9494826107545151,0.878204150124373,2.1954679931630876,-0.03342411111521042,2.0750833170664786,-0.3786445077393713,0.24687278225454123,0.17673918040749437,0.0539477760500677,0.0128733533767057,0.05622417374730699,0.08551999625593062,0.43634042480808777,-0.19512816484859308,0.08418197379201531
14.48,4.538262050437525,-1.951433892403001,0.8790459698622932,2.1960149738714456,-0.03395546377266629,2.074858798154772,-0.37860510919617474,0.24722177362956607,0.17657203582140077,0.05389450598935061,0.012852212318834915,0.056200627468601556,0.08543225561717278,0.43640937576192973,-0.1951786376215331,0.08420376513787792
14.49,4.542626144195144,-1.9533856787792163,0.879888007513672,2.196561552259816,-0.03448637895697453,2.074633950820543,-0.37856541163194823,0.24757047619498865,0.17640486637144245,0.05384130912205341,0.012831185243006053,0.05617708267875463,0.08534461011263633,0.43647824891380904,-0.19522905971181367,0.08422553601006293
14.5,4.546990926684282,-1.9553379693763344,0.8807302628737727,2.1971077292576937,-0.03501685724274413,2.0744087765327635,-0.3785254157629399,0.24791888997494757,0.17623767211261668,0.05378818532914695,0.012810271654102102,0.05615353926503904,0.08525705962190142,0.43654704436438685,-0.1952794311863391,0.08424728641831
14.51,4.551356397127926,-1.9572907636881978,0.8815727357379558,2.197653505790897,-0.03554689920276754,2.074183276755004,-0.3784851223039837,0.2482670149936523,0.1760704531004562,0.05373513449170279,0.012789471058813914,0.05612999711567861,0.08516960402473041,0.4366157622141623,-0.19532975211192152,0.08426901637233683
14.52,4.5557225547500675,-1.959244061209317,0.8824154259016792,2.1981988827815835,-0.03607650540802674,2.0739574529454576,-0.3784445319685041,0.24861485127538557,0.1759032093910278,0.053682156490894,0.012768782965633989,0.05610645611984315,0.08508224320106751,0.43668440256347196,-0.19538002255528086,0.08429072588183953
14.530000000000001,4.560089398775702,-1.9611978614348697,0.8832583331604976,2.1987438611482655,-0.03660567642769924,2.0737313065569634,-0.3784036454685209,0.24896239884450566,0.175735941040931,0.05362925120799584,0.012748206884850283,0.05608291616764343,0.08499497703103882,0.4367529655124906,-0.1954302425830446,0.08431241495649296
14.540000000000001,4.564456928430827,-1.9631521638607001,0.8841014573100625,2.1992884418058267,-0.037134412829164104,2.073504839037027,-0.37836246351465386,0.24930965772544886,0.17556864810729647,0.05357641852438652,0.012727742328540037,0.05605937715012626,0.08490780539495228,0.436821451161231,-0.1954804122617475,0.08433408360595061
14.55,4.56882514294244,-1.9651069679833175,0.884944798146122,2.199832625665537,-0.03766271517800795,2.0732780518278457,-0.3783209868161272,0.2496566279427318,0.17540133064778474,0.05352365832154795,0.012707388810563621,0.05603583895926949,0.08482072817329707,0.4368898596095442,-0.19553053165783144,0.08435573183984545
14.56,4.573194041538535,-1.967062273299896,0.8857883554645205,2.2003764136350683,-0.038190584038030946,2.0730509463663283,-0.3782792160807742,0.2500033095209538,0.17523398872058468,0.053470970481066415,0.012687145846558407,0.05601230148797709,0.08473374524674475,0.4369581909571201,-0.19558060083764534,0.08437735966778966
14.57,4.577563623448106,-1.9690180793082723,0.8866321290611984,2.2009198066185105,-0.03871801997125282,2.072823524084119,-0.378237152015042,0.25034970248479915,0.17506662238441204,0.0534183548846333,0.01266701295393266,0.05598876463007426,0.0846468564961475,0.43702644530348694,-0.19563061986744473,0.08439896709937518
14.58,4.581933887901141,-1.9709743855069468,0.8874761187321921,2.2014628055163854,-0.03924502353791882,2.072595786407619,-0.37819479532399586,0.25069580685903947,0.17489923169850796,0.05336581141404579,0.012646989651859454,0.05596522828030254,0.08456006180253972,0.43709462274801225,-0.19568058881339184,0.08442055414417418
14.59,4.586304834128621,-1.9729311913950807,0.8883203242736338,2.202005411225664,-0.03977159529650569,2.07236773475801,-0.3781521467113239,0.25104162266853597,0.17473181672263757,0.053313339951207586,0.012627075461270605,0.05594169233431491,0.08447336104713633,0.4371627233899025,-0.19573050774155512,0.08444212081173881
14.6,4.590676461362521,-1.9748884964724962,0.8891647454817512,2.202547624639781,-0.040297735803727655,2.0721393705512727,-0.37810920687934146,0.2513871499382418,0.17456437751708848,0.05326094037812957,0.012607269904850622,0.05591815668867101,0.08438675411133426,0.4372307473282035,-0.1957803767179093,0.08446366711160182
14.61,4.595048768835803,-1.9768463002396752,0.8900093821528672,2.203089446648649,-0.04082344561454236,2.071910695198213,-0.37806597652899565,0.25173238869320425,0.1743969141426692,0.05320861257693049,0.01258757250703069,0.055894621240832276,0.08430024087671106,0.43729869466180066,-0.19583019580833516,0.08448519305327667
14.620000000000001,4.599421755782421,-1.9788046021977586,0.8908542340833999,2.2036308781386755,-0.04134872528215683,2.071681710104481,-0.37802245635986975,0.25207733895856715,0.17422942666070781,0.053156356429837646,0.012567982793982663,0.05587108588915713,0.08421382122502546,0.43736656548941916,-0.19587996507861927,0.08450669864625805
14.63,4.603795421437315,-1.9807634018485447,0.8916993010698625,2.2041719199927763,-0.04187357535803339,2.0714524166705925,-0.37797864707018763,0.2524220007595729,0.1740619151330503,0.05310417181918756,0.012548500293613086,0.05584755053289625,0.08412749503821723,0.437434359909624,-0.19592968459445378,0.08452818390002172
14.64,4.608169765036411,-1.9827226986944892,0.8925445829088627,2.2047125730903914,-0.04239799639189562,2.071222816291953,-0.3779345493568182,0.25276637412156494,0.17389437962205914,0.0530520586274266,0.012529124535557238,0.055824015072187774,0.08404126219840669,0.4375020780208204,-0.19597935442143646,0.08454964882402505
14.65,4.6125447858166195,-1.9846824922387036,0.893390079397103,2.205252838307499,-0.04292198893173426,2.0709929103588753,-0.37789016391527974,0.25311045906998986,0.17372682019061172,0.05300001673711171,0.012509855051173184,0.055800479408052585,0.08395512258789511,0.4375697199212539,-0.1960289746250705,0.08457109342770736
14.66,4.616920483015832,-1.9866427819849544,0.8942357903313801,2.205792716516632,-0.04344555352381312,2.070762700256605,-0.3778454914397443,0.2534542556303996,0.17355923690209885,0.052948046030910974,0.012490691373535858,0.055776943442389586,0.08386907608916422,0.43763728570901056,-0.1960785452707642,0.08459251772048983
14.67,4.621296855872922,-1.988603567437662,0.8950817155085851,2.20633220858689,-0.043968690712675014,2.070532187365339,-0.3778005326230419,0.25379776382845376,0.17339162982042317,0.0528961463916043,0.012471633037431169,0.05575340707797101,0.08378312258487626,0.4377047754820173,-0.19612806642383085,0.08461392171177616
14.68,4.625673903627742,-1.9905648481019005,0.8959278547257028,2.2068713153839576,-0.0444914010411476,2.070301373060247,-0.37775528815666515,0.25414098368992166,0.17322399900999763,0.05284431770208407,0.012452679579350123,0.05572987021843776,0.08369726195787375,0.4377721893380421,-0.1961775381494888,0.08463530541095238
14.69,4.630051625521123,-1.9925266234833954,0.8967742077798123,2.207410037770116,-0.045013685050349306,2.0700702587114934,-0.37770975873077306,0.2544839152406847,0.17305634453574395,0.05279255984535573,0.012433830537482968,0.05570633276829475,0.08361149409117957,0.4378395273746936,-0.19622696051286087,0.08465666882738748
14.700000000000001,4.63443002079487,-1.994488893088524,0.8976207744680862,2.2079483766042576,-0.0455355432796952,2.0698388456842585,-0.37766394503419565,0.25482655850673824,0.1728886664630911,0.05274087270453843,0.01241508545171335,0.05568279463290627,0.08352581886799666,0.43790678968942265,-0.19627633357897467,0.0846780119704335
14.71,4.638809088691764,-1.9964516564243138,0.8984675545877905,2.2084863327419026,-0.046056976266902847,2.069607135338757,-0.3776178477544381,0.25516891351419413,0.17272096485797356,0.052689256162865634,0.012396443863612504,0.05565925571849138,0.08344023617170787,0.43797397637952085,-0.19632565741276217,0.08469933484942599
14.72,4.64318882845556,-1.9984149129984414,0.8993145479362847,2.2090239070352125,-0.04657798454799816,2.069375129030261,-0.3775714675776848,0.2555109802892825,0.17255323978683,0.052637710103685745,0.012377905316433457,0.05563571593211934,0.08335474588587612,0.43804108754212234,-0.19637493207905996,0.08472063747368357
14.73,4.647569239330981,-2.000378662319232,0.9001617543110215,2.2095611003330027,-0.04709856865732125,2.0691428281091206,-0.3775248051888038,0.2558527588583541,0.17238549131660144,0.05258623441046268,0.012359469355105249,0.05561217518170502,0.08326934789424387,0.43810812327420284,-0.19642415764260823,0.08474191985250919
14.74,4.6519503205637225,-2.002342903895658,0.9010091735095466,2.210097913480759,-0.04761872912753229,2.068910233920783,-0.37747786127135086,0.2561942492478825,0.1722177195147299,0.05253482896677649,0.012341135526227181,0.055588633376004344,0.08318404208073314,0.4381750836725805,-0.19647333416805166,0.0847631819951896
14.75,4.656332071400448,-2.0043076372373383,0.9018568053294984,2.21063434732065,-0.048138466489617275,2.0686773478058136,-0.3774306365075734,0.25653545148446577,0.17204992444915657,0.05248349365632393,0.012322903378063084,0.05556509042460981,0.08309882832944576,0.4382419688339159,-0.19652246171993878,0.08478442391099597
14.76,4.660714491088787,-2.0062728618545376,0.9027046495686084,2.211170402691543,-0.04865778127289391,2.068444171099917,-0.37738313157841497,0.2568763655948291,0.17188210618832042,0.05243222836291905,0.012304772460535594,0.05554154623794593,0.08301370652466245,0.43830877885471214,-0.19657154036272173,0.08480564560918379
14.77,4.665097578877334,-2.008238577258165,0.9035527060247003,2.2117060804290167,-0.04917667400501738,2.0682107051339558,-0.37733534716351896,0.2572169916058266,0.17171426480115645,0.05238103297049379,0.012286742325220465,0.05551800072726479,0.0829286765508434,0.4383755138313155,-0.1966205701607566,0.08482684709899345
14.780000000000001,4.669481334015647,-2.0102047829597725,0.9044009744956902,2.212241381365376,-0.04969514521198614,2.0679769512339723,-0.37728728394123306,0.25755732954444344,0.1715464003570941,0.052329907363098505,0.012268812525340893,0.05549445380464155,0.08284373829262787,0.4384421738599152,-0.19666955117830298,0.08484802838965039
14.790000000000001,4.673865755754247,-2.0121714784715556,0.9052494547795867,2.212776306329664,-0.05021319541814773,2.0677429107212073,-0.37723894258861296,0.25789737943779784,0.17137851292605566,0.05227885142490258,0.012250982615761859,0.05547090538297001,0.08275889163483359,0.4385087590365434,-0.19671848347952367,0.08486918949036529
14.8,4.678250843344612,-2.0141386633063507,0.9060981466744904,2.213310856147679,-0.05073082514620451,2.067508584912121,-0.37719032378142664,0.2582371413131432,0.17121060257845463,0.05222786504019496,0.01223325215298449,0.0554473553759582,0.08267413646245779,0.43857526945707687,-0.19676736712848497,0.08489033041033432
14.81,4.682636596039183,-2.0161063369776357,0.9069470499785938,2.2138450316419847,-0.05124803491721947,2.067273975118412,-0.3771414281941582,0.25857661519787006,0.17104266938519408,0.0521769480933847,0.012215620695140452,0.05542380369812395,0.08258947266067558,0.4386417052172349,-0.19681620218915666,0.08491145115873928
14.82,4.6870230130913555,-2.0180744989995274,0.9077961644901812,2.2143788336319266,-0.05176482525062196,2.0670390826470375,-0.3770922565000119,0.2589158011195083,0.170874713417665,0.052126100469001534,0.012198087801986347,0.055400250264790514,0.08250490011484103,0.43870806641258164,-0.196864988725411,0.08493255174474824
14.83,4.691410093755481,-2.0200431488867814,0.9086454900076286,2.214912262933645,-0.05228119666421342,2.066803908800233,-0.3770428093709161,0.25925469910572885,0.17070673474774467,0.05207532205169639,0.012180653034898136,0.05537669499208222,0.08242041871048639,0.43877435313852514,-0.1969137268010237,0.08495363217751488
14.84,4.695797837286866,-2.0220122861547916,0.9094950263294038,2.2154453203600877,-0.05279714967417315,2.0665684548755316,-0.3769930874775274,0.259593309184346,0.17053873344779502,0.052024612726241946,0.01216331595686559,0.05535313779692009,0.08233602833332189,0.43884056549031786,-0.19696241647967347,0.08497469246617984
14.85,4.700186242941769,-2.023981910319588,0.9103447732540656,2.2159780067210235,-0.053312684795064,2.0663327221657837,-0.37694309148923416,0.2599316313833191,0.1703707095906609,0.051973972377533144,0.012146076132486739,0.05532957859701755,0.08225172886923598,0.43890670356305705,-0.1970110578249415,0.08499573261987019
14.86,4.7045753099773995,-2.0259520208978374,0.9111947305802643,2.2165103228230567,-0.053827802539838106,2.066096711959176,-0.37689282207416075,0.2602696657307548,0.17020266324966848,0.051923400890587716,0.012128933127962371,0.0553060173108761,0.08216752020429484,0.4389727674516847,-0.1970596509003121,0.08501675264769996
14.870000000000001,4.708965037651916,-2.0279226174068405,0.9120448981067414,2.21704226946964,-0.05434250341984258,2.0658604255392516,-0.3768422798991712,0.2606074122549088,0.17003459449862363,0.05187289815054671,0.012111886511090518,0.055282453857781036,0.08208340222474235,0.43903875725098795,-0.19710819576917174,0.08503775255877011
14.88,4.713355425224426,-2.0298936993645325,0.9128952756323291,2.2175738474610873,-0.05485678794482519,2.065623864184928,-0.37679146562987315,0.26094487098418795,0.1698665034118101,0.05182246404267497,0.012094935851260981,0.05525888815779716,0.08199937481699993,0.43910467305559936,-0.19715669249480972,0.08505873236216903
14.89,4.717746471954983,-2.0318652662894805,0.9137458629559507,2.2181050575945873,-0.05537065662294006,2.065387029170517,-0.3767403799306217,0.2612820419471521,0.16969839006398796,0.051772098452361706,0.012078080719449874,0.05523532013176458,0.08191543786766635,0.4391705149599969,-0.19720514114041793,0.08507969206697266
14.9,4.722138177104583,-2.033837317700885,0.9145966598766204,2.2186359006642165,-0.055884109960753325,2.0651499217657436,-0.3766890234645232,0.26161892517251606,0.16953025453039186,0.05172180126512092,0.012061320688214175,0.05521174970129443,0.08183159126351756,0.4392362830585046,-0.1972535417690902,0.08510063168224476
14.91,4.726530539935168,-2.0358098531185758,0.9154476661934429,2.2191663774609522,-0.0563971484632488,2.064912543235765,-0.376637396893439,0.26195552068915146,0.16936209688672937,0.05167157236659195,0.012044655331686308,0.05518817678876467,0.0817478348915065,0.43930197744529226,-0.19730189444382323,0.08512155121703696
14.92,4.730923559709621,-2.037782872063014,0.9162988817056132,2.219696488772686,-0.05690977263383362,2.064674894841189,-0.37658550087798925,0.2622918285260888,0.16919391720917926,0.05162141164253993,0.012028084225568742,0.055164601317315924,0.08166416863876308,0.43936759821437593,-0.1973501992275154,0.08514245068038927
14.93,4.735317235691764,-2.039756374055289,0.9171503062124171,2.2202262353842372,-0.05742198297434387,2.0644369778380924,-0.3765333360775566,0.26262784871251915,0.16902571557438978,0.05157131897885629,0.012011606947128599,0.05514102321084728,0.08158059239259365,0.43943314545961826,-0.19739845618296756,0.08516333008132997
14.94,4.73971156714636,-2.041730358617119,0.9180019395132304,2.220755618077363,-0.05793377998505021,2.0641987934780417,-0.3764809031502901,0.2629635812777961,0.168857492059477,0.05152129426155924,0.011995223075192293,0.055117442394012145,0.08149710604048126,0.4394986192747286,-0.19744666537288258,0.08518418942887607
14.950000000000001,4.744106553339107,-2.0437048252708476,0.9188537814075192,2.221284637630775,-0.058445164164663506,2.0639603430081093,-0.3764282027531085,0.2632990262514378,0.1686892467420231,0.05147133737679422,0.011978932190140183,0.055093858792214095,0.08141370947008536,0.43956401975326315,-0.197494826859865,0.08520502873203349
14.96,4.74850219353664,-2.045679773539446,0.9197058316948395,2.22181329482015,-0.0589561360103404,2.0637216276708927,-0.3763752355417045,0.26363418366312846,0.16852097970007457,0.05142144821083437,0.011962733873901244,0.05507027233160278,0.08133040256924144,0.4396293469886255,-0.19754294070642175,0.08522584799979695
14.97,4.752898487006527,-2.0476552029465105,0.9205580901748375,2.2223415904181425,-0.059466696017688926,2.0634826487045332,-0.3763220021705479,0.2639690535427205,0.16835269101214062,0.05137162665008103,0.011946627709947756,0.055046682939069835,0.08124718522596076,0.43969460107406627,-0.19759100697496135,0.08524664724115086
14.98,4.757295433017267,-2.04963111301626,0.921410556647249,2.2228695251943975,-0.05997684468077407,2.063243407342734,-0.37626850329288963,0.26430363592023626,0.16818438075719136,0.051321872581064125,0.011930613283290016,0.05502309054224475,0.08116405732843077,0.4397597821026842,-0.19763902572779446,0.085267426465069
14.99,4.761693030838294,-2.051607503273538,0.9222632309118998,2.2233970999155646,-0.06048658249212336,2.063003904814779,-0.3762147395607651,0.2646379308258698,0.16801604901465608,0.05127218589044269,0.01191469018047106,0.054999495069490874,0.08108101876501436,0.4398248901674254,-0.19768699702713308,0.08528818568051465
15.0,4.766091279739968,-2.0535843732438095,0.9231161127687049,2.223924315345308,-0.0609959099427324,2.0627641423455487,-0.376160711624998,0.2649719382899888,0.16784769586442155,0.05122256646500527,0.011898857989561413,0.05497589644990132,0.0809980694242497,0.4398899253610844,-0.19773492093509126,0.08530892489644137
15.01,4.77049017899358,-2.0555617224531604,0.9239692020176693,2.224451172244321,-0.06150482752207042,2.062524121155542,-0.3761064201352036,0.2653056583431362,0.16767932138683028,0.051173014191670356,0.01188311630015385,0.054952294613294976,0.08091520919485037,0.43995488777630404,-0.19778279751368438,0.08532964412179256
15.02,4.774889727871343,-2.0575395504282974,0.9248224984588872,2.2249776713703384,-0.06201333571808581,2.0622838424608902,-0.37605186573979277,0.2656390910160321,0.16751092566267872,0.051123528957486855,0.01186746470335818,0.05492868949021248,0.08083243796570493,0.44001977750557575,-0.19783062682482946,0.08535034336550196
15.030000000000001,4.779289925646398,-2.0595178566965457,0.9256760018925422,2.225503813478147,-0.06252143501721164,2.062043307473378,-0.37599704908597514,0.2659722363395756,0.16734250877321558,0.0510741106496345,0.011851902791796046,0.05490508101191224,0.08074975562587683,0.4400845946412396,-0.19787840893034542,0.08537102263649408
15.040000000000001,4.78369077159281,-2.0614966407858493,0.9265297121189071,2.2260295993195993,-0.06302912590437115,2.0618025174004595,-0.3759419708197627,0.2663050943448464,0.16717407080014005,0.05102475915542426,0.011836430159595748,0.054881469110366475,0.0806671620646045,0.44014933927548516,-0.1979261438919522,0.08539168194368392
15.05,4.788092264985565,-2.0634759022247686,0.9273836289383439,2.226555029643626,-0.06353640886298331,2.061561473445276,-0.3758866315859735,0.26663766506310654,0.16700561182560006,0.05097547436229879,0.011821046402387072,0.054857853718257236,0.08058465717130017,0.44021401150035067,-0.1979738317712713,0.08541232129597756
15.06,4.792494405100569,-2.0654556405424813,0.9282377521513037,2.227080105196247,-0.06404328437496822,2.0613201768066745,-0.3758310320282349,0.2669699485258023,0.16683713193219052,0.05092625615783282,0.011805751117296148,0.05483423476897249,0.0805022408355509,0.4402786114077243,-0.198021472629826,0.08543294070227227
15.07,4.796897191214646,-2.0674358552687795,0.9290920815583263,2.227604826720585,-0.06454975292075261,2.061078628679224,-0.3757751727889872,0.2673019447645658,0.16666863120295153,0.05087710442973358,0.011790543902940324,0.05481061219660222,0.08041991294711773,0.440343139089344,-0.1980690665290407,0.08545354017145661
15.08,4.80130062260554,-2.06941654593407,0.9299466169600409,2.228129194956875,-0.06505581497927537,2.0608368302532343,-0.37571905450948695,0.26763365381121684,0.16650010972136664,0.050828019065841196,0.011775424359423055,0.0547869859359345,0.08033767339593542,0.44040759463679763,-0.19811661353024096,0.08547411971241065
15.09,4.805704698551908,-2.071397712069372,0.930801358157165,2.2286532106424803,-0.0655614710279929,2.060594782714772,-0.3756626778298105,0.26796507569776434,0.16633156757136108,0.05077899995412909,0.011760392088328813,0.054763355922451615,0.0802555220721126,0.44047197814152317,-0.19816411369465398,0.08549467933400628
15.1,4.810109418333323,-2.0733793532063185,0.9316563049505051,2.2291768745119005,-0.06606672154288458,2.0603524872456798,-0.37560604338885734,0.26829621045640833,0.16616300483729998,0.05073004698270439,0.011745446692718011,0.05473972209232622,0.08017345886593144,0.44053628969480946,-0.19821156708340798,0.08551521904510723
15.11,4.8145147812302715,-2.0753614688771527,0.9325114571409562,2.2297001872967854,-0.06657156699845823,2.0601099450235907,-0.37554915182435356,0.2686270581195414,0.16599442160398659,0.05068116003980829,0.01173058777712195,0.05471608438241749,0.08009148366784719,0.44060052938779565,-0.19825897375753254,0.08553573885456951
15.120000000000001,4.818920786524149,-2.077344058614728,0.9333668145295019,2.230223149725947,-0.0670760078677555,2.059867157221948,-0.37549200377285513,0.26895761871975055,0.1658258179566605,0.05063233901381647,0.011715814947537777,0.05469244273026728,0.08000959636848859,0.4406646973114721,-0.19830633377795837,0.08555623877124129
15.13,4.823327433497264,-2.0793271219525074,0.9342223769172143,2.2307457625253693,-0.06758004462235723,2.059624125010021,-0.37543459986975136,0.2692878922898187,0.16565719398099588,0.050583583793239434,0.011701127811423465,0.054668797074096304,0.07992779685865681,0.44072879355668054,-0.19835364720551732,0.08557671880396348
15.14,4.82773472143283,-2.0813106584245626,0.9350781441052539,2.231268026418223,-0.06808367773238891,2.059380849552921,-0.37537694074926814,0.26961787886272637,0.16548854976309965,0.05053489426672293,0.011686525977692812,0.05464514735280039,0.07984608502932582,0.44079281821411365,-0.1984009141009428,0.08559717896156947
15.15,4.832142649614972,-2.083294667565572,0.9359341158948696,2.2317899421248755,-0.068586907666526,2.0591373320116206,-0.3753190270444714,0.2699475784716534,0.16531988538950976,0.050486270323048296,0.011672009056710451,0.05462149350594666,0.0797644607716424,0.4408567713743164,-0.19844813452486884,0.08561761925288566
15.16,4.836551217328715,-2.085279148910821,0.9367902920873985,2.232311510362901,-0.06908973489199935,2.0588935735429685,-0.37526085938727016,0.2702769911499804,0.16515120094719332,0.05043771185113283,0.011657576660286887,0.05459783547376979,0.07968292397692513,0.4409206531276852,-0.19849530853783093,0.08563803968673155
15.17,4.8409604238599915,-2.0872641019961993,0.9376466724842658,2.2328327318470946,-0.06959215987460046,2.058649575299707,-0.3752024384084201,0.2706061169312905,0.16498249652354485,0.050389218740030134,0.011643228401673538,0.05457417319716826,0.07960147453666488,0.44098446356446885,-0.19854243620026565,0.08565844027191998
15.18,4.845370268495636,-2.089249526358202,0.938503256886985,2.2333536072894833,-0.07009418307868694,2.0584053384304886,-0.3751437647375266,0.270934955849371,0.16481377220638446,0.050340790878930515,0.01162896389555781,0.05455050661770064,0.07952011234252455,0.44104820277476886,-0.19858951757251056,0.08567882101725718
15.19,4.849780750523384,-2.091235421533927,0.9393600450971575,2.2338741373993365,-0.0705958049671877,2.0581608640798925,-0.3750848390030481,0.2712635079382147,0.16464502808395606,0.05029242815716129,0.011614782758058169,0.05452683567758187,0.07943883728633835,0.44111187084853903,-0.19863655271480424,0.08569918193154288
15.200000000000001,4.854191869231869,-2.093221787061075,0.940217036916473,2.2343943228831775,-0.07109702600160842,2.057916153388441,-0.37502566183229946,0.27159177323202166,0.16447626424492556,0.050244130464187166,0.011600684606719255,0.05450316031967959,0.07935764926011203,0.44117546787558626,-0.19868354168728658,0.08571952302357086
15.21,4.858603623910625,-2.0952086224779483,0.9410742321467087,2.2349141644447954,-0.07159784664203668,2.057671207492616,-0.3749662338514548,0.2719197517652008,0.16430748077837906,0.05019589768961056,0.011586669060506986,0.05447948048751045,0.07927654815602253,0.4412389939455705,-0.19873048454999848,0.0857398443021289
15.22,4.863016013850081,-2.0971959273234484,0.94193163058973,2.235433662785256,-0.0720982673471474,2.0574260275248752,-0.374906555685551,0.2722474435723713,0.16413867777382105,0.05014772972317195,0.011572735739803698,0.05445579612523646,0.07919553386641794,0.4413024491480052,-0.19877738136288184,0.08576014577599889
15.23,4.8674290383415615,-2.0991837011370773,0.94278923204749,2.2359528186029136,-0.07259828857420804,2.0571806146136686,-0.3748466279584908,0.27257484868836435,0.16396985532117253,0.05009962645475021,0.011558884266403302,0.054432107177661344,0.07911460628381688,0.44136583357225745,-0.1988242321857798,0.08578042745395713
15.24,4.871842696677284,-2.1011719434589353,0.9436470363220295,2.236471632593421,-0.07309791077908386,2.056934969883455,-0.37478645129304594,0.2729019671482244,0.16380101351076934,0.050051587774362936,0.01154511426350644,0.05440841359022692,0.07903376530090869,0.4414291473075484,-0.1988710370784361,0.08580068934477449
15.25,4.8762569881503595,-2.1031606538297196,0.9445050432154772,2.236990105449742,-0.0735971344162432,2.0566890944547165,-0.3747260263108603,0.2732287989872109,0.16363215243336016,0.05000361357216677,0.011531425355715682,0.0543847153090095,0.07895301081055293,0.441492390442953,-0.19891779610049617,0.08582093145721657
15.26,4.880671912054789,-2.1051498317907247,0.9453632525300494,2.237508237862161,-0.07409595993876272,2.056442989443977,-0.3746653536324531,0.2735553442407998,0.16346327218010484,0.04995570373845771,0.01151781716903072,0.054361012280716284,0.07887234270577946,0.44155556306740096,-0.19896450931150594,0.08584115380004384
15.27,4.885087467685462,-2.1071394768838396,0.9462216640680499,2.238026030518296,-0.07459438779833262,2.0561966559638165,-0.3746044338772219,0.2738816029446848,0.16329437284257253,0.04990785816367145,0.011504289330843586,0.05433730445268181,0.0787917608797877,0.4416186652696766,-0.19901117677091282,0.08586135638201176
15.280000000000001,4.889503654338159,-2.1091295886515486,0.94708027763187,2.238543484103107,-0.07509241844526182,2.0559500951228866,-0.3745432676634457,0.2742075751347791,0.16312545451273985,0.049860076738383684,0.011490841469933892,0.05431359177286438,0.07871126522594721,0.4416816971384188,-0.19905779853806513,0.08588153921187133
15.290000000000001,4.893920471309543,-2.1111201666369293,0.9479390930239887,2.239060599298909,-0.07559005232848322,2.055703308025928,-0.37448185560828806,0.27453326084721685,0.16295651728298904,0.0498123593533104,0.011477473216464081,0.05428987418984251,0.07863085563779651,0.44174465876212204,-0.1991043746722121,0.08590170229836867
15.3,4.898337917897164,-2.1131112103836514,0.9487981100469723,2.2395773767853817,-0.07608728989555882,2.055456295773785,-0.37442019832780016,0.27485866011835436,0.16278756124610616,0.0497647058993082,0.01146418420197469,0.054266151652811435,0.0785505320090437,0.4418075502291358,-0.19915090523250445,0.08592184565024581
15.31,4.902755993399456,-2.1151027194359764,0.9496573285034748,2.2400938172395817,-0.076584131592685,2.055209059463421,-0.3743582964369238,0.27518377298477187,0.16261858649527924,0.04971711626737457,0.011450974059379638,0.05424242411157956,0.07847029423356566,0.44187037162766546,-0.19919739027799377,0.08594196927624012
15.32,4.907174697115733,-2.1170946933387564,0.9505167481962372,2.2406099213359507,-0.07708057786469753,2.054961600187935,-0.37429615054949456,0.27550859948327483,0.16244959312409651,0.04966959034864824,0.011437842422961527,0.05421869151656501,0.07839014220540819,0.4419331230457723,-0.19924382986763287,0.08596207318508543
15.33,4.91159402834619,-2.119087131637433,0.9513763689280881,2.241125689746329,-0.07757662915507689,2.0547139190365766,-0.37423376127824454,0.2758331396508953,0.1622805812265445,0.0496221280344094,0.011424788928366961,0.05419495381879212,0.07831007581878548,0.44199580457137366,-0.19929022406027538,0.08598215738551127
15.34,4.916013986391904,-2.1210800338780356,0.9522361905019432,2.241641123139965,-0.07807228590595328,2.0544660170947617,-0.3741711292348056,0.2761573935248933,0.16211155089700624,0.04957472921608003,0.011411813212601875,0.05417121096988799,0.07823009496808007,0.4420584162922432,-0.19933657291467655,0.08600222188624357
15.35,4.920434570554826,-2.123073399607182,0.9530962127208056,2.2421562221835245,-0.07856754855811178,2.0542178954440873,-0.37410825502971223,0.27648136114275856,0.16194250223025936,0.04952739378522416,0.011398914914026888,0.054147462922079025,0.07815019954784266,0.4421209582960114,-0.19938287648949257,0.08602226669600468
15.36,4.924855780137786,-2.1250672283720773,0.9539564353877656,2.242670987541104,-0.07906241755099751,2.053969555162347,-0.3740451392724045,0.2768050425422115,0.16177343532147437,0.049480121633548174,0.011386093672352668,0.054123709628187536,0.07807038945279182,0.4421834306701655,-0.1994291348432809,0.08604229182351358
15.370000000000001,4.929277614444488,-2.12706151972051,0.9548168583060008,2.2431854198742385,-0.07955689332272065,2.0537209973235475,-0.3739817825712311,0.27712843776120477,0.16160435026621267,0.04943291265290107,0.011373349128635316,0.05409995104162829,0.07799066457781337,0.4422458335020501,-0.1994753480345001,0.08606229727748607
15.38,4.933700072779509,-2.129056273200855,0.9556774812787757,2.243699519841914,-0.08005097631006157,2.053472222997921,-0.3739181855334521,0.2774515468379247,0.16143524716042487,0.04938576673527472,0.011360680925271757,0.05407618711640515,0.077911024817961,0.44230816687886676,-0.19952151612151012,0.08608228306663471
15.39,4.938123154448297,-2.13105148836207,0.9565383041094421,2.244213288100576,-0.08054466694847592,2.053223233251944,-0.37385434876524193,0.27777436981079257,0.16126612610044883,0.04933868377280416,0.011348088705995161,0.05405241780710764,0.07783147006845528,0.44237043088767525,-0.19956763916257209,0.08610224919966919
15.4,4.942546858757174,-2.133047164753696,0.9573993266014388,2.244726725304142,-0.08103796567209966,2.0529740291483485,-0.37379027287169236,0.278096906718466,0.1610969871830078,0.04929166365776784,0.011335572115870373,0.05402864306890765,0.07775200022468369,0.4424326256153928,-0.19961371721584845,0.08612219568529685
15.41,4.946971185013328,-2.1350433019258546,0.9582605485582918,2.2452398321040103,-0.08153087291375408,2.05272461174614,-0.3737259584568154,0.27841915759984015,0.1609278305052087,0.049244706282587876,0.011323130801289353,0.05400486285755601,0.07767261518220052,0.44249475114879516,-0.199659750339403,0.08614212253222175
15.42,4.951396132524816,-2.1370398994292485,0.959121969783614,2.2457526091490703,-0.08202338910495091,2.0524749821006103,-0.3736614061235459,0.27874112249404936,0.16075865616454016,0.04919781153983031,0.011310764409966645,0.05398107712937922,0.07759331483672624,0.442556807574516,-0.19970573859120097,0.08616202974914604
15.43,4.955821700600561,-2.1390369568151604,0.9599835900811055,2.2462650570857137,-0.08251551467589728,2.052225141263354,-0.37359661647374476,0.27906280144046813,0.16058946425887072,0.049150979322205385,0.011298472590934847,0.05395728584127606,0.07751409908414772,0.44261879497904827,-0.19975168202910876,0.0861819173447693
15.44,4.960247888550351,-2.1410344736354516,0.9608454092545532,2.2467771765578437,-0.08300725005550076,2.0519750902822813,-0.3735315901082014,0.27938419447871254,0.16042025488644693,0.04910420952256774,0.011286254994540107,0.05393348895071436,0.07743496782051792,0.44268071344874343,-0.19979758071089454,0.08620178532778908
15.450000000000001,4.964674695684839,-2.1430324494425608,0.9617074271078311,2.247288968206886,-0.08349859567137433,2.0517248302016347,-0.3734663276266369,0.27970530164864166,0.16025102814589157,0.049057502033916706,0.011274111272437633,0.05390968641572766,0.07735592094205514,0.4427425630698119,-0.19984343469422786,0.0862216337069009
15.46,4.9691021213155375,-2.145030883789503,0.9625696434449,2.2478004326717977,-0.08398955194984135,2.0514743620620024,-0.3734008296277066,0.28002612299035873,0.16008178413620178,0.04901085674939651,0.011262041077587217,0.05388587819491194,0.07727695834514318,0.44280434392832413,-0.19988924403667943,0.08624146249079855
15.47,4.973530164754821,-2.14702977622987,0.963432058069808,2.2483115705890784,-0.0844801193159406,2.0512236869003333,-0.373335096709003,0.28034665854421237,0.15991252295674716,0.048964273562296524,0.011250044064248768,0.053862064247422375,0.0771980799263316,0.44286605611020996,-0.19993500879572204,0.08626127168817416
15.48,4.977958825315922,-2.1490291263178274,0.9642946707866897,2.2488223825927793,-0.08497029819343115,2.050972805749951,-0.3732691294670584,0.280666908350798,0.15974324470726795,0.0489177523660515,0.01123811988797788,0.053838244532970085,0.0771192855823343,0.4429276997012588,-0.1999807290287297,0.08628106130771823
15.49,4.982388102312935,-2.1510289336081145,0.9651574813997669,2.2493328693145145,-0.08546008900479736,2.0507217196405687,-0.3732029284973479,0.28098687245095894,0.15957394948787318,0.04887129305424181,0.011226268205621387,0.05381441901181891,0.07704057521003035,0.44298927478712075,-0.20002640479297845,0.08630083135811989
15.5,4.9868179950608065,-2.1530291976560445,0.9660204897133481,2.2498430313834694,-0.08594949217125379,2.050470429598304,-0.3731364943942917,0.2813065508857877,0.1594046373990388,0.048824895520593624,0.011214488675312963,0.05379058764478217,0.07696194870646315,0.4430507814533063,-0.20007203614564537,0.08632058184806701
15.51,4.991248502875339,-2.155029918017501,0.9668836955318287,2.2503528694264108,-0.0864385081127501,2.0502189366456913,-0.3730698277512584,0.2816259436966273,0.15923530854160584,0.04877855965897919,0.011202780956468714,0.0537667503932195,0.07688340596884036,0.4431122197851861,-0.20011762314380985,0.08634031278624667
15.52,4.995679625073191,-2.1570310942489392,0.9677470986596912,2.250862384067698,-0.08692713724797599,2.0499672418016988,-0.3730029291605673,0.2819450509250723,0.15906596301677856,0.04873228536341701,0.011191144709782795,0.05374290721903364,0.0768049468945337,0.44317358986799255,-0.2001631658444528,0.0863600241813446
15.530000000000001,5.0001113609718715,-2.159032725907384,0.9686106989015046,2.2513715759292907,-0.08741537999436605,2.04971534608174,-0.37293579921349124,0.28226387261297026,0.1588966009261225,0.04868607252807207,0.011179579597223044,0.053719058084667266,0.07672657138107863,0.4432348917868186,-0.20020866430445702,0.08637971604204593
15.540000000000001,5.00454370988974,-2.161034812550428,0.9694744960619252,2.25188044563076,-0.08790323676810467,2.04946325049769,-0.3728684385002592,0.2825824088024227,0.15872722237156284,0.04863992104725605,0.011168085282026632,0.05369520295309985,0.0766482793261742,0.4432961256266189,-0.20025411858060688,0.08639938837703524
15.55,5.008976671146006,-2.163037353736234,0.9703384899456955,2.2523889937892982,-0.08839070798413089,2.049210956057897,-0.3728008476100591,0.28290065953578636,0.15855782745538224,0.04859383081542752,0.01115666142869572,0.05367134178784451,0.0765700706276826,0.4433572914722098,-0.20029952872958964,0.08641904119499648
15.56,5.013410244060728,-2.16504034902353,0.9712026803576455,2.2528972210197264,-0.08887779405614325,2.0489584637671987,-0.3727330271310404,0.28321862485567445,0.15838841628021924,0.04854780172719217,0.011145307702993127,0.05364747455294486,0.07649194518362903,0.44341838940826955,-0.20034489480799333,0.08643867450461337
15.57,5.017844427954811,-2.1670437979716097,0.9720670671026916,2.2534051279345073,-0.08936449539660463,2.0487057746269355,-0.3726649776503167,0.28353630480495773,0.15821898894906627,0.04850183367730297,0.011134023771938041,0.05362360121297193,0.07641390289220158,0.44347941951933867,-0.20039021687230874,0.08645828831456914
15.58,5.022279222150004,-2.1690477001403328,0.9729316499858374,2.253912715143752,-0.08985081241674707,2.0484528896349636,-0.3725966997539685,0.2838536994267657,0.15804954556526785,0.0484559265606604,0.01112280930380171,0.05359972173302108,0.07633594365175088,0.44354038188982026,-0.20043549497892857,0.08647788263354717
15.59,5.026714625968903,-2.1710520550901222,0.9737964288121729,2.2544199832552305,-0.0903367455265766,2.0481998097856695,-0.3725281940270455,0.28417080876448775,0.15788008623251865,0.048410080272312625,0.011111663968103171,0.05357583607870885,0.07625806736078967,0.44360127660397997,-0.20048072918414758,0.08649745747023072
15.6,5.0311506387349425,-2.1730568623819635,0.9746614033868752,2.2549269328743815,-0.090822295134878,2.0479465360699827,-0.37245946105356964,0.2844876328617743,0.1577106110548617,0.04836429470745569,0.01110058743560498,0.053551944216169954,0.07618027391799288,0.4436621037459464,-0.20052591954416324,0.08651701283330351
15.610000000000001,5.035587259772402,-2.175062121577405,0.9755265735152082,2.2554335646043215,-0.09130746164921962,2.047693069475391,-0.3723905014165373,0.2848041717625379,0.1575411201366865,0.048318569761433706,0.011089579378308966,0.0535280461120542,0.0761025632221971,0.44372286339971156,-0.20057106611507447,0.08653654873144934
15.620000000000001,5.0400244884064,-2.177067832238556,0.9763919390025227,2.2559398790458536,-0.09179224547595813,2.0474394109859526,-0.37232131569792204,0.28512042551095435,0.1573716135827272,0.04827290532973903,0.011078639469452001,0.053504141733523455,0.07602493517240046,0.44378355564913075,-0.20061616895288328,0.08655606517335254
15.63,5.0444623239628905,-2.179073993928085,0.9772574996542562,2.256445876797478,-0.09227664702024331,2.0471855615823107,-0.3722519044786773,0.28543639415146377,0.15720209149806066,0.048227301308012456,0.01106776738350177,0.0534802310482486,0.07594738966776234,0.44384418057792335,-0.20066122811349363,0.08657556216769798
15.64,5.0489007657686695,-2.18108060620922,0.9781232552759332,2.2569515584554,-0.09276066668602276,2.0469315222417057,-0.3721822683387386,0.28575207772877176,0.15703255398810467,0.04818175759204336,0.011056962796152574,0.053456314024406544,0.07586992660760311,0.4439047382696723,-0.20070624365271228,0.0865950397231714
15.65,5.053339813151366,-2.1830876686457468,0.9789892056731649,2.2574569246135403,-0.09324430487604664,2.0466772939379902,-0.3721124078570263,0.2860674762878504,0.15686300115861604,0.04813627407776991,0.011046225384321135,0.0534323906306772,0.075792545891404,0.4439652288078252,-0.20075121562624818,0.08661449784845916
15.66,5.057779465439444,-2.1850951808020094,0.9798553506516495,2.257961975863543,-0.09372756199187239,2.046422877641641,-0.3720423236114482,0.28638258987393944,0.15669343311568876,0.04809085066127921,0.01103555482614242,0.05340846083624052,0.07571524741880666,0.4440256522756938,-0.20079614408971325,0.08663393655224902
15.67,5.062219721962201,-2.1871031422429064,0.980721690017172,2.258466712794787,-0.09421043843386946,2.0461682743197724,-0.37197201617890174,0.2866974185325472,0.15652384996575214,0.048045487238807486,0.011024950800965482,0.0533845246107735,0.07563803108961284,0.44408600875645504,-0.20084102909862178,0.08665335584322917
15.68,5.066660582049765,-2.1891115525338924,0.9815882235756043,2.258971135994392,-0.09469293460122398,2.0459134849361513,-0.37190148613527685,0.2870119623094518,0.15635425181556892,0.048000183706740224,0.011014412989349303,0.05336058192444725,0.0755608968037846,0.44414629833315045,-0.20088587070839092,0.08667275573008959
15.69,5.071102045033097,-2.1911204112409766,0.9824549511329052,2.25947524604723,-0.09517505089194342,2.045658510451208,-0.3718307340554581,0.28732622125070206,0.15618463877223343,0.04795493996161235,0.011003941073058675,0.05333663274792403,0.07548384446144336,0.44420652108868725,-0.2009306689743405,0.08669213622152161
15.700000000000001,5.0755441102439836,-2.19312971793072,0.9833218724951204,2.2599790435359326,-0.09565678770286129,2.04540335182205,-0.3717597605133273,0.2876401954026186,0.15601501094316975,0.047909755900108375,0.010993534735060071,0.053312677052354325,0.07540687396287041,0.44426667710583784,-0.20097542395169365,0.08671149732621788
15.71,5.0799867770150415,-2.195139472170237,0.9841889874683826,2.260482529040902,-0.09613814542964179,2.0451480100024764,-0.3716885660817662,0.28795388481179474,0.1558453684361298,0.04786463141906257,0.01098319365951754,0.05328871480937393,0.07532998520850585,0.4443267664672406,-0.20102013569557597,0.08673083905287271
15.72,5.084430044679714,-2.1971496735271927,0.9850562958589113,2.260985703140318,-0.09661912446678442,2.0448924859429884,-0.3716171513326584,0.2882672895250978,0.15567571135919156,0.047819566415459064,0.010972917531788619,0.05326474599110104,0.07525317809894917,0.44438678925540004,-0.2010648042610164,0.08675016141018203
15.73,5.088873912572268,-2.199160321569803,0.9859237974730132,2.261488566410149,-0.09709972520762863,2.044636780590805,-0.37154551683689213,0.2885804095896697,0.15550603982075709,0.047774560786432066,0.010962706038420254,0.053240770570133364,0.07517645253495807,0.44444674555268676,-0.2011094297029467,0.08676946440684388
15.74,5.093318380027795,-2.201171415866832,0.9867914921170816,2.2619911194241573,-0.09757994804435846,2.044380894889873,-0.3714736631643627,0.2888932450529283,0.1553363539295508,0.047729614429265946,0.01095255886714474,0.05321678851954526,0.07509980841744916,0.444506635441338,-0.20115401207620243,0.08678874805155823
15.75,5.097763446382208,-2.203182955987594,0.9876593795975972,2.2624933627539123,-0.09805979336800706,2.0441248297808827,-0.37140159088397473,0.28920579596256824,0.15516665379461753,0.04768472724139541,0.010942475706875671,0.053192799812884856,0.07502324564749674,0.4445664590034578,-0.2011985514355218,0.08680801235302703
15.76,5.102209110972242,-2.205194941501949,0.9885274597211274,2.2629952969687968,-0.09853926156846135,2.043868586201278,-0.37132930056364466,0.28951806236656186,0.15499693952532065,0.04763989912040561,0.010932456247703903,0.0531688044241712,0.07494676412633333,0.4446262163210174,-0.20124304783554672,0.08682725731995439
15.77,5.106655373135452,-2.2072073719803043,0.989395732294327,2.263496922636015,-0.09901835303446656,2.043612165085271,-0.37125679277030293,0.2898300443131602,0.1548272112313403,0.04759512996403231,0.010922500180893536,0.05314480232789143,0.07487036375534924,0.4446859074758552,-0.20128750133082232,0.08684648296104698
15.780000000000001,5.111102232210211,-2.2092202469936124,0.9902641971239374,2.263998240320604,-0.09949706815363081,2.0433555673638546,-0.37118406806989657,0.290141741850894,0.15465746902267144,0.04755041967016201,0.010912607198877905,0.05312079349899796,0.07479404443609187,0.44474553254967736,-0.2013319119757974,0.08686568928501391
15.790000000000001,5.115549687535708,-2.2112335661133704,0.9911328540167875,2.2644992505854393,-0.09997540731242964,2.043098793964813,-0.37111112702739146,0.29045315502857455,0.15448771300962205,0.047505768136832056,0.01090277699525559,0.05309677791290565,0.07471780607026597,0.4448050916240578,-0.20137627982482426,0.08688487630056664
15.8,5.119997738451949,-2.213247328911619,0.9920017027797932,2.264999953991246,-0.10045337089621054,2.042841845812737,-0.37103797020677465,0.29076428389529474,0.1543179433028113,0.04746117526223078,0.010893009264786424,0.05307275554548903,0.07464164855973306,0.4448645847804385,-0.20142060493215902,0.08690404401641964
15.81,5.124446384299754,-2.2152615349609404,0.9928707432199574,2.265500351096606,-0.10093095928919747,2.0425847238290338,-0.3709645981710567,0.2910751285004299,0.15414816001316756,0.047416640944697636,0.010883303703387548,0.05304872637307949,0.07456557180651123,0.4449240121001297,-0.2014648873519615,0.08692319244129001
15.82,5.128895624420755,-2.21727618383446,0.9937399751443703,2.2660004424579667,-0.10140817287449543,2.042327428931942,-0.37089101148227394,0.2913856888936386,0.1539783632519267,0.04737216508272329,0.010873660008129437,0.05302469037246254,0.07448957571277504,0.4449833736643105,-0.2015091271382952,0.08694232158389771
15.83,5.1333454581573985,-2.219291275105843,0.9946093983602092,2.26650022862965,-0.10188501203409482,2.0420699620365426,-0.3708172107014909,0.2916959651248638,0.15380855313063022,0.04732774757494975,0.010864077877231976,0.053000647520875015,0.0744136601808551,0.4450426695540286,-0.201553324345128,0.08696143145296585
15.84,5.137795884852939,-2.2213068083492944,0.9954790126747389,2.2669997101638604,-0.10236147714887607,2.0418123240547703,-0.3707431963888024,0.2920059572443336,0.15363872976112328,0.04728338832017051,0.010854557010060531,0.052976597796002375,0.07433782511323767,0.44510189985020104,-0.20159747902633132,0.08698052205722079
15.85,5.142246903851441,-2.2233227831395577,0.9963488178953112,2.2674988876106936,-0.102837568598614,2.041554515895428,-0.3706689691033361,0.29231566530256203,0.15346889325555296,0.04723908721733061,0.010845097107122031,0.05295254117597593,0.0742620704125648,0.445161064633614,-0.2016415912356813,0.08699959340539173
15.860000000000001,5.146698514497777,-2.2253391990519145,0.9972188138293651,2.267997761518145,-0.10331328676198231,2.041296538464197,-0.37059452940325444,0.2926250893503502,0.15329904372636635,0.04719484416552678,0.010835697870061075,0.05292847763937014,0.0741863959816338,0.44522016398492353,-0.2016856610268577,0.08701864550621173
15.870000000000001,5.151150716137626,-2.227356055662183,0.9980890002844272,2.2684963324321172,-0.10378863201655807,2.0410383926636504,-0.3705198778457572,0.29293422943878683,0.15312918128630876,0.04715065906400754,0.01082635900165605,0.05290440716519992,0.07411080172339682,0.4452791979846554,-0.2017296884534449,0.08703767836841692
15.88,5.155603508117473,-2.229373352546718,0.9989593770681113,2.2689946008964297,-0.10426360473882604,2.040780079393265,-0.3704450149870835,0.29324308561924933,0.1529593060484218,0.04710653181217329,0.01081708020581525,0.05288032973291791,0.07403528754096103,0.44533816671320553,-0.20177367356893175,0.08705669200074743
15.89,5.160056889784605,-2.231391089282407,0.9998299439881188,2.2694925674528266,-0.10473820530418318,2.040521599549433,-0.37036994138251417,0.29355165794340454,0.1527894181260416,0.04706246230957642,0.010807861187573025,0.05285624532241184,0.07395985333758781,0.4453970702508403,-0.20181761642671162,0.08707568641194663
15.9,5.1645108604871135,-2.2334092654466744,1.0007007008522382,2.269990232640984,-0.10521243408694302,2.0402629540254735,-0.3702946575863739,0.29385994646320956,0.1526195176327969,0.04701845045592142,0.010798701653085932,0.052832153914001825,0.07388449901669314,0.4454559086776968,-0.20186151708008204,0.08709466161076186
15.91,5.16896541957389,-2.2354278806174754,1.0015716474683458,2.27048759699852,-0.10568629146034003,2.040004143711646,-0.37021916415203354,0.2941679512309127,0.15244960468260726,0.046974496151064964,0.010789601309628905,0.05280805548843771,0.07380922448184664,0.4455146820737828,-0.20190537558224572,0.08711361760594458
15.92,5.173420566394628,-2.237446934373298,1.0024427836444052,2.270984661061001,-0.10615977779653403,2.03974516949516,-0.37014346163191214,0.2944756722990542,0.1522796793896812,0.04693059929501598,0.010780559865591436,0.05278395002689646,0.07373402963677164,0.4455733905189775,-0.2019491919863101,0.08713255440624998
15.93,5.177876300299818,-2.2394664262931614,1.0033141091884676,2.271481425361951,-0.10663289346661452,2.0394860322601893,-0.3700675505774792,0.2947831097204669,0.15210974186851434,0.04688675978793578,0.010771577030473763,0.05275983751097948,0.07365891438534537,0.44563203409303126,-0.20199296634528732,0.08715147202043735
15.94,5.182332620640748,-2.241486355956614,1.004185623908672,2.2719778904328596,-0.10710563884060503,2.039226732887882,-0.36999143153925695,0.2950902635482773,0.15193979223388754,0.046842977530138115,0.010762652514883089,0.05273571792271002,0.07358387863159754,0.4456906128755663,-0.20203669871209443,0.08717037045727048
15.950000000000001,5.186789526769504,-2.243506722943735,1.0050573276132446,2.27247405680319,-0.10757801428746751,2.038967272256373,-0.3699151050668224,0.29539713383590616,0.15176983060086513,0.04679925242208928,0.010753786030529788,0.052711591244530585,0.0735089222797113,0.44574912694607677,-0.202080389139554,0.08718924972551689
15.96,5.191247018038965,-2.2455275268351307,1.0059292201105,2.2729699250003863,-0.10805002017510656,2.0387076512407947,-0.36983857170880946,0.29570372063706934,0.15159985708479304,0.04675558436440819,0.010744977290223652,0.052687457459300306,0.07343404523402206,0.4458075763839288,-0.20212403768039344,0.08720810983394922
15.97,5.195705093802804,-2.2475487672119345,1.0068013012088395,2.2734654955498828,-0.10852165687037384,2.03844787071329,-0.36976183201291113,0.2960100240057786,0.1514298718012969,0.04671197325786644,0.010736226007870123,0.052663316550292376,0.07335924739901786,0.4458659612683612,-0.2021676443872457,0.0872269507913441
15.98,5.200163753415487,-2.249570443655807,1.007673570716753,2.273960768975111,-0.10899292473907225,2.038187931543023,-0.3696848865258816,0.2963160439963422,0.15125987486628034,0.04666841900338842,0.01072753189846656,0.052639168501191484,0.07328452867933875,0.4459242816784851,-0.2022112093126489,0.08724577260648289
15.99,5.204622996232272,-2.2515925557489336,1.0085460284428178,2.274455745797508,-0.10946382414596036,2.0379278345961906,-0.3696077357935385,0.2966217806633659,0.15108986639592298,0.04662492150205135,0.010718894678098513,0.05261501329609124,0.0732098889797765,0.44598253769328505,-0.20225473250904674,0.0872645752881517
16.0,5.209082821609205,-2.253615103074024,1.0094186741956994,2.274950426536524,-0.10993435545475654,2.0376675807360347,-0.36953038036076474,0.2969272340617535,0.15091984650667875,0.0465814806550854,0.010710314063935997,0.05259085091949164,0.07313532820527475,0.44604072939161854,-0.20229821402878853,0.08728335884514134
16.01,5.213543228903121,-2.255638085214312,1.0102915077841508,2.2754448117096304,-0.1104045190281433,2.0374071708228523,-0.36945282077151087,0.29723240424670755,0.150749815315274,0.04653809636387368,0.010701789774229798,0.052566681356296524,0.07306084626092821,0.4460988568522164,-0.2023416539241292,0.0873021232862477
16.02,5.218004217471643,-2.257661501753553,1.0111645290170133,2.2759389018323284,-0.11087431522777152,2.0371466057140073,-0.369375057568797,0.2975372912737303,0.15057977293870567,0.04649476852995239,0.010693321528307778,0.05254250459181107,0.07298644305198247,0.44615692015368347,-0.20238505224722983,0.08732086862027139
16.03,5.22246578667318,-2.2596853522760254,1.012037737703216,2.276432697418155,-0.11134374441426466,2.0368858862639425,-0.36929709129471494,0.29784189519862414,0.1504097194942394,0.046451497055010844,0.0106849090465712,0.05251832061173926,0.07291211848383414,0.44621491937449814,-0.20242840905015705,0.0873395948560182
16.04,5.226927935866924,-2.2617096363665268,1.0129111336517762,2.276926198978692,-0.11181280694722297,2.0366250133241905,-0.36921892249043026,0.29814621607749253,0.15023965509940784,0.04640828184089152,0.010676552050491058,0.052494129402181386,0.07283787246203038,0.4462728545930135,-0.20247172438488373,0.08735830200229922
16.05,5.231390664412855,-2.2637343536103756,1.0137847166717993,2.277419407023574,-0.11228150318522774,2.036363987743384,-0.36914055169618426,0.2984502539667405,0.15006957987200872,0.046365122789590145,0.010668250262604428,0.05246993094963159,0.07276370489226806,0.44633072588745665,-0.202514998303289,0.08737699006793066
16.06,5.235853971671729,-2.2657595035934084,1.0146584865724786,2.277912322060495,-0.11274983348584547,2.036102810367269,-0.3690619794512961,0.29875400892307546,0.14989949393010307,0.046322019803255746,0.010660003406510826,0.05244572524097534,0.07268961568039481,0.4463885333359297,-0.20255823085715796,0.08739565906173423
16.07,5.240317857005088,-2.26778508590198,1.0155324431630959,2.278404944595217,-0.11321779820563202,2.035841482038713,-0.36898320629416487,0.2990574810035078,0.14972939739201338,0.0462789727841907,0.010651811206868582,0.05242151226348702,0.07261560473240702,0.44644627701640943,-0.20260142209818222,0.08741430899253676
16.080000000000002,5.244782319775252,-2.269811100122962,1.0164065862530212,2.278897275131577,-0.11368539770013683,2.0355800035977194,-0.36890423276227147,0.2993606702653517,0.1495592903763218,0.04623598163485077,0.01064367338939122,0.05239729200482742,0.0725416719544514,0.44650395700674844,-0.20264457207795986,0.08743293986917099
16.09,5.24924735934532,-2.271837545843742,1.0172809156517129,2.279389314171495,-0.11415263232390702,2.0353183758814355,-0.36882505939218074,0.2996635767662255,0.14938917300186824,0.0461930462578452,0.010635589680843858,0.05237306445304136,0.07246781725282304,0.44656157338467395,-0.20268768084799557,0.08745155170047496
16.1,5.253712975079167,-2.2738644226522218,1.0181554311687175,2.279881062214982,-0.11461950243049154,2.0350565997241654,-0.3687456867195434,0.2999662005640527,0.14921904538774872,0.0461501665559367,0.010627559809039617,0.052348829596555194,0.07239404053396645,0.4466191262277896,-0.20273074845970082,0.08747014449529267
16.11,5.258179166341445,-2.2758917301368187,1.0190301326136704,2.2803725197601463,-0.11508600837244536,2.03479467595738,-0.36866611527909804,0.30026854171706235,0.14904890765331338,0.04610734243204154,0.010619583502836042,0.052324587424174444,0.07232034170447432,0.4466766156135748,-0.20277377496439375,0.0874887182624737
16.12,5.2626459324975805,-2.2779194678864627,1.019905019796295,2.280863687303202,-0.11555215050133348,2.034532605409728,-0.3685863456046731,0.3005706002837897,0.14887875991816482,0.046064573789229575,0.010611660492131532,0.052300337925081375,0.0722467206710881,0.44673404161938496,-0.20281676041329977,0.08750727301087358
16.13,5.267113272913774,-2.2799476354905956,1.020780092526404,2.281354565338476,-0.11601792916773512,2.0342703889070477,-0.36850637822918897,0.3008723763230769,0.14870860230215616,0.04602186053072429,0.010603790507861791,0.05227608108883259,0.07217317734069674,0.44679140432245223,-0.20285970485755087,0.08752580874935369
16.14,5.271581186956999,-2.2819762325391713,1.0216553506138975,2.281845154358415,-0.11648334472124776,2.034008027272376,-0.36842621368465966,0.3011738698940737,0.1485384349253893,0.045979202559902815,0.010595973281996279,0.05225181690535666,0.07209971162033757,0.4468487037998856,-0.2029026083481864,0.08754432548678177
16.15,5.276049673994997,-2.284005258622653,1.0225307938687653,2.2823354548535946,-0.1169483975104912,2.0337455213259608,-0.36834585250219504,0.30147508105623777,0.1483682579082131,0.045936599780296,0.010588208547534686,0.05222754536495174,0.0720263234171952,0.4469059401286708,-0.2029454709361531,0.08756282323203127
16.16,5.280518733396284,-2.2860347133320147,1.0234064221010857,2.2828254673127244,-0.1174130878831117,2.03348287188527,-0.3682652952120026,0.3017760098693356,0.1481980713712216,0.04589405209558843,0.010580496038503417,0.05220326645828324,0.07195301263860136,0.44696311338567074,-0.20298829267230506,0.08758130199398222
16.17,5.2849883645301405,-2.288064596258738,1.0242822351210255,2.2833151922226573,-0.11787741618578593,2.033220079765004,-0.36818454234338943,0.3020766563934429,0.14802787543525217,0.045851559409618436,0.010572835489952076,0.05217898017638143,0.07187977919203499,0.447020223647626,-0.2030310736074039,0.08759976178152053
16.18,5.2894585667666165,-2.290094906994812,1.0251582327388407,2.283804630068395,-0.11834138276422508,2.0329571457771047,-0.36810359442476426,0.3023770206889452,0.14785767022138374,0.04580912162637816,0.010565226637949976,0.05215468651063911,0.07180662298512158,0.44707727099115496,-0.2030738137921189,0.08761820260353895
16.19,5.293929339476528,-2.292125645132733,1.0260344147648761,2.2842937813330977,-0.11880498796317886,2.0326940707307672,-0.36802245198363914,0.3026771028165385,0.14768745585093504,0.04576673865001355,0.010557669219582662,0.052130385452809326,0.07173354392563301,0.4471342554927538,-0.20311651327702687,0.0876366244689362
16.2,5.298400682031455,-2.294156810265503,1.0269107810095655,2.2847826464980883,-0.11926823212643949,2.0324308554324495,-0.3679411155466315,0.3029769028372297,0.1475172324454627,0.045724410384824415,0.010550162972948429,0.05210607699500299,0.07166054192148762,0.44719117722879714,-0.20315917211261292,0.08765502738661785
16.21,5.302872593803743,-2.296188401986629,1.0277873312834316,2.2852712260428616,-0.11973111559684571,2.032167500685883,-0.36785958563946597,0.3032764208123374,0.14734700012675953,0.04568213673526441,0.01054270763715487,0.05208176112968663,0.07158761688074941,0.4472480362755377,-0.20320179034927005,0.08767341136549606
16.22,5.3073450741664985,-2.298220419890122,1.0286640653970864,2.2857595204450916,-0.12019363871628681,2.0319040072920833,-0.3677778627869764,0.3035756568034921,0.14717675901685273,0.0456399176059411,0.010535302952315433,0.05205743784968004,0.07151476871162789,0.4473048327091075,-0.20324436803729892,0.08769177641448932
16.23,5.311818122493589,-2.300252863570495,1.0295409831612314,2.2862475301806375,-0.12065580182570652,2.0316403760493604,-0.36769594751310747,0.3038746108726369,0.1470065092380021,0.04559775290161593,0.010527948659545972,0.05203310714815406,0.07144199732247826,0.44736156660551696,-0.20328690522690923,0.08771012254252336
16.240000000000002,5.316291738159644,-2.302285732622764,1.0304180843866566,2.286735255723552,-0.12111760526510704,2.0313766077533293,-0.3676138403409169,0.3041732830820282,0.14683625091269822,0.0455556425272043,0.010520644500961336,0.052008769018628255,0.07136930262180048,0.4474182380406562,-0.20332940196821844,0.08772844975853031
16.25,5.320765920540051,-2.3043190266424465,1.031295368884242,2.287222697546087,-0.12157904937355292,2.031112703196919,-0.36753154179257685,0.3044716734942358,0.14666598416366072,0.045513586387775515,0.010513390219671946,0.05198442345496866,0.07129668451823974,0.4474748470902948,-0.20337185831125287,0.08774675807144933
16.26,5.325240669010954,-2.306352745225559,1.0321728364649563,2.287709856118702,-0.12204013448917507,2.030848663170385,-0.3674490523893763,0.30476978217214395,0.14649570911383644,0.045471584388552845,0.010506185559780406,0.05196007045138555,0.07122414292058517,0.44753139383008156,-0.2034142743059471,0.08776504749022677
16.27,5.329715982949255,-2.3083868879686187,1.0330504869398585,2.2881967319100704,-0.12250086094917463,2.030584488461317,-0.36736637265172245,0.3050676091789513,0.14632542588639766,0.04542963643491351,0.0104990302663781,0.051935710002431176,0.07115167773777079,0.44758787833554603,-0.203456650002145,0.0877833180238158
16.28,5.33419186173261,-2.3104214544686403,1.0339283201200966,2.288683325387087,-0.12296122908982689,2.03032017985465,-0.3672835030991427,0.3053651545781718,0.14615513460474033,0.0453877424323887,0.010491924085541825,0.05191134210299754,0.07107928887887416,0.44764430068209726,-0.20349898544959893,0.08780156968117662
16.29,5.338668304739431,-2.312456444323136,1.0348063358169084,2.2891696370148735,-0.12342123924648517,2.030055738132676,-0.3672004442502866,0.30566241843363495,0.14598483539248236,0.04534590228666358,0.010484866764330419,0.05188696674831419,0.07100697625311687,0.44770066094502536,-0.20354128069797017,0.08781980247127684
16.3,5.343145311348882,-2.3144918571301156,1.0356845338416212,2.2896556672567883,-0.12388089175358474,2.0297911640750512,-0.36711719662292736,0.3059594008094864,0.14581452837346173,0.04530411590357728,0.01047785805078141,0.05186258393394599,0.07093473976986393,0.4477569591995009,-0.20358353579682936,0.08783801640309115
16.31,5.347622880940877,-2.316527692488084,1.036562914005652,2.2901414165744303,-0.12434018694464667,2.0295264584588084,-0.36703376073396393,0.3062561017701884,0.14564421367173483,0.045262383189122915,0.010470897693907666,0.05183819365579093,0.07086257933862332,0.44781319552057547,-0.20362575079565626,0.08785621148560165
16.32,5.352101012896083,-2.3185639499960407,1.037441476120508,2.2906268854276473,-0.12479912515228167,2.029261622058365,-0.36695013709942265,0.30655252138052025,0.14547389141157457,0.04522070404944757,0.010463985443694068,0.05181379591007797,0.07079049486904622,0.4478693699831818,-0.20366792574384043,0.08787438772779788
16.330000000000002,5.356579706595914,-2.320600629253479,1.038320219997786,2.2911120742745434,-0.12525770670819397,2.028996655645534,-0.36686632623445903,0.3068486597055786,0.14530356171746878,0.04517907839085231,0.01045712105109419,0.05178939069336478,0.07071848627092621,0.44792548266213417,-0.20371006069068018,0.08789254513867667
16.34,5.361058961422535,-2.3226377298603857,1.0391991454491727,2.2915969835714844,-0.12571593194318512,2.0287315599895352,-0.36678232865335963,0.3071445168107782,0.14513322471411827,0.04513750611979218,0.01045030426802698,0.05176497800253567,0.07064655345419954,0.4479815336321286,-0.2037521556853841,0.08791068372724258
16.35,5.365538776758856,-2.3246752514172395,1.0400782522864451,2.2920816137731057,-0.1261738011871578,2.0284663358570016,-0.36669814486954366,0.307440092761852,0.14496288052643522,0.04509598714287615,0.010443534847373473,0.05174055783479936,0.0705746963289443,0.4480375229677432,-0.20379421077707036,0.08792880350250758
16.36,5.370019151988534,-2.32671319352501,1.0409575403214701,2.2925659653323183,-0.12663131476911968,2.0282009840119923,-0.3666137753955649,0.3077353876248519,0.14479252927954128,0.045054521366867196,0.010436812542973494,0.05171613018768688,0.07050291480538039,0.44809345074343787,-0.20383622601476692,0.08794690447349143
16.37,5.374500086495968,-2.328751555785158,1.041837009366205,2.293050038700316,-0.1270884730171872,2.0279355052160004,-0.3665292207431133,0.3080304014661489,0.14462217109876596,0.04501310869868221,0.01043013710962239,0.05169169505904941,0.07043120879386962,0.4481493170335554,-0.20387820144741217,0.0879649866492216
16.38,5.378981579666304,-2.330790337799632,1.0427166592326973,2.293533834326582,-0.1275452762585893,2.027669900227964,-0.3664444814230168,0.30832513435243364,0.1444518061096448,0.044971749045392036,0.010423508303067756,0.05166725244705615,0.07035957820491473,0.44820512191232115,-0.20392013712385415,0.08798305003873316
16.39,5.383463630885427,-2.332829539170871,1.0435964897330847,2.294017352658896,-0.12800172481967126,2.0274041698042753,-0.36635955794524305,0.3086195863507168,0.1442814344379176,0.04493044231422142,0.010416925880006186,0.05164280235019224,0.07028802294915971,0.4482608654538434,-0.20396203309285155,0.08800109465106926
16.4,5.387946239539966,-2.334869159501799,1.0444765006795955,2.2945005941433396,-0.12845781902589837,2.0271383146987896,-0.3662744508189012,0.3089137575283294,0.14411105620952672,0.044889188412549026,0.01041038959808003,0.051618344767256595,0.07021654293738912,0.44831654773211344,-0.20400388940307337,0.08801912049528088
16.41,5.392429405017287,-2.33690919839583,1.0453566918845483,2.2949835592243044,-0.1289135592018598,2.0268723356628358,-0.36618916055224343,0.3092076479529233,0.14394067155061532,0.0448479872479074,0.010403899215874157,0.051593879697359867,0.07014513808052815,0.4483721688210064,-0.20404570610309936,0.08803712758042673
16.42,5.396913126705497,-2.3389496554568607,1.0462370631603526,2.2954662483444976,-0.12936894567127216,2.026606233445225,-0.36610368765266676,0.30950125769247167,0.14377028058752564,0.04480683872798297,0.010397454492912735,0.05156940713992232,0.07007380828964231,0.4484277287942808,-0.20408748324141976,0.08805511591557395
16.43,5.40139740399344,-2.340990530289275,1.0471176143195082,2.2959486619449487,-0.12982397875698343,2.026340008792262,-0.36601803262671484,0.309794586815269,0.1435998834467972,0.04476574276061599,0.010391055189656025,0.05154492709467179,0.0700025534759367,0.4484832277255791,-0.20412922086643576,0.08807308550979756
16.44,5.4058822362706955,-2.3430318224979394,1.0479983451746062,2.2964308004650165,-0.13027865878097647,2.0260736624477516,-0.3659321959800795,0.31008763538993184,0.14342948025516508,0.04472469925380056,0.010384701067497174,0.05152043956164157,0.06993137355075632,0.44853866568842804,-0.2041709190264595,0.08809103637218084
16.45,5.41036762292758,-2.345073531688204,1.048879255538328,2.296912664342395,-0.1307329860643728,2.025807195153011,-0.36584617821760235,0.31038040348539897,0.14325907113955832,0.04468370811568456,0.010378391888759032,0.0514959445411684,0.06986026842558576,0.4485940427562388,-0.20421257776971408,0.08810896851181502
16.46,5.414853563355142,-2.347115657465901,1.049760345223446,2.297394254013121,-0.13118696092743637,2.025540607646877,-0.3657599798432768,0.3106728911709318,0.143088656227098,0.04464276925456968,0.01037212741669097,0.051471442033890404,0.06978923801204825,0.44864935900230707,-0.20425419714433432,0.08812688193779981
16.47,5.419340056945165,-2.349158199437344,1.050641614042824,2.2978755699115787,-0.13164058368957704,2.0252739006657174,-0.36567360136024935,0.31096509851611454,0.14291823564509554,0.0446018825789113,0.01036590741546571,0.05144693204074506,0.06971828222190633,0.44870461449981347,-0.2042957771983659,0.0881447766592431
16.48,5.423827103090163,-2.351201157209328,1.0515230618094165,2.2983566124705077,-0.1320938546693544,2.025007074943438,-0.3655870432708215,0.3112570255908549,0.14274780952105115,0.044561047997318574,0.010359731650176174,0.05142241456296716,0.06964740096706101,0.44875980932182397,-0.20433731797976626,0.0881626526852613
16.490000000000002,5.428314701183382,-2.3532445303891256,1.052404688336269,2.298837382121009,-0.1325467741844813,2.0247401312114937,-0.3655003060764511,0.31154867246538404,0.14257737798265194,0.0445202654185543,0.010353599886832335,0.05139788960208679,0.06957659415955157,0.44881494354128965,-0.2043788195364045,0.08818051002497918
16.5,5.432802850618795,-2.3552883185844897,1.0532864934365187,2.2993178792925506,-0.1329993425518276,2.0244730701988964,-0.36541339027775444,0.31184003921025716,0.1424069411577702,0.04447953475153494,0.01034751189235808,0.05137335715992736,0.06950586171155532,0.4488700172310473,-0.20442028191606135,0.08819834868752995
16.51,5.437291550791105,-2.3573325214036505,1.054168476923394,2.299798104412975,-0.13345156008742368,2.0242058926322253,-0.36532629637450736,0.3121311258963536,0.1422364991744618,0.04443885590533058,0.010341467434588086,0.05134881723860356,0.06943520353538739,0.44892503046381976,-0.20446170516642978,0.08821616868205545
16.52,5.441780801095743,-2.3593771384553146,1.0550506386102148,2.3002780579085056,-0.1339034271064641,2.0239385992356356,-0.3652390248656473,0.31242193259487727,0.14206605216096438,0.04439822878916488,0.010335466282264704,0.05132426984051941,0.06936461954350062,0.4489799833122158,-0.2045030893351144,0.08823397001770603
16.53,5.446270600928865,-2.361422169348666,1.055932978310392,2.3007577402037507,-0.13435494392331124,2.023671190730867,-0.36515157624927475,0.3127124593773568,0.1418956002456957,0.04435765331241503,0.010329508205034853,0.05129971496836626,0.06929410964848487,0.44903487584873053,-0.20454443446963266,0.08825175270364063
16.54,5.450760949687353,-2.3634676136933623,1.0568154958374283,2.301237151721713,-0.13480611085149874,2.023403667837253,-0.36506395102265476,0.31300270631564614,0.14172514355725185,0.044317129384611735,0.010323592973446934,0.05127515262512083,0.069223673763067,0.4490897081457458,-0.20458574061741375,0.08826951674902707
16.55,5.45525184676881,-2.3655134710995367,1.0576981910049186,2.3017162928837935,-0.13525692820373525,2.023136031271731,-0.36497614968221875,0.3132926734819244,0.14155468222440565,0.04427665691543916,0.010317720358947733,0.05125058281404324,0.06915331180011043,0.4491444802755299,-0.20462700782579987,0.08828726216304168
16.56,5.459743291571566,-2.3675597411777947,1.058581063626549,2.302195164109799,-0.13570739629190787,2.0228682817488504,-0.36488817272356594,0.3135823609486965,0.14138421637610485,0.044236235814734876,0.010311890133879367,0.05122600553867508,0.06908302367261562,0.44919919231023886,-0.2046682361420454,0.08830498895486986
16.57,5.464235283494668,-2.369606423539215,1.0594641135160976,2.3026737658179472,-0.13615751542708573,2.0226004199807806,-0.36480002064146494,0.31387176878879325,0.14121374614147056,0.04419586599248983,0.010306102071476196,0.05120142080283747,0.06901280929371843,0.4492538443219155,-0.20470942561331773,0.08832269713370551
16.580000000000002,5.468727821937887,-2.371653517795348,1.0603473404874346,2.3031520984248743,-0.13660728591952356,2.0223324466773223,-0.3647116939298555,0.31416089707537154,0.1410432716497954,0.04415554735884828,0.010300355945861794,0.05117682861062909,0.0689426685766913,0.4493084363824903,-0.2047505762866971,0.08834038670875162
16.59,5.473220906301712,-2.373701023558215,1.0612307443545221,2.303630162345639,-0.13705670807866513,2.0220643625459136,-0.3646231930818498,0.3144497458819148,0.14087279303054195,0.04411527982410779,0.010294651532045897,0.05115222896642431,0.06887260143494178,0.44936296856378183,-0.20479168820917693,0.08835805768922021
16.6,5.47771453598735,-2.3757489404403067,1.0621143249314144,2.3041079579937316,-0.13750578221314685,2.021796168291641,-0.36453451858973435,0.3147383152822331,0.14070231041334094,0.04407506329871912,0.010288988605921364,0.05112762187487126,0.06880260778201315,0.4494174409374961,-0.20483276142766366,0.08837571008433216
16.61,5.482208710396725,-2.377797268054583,1.0629980820322578,2.3045854857810766,-0.13795450863080122,2.021527864617248,-0.36444567094497116,0.3150266053504634,0.14053182392798966,0.04403489769328622,0.010283366944261168,0.05110300734088989,0.06873268753158375,0.44947185357522795,-0.2048737959889771,0.08839334390331743
16.62,5.486703428932477,-2.379846006014473,1.063882015471291,2.305062746118042,-0.1384028876386603,2.0212594522231413,-0.36435665063819966,0.31531461616106976,0.14036133370445023,0.04399478291856615,0.010277786324715373,0.05107838536967016,0.06866284059746645,0.4495262065484604,-0.2049147919398508,0.08841095915541482
16.63,5.491198690997962,-2.3818951539338715,1.064766125062845,2.305539739413443,-0.13885091954295925,2.020990931807403,-0.36426745815923806,0.3156023477888436,0.14019083987284794,0.043954718885469056,0.010272246525808142,0.05105375596667006,0.068593066893609,0.4495804999285655,-0.2049557493269315,0.08842855584987264
16.64,5.495694495997247,-2.383944711427141,1.0656504106213438,2.3060164660745492,-0.13929860464913973,2.020722304065797,-0.3641780939970848,0.3158898003089039,0.14002034256346957,0.043914705505058084,0.010266747326934738,0.051029119137613814,0.06852336633409355,0.4496347337868039,-0.2049966681967804,0.08844613399594807
16.65,5.500190843335115,-2.3859946781091086,1.0665348719613033,2.30649292650709,-0.13974594326185338,2.0204535696917794,-0.36408855863992023,0.3161769737966974,0.13984984190676172,0.04387474268854933,0.010261288508358543,0.051004474888489956,0.06845373883313588,0.44968890819432583,-0.20503754859587167,0.08846369360290778
16.66,5.504687732417059,-2.3880450535950675,1.0674195088973324,2.306969121115262,-0.14019293568496524,2.0201847293765045,-0.3639988525751081,0.31646386832799883,0.13967933803332913,0.043834830347311796,0.010255869851208093,0.05097982322554951,0.06838418430508586,0.4497430232221708,-0.20507839057059427,0.08848123468002722
16.67,5.509185162649281,-2.3900958375007733,1.0683043212441328,2.3074450503017316,-0.14063958222155723,2.019915783808836,-0.363908976289197,0.316750483978911,0.139508831073933,0.043794968392867305,0.010250491137474105,0.05095516415530412,0.06831470266442688,0.44979707894126797,-0.205119194167251,0.08849875723659169
16.68,5.513683133438694,-2.392147029442446,1.0691893088164988,2.307920714467645,-0.14108588317393148,2.0196467336753545,-0.36381893026792195,0.3170368208258651,0.13933832115948938,0.04375515673689046,0.010245152150006537,0.050930497684524234,0.06824529382577525,0.44985107542243646,-0.20515995943205936,0.08851626128189562
16.69,5.518181644192919,-2.3941986290367665,1.0700744714293178,2.308396114012631,-0.14153183884361376,2.019377579660365,-0.36372871499620585,0.31732287894562083,0.13916780842106746,0.043715395291208575,0.010239852672511637,0.05090582382023725,0.06817595770388067,0.44990501273638583,-0.20520068641115113,0.08853374682524254
16.7,5.522680694320282,-2.396250635900878,1.0709598088975703,2.308871249334809,-0.14197744953135696,2.0191083224459074,-0.36363833095816095,0.31760865841526653,0.13899729298988794,0.0436756839678016,0.010234592489549015,0.05088114256972571,0.06810669421362527,0.4499588909537155,-0.20524137515057259,0.0885512138759457
16.71,5.52718028322982,-2.398303049652384,1.0718453210363297,2.3093461208307935,-0.14242271553714433,2.0188389627117633,-0.3635477786370904,0.3178941593122194,0.13882677499732138,0.043636022678802074,0.01022937138652872,0.05085645394052547,0.06803750327002371,0.45001271014491606,-0.205282025696285,0.08856866244332767
16.72,5.531680410331269,-2.4003558699093466,1.072731007660763,2.3098207288956996,-0.14286763716019296,2.018569501135465,-0.36345705851548976,0.3181793817142258,0.13865625457488653,0.04359641133649503,0.010224189149708327,0.05083175794042394,0.06796838478822281,0.45006647038036857,-0.20532263809416446,0.08858609253672077
16.73,5.536181075035072,-2.402409096290288,1.0736168685861303,2.31029507392315,-0.14331221469895705,2.0182999383923033,-0.3633661710750483,0.31846432569936084,0.1384857318542487,0.04355684985331795,0.010219045566190034,0.05080705457745822,0.06789933868350116,0.45012017173034535,-0.20536321239000255,0.08860350416546657
16.740000000000002,5.540682276752376,-2.404462728414188,1.0745029036277849,2.3107691563052803,-0.14375644845113134,2.018030275155337,-0.36327511679665064,0.31874899134602935,0.13831520696721808,0.04351733814186069,0.01021394042391777,0.05078234385991337,0.06783036487126938,0.4501738142650102,-0.20540374862950536,0.08862089733891625
16.75,5.545184014895026,-2.4065167659004834,1.075389112601174,2.311242976432745,-0.14420033871365434,2.0177605120954007,-0.36318389616037805,0.31903337873296533,0.1381446800457482,0.0434778761148654,0.010208873511674309,0.05075762579632062,0.06776146326706911,0.45022739805441825,-0.20544424685829477,0.08863827206643068
16.76,5.549686288875571,-2.4085712083690662,1.0762754953218383,2.3117165346947215,-0.14464388578271173,2.017490649881112,-0.3630925096455101,0.31931748793923237,0.13797415122193418,0.04343846368522645,0.0102038446190784,0.050732900395455596,0.06769263378657327,0.4502809231685165,-0.20548470712190825,0.08865562835738046
16.77,5.554189098107256,-2.4106260554402854,1.0771620516054121,2.312189831478919,-0.14508708995373965,2.017220689178881,-0.36300095773052593,0.3196013190442238,0.13780362062801116,0.04339910076599036,0.010198853536581898,0.050708167666336554,0.06762387634558559,0.4503343896771441,-0.20552512946579865,0.08867296622114561
16.78,5.558692442004027,-2.4126813067349433,1.0780487812676236,2.312662867171581,-0.145529951521428,2.016950630652918,-0.3629092408931058,0.3198848721276626,0.13763308839635263,0.04335978727035572,0.010193900055466913,0.050683427618222636,0.0675551908600404,0.45038779765003234,-0.2055655139353349,0.08869028566711612
16.79,5.563196319980527,-2.4147369618742967,1.0789356841242947,2.3131356421574933,-0.1459724707797237,2.0166804749652414,-0.3628173596101324,0.3201681472696018,0.1374625546594689,0.04332052311167312,0.010188983967842962,0.050658680260612134,0.06748657724600239,0.45044114715680517,-0.20560586057580174,0.08870758670469164
16.8,5.567700731452095,-2.4167930204800547,1.0798227599913417,2.313608156819988,-0.14641464802183393,2.016410222775686,-0.36272531435769245,0.3204511445504243,0.13729201955000536,0.04328130820344508,0.010184105066644137,0.050633925603240745,0.06741803541966628,0.45049443826697905,-0.20564616943240024,0.08872486934328144
16.81,5.5722056758347644,-2.418849482174379,1.0807100086847745,2.3140804115409495,-0.14685648354022954,2.0161398747419117,-0.3626331056110779,0.32073386405084314,0.13712148320074088,0.04324214245932592,0.010179263145626274,0.05060916365607985,0.06734956529735651,0.4505476710499634,-0.20568644055024732,0.08874213359230494
16.82,5.576711152545264,-2.4209063465798812,1.0815974300206976,2.314552406700821,-0.14729797762664815,2.0158694315194103,-0.3625407338447876,0.3210163058519016,0.1369509457445863,0.043203025793121755,0.010174457999364138,0.050584394429334795,0.06728116679552734,0.45060084557506114,-0.2057266739743769,0.08875937946119114
16.830000000000002,5.581217161001015,-2.422963613319625,1.0824850238153096,2.315024142678609,-0.14773913057209742,2.015598893761515,-0.3624481995325284,0.3212984700349731,0.1367804073145827,0.04316395811879035,0.010169689423248618,0.050559617933443185,0.0672128398307619,0.45065396191146834,-0.20576686974973876,0.08877660695937899
16.84,5.58572370062013,-2.4250212820171226,1.0833727898849035,2.3154956198518892,-0.14817994266685833,2.0153282621194064,-0.3623555031472168,0.3215803566817614,0.13660986804389985,0.04312493935044105,0.010164957213483925,0.050534834179073174,0.06714458431977272,0.4507070201282747,-0.20580702792120004,0.0887938160963175
16.85,5.590230770821412,-2.4270793522963348,1.0842607280458667,2.315966838596812,-0.14862041420048835,2.015057537242123,-0.36226264516098033,0.3218619658743007,0.1364393280658346,0.04308596940233473,0.010160261167084806,0.050510043177121794,0.06707640017940082,0.45076002029446405,-0.20584714853354416,0.08881100688146538
16.86,5.594738371024357,-2.4291378237816703,1.0851488381146814,2.3164377992881082,-0.14906054546182465,2.0147867197765663,-0.36216962604515873,0.3221432976949557,0.13626878751380922,0.04304704818888365,0.010155601081873761,0.050485244938713245,0.0670082873266159,0.45081296247891406,-0.20588723163147202,0.08882817932429145
16.87,5.599246500649146,-2.431196696097985,1.0860371199079244,2.316908502299094,-0.1495003367389873,2.0145158103675107,-0.36207644627030555,0.3224243522264216,0.13609824652136995,0.04300817562465141,0.010150976756478277,0.05046043947519724,0.06694024567851564,0.45086584675039687,-0.2059272772596016,0.08884533343427459
16.88,5.60375515911665,-2.433255968870581,1.0869255732422671,2.317378948001677,-0.14993978831938246,2.014244809657611,-0.36198310630618946,0.322705129551724,0.13592770522218522,0.04296935162435286,0.010146387990328064,0.05043562679814733,0.0668722751523258,0.4509186731775791,-0.20596728546246806,0.08886246922090363
16.89,5.608264345848426,-2.4353156417252055,1.0878141979344762,2.3178491367663607,-0.15037890048970554,2.0139737182874096,-0.3618896066217955,0.3229856297542193,0.1357571637500442,0.042930576102853966,0.0101418345836523,0.050410806919359244,0.06680437566540016,0.4509714418290223,-0.206007256284524,0.08887958669367747
16.9,5.612774060266716,-2.4373757142880508,1.088702993801413,2.3183190689622517,-0.15081767353594433,2.0137025368953445,-0.3617959476853266,0.3232658529175945,0.13558662223885518,0.04289184897517179,0.0101373163374769,0.050385979850849236,0.06673654713521959,0.4510241527731832,-0.20604718977013964,0.0888966858621051
16.91,5.617284301794448,-2.4394361861857523,1.089591960660034,2.3187887449570628,-0.15125610774338222,2.013431266117758,-0.36170212996420487,0.32354579912586723,0.1354160808226439,0.04285317015647432,0.010132833053621764,0.050361145604852456,0.06666878947939234,0.45107680607841333,-0.20608708596360292,0.08891376673570568
16.92,5.621795069855232,-2.4414970570453884,1.090481098327391,2.31925816511712,-0.15169420339660128,2.0131599065889016,-0.361608153925073,0.3238254684633858,0.1352455396355521,0.04281453956208044,0.010128384534698073,0.05033630419382129,0.06660110261565319,0.45112940181295985,-0.20612694490911992,0.08893082932400831
16.93,5.626306363873362,-2.44355832649448,1.0913704066206311,2.319727329807367,-0.15213196077948538,2.0128884589409477,-0.3615140200337955,0.3241048610148292,0.1350749988118359,0.042775957107459794,0.010123970584105553,0.05031145563042376,0.06653348646186415,0.4511819400449658,-0.2061667666508146,0.08894787363655263
16.94,5.630818183273812,-2.445619994160988,1.0922598853569967,2.3201962393913713,-0.1525693801752233,2.012616923803994,-0.36141972875546013,0.3243839768652073,0.13490445848586416,0.0427374227082327,0.010119591006029785,0.05028659992754189,0.06646594093601325,0.4512344208424702,-0.2062065512327292,0.08896489968288819
16.95,5.635330527482236,-2.447682059673315,1.0931495343538256,2.3206648942313284,-0.1530064618663119,2.012345301806073,-0.3613252805543792,0.32466281609986053,0.13473391879211702,0.042698936280170054,0.010115245605439499,0.0502617370982701,0.06639846595621496,0.45128684427340765,-0.20624629869882438,0.08898190747257483
16.96,5.63984339592497,-2.4497445226603034,1.0940393534285513,2.3211332946880683,-0.1534432061345591,2.0120735935731577,-0.36123067589409086,0.32494137880446006,0.13456337986518424,0.04266049773919324,0.010110934188083887,0.050236867155913606,0.06633106144070948,0.45133921040561004,-0.206286009092979,0.08899889701518267
16.97,5.644356788029026,-2.451807382751233,1.0949293423987032,2.3216014411210595,-0.1538796132610871,2.011801799729172,-0.36113591523736055,0.3252196650650078,0.13439284183976372,0.04262210700137402,0.010106656560489924,0.05021199011398682,0.06626372730786248,0.45139151930680504,-0.20632568245899094,0.08901586832029204
16.98,5.648870703222094,-2.4538706395758227,1.095819501081906,2.3220693338884155,-0.1543156835263353,2.011529920895995,-0.36104099904618214,0.32549767496783644,0.13422230485065986,0.042583763982934425,0.010102412529959692,0.050187105986211754,0.06619646347616547,0.45144377104461764,-0.20636531884057682,0.08903282139749355
16.990000000000002,5.65338514093254,-2.4559342927642285,1.096709829295881,2.322536973346899,-0.1547514172100634,2.011257957693471,-0.3609459277817794,0.3257754085996092,0.13405176903278207,0.042545468600246675,0.01009820190456773,0.05016221478651648,0.0661292698642346,0.4514959656865697,-0.20640491828137214,0.08904975625638825
17.0,5.657900100589406,-2.457998341947042,1.0976003268584449,2.323004359851927,-0.1551868145913546,2.0109859107394152,-0.3608507019046072,0.32605286604732,0.13388123452114323,0.04250722076983306,0.01009402449315837,0.05013731652903351,0.06606214639081127,0.45154810330008033,-0.20644448082493175,0.08906667290658751
17.01,5.662415581622406,-2.4600627867552913,1.0984909935875107,2.3234714937575776,-0.1556218759486184,2.0107137806496227,-0.36075532187435283,0.32633004739829335,0.1337107014508581,0.042469020408365823,0.010089880105343094,0.050112411228098265,0.06599509297476122,0.45160018395246615,-0.20648400651472942,0.08908357135771282
17.02,5.666931583461931,-2.462127626820439,1.0993818293010877,2.323938375416593,-0.15605660155959372,2.0104415680378747,-0.3606597881499373,0.3266069527401845,0.13354016995714174,0.042430867432667094,0.010085768551497905,0.0500874988982475,0.06592810953507461,0.4516522077109417,-0.2065234953941586,0.08910045161939624
17.03,5.67144810553904,-2.4641928617743805,1.1002728338172818,2.3244050051803855,-0.15649099170135197,2.0101692735159458,-0.36056410118951665,0.326883582160979,0.1333696401753081,0.042392761759708734,0.01008168964276069,0.050062579554217765,0.06586119599086564,0.4517041746426191,-0.20656294750653245,0.08911731370128041
17.04,5.675965147285466,-2.466258491249446,1.1011640069542945,2.3248713833990435,-0.1569250466503,2.0098968976936127,-0.3604682614504832,0.32715993574899305,0.1331991122407684,0.04235470330661226,0.010077643191028612,0.05003765321094388,0.06579435226137267,0.45175608481450896,-0.20660236289508363,0.08913415761301793
17.05,5.680482708133611,-2.4683245148783968,1.1020553485304247,2.325337510421335,-0.15735876668218304,2.00962444117866,-0.36037226938946687,0.3274360135928732,0.13302858628902958,0.042316691990648726,0.010073629008955493,0.050012719883557384,0.06572757826595724,0.45180793829352023,-0.20664174160296475,0.08915098336427224
17.06,5.685000787516546,-2.4703909322944266,1.1029468583640674,2.3258033865947145,-0.1577921520720878,2.0093519045768877,-0.3602761254623364,0.3277118157815964,0.1328580624556928,0.04227872772923862,0.010069646909949218,0.049987779587385,0.06566087392410436,0.45185973514646005,-0.20668108367324864,0.08916779096471703
17.07,5.68951938486801,-2.472457743131159,1.1038385362737144,2.326269012265325,-0.15822520309444532,2.0090792884921203,-0.36017983012420063,0.32798734240446986,0.13268754087645188,0.042240810439951745,0.01006569670816914,0.04996283233794715,0.06559423915542219,0.45191147544003507,-0.20672038914892793,0.08918458042403664
17.080000000000002,5.69403849962241,-2.4745249470226485,1.1047303820779548,2.326734387778007,-0.15865792002303403,2.0088065935262107,-0.36008338382940974,0.328262593551131,0.13251702168709192,0.0422029400405071,0.010061778218523495,0.04993787815095641,0.06552767387964166,0.4519631592408504,-0.2067596580729161,0.08920135175192573
17.09,5.698558131214819,-2.4765925436033775,1.105622395595474,2.327199513476301,-0.15909030313098257,2.0085338202790504,-0.35998678703155657,0.3285375693115475,0.13234650502348763,0.04216511644877278,0.010057891256666831,0.04991291704231605,0.06546117801661622,0.4520147866154108,-0.20679889048804675,0.08921810495808945
17.1,5.703078279080973,-2.478660532508258,1.106514576645055,2.3276643897024516,-0.1595223526907729,2.008260969348575,-0.3598900401834778,0.32881226977601685,0.13217599102160188,0.042127339582765856,0.01005403563899744,0.04988794902811849,0.06539475148632169,0.45206635763012026,-0.20683808643707421,0.08923484005224362
17.11,5.707598942657274,-2.4807289133726287,1.1074069250455776,2.3281290167974156,-0.15995406897424302,2.0079880413307722,-0.3597931437372553,0.32908669503516674,0.13200547981748417,0.042089609360652265,0.010050211182654796,0.04986297412464385,0.06532839420885612,0.45211787235128276,-0.20687724596267382,0.08925155704411467
17.12,5.712120121380787,-2.4827976858322556,1.1082994406160187,2.3285933951008646,-0.16038545225259007,2.007715036819688,-0.3596960981442172,0.3293608451799546,0.13183497154726914,0.04205192570074669,0.01004641770551701,0.04983799234835846,0.065262106104439,0.4521693308451019,-0.20691636910744168,0.08926825594343923
17.13,5.716641814689238,-2.48486684952333,1.1091921231754531,2.3290575249511902,-0.1608165027963731,2.007441956407434,-0.3595989038549393,0.3296347203016677,0.13166446634717507,0.04201428852151242,0.010042655026198284,0.04981300371591338,0.06519588709341169,0.4522207331776815,-0.20695545591389508,0.08928493675996498
17.14,5.721164022021015,-2.4869364040824693,1.1100849725430528,2.3295214066855094,-0.16124722087551607,2.0071688006841955,-0.35950156131924615,0.32990832049192287,0.1314939643535024,0.041976697741561285,0.010038922964046387,0.049788008244142944,0.06512973709623654,0.4522720794150259,-0.20699450642447284,0.08930159950344978
17.150000000000002,5.725686742815165,-2.489006349146714,1.1109779885380873,2.329985040639669,-0.16167760675931062,2.0068955702382367,-0.3594040709862124,0.33018164584266657,0.13132346570263223,0.04193915327965348,0.010035221339140116,0.049763005950063305,0.06506365603349722,0.4523233696230398,-0.20703352068153485,0.08931824418366244
17.16,5.730209976511396,-2.4910766843535295,1.1118711709799238,2.3304484271482515,-0.16210766071641902,2.00662226565591,-0.3593064333041639,0.3304546964461746,0.13115297053102476,0.041901655054697486,0.010031549972286795,0.04973799685087097,0.0649976438258983,0.4523746038675288,-0.20707249872736258,0.0893348708103821
17.17,5.734733722550071,-2.493147409340803,1.1127645196880276,2.3309115665445788,-0.16253738301487702,2.0063488875216597,-0.35920864872067904,0.3307274723950521,0.13098247897521792,0.041864202985749915,0.010027908685019755,0.049712980963941375,0.06493170039426446,0.45242578221419955,-0.20711144060415954,0.08935147939339864
17.18,5.739257980372213,-2.4952185237468445,1.1136580344819615,2.331374459160717,-0.16296677392209669,2.0060754364180324,-0.3591107176825898,0.3309999737822334,0.13081199117182585,0.04182679699201543,0.010024297299595846,0.049687958306827436,0.06486582565954109,0.4524769047286598,-0.20715034635405102,0.0893680699425126
17.19,5.743782749419499,-2.497290027210385,1.1145517151813866,2.331837105327482,-0.1633958337048692,2.005801912925682,-0.35901264063598315,0.33127220070098173,0.13064150725753737,0.04178943699284656,0.010020715638992931,0.049662928897258124,0.06480001954279335,0.45252797147641877,-0.20718921601908408,0.08938464246753519
17.2,5.748308029134264,-2.499361919370576,1.115445561606062,2.332299505374444,-0.1638245626293678,2.0055283176233765,-0.3589144180262021,0.33154415324488934,0.13047102736911456,0.041752122907743654,0.010017163526907416,0.049637892753137056,0.06473428196520659,0.4525789825228875,-0.20722804964122846,0.0894011969782883
17.21,5.752833818959492,-2.5014341998669885,1.1163395735758448,2.332761659629932,-0.16425296096115044,2.005254651088005,-0.35881605029784697,0.3318158315078772,0.13030055164339127,0.041714854656354675,0.010013640787751767,0.04961284989254105,0.0646686128480851,0.45262993793337863,-0.20726684726237604,0.08941773348460441
17.22,5.757360118338826,-2.503506868339612,1.1172337509106909,2.3332235684210394,-0.16468102896516276,2.004980913894586,-0.3587175378947765,0.33208723558419473,0.1301300802172717,0.041677632158475135,0.010010147246652048,0.049587800333718755,0.06460301211285308,0.4526808377731072,-0.20730560892434083,0.08943425199632665
17.23,5.761886926716557,-2.5055799244288552,1.1181280934306541,2.333685232073627,-0.16510876690574075,2.004707106616271,-0.3586188812601091,0.33235836556841997,0.12995961322772887,0.04164045533404794,0.010006682729445458,0.04956274409508923,0.06453747968105343,0.45273168210719034,-0.2073443346688602,0.08945075252330904
17.240000000000002,5.766414243537629,-2.5076533677755437,1.1190226009558872,2.334146650912329,-0.1655361750466136,2.0044332298243543,-0.35852008083622405,0.33262922155545904,0.12978915081180314,0.04160332410316328,0.010003247062677884,0.049537681195240546,0.0644720154743478,0.4527824710006474,-0.20738302453759416,0.08946723507541633
17.25,5.770942068247636,-2.5097271980209195,1.1199172733066414,2.334607825260558,-0.16596325365090653,2.0041592840882787,-0.3584211370647626,0.3328998036405463,0.12961869310660093,0.04156623838605847,0.009999840073601454,0.049512611652928425,0.06440661941451681,0.45283320451840103,-0.2074216785721253,0.08948369966252362
17.26,5.77547040029282,-2.5118014148066408,1.1208121103032667,2.335068755440509,-0.16639000298114337,2.0038852699756413,-0.3583220503866291,0.3331701119192439,0.12944824024929308,0.04152919810311784,0.00999646159017211,0.04948753548707483,0.06434129142345889,0.45288388272527647,-0.20746029681395967,0.08950014629451727
17.27,5.779999239120072,-2.5138760177747805,1.1217071117662119,2.335529441773164,-0.16681642329924956,2.0036111880522016,-0.3582228212419925,0.3334401464874418,0.12927779237711345,0.04149220317487261,0.009993111441047172,0.04946245271676662,0.06427603142319066,0.4529345056860022,-0.20749887930452654,0.08951657498129381
17.28,5.7845285841769325,-2.5159510065678257,1.1226022775160247,2.335989884578297,-0.1672425148665547,2.003337038881887,-0.358123450070287,0.3337099074413575,0.12910734962735756,0.04145525352200075,0.009989789455582926,0.04943736336125417,0.06421083933584701,0.45298507346521005,-0.2075374260851787,0.08953298573276089
17.29,5.789058434911585,-2.5180263808286774,1.1234976073733522,2.3364500841744777,-0.16766827794379535,2.0030628230268004,-0.35802393731021354,0.3339793948775358,0.1289369121373811,0.041418349065326855,0.009986495463832212,0.04941226743995001,0.06414571508367978,0.4530355861274353,-0.2075759371971925,0.08954937855883692
17.3,5.793588790772859,-2.5201021402006494,1.1243931011589405,2.3369100408790784,-0.1680937127911178,2.002788541047226,-0.3579242833997409,0.3342486088928488,0.12876648004459842,0.04138148972582199,0.00998322929654202,0.04938716497242748,0.06408065858905831,0.4530860437371171,-0.20761441268176775,0.08956575346945082
17.31,5.79811965121023,-2.522178284327467,1.125288758693635,2.3373697550082753,-0.1685188196680807,2.0025141935016353,-0.35782448877610684,0.3345175495844955,0.1285960534864813,0.041344675424603586,0.009979990785151095,0.04936205597841941,0.06401566977446929,0.4531364463585987,-0.20765285258002888,0.08958211047454268
17.32,5.802651015673816,-2.5242548128532674,1.1261845797983805,2.337829226877056,-0.1689435988336578,2.002239780946696,-0.35772455387581914,0.33478621705000156,0.12842563260055725,0.04130790608293528,0.009976779761787551,0.04933694047781672,0.06395074856251591,0.45318679405612733,-0.20769125693302362,0.08959844958406285
17.330000000000002,5.807182883614377,-2.5263317254225974,1.1270805642942212,2.338288456799223,-0.16936805054624074,2.001965303937276,-0.3576244791346569,0.3350546113872193,0.12825521752440835,0.0412711816222268,0.009973596059266496,0.04931181849066716,0.06388589487591821,0.45323708689385495,-0.2077296257817243,0.08961477080797267
17.34,5.811715254483316,-2.5284090216804147,1.127976712002301,2.3387474450873964,-0.1697921750636415,2.0016907630264504,-0.35752426498767154,0.3353227326943274,0.12808480839566969,0.04123450196403381,0.009970439511087649,0.04928669003717394,0.06382110863751232,0.4532873249358375,-0.20776795916702795,0.08963107415624452
17.35,5.816248127732674,-2.530486701272085,1.1288730227438635,2.3392061920530223,-0.17021597264309526,2.0014161587655095,-0.35742391186918804,0.33559058106983053,0.12791440535202797,0.04119786703005779,0.00996730995143299,0.049261555137694424,0.06375638977025051,0.45333750824603647,-0.20780625712975545,0.08964735963886124
17.36,5.820781502815135,-2.5325647638433826,1.129769496340252,2.3396646980063736,-0.17063944354126304,2.0011414917039634,-0.35732342021280594,0.3358581566125594,0.12774400853122014,0.04116127674214587,0.009964207215164398,0.04923641381273883,0.06369173819720117,0.4533876368883179,-0.20784451971065268,0.08966362726581653
17.37,5.825315379184018,-2.534643209040489,1.1306661326129102,2.3401229632565568,-0.1710625880142343,2.0008667623895495,-0.3572227904514006,0.33612545942167027,0.12757361807103193,0.04112473102229073,0.009961131137821301,0.04921126608296891,0.06362715384154809,0.4534377109264535,-0.20788274695039038,0.08967987704711486
17.38,5.8298497562932825,-2.536722036509993,1.1315629313833813,2.3405809881115145,-0.1714854063175296,2.0005919713682383,-0.3571220230171242,0.3363924895966448,0.1274032341092965,0.04108822979263043,0.009958081555618338,0.04918611196919668,0.06356263662659027,0.45348773042411983,-0.20792093888956437,0.08969610899277175
17.39,5.834384633597524,-2.5388012458988887,1.132459892473309,2.3410387728780324,-0.1719078987061032,2.0003171191842397,-0.3570211183414069,0.33665924723728996,0.12723285678389298,0.04105177297544828,0.00995505830544303,0.04916095149238308,0.0634981864757422,0.45353769544489964,-0.20795909556869543,0.08971232311281324
17.400000000000002,5.8389200105519725,-2.5408808368545754,1.133357015704437,2.341496317861741,-0.1723300654343458,2.00004220638001,-0.3569200768549579,0.33692573244373747,0.12706248623274521,0.0410153604931727,0.009952061224853447,0.049135784673636745,0.0634338033125331,0.45358760605228127,-0.2079972170282298,0.0897285194172762
17.41,5.843455886612495,-2.5429608090248577,1.13425430089861,2.3419536233671225,-0.17275190675608704,1.9997672334962573,-0.3568188989877667,0.33719194531644386,0.1268921225938202,0.04097899226837706,0.009949090152075898,0.04911061153421269,0.06336948706060669,0.4536374623096592,-0.20803530330853923,0.08974469791620841
17.42,5.847992261235592,-2.545041162057943,1.135151747877772,2.3424106896975125,-0.17317342292459806,1.9994922010719482,-0.356717585169104,0.3374578859561901,0.12672176600512686,0.04094266822377959,0.009946144926002617,0.04908543209551106,0.06330523764372117,0.45368726428033385,-0.20807335444992106,0.08976085861966857
17.43,5.852529133878395,-2.547121895602442,1.1360493564639687,2.342867517155107,-0.1735946141925942,1.9992171096443148,-0.35661613582752294,0.3377235544640812,0.12655141660471447,0.04090638828224315,0.009943225386189464,0.049060246379075856,0.06324105498574904,0.45373701202751276,-0.20811137049259812,0.08977700153772583
17.44,5.85706650399867,-2.549203009307368,1.1369471264793458,2.3433241060409657,-0.17401548081223758,1.9989419597488594,-0.35651455139086,0.33798895094154624,0.12638107453067152,0.040870152366775166,0.009940331372853627,0.04903505440659368,0.06317693901067671,0.45378670561430967,-0.20814935147671956,0.08979312668046043
17.45,5.861604371054813,-2.5512845028221354,1.1378450577461505,2.3437804566550153,-0.17443602303513958,1.9986667519193617,-0.35641283228623644,0.3382540754903378,0.1262107399211241,0.04083396040052745,0.009937462726871333,0.049009856199892475,0.06311288964260406,0.45383634510374526,-0.20818729744236047,0.08980923405796343
17.46,5.866142734505851,-2.553366375796559,1.1387431500867302,2.3442365692960556,-0.17485624111236345,1.998391486687885,-0.3563109789400589,0.33851892821253193,0.12604041291423476,0.04079781230679604,0.00993461928977558,0.048984651780940296,0.06304890680574445,0.4538859305587475,-0.20822520842952208,0.08982532368033647
17.47,5.8706815938114385,-2.555448627880854,1.1396414033235336,2.3446924442617623,-0.17527613529442687,1.9981161645847814,-0.35620899177802096,0.33878350921052763,0.12587009364820095,0.0407617080090211,0.00993180090375385,0.04895944117184406,0.06298499042442485,0.45393546204215124,-0.20826308447813233,0.0898413955576924
17.48,5.87522094843186,-2.5575312587256356,1.1405398172791106,2.3451480818486927,-0.1756957058313045,1.9978407861386995,-0.35610687122510387,0.33904781858704675,0.1256997822612538,0.04072564743078671,0.009929007411645853,0.04893422439484832,0.0629211404230846,0.45398493961669933,-0.20830092562804522,0.08985744970015422
17.490000000000002,5.879760797828027,-2.559614267981916,1.1414383917761122,2.3456034823522884,-0.1761149529724305,1.997565351876589,-0.35600461770557784,0.3393118564451337,0.1255294788916567,0.040689630495820764,0.009926238656941266,0.04890900147233403,0.06285735672627607,0.4540343633450419,-0.20833873191904198,0.08987348611785653
17.5,5.884301141461477,-2.5616976553011064,1.1423371266372908,2.346058646066881,-0.176533876966701,1.9972898623237076,-0.3559022316430029,0.33957562288815496,0.12535918367770388,0.04065365712799482,0.009923494483777487,0.04888377242681733,0.06279363925866421,0.4540837332897371,-0.20837650339083033,0.0898895048209443
17.51,5.888841978794375,-2.563781420335015,1.1432360216855002,2.346513573285696,-0.17695247806247671,1.9970143180036266,-0.3557997134602301,0.3398391180197991,0.12518889675771924,0.04061772725132391,0.009920774736937386,0.04885853728094834,0.06272998794502621,0.45413304951325134,-0.20841424008304524,0.08990550581957298
17.52,5.893383309289507,-2.5658655627358455,1.144135076743696,2.346968264300856,-0.17737075650758533,1.9967387194382373,-0.3556970635794026,0.34010234194407624,0.12501861827005487,0.04058184078996645,0.009918079261847082,0.04883329605750994,0.06266640271025097,0.454182312077959,-0.20845194203524875,0.0899214891239097
17.53,5.897925132410286,-2.567950082156198,1.145034291634935,2.347422719403385,-0.17778871254932407,1.996463067147757,-0.3555942824219567,0.34036529476531774,0.12484834835308972,0.04054599766822403,0.009915407904573697,0.04880804877941658,0.06260288347933939,0.45423152104614317,-0.20848960928693022,0.08993745474413165
17.54,5.902467447620747,-2.5700349782490672,1.1459336661823762,2.3478769388832155,-0.1782063464344622,1.9961873616507344,-0.35549137040862266,0.340627976588176,0.12467808714522831,0.040510197810541305,0.00991276051182315,0.04878279546971308,0.06253943017740397,0.4542806764799956,-0.2085272418775064,0.08995340269042712
17.55,5.907010254385547,-2.5721202506678424,1.1468332002092805,2.3483309230291884,-0.17862365840924344,1.995911603464056,-0.3553883279594262,0.3408903875176241,0.12450783478489937,0.04047444114150582,0.00991013693093794,0.04875753615157344,0.06247604272966851,0.454329778441617,-0.20856483984632213,0.08996933297299504
17.56,5.911553552169963,-2.5742058990663055,1.1477328935390105,2.34878467212906,-0.17904064871938843,1.9956357931029525,-0.3552851554936891,0.34115252765895554,0.1243375914105545,0.04043872758584787,0.009907537009894937,0.048732270848299654,0.06241272106146784,0.45437882699301696,-0.20860240323264936,0.08998524560204518
17.57,5.916097340439893,-2.576291923098632,1.148632745995031,2.3492381864695053,-0.17945731761009723,1.9953599310810033,-0.3551818534300305,0.3414143971177837,0.12416735716066692,0.040403057068440336,0.009904960597303183,0.04870699958332056,0.06234946509824762,0.4544278221961145,-0.2086399320756886,0.09000114058779828
17.580000000000002,5.920641618661854,-2.578378322419389,1.1495327574009089,2.3496914663361217,-0.1798736653260517,1.995084017910144,-0.3550784221863678,0.34167599600004184,0.12399713217373003,0.040367429514298524,0.009902407542401705,0.048681722380190626,0.06228627476556387,0.45447676411273813,-0.20867742641456802,0.0900170179404856
17.59,5.925186386302982,-2.5804650966835343,1.1504329275803138,2.3501445120134337,-0.18028969211141802,1.994808054100671,-0.35497486217991786,0.34193732441198244,0.12382691658825619,0.04033184484858004,0.009899877695057326,0.04865643926258883,0.062223149989083446,0.45452565280462587,-0.20871488628834428,0.09003287767034948
17.6,5.929731642831028,-2.5825522455464176,1.1513332563570173,2.350597323784897,-0.18070539820984902,1.994532040161248,-0.3548711738271978,0.3421983824601771,0.1236567105427754,0.040296302996584606,0.009897370905762487,0.04863115025431746,0.06216009069458329,0.454574488333426,-0.20875231173600256,0.09004871978764258
17.61,5.934277387714362,-2.5846397686637776,1.1522337435548937,2.3510499019329028,-0.18112078386448666,1.9942559765989119,-0.3547673575440263,0.34245917025151607,0.12348651417583394,0.040260803883753915,0.00989488702563308,0.048605855379301004,0.062097096807949774,0.4546232707606965,-0.20878970279645628,0.09006454430262872
17.62,5.938823620421969,-2.5867276656917424,1.15313438899792,2.3515022467387805,-0.1815358493179644,1.9939798639190776,-0.35466341374552424,0.34271968789320795,0.12331632762599311,0.040225347435671466,0.009892425906406285,0.04858055466158497,0.06203416825517951,0.4546720001479057,-0.20882705950854794,0.0900803512255823
17.63,5.943370340423448,-2.588815936286828,1.1540351925101757,2.351954358482803,-0.18195059481240963,1.993703702625545,-0.35455934284611623,0.3429799354927794,0.12314615103182794,0.04018993357806242,0.009889987400438408,0.048555248125334766,0.061971304962378085,0.45472067655643256,-0.20886438191104867,0.0900961405667886
17.64,5.947917547189013,-2.5909045801059385,1.1549361539158436,2.352406237444191,-0.18236502058944604,1.9934274932205043,-0.3544551452595311,0.34323991315807456,0.12297598453192585,0.04015456223679344,0.009887571360702738,0.04852993579483455,0.06190850685576063,0.45476930004756644,-0.20890167004265875,0.09011191233654352
17.650000000000002,5.952465240189488,-2.592993596806365,1.155837273039209,2.3528578839011165,-0.18277912689019596,1.993151236204541,-0.35435082139880325,0.343499620997255,0.12280582826488541,0.040119233337872505,0.009885177640787404,0.04850461769448612,0.06184577386165116,0.4548178706825079,-0.20893892394200775,0.09012766654515358
17.66,5.957013418896313,-2.595082986045785,1.1567385497046605,2.3533092981307058,-0.1831929139552828,1.9928749320766428,-0.35424637167627354,0.34375905911879917,0.12263568236931502,0.04008394680744879,0.009882806094893235,0.04847929384880778,0.06178310590648236,0.4548663885223682,-0.20897614364765407,0.09014340320293641
17.67,5.961562082781537,-2.5971727474822615,1.15763998373669,2.353760480409045,-0.18360638202483337,1.9925985813342042,-0.35414179650359034,0.344018227631502,0.12246554698383165,0.04004870257181249,0.009880456577831636,0.04845396428243323,0.06172050291679548,0.4549148536281701,-0.2090133291980864,0.09015912232022008
17.68,5.966111231317819,-2.5992628807742424,1.1585415749598922,2.3542114310111835,-0.1840195313384802,1.992322184473033,-0.35403709629171043,0.34427712664447474,0.12229542224705953,0.04001350055739465,0.009878128945022466,0.04842862902011044,0.06165796481924007,0.4549632660608476,-0.20905048063172246,0.09017482390734331
17.69,5.970660863978427,-2.6013533855805595,1.1594433231989656,2.3546621502111376,-0.1844323621353639,1.9920457419873552,-0.3539322714509001,0.3445357562671442,0.12212530829762891,0.039978340690767014,0.009875823052491925,0.048403288086700566,0.061595491540573935,0.45501162588124644,-0.20908759798691023,0.09019050797465586
17.7,5.9752109802372395,-2.6034442615604285,1.1603452282787121,2.3551126382818954,-0.18484487465413554,1.991769254369821,-0.3538273223907361,0.34479411660925285,0.12195520527417478,0.03994322289864186,0.00987353875687044,0.04837794150717684,0.061533083007662186,0.45505993315012416,-0.2091246813019269,0.09020617453251767
17.71,5.97976157956874,-2.605535508373448,1.1612472900240374,2.355562895495419,-0.18525706913295892,1.9914927221115106,-0.35372224952010667,0.34505220778085804,0.1217851133153356,0.03990814710787185,0.009871275915390576,0.04835258930662348,0.06147073914747825,0.4551081879281505,-0.20916173061498075,0.09022182359129997
17.72,5.984312661448022,-2.6076271256795978,1.1621495082599504,2.35601292212265,-0.18566894580951285,1.9912161457019388,-0.3536170532472124,0.34531002989233184,0.12161503255975205,0.03987311324544983,0.00986903438588493,0.04832723151023459,0.06140845988710221,0.45515639027590693,-0.20919874596420976,0.09023745516138423
17.73,5.988864225350781,-2.60971911313924,1.1630518828115644,2.356462718433513,-0.18608050492099354,1.9909395256290618,-0.35351173397956737,0.3455675830543605,0.12144496314606575,0.039838121238508724,0.009866814026784052,0.0483018681433131,0.06134624515372202,0.4552045402538878,-0.20923572738768226,0.09025306925316265
17.740000000000002,5.99341627075332,-2.611811470413117,1.163954413504096,2.356912284696919,-0.1864917467041168,1.9906628623792817,-0.35340629212400004,0.34582486737794427,0.12127490521291803,0.03980317101432132,0.009864614697114362,0.04827649923126968,0.06128409487463185,0.45525263792249976,-0.2092726749233974,0.09026866587703829
17.75,5.997968797132545,-2.6139041971623507,1.1648571001628665,2.357361621180769,-0.18690267139512043,1.9903861564374523,-0.3533007280866543,0.3460818829743967,0.12110485889894868,0.03976826250030013,0.009862436256496073,0.04825112479962165,0.061222008977233226,0.4553006833420624,-0.20930958860928525,0.09028424504342467
17.76,6.002521803965966,-2.6159972930484434,1.1657599426133007,2.35781072815196,-0.1873132792297664,1.990109408286885,-0.3531950422729903,0.3463386299553445,0.12093482434279468,0.03973339562399722,0.009860278565141132,0.04822574487399196,0.06115998738903336,0.4553486765728081,-0.20934646848320604,0.090299806762746
17.77,6.007075290731693,-2.6180907577332753,1.1666629406809281,2.3582596058763854,-0.18772357044334315,1.9898326184093538,-0.3530892350877856,0.34659510843272695,0.120764801683089,0.03969857031310404,0.009858141483851158,0.04820035948010808,0.06109803003764664,0.45539661767488265,-0.20938331458295176,0.09031535104543711
17.78,6.011629256908442,-2.620184590879105,1.1675660941913826,2.358708254618942,-0.18813354527066783,1.9895557872851002,-0.35298330693513597,0.3468513185187957,0.12059479105845933,0.03966378649545126,0.009856024874015382,0.04817496864380098,0.061036136850792726,0.4554445067083449,-0.20942012694624532,0.09033087790194347
17.79,6.0161837019755255,-2.6222787921485673,1.168469402970402,2.3591566746435317,-0.18854320394608862,1.9892789153928399,-0.35287725821845645,0.34710726032611405,0.12042479260752686,0.03962904409900862,0.00985392859760861,0.04814957239100408,0.06097430775629739,0.4554923437331674,-0.209456905610741,0.09034638734272114
17.8,6.020738625412857,-2.624373361204675,1.169372866843829,2.3596048662130666,-0.18895254670348685,1.989002003209767,-0.3527710893404823,0.3473629339675568,0.12025480646890506,0.03959434305188474,0.009851852517189173,0.04812417074775218,0.060912542682091946,0.4555401288092363,-0.2094936506140245,0.09036187937823677
17.81,6.02529402670095,-2.626468297710815,1.1702764856376113,2.3600528295894723,-0.18936157377627932,1.9887250512115602,-0.35266480070326994,0.34761833955630966,0.12008483278119844,0.03955968328232694,0.009849796495896903,0.04809876374018046,0.060850841556213044,0.4555878619963518,-0.2095303619936132,0.09037735401896736
17.82,6.029849905320913,-2.628563601330751,1.171180259177801,2.3605005650336905,-0.1897702853974205,1.9884480598723873,-0.3525583927081979,0.347873477205869,0.11991487168300136,0.03952506471872112,0.009847760397451102,0.04807335139452342,0.06078920430680263,0.4556355433542282,-0.20956703978695648,0.090392811275401
17.830000000000002,6.034406260754455,-2.6306592717286206,1.1720841872905552,2.360948072805685,-0.19017868179940473,1.9881710296649113,-0.35245186575596776,0.3481283470300412,0.11974492331289675,0.03949048728959156,0.009845744086148522,0.04804793373711387,0.06072763086210713,0.4556831729424939,-0.2096036840314353,0.0904082511580359
17.84,6.03896309248388,-2.632755308568935,1.1729882698021354,2.3613953531644443,-0.19058676321426843,1.9878939610602953,-0.35234522024660514,0.3483829491429424,0.119574987809455,0.039455950923600734,0.009843747426861352,0.048022510794381905,0.06066612115047797,0.45573075082069187,-0.20964029476436297,0.09042367367738079
17.85,6.043520399992087,-2.6348517115165784,1.1738925065389092,2.3618424063679844,-0.19099452987359228,1.9876168545282076,-0.3522384565794606,0.3486372836589979,0.11940506531123266,0.039421455549549185,0.00984177028503521,0.04799708259285388,0.060604675100371014,0.4557782770482797,-0.20967687202298518,0.09043907884395522
17.86,6.048078182762569,-2.6369484802368084,1.1747968973273488,2.362289232673354,-0.19140198200850342,1.9873397105368276,-0.35213157515321064,0.34889135069294186,0.11923515595677127,0.03938700109637532,0.009839812526687147,0.04797164915915142,0.06054329264034628,0.4558257516846299,-0.20971341584447958,0.09045446666828903
17.87,6.052636440279415,-2.639045614395253,1.1757014419940317,2.3627358323366376,-0.1918091198496776,1.9870625295528501,-0.35202457636585854,0.34914515035981686,0.1190652598845962,0.039352587493155254,0.009837874018403641,0.047946210519990394,0.06048197369906781,0.45587317478903,-0.2097499262659569,0.09046983716092262
17.88,6.057195172027305,-2.641143113657913,1.176606140365641,2.363182205612959,-0.19221594362734143,1.9867853120414913,-0.35191746061473533,0.34939868277497327,0.11889537723321537,0.039318214669102625,0.009835954627338628,0.047920766702179936,0.06042071820530361,0.45592054642068264,-0.20978640332446025,0.09048519033240669
17.89,6.061754377491512,-2.6432409776911574,1.177510992268965,2.363628352756485,-0.1926224535712744,1.9865080584664938,-0.3518102282965008,0.34965194805406896,0.11872550814111817,0.03928388255356844,0.009834054221211506,0.047895317732621435,0.06035952608792497,0.45596786663870575,-0.20982284705696583,0.0905005261933029
17.900000000000002,6.066314056157899,-2.645339206161727,1.178415997530898,2.36407427402043,-0.19302864991081112,1.9862307692901313,-0.3517028798071444,0.3499049463130689,0.11855565274677417,0.0392495910760409,0.009832172668305165,0.04786986363830755,0.060298397275906676,0.4560151355021331,-0.20985925750038253,0.09051584475418281
17.91,6.0708742075129205,-2.647437798736731,1.17932115597844,2.3645199696570574,-0.19343453287484352,1.9859534449732141,-0.351595415541986,0.3501576776682444,0.11838581118863199,0.039215340166145224,0.00983030983746402,0.04784440444632124,0.06023733169832672,0.45606235306991383,-0.20989563469155292,0.09053114602562864
17.92,6.075434831043619,-2.6495367550836466,1.1802264674386962,2.3649654399176856,-0.19384010269182284,1.9856760859750946,-0.35148783589567706,0.35041014223617306,0.11821598360511815,0.039181129753643455,0.009828465598092051,0.04781894018383475,0.06017632928436603,0.45610951940091365,-0.20993197866725258,0.09054643001823313
17.93,6.079995926237628,-2.651636074870319,1.1811319317388784,2.365410685052691,-0.1942453595897618,1.9853986927536718,-0.35138014126220146,0.3506623401337379,0.1180461701346358,0.03914695976843433,0.00982663982015084,0.0477934708781087,0.06011538996330793,0.4561566345539137,-0.20996828946419044,0.09056169674259915
17.94,6.084557492583167,-2.653735757764961,1.1820375487063044,2.36585570531151,-0.1946503037962368,1.9851212657653965,-0.3512723320348763,0.3509142714781273,0.11787637091556366,0.039112830140553084,0.009824832374157629,0.04776799655649106,0.060054513664538636,0.45620369858761184,-0.21000456711900917,0.09057694620934019
17.95,6.089119529569044,-2.655835803436151,1.1829433181683977,2.3663005009426445,-0.1950549355383899,1.9848438054652768,-0.35116440860635295,0.3511659363868341,0.11770658608625481,0.039078740800171256,0.009823043131183375,0.04774251724641621,0.059993700317546445,0.4562507115606222,-0.2100408116682854,0.0905921784290801
17.96,6.09368203668465,-2.6579362115528338,1.1838492399526885,2.366745072193665,-0.19545925504293105,1.9845663123068826,-0.35105637136861795,0.35141733497765537,0.1175368157850355,0.03904469167759654,0.009821271962850814,0.04771703297540398,0.059932949851921644,0.45629767353147566,-0.21007702314852952,0.09060739341245301
17.97,6.098245013419965,-2.660036981784319,1.184755313886813,2.367189419311214,-0.19586326253614003,1.9842887867423507,-0.35094822071299386,0.351668467368692,0.11736706015020403,0.03901068270327262,0.00981951874133253,0.0476915437710587,0.05987226219735651,0.45634458455862,-0.21011320159618602,0.09062259117010336
17.98,6.102808459265551,-2.662138113800281,1.185661539798514,2.3676335425410087,-0.19626695824386867,1.9840112292223901,-0.3508399570301402,0.351919333678348,0.11719731932002958,0.03897671380777895,0.00981778333934903,0.04766604966106826,0.05981163728364471,0.45639144470041976,-0.2101493470476337,0.09063777171268589
17.990000000000002,6.107372373712556,-2.664239607270757,1.1865679175156407,2.3680774421278463,-0.1966703423915428,1.983733640196287,-0.3507315807100544,0.35216993402533014,0.11702759343275108,0.038942784921830634,0.00981606563016683,0.04764055067320315,0.05975107504068151,0.4564382540151571,-0.21018545953918547,0.09065293505086565
18.0,6.111936756252708,-2.666341461866149,1.1874744468661493,2.3685211183156056,-0.1970734152041644,1.9834560201119094,-0.35062309214207255,0.3524202685286475,0.11685788262657608,0.0389088959762782,0.009814365487596543,0.04761504683531554,0.05969057539846329,0.45648501256103113,-0.21022153910708918,0.09066808119531809
18.01,6.116501606378318,-2.66844367725722,1.1883811276781024,2.368964571347252,-0.19747617690631364,1.983178369415712,-0.3505144917148704,0.3526703373076108,0.11668818703967952,0.03887504690210746,0.009812682785990965,0.04758953817533834,0.05963013828708748,0.4565317203961587,-0.21025758578752712,0.09068321015672888
18.02,6.121066923582279,-2.6705462531150954,1.1892879597796697,2.36940780146484,-0.1978786277221509,1.9829006885527416,-0.3504057798164644,0.3529201404818322,0.11651850681020272,0.038841237630439306,0.00981101740024319,0.047564024721284286,0.059569763636751996,0.45657837757857445,-0.21029359961661645,0.09069832194579375
18.03,6.125632707358065,-2.6726491891112616,1.1901949429991276,2.3698508089095176,-0.1982807678754188,1.982622977966642,-0.3502969568342123,0.3531696781712243,0.11634884207625215,0.03880746809252955,0.009809369205784704,0.047538506501244984,0.05950945137775581,0.4566249841662309,-0.21032958063040932,0.0907134165732189
18.04,6.1301989571997275,-2.674752484917566,1.19110207716486,2.3702935939215286,-0.19868259758944423,1.9823452380996582,-0.35018802315481423,0.3534189504960003,0.11617919297589836,0.03877373821976875,0.009807738078583508,0.047512983543390036,0.059449201440497625,0.45667154021699846,-0.21036552886489301,0.09072849404972068
18.05,6.1347656726018975,-2.676856140206215,1.1920093621053571,2.370736156740217,-0.19908411708714047,1.9820674693926421,-0.35007897916431346,0.35366795757667296,0.11600955964717483,0.03874004794368199,0.009806123895142233,0.047487455875966096,0.05938901375547677,0.45671804578866626,-0.21040144435599006,0.09074355438602551
18.06,6.139332853059784,-2.6789601546497748,1.1929167976492174,2.371178497604031,-0.19948532659100904,1.9817896722850565,-0.3499698252480975,0.3539166995340543,0.11583994222807684,0.038706397195928784,0.009804526532496265,0.04746192352729599,0.05932888825329212,0.4567645009389412,-0.2104373271395586,0.09075859759287
18.07,6.143900498069174,-2.6810645279211704,1.193824383625146,2.3716206167505236,-0.19988622632314185,1.9815118472149809,-0.34986056179089875,0.35416517648925505,0.1156703408565604,0.0386727859083028,0.009802945868211876,0.047436386525777786,0.05926882486464261,0.45681090572544947,-0.21047317725139203,0.09077362368100095
18.080000000000002,6.1484686071264285,-2.6831692596936842,1.194732119861956,2.37206251441636,-0.20028681650522304,1.9812339946191155,-0.34975118917679554,0.35441338856368415,0.1155007556705411,0.03863921401273175,0.009801381780384361,0.047410844899883925,0.059208823520326276,0.45685726020573564,-0.21050899472721965,0.09078863266117526
18.09,6.153037179728486,-2.6852743496409563,1.1956400061885677,2.3725041908373172,-0.20068709735853113,1.9809561149327863,-0.34964170778921283,0.35466133587904825,0.11533118680789302,0.038605681441277184,0.009799834147636188,0.047385298678160305,0.059148884151240574,0.45690356443726315,-0.21054477960270684,0.09080362454415992
18.1,6.157606215372859,-2.6873797974369835,1.1965480424340094,2.37294564624829,-0.20108706910394092,1.98067820858995,-0.3495321180109233,0.35490901855735113,0.1151616344064476,0.03857218812613432,0.00979830284911514,0.04735974788922541,0.0590890066883822,0.45694981847741506,-0.21058053191345472,0.09081859934073226
18.11,6.162175713557633,-2.6894856027561183,1.1974562284274166,2.373386880883294,-0.20148673196192543,1.9804002760231982,-0.34942242022404807,0.3551564367208933,0.11499209860399259,0.03853873399963184,0.00979678776449247,0.04733419256176941,0.059029191062846514,0.4569960223834932,-0.21061625169500067,0.09083355706167934
18.12,6.166745673781468,-2.6915917652730683,1.1983645639980334,2.3738278949754674,-0.2018860861525579,1.9801223176637632,-0.3493126148100576,0.35540359049227127,0.11482257953827092,0.03850531899423174,0.009795288773961072,0.047308632724553316,0.05896943720582754,0.45704217621271936,-0.2106519389828184,0.09084849771779822
18.13,6.171316095543595,-2.6936982846628963,1.1992730489752113,2.374268688757076,-0.20228513189551378,1.9798443339415217,-0.34920270214977256,0.35565047999437716,0.11465307734697962,0.038471943042529134,0.009793805758233637,0.047283068406408064,0.05890974504861791,0.4570882800222346,-0.21068759381231808,0.09086342131989635
18.14,6.175886978343818,-2.6958051606010196,1.2001816831884102,2.374709262459516,-0.20268386941007263,1.9795663252849995,-0.3490926826233648,0.3558971053503981,0.11448359216776872,0.03843860607725206,0.009792338598540833,0.04725749963623368,0.0588501145226081,0.4571343338691,-0.21072321621884668,0.09087832787879087
18.150000000000002,6.180458321682509,-2.6979123927632083,1.2010904664671982,2.375149616313317,-0.20308229891512003,1.9792882921213772,-0.348982556610358,0.3561434666838158,0.11431412413824021,0.03840530803126133,0.00979088717662948,0.0472319264429984,0.05879054555928713,0.45718033781029666,-0.2107588062376877,0.09089321740530909
18.16,6.185030125060612,-2.7000199808255854,1.2019993986412514,2.375589750548145,-0.20348042062914956,1.9790102348764937,-0.3488723244896286,0.3563895641184059,0.11414467339594692,0.03837204883755033,0.009789451374760743,0.04720634885573783,0.05873103809024134,0.4572262919027256,-0.21079436390406164,0.09090808991028806
18.17,6.189602387979639,-2.702127924464626,1.2029084795403542,2.376029665392808,-0.20387823477026476,1.9787321539748515,-0.34876198663940694,0.35663539777823744,0.11397524007839144,0.03833882842924481,0.009788031075708312,0.04718076690355406,0.058671592047155004,0.4572721962032086,-0.21082988925312615,0.09092294540457506
18.18,6.194175109941671,-2.7042362233571575,1.2038177089944,2.3764693610752556,-0.20427574155618092,1.978454049839621,-0.34865154343727756,0.35688096778767237,0.1138058243230251,0.03830564673960276,0.00978662616275661,0.04715518061561484,0.05861220736180973,0.4573180507684875,-0.210865382319976,0.09093778389902694
18.19,6.198748290449356,-2.7063448771803573,1.2047270868333904,2.3769088378225858,-0.20467294120422708,1.9781759228926454,-0.34854099526018056,0.35712627427136495,0.11363642626724688,0.038272503702014175,0.009785236519698986,0.04712959002115274,0.05855288396608431,0.4573638556552253,-0.21090084313964338,0.09095260540451068
18.2,6.2033219290059085,-2.7084538856117537,1.2056366128874354,2.3773480958610453,-0.2050698339313479,1.9778977735544452,-0.34843034248441224,0.3573713173542612,0.11346704604840231,0.0382393992500009,0.009783862030835928,0.04710399514946429,0.0584936217919542,0.45740961092000526,-0.21093627174709795,0.09096740993190314
18.21,6.207896025115109,-2.710563248329225,1.2065462869867545,2.3777871354160354,-0.20546641995410558,1.9776196022442225,-0.3483195854856259,0.3576160971615983,0.1132976838037825,0.03820633331721645,0.00978250258097328,0.04707839602990916,0.05843442077149239,0.4574553166193324,-0.21097166817724702,0.09098219749209076
18.22,6.212470578281303,-2.7126729650109973,1.2074561089616753,2.378225956712113,-0.2058626994886817,1.977341409379866,-0.3482087246388328,0.3578606138189042,0.11312833967062298,0.038173305837445784,0.009781158055420456,0.04705279269190931,0.05837528083686776,0.4575009728096322,-0.21100703246493574,0.09099696809597003
18.23,6.217045588009399,-2.7147830353356466,1.2083660786426351,2.3786645599729956,-0.20625867275087906,1.977063195377955,-0.34809776031840284,0.35810486745199693,0.11295901378610275,0.03814031674460518,0.00977982833998867,0.047027185164948186,0.05831620192034586,0.4575465795472519,-0.2110423646449472,0.09101172175444724
18.240000000000002,6.2216210538048715,-2.716893458982096,1.2092761958601796,2.379102945421563,-0.2066543399561237,1.9767849606537642,-0.3479866928980656,0.35834885818698403,0.11278970628734318,0.038107365972741995,0.009778513320989168,0.0470015734785699,0.05825718395428839,0.45759213688846023,-0.21107766475200257,0.09102645847843834
18.25,6.226196975173756,-2.7190042356296162,1.2101864604449641,2.379541113279861,-0.20704970131946657,1.9765067056212686,-0.3478755227509111,0.35859258615026196,0.11262041731140697,0.03807445345603453,0.009777212885231463,0.04697595766237838,0.0581982268711529,0.4576376448894476,-0.21111293282076113,0.09104117827886903
18.26,6.23077335162265,-2.7211153649578237,1.2110968722277529,2.379979063769106,-0.20744475705558546,1.976228430693147,-0.34776425024939056,0.35883605146851566,0.11245114699529715,0.0380415791287918,0.009775926920021575,0.0469503377460366,0.05813933060349301,0.45768310360632614,-0.2111481688858211,0.09105588116667497
18.27,6.235350182658713,-2.723226846646682,1.2120074310394195,2.380416797109686,-0.20783950737878687,1.9759501362807876,-0.34765287576531734,0.3590792542687179,0.112281895475956,0.03800874292545339,0.009774655313160288,0.04692471375926575,0.05808049508395738,0.45772851309513024,-0.21118337298171838,0.091070567152801
18.28,6.239927467789665,-2.7253386803764994,1.2129181367109476,2.3808543135211653,-0.20823395250300783,1.9756718227942915,-0.34754139966986763,0.3593221946781286,0.11211266289026407,0.037975944780589244,0.009773397952941397,0.04689908573184442,0.05802172024529078,0.45777387341181636,-0.2112185451429282,0.09108523624820208
18.29,6.244505206523783,-2.7274508658279286,1.2138289890734297,2.381291613222286,-0.2086280926418177,1.9753934906424775,-0.3474298223335815,0.35956487282429445,0.11194344937503911,0.037943184628899465,0.00977215472814997,0.04687345369360783,0.057963006020332344,0.45781918461226306,-0.2112536854038645,0.09109988846384282
18.3,6.249083398369906,-2.729563402681967,1.2147399879580683,2.381728696430973,-0.20902192800841995,1.9751151402328866,-0.34731814412636347,0.35980728883504826,0.11177425506703509,0.03791046240521417,0.009770925528060618,0.046847817674447026,0.05790435234201677,0.457864446752272,-0.21128879379888,0.09111452381069725
18.31,6.253662042837428,-2.731676290619956,1.2156511331961752,2.382165563364337,-0.20941545881565413,1.9748367719717863,-0.34720636541748356,0.36004944283850826,0.11160508010294115,0.03787777804449326,0.009769710242435756,0.04682217770430807,0.05784575914337317,0.45790965988756693,-0.21132387036226669,0.09112914229974907
18.32,6.258241139436303,-2.7337895293235785,1.2165624246191726,2.382602214238676,-0.20980868527599747,1.9745583862641751,-0.34709448657557795,0.3602913349630777,0.11143592461938064,0.03784513148182627,0.009768508761523891,0.04679653381319128,0.057787226357525485,0.45795482407379495,-0.21135891512825572,0.09114374394199144
18.330000000000002,6.262820687677041,-2.735903118474861,1.2174738620585925,2.3830386492694795,-0.2102016076015668,1.9742799835137865,-0.3469825079686499,0.3605329653374441,0.11126678875291003,0.037812522652432165,0.009767320976057895,0.046770886031150434,0.05772875391769182,0.45799993936652583,-0.21139392813101776,0.09115832874842729
18.34,6.267400687070706,-2.738017057756171,1.2183854453460767,2.3834748686714318,-0.21059422600412037,1.9740015641230937,-0.3468704299640704,0.36077433409057885,0.11109767264001799,0.03777995149165914,0.009766146777253302,0.046745234388292,0.05767034175718444,0.45804500582125257,-0.211428909404663,0.0911728967300689
18.35,6.271981137128919,-2.7401313468502178,1.2192971743133774,2.383910872658414,-0.21098654069505945,1.9737231284933137,-0.34675825292857937,0.36101544135173635,0.11092857641712435,0.03774741793498446,0.009764986056806587,0.04671957891477436,0.05761198980940986,0.4580900234933917,-0.21146385898324113,0.0911874478979382
18.36,6.276562037363853,-2.74224598544005,1.2202090487923567,2.384346661443509,-0.2113785518854303,1.9734446770244118,-0.34664597722828605,0.36125628725045367,0.11075950022057911,0.03771492191801426,0.009763838706893485,0.04669391964080704,0.057553698007867735,0.45813499243828293,-0.21149877690074206,0.09120198226306647
18.37,6.281143387288235,-2.7443609732090573,1.2211210686149874,2.384782235239003,-0.21177025978592587,1.973166210115106,-0.34653360322866994,0.36149687191654983,0.11059044418666143,0.037682463376483344,0.009762704620167277,0.04666825659664995,0.05749546628615223,0.4581799127111901,-0.21153366319109534,0.09121649983649444
18.38,6.285725186415347,-2.7464763098409684,1.2220332336133524,2.385217594256388,-0.21216166460688748,1.9728877281628703,-0.3464211312945818,0.3617371954801252,0.1104214084515787,0.037650042246255004,0.00976158368975711,0.04664258981261262,0.057437294577950035,0.4582247843673004,-0.21156851788817102,0.09123100062927213
18.39,6.29030743425902,-2.74859199501985,1.222945543619645,2.385652738706367,-0.21255276655830668,1.9726092315639405,-0.34630856179024416,0.3619772580715609,0.1102523931514655,0.03761765846332085,0.009760475809266308,0.04661691931905346,0.05737918281704135,0.45826960746172546,-0.21160334102577882,0.09124548465245916
18.400000000000002,6.294890130333638,-2.7507080284301075,1.2238579984661697,2.3860876687988553,-0.21294356584982693,1.9723307207133176,-0.34619589507925236,0.3622170598215183,0.11008339842238263,0.037585311963800605,0.009759380872770698,0.04659124514637897,0.05732113093729942,0.4583143820495005,-0.21163813263766942,0.09125995191712444
18.41,6.299473274154133,-2.7528244097564842,1.224770597985341,2.3865223847429835,-0.21333406269074534,1.9720521960047714,-0.3460831315245752,0.3624566008609382,0.10991442440031617,0.0375530026839419,0.009758298774816924,0.04656556732504304,0.057263138872690286,0.4583591081855855,-0.211672892757534,0.0912744024343463
18.42,6.304056865235989,-2.7549411386840594,1.2256833420096844,2.386956886747102,-0.21372425729001443,1.9717736578308462,-0.3459702714885559,0.3626958813210405,0.10974547122117648,0.03752073056012012,0.009757229410420797,0.046539885885546195,0.05720520655727232,0.4584037859248648,-0.2117076214190041,0.09128883621521212
18.43,6.308640903095237,-2.7570582148982496,1.2265962303718365,2.3873911750187826,-0.2141141498562438,1.9714951065828636,-0.34585731533291275,0.3629349013333233,0.10957653902079723,0.03748849552883819,0.009756172675065613,0.04651420085843482,0.057147333925196525,0.45844841532214736,-0.21174231865565243,0.09130325327081873
18.44,6.313225387248459,-2.7591756380848063,1.2275092629045448,2.3878252497648216,-0.2145037405977019,1.9712165426509276,-0.3457442634187399,0.36317366102956244,0.10940762793493444,0.0374562975267264,0.009755128464700509,0.046488512274300474,0.057089520910706196,0.45849299643216684,-0.21177698450099258,0.09131765361227223
18.45,6.317810317212781,-2.7612934079298164,1.2284224394406675,2.388259111191243,-0.21489302972231764,1.9709379664239282,-0.3456311161065084,0.3634121605418109,0.10923873809926557,0.03742413649054219,0.009754096675738802,0.04646282016377913,0.05703176744813631,0.458537529309582,-0.21181161898847925,0.091332037250688
18.46,6.322395692505877,-2.763411524119701,1.2293357598131744,2.3886927595033023,-0.2152820174376822,1.9706593782895456,-0.3455178737560665,0.3636504000023982,0.10906986964938849,0.03739201235716998,0.009753077205056348,0.04643712455755047,0.05697407347191409,0.4585820140089766,-0.21184622215150845,0.09134640419719041
18.47,6.3269815126459665,-2.765529986341216,1.2302492238551463,2.3891261949054883,-0.21567070395105065,1.9703807786342549,-0.3454045367266411,0.36388837954392955,0.10890102272082057,0.037359925063621006,0.009752069949989894,0.046411425486337136,0.05691643891655794,0.4586264505848595,-0.21188079402341756,0.09136075446291304
18.48,6.3315677771518155,-2.7676487942814503,1.2311628313997756,2.389559417601526,-0.21605908946934368,1.9701021678433295,-0.345291105376838,0.3641260992992856,0.10873219744899773,0.03732787454703307,0.00975107480833545,0.046385722980904036,0.05685886371667797,0.4586708390916654,-0.21191533463748544,0.0913750880589987
18.490000000000002,6.336154485542732,-2.769767947627825,1.2320765822803657,2.3899924277943803,-0.21644717419914922,1.9698235463008453,-0.3451775800646429,0.36436355940162146,0.1085633939692735,0.03729586074467038,0.00975009167834665,0.04636001707205762,0.05680134780697533,0.45871517958375424,-0.21194984402693287,0.09138940499659945
18.5,6.340741637338569,-2.7718874460680945,1.2329904763303317,2.3904252256862586,-0.21683495834672412,1.9695449143896853,-0.34506396114742216,0.36460075998436636,0.10839461241691808,0.03726388359392338,0.009749120458733128,0.04633430779064517,0.056743891122242526,0.45875947211541174,-0.21198432222492236,0.09140370528687601
18.51,6.345329232059723,-2.774007289290344,1.2339045133832005,2.3908578114786136,-0.21722244211799585,1.969266272491543,-0.3449502489819236,0.3648377011812228,0.1082258529271174,0.03723194303230852,0.0097481610486589,0.04630859516755411,0.05668649359736269,0.4588037167408497,-0.2120187692645583,0.09141798894099853
18.52,6.349917269227132,-2.7761274769829893,1.2348186932726104,2.3912901853721467,-0.21760962571856415,1.9689876209869273,-0.3448364439242773,0.36507438312616597,0.10805711563497218,0.03720003899746809,0.009747213347740745,0.04628287923371127,0.05662915516730968,0.4588479135142057,-0.21205318517888708,0.0914322559701459
18.53,6.354505748362274,-2.7782480088347783,1.2357330158323119,2.3917223475668092,-0.2179965093537026,1.968708960255165,-0.3447225463299964,0.36531080595344323,0.10788840067549706,0.03716817142717003,0.009746277256046598,0.04625716002008222,0.05657187576714775,0.4588920624895436,-0.21208757000089792,0.09144650638550626
18.54,6.3590946689871695,-2.7803688845347874,1.236647480896167,2.392154298261808,-0.21838309322836036,1.9684302906744067,-0.3446085565539776,0.3655469697975734,0.10771970818361959,0.037136340259307704,0.009745352674093943,0.04623143755767056,0.05651465533203161,0.4589361637208536,-0.21212192376352182,0.09146074019827662
18.55,6.363684030624378,-2.782490103772423,1.2375620882981497,2.3925860376556054,-0.21876937754716372,1.9681516126216294,-0.3444944749505024,0.3657828747933461,0.10755103829417938,0.03710454543189976,0.009744439502848212,0.04620571187751726,0.056457493797205834,0.4589802172620526,-0.21215624649963255,0.09147495741966284
18.56,6.368273832796999,-2.784611666237419,1.2384768378723463,2.393017565945925,-0.21915536251441778,1.9678729264726413,-0.3443803018732376,0.36601852107582106,0.10738239114192716,0.0370727868830899,0.009743537643721193,0.04617998301069991,0.056400391098005216,0.45902422316698416,-0.21219053824204664,0.0914891580608796
18.57,6.3728640750286685,-2.7867335716198394,1.239391729452955,2.3934488833297523,-0.21954104833410804,1.9675942326020852,-0.344266037675236,0.3662539087803276,0.10721376686152388,0.03704106455114671,0.009742646998569438,0.046154250988332104,0.05634334716985403,0.45906818148941825,-0.21222479902352326,0.09150334213315074
18.580000000000002,6.377454756843562,-2.788855819610075,1.2403067628742865,2.393879990003337,-0.21992643520990204,1.9673155313834425,-0.34415168270893737,0.36648903804246397,0.1070451655875398,0.037009378374463435,0.009741767469692679,0.046128515841562745,0.05628636194826629,0.4591120922830522,-0.21225902887676473,0.09151750964770874
18.59,6.382045877766393,-2.7909784098988424,1.2412219379707636,2.394310886162199,-0.22031152334515092,1.9670368231890378,-0.34403723732616914,0.3667239089980966,0.1068765874544536,0.03697772829155784,0.009740898959832251,0.04610277760157534,0.05622943536884499,0.45915595560151024,-0.21229322783441645,0.09153166061579503
18.6,6.386637437322408,-2.7931013421771866,1.2421372545769216,2.3947415720011285,-0.22069631294289102,1.966758108390042,-0.3439227018781471,0.36695852178335947,0.10670803259665142,0.03694611424107197,0.009740041372169514,0.04607703629958737,0.05617256736728265,0.45919977149834396,-0.21232739592906671,0.09154579504865949
18.61,6.391229435037391,-2.795224616136477,1.2430527125274082,2.3951720477141887,-0.22108080420584553,1.9664793873564768,-0.3438080767154763,0.3671928765346536,0.10653950114842606,0.036914536161771976,0.009739194610324286,0.046051291966849595,0.0561157578793607,0.45924354002703244,-0.21236153319324783,0.09155991295756138
18.62,6.395821870437661,-2.7973482314684097,1.2439683116569837,2.3956023134947206,-0.22146499733642597,1.966200660457218,-0.3436933621881517,0.36742697338864627,0.10637099324397603,0.03688299399254792,0.009738358578353276,0.046025544634645414,0.05605900684094909,0.4592872612409823,-0.21239563965943506,0.09157401435376801
18.63,6.400414743050071,-2.799472187865004,1.2448840518005215,2.3960323695353445,-0.2218488925367339,1.96592192806,-0.343578558645559,0.3676608124822704,0.10620250901740468,0.03685148767241359,0.00973753318074853,0.04599979433429019,0.05600231418800684,0.4593309351935278,-0.21242971536004754,0.09158809924855565
18.64,6.405008052402006,-2.801596485018605,1.2457999327930072,2.3964622160279627,-0.22223249000856235,1.9656431905314191,-0.34346366643647525,0.36789439395272383,0.10603404860271931,0.03682001714050629,0.009736718322435873,0.0459740410971306,0.05594567985658101,0.4593745619379311,-0.21246376032744826,0.09160216765320928
18.650000000000002,6.409601798021385,-2.8037211226218792,1.2467159544695392,2.3968918531637624,-0.22261578995339745,1.9653644482369381,-0.3433486859090699,0.3681277179374688,0.10586561213383033,0.03678858233608666,0.00973591390877336,0.045948284954544,0.05588910378280688,0.4594181415273826,-0.21249777459394376,0.09161621957902233
18.66,6.414195979436659,-2.805846100367819,1.2476321166653295,2.3973212811332183,-0.22299879257242,1.9650857015408894,-0.3432336174109053,0.3683607845742311,0.10569719974455033,0.036757183198538476,0.009735119845549731,0.04592252593793773,0.05583258590290826,0.4594616740150005,-0.21253175819178521,0.09163025503729719
18.67,6.418790596176809,-2.807971417949737,1.2485484192157024,2.397750500126096,-0.22338149806650698,1.9648069508064787,-0.3431184612889376,0.36859359400099967,0.10552881156859323,0.036725819667368466,0.009734336038982879,0.045896764078748556,0.05577612615319618,0.4595051594538317,-0.21256571115316766,0.09164427403934451
18.68,6.423385647771347,-2.8100970750612686,1.2494648619560957,2.3981795103314543,-0.2237639066362331,1.9645281963957897,-0.3430032178895173,0.3688261463560257,0.10536044773957343,0.03669449168220611,0.009733562395718303,0.04587099940844193,0.05571972447006969,0.45954859789685115,-0.21259963351023042,0.09165827659648335
18.69,6.427981133750316,-2.812223071396371,1.2503814447220605,2.3986083119376476,-0.22414601848187238,1.964249438669787,-0.3428878875583904,0.369058441777822,0.10519210839100493,0.03666319918280343,0.009732798822827592,0.04584523195851143,0.05566338079001558,0.45959198939696305,-0.21263352529505752,0.09167226272004157
18.7,6.432577053644286,-2.8143494066493213,1.251298167349261,2.399036905132329,-0.22452783380339958,1.9639706779883206,-0.34277247064069866,0.36929048040516244,0.10502379365630049,0.03663194210903484,0.009732045227806891,0.045819461760478096,0.055607095049607286,0.4596353340069995,-0.21266738653967757,0.09168623242135548
18.71,6.437173406984356,-2.816476080514718,1.2522150296734744,2.3994652901024525,-0.2249093528004918,1.9636919147101288,-0.34265696748098073,0.3695222623770812,0.10485550366877076,0.036600720400896895,0.009731301518575385,0.0457936888458898,0.05555086718550603,0.45967863177972235,-0.21270121727606375,0.09170018571176983
18.72,6.441770193302153,-2.818603092687479,1.253132031530592,2.3998934670342775,-0.22529057567252994,1.963413149192843,-0.3425413784231727,0.36975378783287216,0.10468723856162343,0.036569533998508146,0.009730567603473786,0.04576791324632064,0.05549469713445981,0.45972188276782217,-0.2127350175361342,0.09171412260263728
18.73,6.446367412129831,-2.8207304428628404,1.2540491727566183,2.400321436113369,-0.2256715026186003,1.9631343817929903,-0.342425703810609,0.36998505691208816,0.10451899846796239,0.03653838284210892,0.009729843391262817,0.04574213499337029,0.05543858483330311,0.45976508702391866,-0.2127687873517522,0.0917280431053196
18.740000000000002,6.45096506300007,-2.822858130736358,1.2549664531876714,2.4007491975246014,-0.22605213383749598,1.962855612865998,-0.3423099439860229,0.3702160697545403,0.1043507835207869,0.03650726687206112,0.00972912879112172,0.04571635411866342,0.05538253021895743,0.4598082446005609,-0.212802526754726,0.09174194723118641
18.75,6.455563145446075,-2.824986156003905,1.2558838726599832,2.401176751452162,-0.22643246952771834,1.9625768427661971,-0.3421940992915475,0.37044682650029737,0.10418259385299072,0.03647618602884806,0.009728423712646742,0.04569057065384905,0.05532653322843039,0.45985135555022777,-0.21283623577680919,0.09175583499161565
18.76,6.460161659001578,-2.827114518361673,1.2568014310098994,2.401604098079551,-0.22681250988747867,1.962298071846826,-0.3420781700687163,0.3706773272896851,0.10401442959736132,0.036445140253074236,0.009727728065849648,0.045664784630599954,0.055270593798816034,0.45989441992532737,-0.2128699144497011,0.09176970639799396
18.77,6.464760603200832,-2.82924321750617,1.2577191280738793,2.402031237589588,-0.22719225511469948,1.962019300460034,-0.34196215665846413,0.3709075722632855,0.10384629088657897,0.036414129485465165,0.009727041761156227,0.04563899608061205,0.05521471186729437,0.45993743777819773,-0.2129035628050461,0.09178356146171573
18.78,6.4693599775786135,-2.8313722531342203,1.2586369636884964,2.4024581701644117,-0.22757170540701604,1.961740528956885,-0.34184605940112767,0.37113756156193617,0.10367817785321601,0.03638315366686716,0.009726364709404809,0.04561320503560381,0.05515888737113133,0.45998040916110716,-0.2129371808744346,0.09179740019418374
18.79,6.473959781670224,-2.8335016249429645,1.2595549376904382,2.402884895985483,-0.2279508609617779,1.9614617576873614,-0.3417298786364463,0.37136729532672963,0.10351009062973597,0.036352212738247146,0.00972569682184478,0.04558741152731562,0.05510312024767837,0.46002333412625357,-0.21297076868940296,0.09181122260680903
18.8,6.478560015011487,-2.8356313326298586,1.2604730499165064,2.403311415233589,-0.22832972197605028,1.9611829870003674,-0.34161361470356294,0.3715967736990126,0.10334202934849278,0.036321306640692476,0.009725038010135115,0.045561615587509256,0.055047410434372716,0.4600662127257653,-0.21300432628143307,0.0918250287110106
18.81,6.483160677138745,-2.837761375892673,1.2613913002036166,2.403737728088843,-0.22870828864661552,1.960904217243733,-0.3414972679410245,0.3718259968203854,0.1031739941417299,0.03629043531541072,0.009724388186342896,0.04553581724796721,0.054991757868736925,0.4601090450117012,-0.21303785368195338,0.0918388185182159
18.82,6.487761767588862,-2.8398917544294924,1.2623096883887988,2.404163834730691,-0.22908656116997458,1.9606254487642172,-0.34138083868678276,0.3720549648327011,0.10300598514157958,0.03625959870372949,0.00972374726294185,0.045510016540492165,0.05493616248837857,0.46015183103605045,-0.21307135092233814,0.09185259203985992
18.830000000000002,6.492363285899223,-2.842022467938716,1.2632282143091973,2.4045897353379098,-0.22946453974234843,1.9603466819075117,-0.34126432727819533,0.37228367787806504,0.10283800248006202,0.03622879674709621,0.00972311515281089,0.04548421349690637,0.054880624230990105,0.46019457085073273,-0.21310481803390838,0.09186634928738618
18.84,6.49696523160773,-2.844153516119055,1.2641468778020712,2.405015430088613,-0.22984222455967954,1.9600679170182445,-0.34114773405202603,0.372512136098834,0.10267004628908455,0.036198029387077967,0.009722491769232653,0.04545840814905109,0.0548251430343493,0.460237264507599,-0.2131382550479315,0.09188009027224607
18.85,6.501567604252806,-2.846284898669534,1.2650656787047938,2.405440919160252,-0.23021961581763323,1.9597891544399837,-0.3410310593444458,0.3727403396376155,0.10250211670044086,0.036167296565361266,0.009721877025892053,0.04543260052878599,0.054769718836318024,0.4602799120584308,-0.2131716619956214,0.09189381500589885
18.86,6.50617040337339,-2.8484166152894903,1.2659846168548528,2.4058662027296194,-0.23059671371159915,1.9595103945152406,-0.34091430349103324,0.3729682886372671,0.10233421384581019,0.03613659822375188,0.009721270836874825,0.045406790667988604,0.05471435157484303,0.4603225135549408,-0.21320503890813886,0.09190752349981175
18.87,6.5107736285089395,-2.8505486656785717,1.2669036920898509,2.4062912809728507,-0.23097351843669267,1.9592316375854735,-0.3407974668267757,0.3731959832408959,0.10216633785675654,0.03610593430417462,0.009720673116666093,0.04538097859855373,0.054659041187955046,0.460365069048773,-0.2132383858165915,0.09192121576545985
18.88,6.515377279199427,-2.8526810495367374,1.2678229042475055,2.406716154065427,-0.2313500301877563,1.9589528839910912,-0.34068054968606964,0.3734234235918576,0.10199848886472787,0.03607530474867317,0.00972008378014892,0.045355164352392875,0.05460378761376919,0.46040757859150266,-0.21327170275203405,0.09193489181432629
18.89,6.519981354985342,-2.854813766564258,1.2687422531656487,2.407140822182178,-0.23172624915936108,1.9586741340714566,-0.3405635524027215,0.37365060983375586,0.10183066700105535,0.036044709499409855,0.009719502742602885,0.04532934796143369,0.05454859079048413,0.4604500422346364,-0.21330498974546838,0.09194855165790189
18.900000000000002,6.524585855407689,-2.8569468164617127,1.2696617386822278,2.407565285497284,-0.23210217554580798,1.9583953881648901,-0.34044647530994854,0.37387754211044166,0.10166287239695254,0.03601414849866548,0.009718929919702645,0.0453035294576194,0.05449345065638294,0.46049246002961297,-0.2133382468278437,0.09196219530768542
18.91,6.529190780007985,-2.859080198929991,1.2705813606353047,2.407989544184279,-0.2324778095411293,1.9581166466086728,-0.34032931874037925,0.3741042205660126,0.10149510518351465,0.03598362168883912,0.009718365227516514,0.045277708872908266,0.05443836714983163,0.4605348320278025,-0.21337147403005643,0.09197582277518324
18.92,6.533796128328263,-2.8612139136702917,1.2715011188630565,2.408413598416053,-0.23285315133909001,1.9578379097390504,-0.3402120830260544,0.37433064534481214,0.10132736549171774,0.03595312901244791,0.009717808582505044,0.04525188623927301,0.05438334020928013,0.46057715828050694,-0.21340467138295094,0.09198943407190956
18.93,6.538401899911069,-2.863347960384121,1.2724210132037757,2.408837448364854,-0.23322820113318918,1.9575591778912362,-0.34009476849842746,0.3745568165914289,0.10115965345241795,0.03592267041212688,0.00971725990151961,0.045226061588700274,0.054328369773261234,0.46061943883896067,-0.2134378389173188,0.09200302920938623
18.94,6.543008094299458,-2.8654823387732944,1.2733410434958694,2.4092610942022903,-0.2336029591166613,1.9572804513994153,-0.33997737548836565,0.3747827344506961,0.10099196919635076,0.03589224583062873,0.009716719101800993,0.045200234953190074,0.05427345578039129,0.4606616737543302,-0.21347097666390005,0.09201660819914301
18.95,6.547614711037002,-2.8676170485399335,1.274261209577861,2.409684536099335,-0.23397742548247769,1.957001730596747,-0.3398599043261504,0.3750083990676905,0.1008243128541302,0.03586185521082365,0.009716186100977985,0.045174406364755254,0.054218598169369026,0.4607038630777139,-0.21350408465338205,0.09203017105271687
18.96,6.552221749667779,-2.869752089386467,1.2751815112883882,2.410107774226326,-0.23435160042334782,1.9567230158153692,-0.339742355341478,0.37523381058773214,0.10065668455624813,0.03583149849569912,0.009715660817065973,0.04514857585542094,0.05416379687897645,0.46074600686014333,-0.21353716291640076,0.09204371778165261
18.97,6.55682920973638,-2.871887461015631,1.2761019484662046,2.41053080875297,-0.2347254841317207,1.9564443073864008,-0.3396247288634607,0.3754589691563833,0.10048908443307343,0.03580117562835971,0.009715143168465556,0.045122743457224,0.05410905184807751,0.4607881051525821,-0.21357021148353986,0.09205724839750272
18.98,6.561437090787906,-2.8740231631304667,1.2770225209501795,2.4109536398483438,-0.23509907679978614,1.9561656056399463,-0.3395070252206269,0.375683874919448,0.10032151261485132,0.0357708865520269,0.00971463307396114,0.045096909202212536,0.054054363015619195,0.46083015800592697,-0.21360323038533177,0.09207076291182693
18.990000000000002,6.566045392367965,-2.87615919543432,1.2779432285792978,2.4113762676808976,-0.23547237861947623,1.955886910905098,-0.33938924474092236,0.375908528022971,0.10015396923170256,0.03574063121003886,0.009714130452719556,0.04507107312244531,0.05399973032063036,0.4608721654710073,-0.21363621965225718,0.09208426133619263
19.0,6.570654114022675,-2.878295557630843,1.2788640711926598,2.4117986924184573,-0.2358453897824665,1.95560822350994,-0.33927138775171045,0.37613292861323744,0.09998645441362271,0.03571040954585028,0.009713635224288676,0.045045235249991246,0.053945153702222096,0.4609141275985856,-0.21366917931474552,0.09209774368217477
19.01,6.575263255298661,-2.8804322494239902,1.2797850486294815,2.4122209142282274,-0.2362181104801774,1.9553295437815512,-0.3391534545797732,0.37635707683677194,0.09981896829048142,0.035680221503032135,0.009713147308596034,0.0450193956169289,0.05389063309958731,0.46095604443935745,-0.21370210940317483,0.09211120996135545
19.02,6.579872815743054,-2.882569270518022,1.280706160729095,2.412642933276792,-0.23659054090377554,1.9550508720460094,-0.3390354455513119,0.3765809728403378,0.09965151099202171,0.035650067025271535,0.009712666625947447,0.04499355425534594,0.053836168452000684,0.4609979160439518,-0.213735009947872,0.09212466018532427
19.03,6.584482794903494,-2.8847066206175005,1.2816274073309484,2.4130647497301174,-0.236962681244175,1.9547722086283934,-0.33891736099194764,0.3768046167709365,0.09948408264785918,0.035619946056371504,0.009712193097025647,0.044967711197338604,0.0537817596988184,0.4610397424629309,-0.2137678809791131,0.09213809436567837
19.04,6.589093192328123,-2.886844299427292,1.2825487882746052,2.4134863637535573,-0.23733453169203866,1.9544935538527874,-0.33879920122672236,0.37702800877580683,0.09931668338748131,0.03558985854025078,0.009711726642888918,0.044941866475011236,0.05372740677947807,0.4610815237467908,-0.213800722527123,0.09215151251402194
19.05,6.5937040075655915,-2.888982306652563,1.2834703033997454,2.413907775511851,-0.23770609243777951,1.954214908042284,-0.3386809665800993,0.3772511490024242,0.09914931334024676,0.03555980442094362,0.00971126718496973,0.044916020120475714,0.05367310963349853,0.46112325994596104,-0.2138335346220761,0.09216491464196652
19.06,6.598315240165051,-2.8911206419987834,1.2843919525461651,2.414328985169129,-0.2380773636715619,1.9539362715189865,-0.3385626573759636,0.3774740375984999,0.09898197263538464,0.035529783642599636,0.009710814645073378,0.044890172165850985,0.05361886820047963,0.4611649511108051,-0.21386631729409622,0.09217830076113111
19.07,6.602926889676159,-2.8932593051717244,1.2853137355537765,2.4147499928889142,-0.2384483455833029,1.953657644604014,-0.3384442739376233,0.3776966747119805,0.09881466140199374,0.035499796149483544,0.009710368945376642,0.04486432264326254,0.0535646824201024,0.46120659729162033,-0.21389907057325644,0.09219167088314148
19.080000000000002,6.6075389556490745,-2.895398295877457,1.286235652262608,2.415170798834123,-0.23881903836267357,1.9533790276175031,-0.3383258165878098,0.37791906049104684,0.09864737976904192,0.035469841885975004,0.009709930008426423,0.044838471584841916,0.05351055223212807,0.46124819853863813,-0.21393179448957944,0.09220502501963102
19.09,6.612151437634461,-2.8975376138223528,1.2871577025128043,2.4155914031670704,-0.2391894421991001,1.953100420878612,-0.33820728564867875,0.3781411950841137,0.09848012786536531,0.03543992079656842,0.00970949775713841,0.044812619022726194,0.05345647757639911,0.46128975490202434,-0.213964489073038,0.09221836318223997
19.1,6.616764335183481,-2.899677258713083,1.2880798861446268,2.41601180604947,-0.2395595572817653,1.9528218247055233,-0.33808868144181053,0.37836307863982876,0.09831290581966766,0.03541003282587274,0.009709072114795733,0.04478676498905751,0.053402458392837894,0.4613312664318789,-0.2139971543535545,0.09223168538261585
19.11,6.621377647847799,-2.9018172302566185,1.289002202998453,2.4164320076424373,-0.23992938379960974,1.9525432394154474,-0.3379700042882111,0.37858471130707205,0.0981457137605196,0.03538017791861124,0.009708653005047634,0.04476090951598256,0.053348494621447064,0.4613727331782365,-0.2140297903610014,0.09224499163241309
19.12,6.625991375179582,-2.9039575281602286,1.289924652914777,2.4168520081064924,-0.24029892194133298,1.9522646653246256,-0.33785125450831266,0.37880609323495507,0.09797855181635798,0.03535035601962137,0.009708240351908126,0.04473505263565209,0.053294586202309584,0.46141415519106616,-0.21406239712520134,0.09225828194329327
19.13,6.630605516731492,-2.9060981521314804,1.29084723573421,2.417271807601561,-0.2406681718953949,1.9519861027483336,-0.33773243242197426,0.3790272245728202,0.09781142011548515,0.03532056707385453,0.009707834079754679,0.044709194380220446,0.05324073307558813,0.46145553252027177,-0.21409497467592717,0.09227155632692496
19.14,6.635220072056695,-2.9082391018782396,1.2917699512974792,2.4176914062869788,-0.24103713385001696,1.9517075520008844,-0.3376135383484826,0.3792481054702399,0.09764431878606826,0.03529081102637587,0.009707434113326883,0.04468333478184506,0.053186935181525404,0.4614968652156923,-0.2141275230429021,0.09228481479498364
19.150000000000002,6.639835040708852,-2.9103803771086687,1.292692799445429,2.4181108043214916,-0.2414058079931833,1.9514290133956314,-0.33749457260655275,0.37946873607701603,0.09747724795613864,0.035261087822364104,0.009707040377725141,0.04465747387268597,0.05313319246044345,0.4615381533271015,-0.2141600422558001,0.09229805735915156
19.16,6.644450422242123,-2.9125219775312265,1.2936157800190204,2.418530001863259,-0.2417741945126422,1.9511504872449716,-0.33737553551432864,0.37968911654317905,0.09731020775359103,0.0352313974071113,0.009706652798409347,0.04463161168490536,0.053079504852743556,0.4615793969042082,-0.21419253234424532,0.09231128403111807
19.17,6.649066216211165,-2.914663902854669,1.2945388928593315,2.4189489990698556,-0.24214229359590708,1.9508719738603495,-0.337256427389384,0.3799092470189873,0.09714319830618295,0.03520173972602272,0.009706271301197581,0.04460574825066709,0.05302587229890674,0.46162059599665667,-0.21422499333781314,0.0923244948225794
19.18,6.653682422171132,-2.916806152788047,1.2954621378075573,2.419367796098275,-0.2425101054302579,1.9505934735522588,-0.3371372485487228,0.3801291276549264,0.09697621974153403,0.035172114724616566,0.009705895812264801,0.04457988360213618,0.05297229473949283,0.4616617506540267,-0.21425742526602953,0.09233768974523848
19.19,6.658299039677672,-2.918948727040707,1.2963855147050096,2.4197863931049306,-0.24287763020274228,1.9503149866302465,-0.3370179993087801,0.38034875860170825,0.09680927218712532,0.035142522348523844,0.009705526258141538,0.044554017771478396,0.05291877211514078,0.46170286092583335,-0.21428982815837166,0.09235086881080493
19.2,6.662916068286931,-2.921091625322291,1.2973090233931177,2.420204790245658,-0.24324486810017676,1.950036513402916,-0.3368986799854227,0.3805681400102705,0.0966423557702986,0.03511296254348813,0.009705162565712607,0.04452815079085974,0.05286530436656818,0.4617439268615273,-0.21432220204426775,0.0923640320309953
19.21,6.667533507555546,-2.9232348473427336,1.2982326637134276,2.4206229876757175,-0.24361181930914796,1.94975805417793,-0.33677929089394987,0.3807872720317758,0.09647547061825577,0.035083435255365364,0.009704804662215806,0.044502282692446014,0.05281189143457126,0.4617849485104952,-0.2143545469530973,0.09237717941753262
19.22,6.672151357040651,-2.9253783928122647,1.2991564355076028,2.421040985549797,-0.24397848401601385,1.9494796092620137,-0.33665983234909386,0.3810061548176111,0.09630861685805817,0.035053940430123706,0.009704452475240627,0.044476413508402354,0.05275853326002465,0.46182592592205945,-0.21438686291419115,0.09239031098214691
19.23,6.676769616299872,-2.9275222614414065,1.3000803386174242,2.421458784022013,-0.24434486240690487,1.9492011789609573,-0.3365403046650207,0.38122478851938657,0.09614179461662588,0.035024478013843285,0.009704105932726978,0.04445054327089276,0.05270522978388157,0.46186685914547887,-0.2144191499568317,0.09240342673657452
19.240000000000002,6.681388284891327,-2.9296664529409746,1.30100437288479,2.421876383245914,-0.2447109546677252,1.9489227635796202,-0.33642070815533104,0.3814431732889354,0.09597500402073712,0.03499504795271603,0.009703764962963898,0.04442467201207967,0.05265198094717316,0.461907748229948,-0.21445140811025312,0.09241652669255859
19.25,6.686007362373626,-2.931810967022077,1.3019285381517156,2.4222937833744815,-0.24507676098415385,1.9486443634219328,-0.3363010431330605,0.3816613092783126,0.0958082451970276,0.03496565019304547,0.009703429494588274,0.04439879976412346,0.05259878669100858,0.4619485932245977,-0.21448363740364107,0.09242961086184857
19.26,6.690626848305873,-2.9339558033961137,1.302852834260334,2.4227109845601342,-0.24544228154164593,1.9483659787909007,-0.33618130991068046,0.3818791966397945,0.09564151827198983,0.03493628468124653,0.009703099456583581,0.04437292655918206,0.05254564695657488,0.4619893941784956,-0.21451583786613315,0.0924426792562005
19.27,6.695246742247657,-2.936100961774775,1.3037772610528962,2.4231279869547278,-0.24580751652543376,1.9480876099886066,-0.336061508800099,0.3820968355258781,0.0954748233719725,0.03490695136384535,0.009702774778278602,0.044347052429410456,0.05249256168513661,0.4620301511406454,-0.2145480095268191,0.09245573188737713
19.28,6.699867043759063,-2.938246441870043,1.30470181837177,2.4235447907095584,-0.24617246612052807,1.9478092573162145,-0.3359416401126612,0.3823142260892799,0.09530816062317986,0.03487765018747906,0.00970245538934617,0.04432117740696027,0.05243953081803632,0.4620708641599881,-0.2145801524147408,0.09246876876714746
19.29,6.704487752400663,-2.9403922433941907,1.3056265060594414,2.423961395975365,-0.24653713051171916,1.9475309210739715,-0.33582170415915,0.3825313684829356,0.09514153015167105,0.03484838109889564,0.009702141219801909,0.0442953015239793,0.05238655429669316,0.46211153328540067,-0.21461226655889215,0.09248178990728685
19.3,6.709108867733517,-2.9425383660597797,1.3065513239585143,2.4243778029023315,-0.24690150988357804,1.947252601561212,-0.335701701249787,0.3827482628599992,0.09497493208335953,0.03481914404495365,0.00970183220000297,0.04426942481261112,0.05233363206260422,0.46215215856569775,-0.21464435198821968,0.09249479531957715
19.31,6.713730389319173,-2.944684809579662,1.3074762719117101,2.424794011640088,-0.24726560442045756,1.9469742990763594,-0.33558163169423266,0.38296490937384214,0.09480836654401235,0.034789938972622086,0.009701528260646786,0.044243547304994614,0.05228076405734326,0.4621927400496305,-0.2146764087316222,0.09250778501580656
19.32,6.7183523167196695,-2.9468315736669783,1.3084013497618683,2.425210022337714,-0.24762941430649363,1.9466960139169305,-0.33546149580158763,0.3831813081780528,0.09464183365924962,0.03476076582898018,0.009701229332769823,0.04421766903326355,0.05222795022256118,0.4622332777858877,-0.2147084368179512,0.09252075900776928
19.330000000000002,6.722974649497528,-2.948978658035158,1.309326557351946,2.425625835143741,-0.2479929397256063,1.9464177463795371,-0.3353412938803929,0.3833974594264355,0.09447533355454385,0.03473162456121718,0.00970093534774633,0.04419179002954617,0.05217519049998513,0.4622737718230951,-0.214740436276011,0.09253371730726617
19.34,6.727597387215759,-2.951126062397918,1.3102518945250186,2.426041450206152,-0.24835618086150088,1.94613949675989,-0.33522102623863076,0.3836133632730099,0.09430886635521932,0.034702515116632165,0.009700646237287107,0.04416591032596473,0.052122484831419576,0.46231422220981583,-0.21477240713455886,0.0925466599261043
19.35,6.732220529437858,-2.9532737864692633,1.3111773611242796,2.4264568676723877,-0.24871913789766914,1.945861265352801,-0.3351006931837252,0.3838290198720102,0.09414243218645149,0.03467343744263387,0.009700361933438262,0.044140029954635104,0.05206983315874475,0.4623546289945507,-0.2148043494223046,0.09255958687609635
19.36,6.736844075727803,-2.9554218299634862,1.3121029569930407,2.426872087689345,-0.24908181101739035,1.9455830524521869,-0.33498029502254295,0.3840444293778844,0.0939760311732664,0.03464439148674044,0.009700082368579983,0.04411414894766637,0.05201723542391759,0.4623949922257382,-0.21483626316791138,0.09257249816906186
19.37,6.741468025650061,-2.957570192595165,1.3130286819747312,2.427287110403381,-0.2494442004037325,1.9453048583510715,-0.33485983206139375,0.38425959194529363,0.09380966344054001,0.03461537719657931,0.009699807475425306,0.04408826733716035,0.051964691568970975,0.4624353119517544,-0.2148681483999958,0.09258539381682616
19.38,6.746092378769578,-2.959718874079165,1.3139545359128995,2.427701935960315,-0.24980630623955327,1.945026683341589,-0.33473930460603135,0.3844745077291112,0.09364332911299764,0.03458639451988693,0.009699537187018898,0.04406238515521124,0.05191220153601387,0.4624755882209135,-0.2149000051471273,0.09259827383122038
19.39,6.750717134651787,-2.9618678741306366,1.3148805186512116,2.42811656450543,-0.25016812870750127,1.9447485277149867,-0.33461871296165396,0.38468917688442206,0.09347702831521337,0.03455744340450862,0.009699271436735825,0.04403650243390519,0.051859765267231045,0.4625158210814677,-0.2149318334378293,0.0926111382240822
19.400000000000002,6.755342292862602,-2.9640171924650147,1.3158066300334523,2.4285309961834756,-0.2505296679900171,1.944470391761628,-0.33449805743290495,0.384903599566522,0.09331076117160944,0.03452852379839835,0.00969901015828035,0.04401061920531986,0.05180738270488285,0.46255601058160717,-0.21496363330057844,0.09262398700725508
19.41,6.759967852968418,-2.9661668287980203,1.3167328699035248,2.4289452311386692,-0.25089092426933435,1.944192275770995,-0.3343773383238736,0.3851177759309167,0.09314452780645564,0.03449963564961857,0.009698753285684708,0.04398473550152406,0.05175505379130512,0.46259615676946053,-0.2149954047638051,0.09263682019258809
19.42,6.764593814536113,-2.9683167828456583,1.3176592381054506,2.4293592695146984,-0.2512518977274809,1.943914180031692,-0.3342565559380957,0.3853317061333213,0.09297832834386874,0.034470778906339976,0.009698500753307903,0.04395885135457732,0.05170277846890943,0.4626362596930946,-0.21502714785589364,0.09264963779193697
19.43,6.769220177133044,-2.9704670543242173,1.31858573448337,2.429773111454724,-0.25161258854627977,1.9436361048314474,-0.33413571057855423,0.3855453903296594,0.09281216290781187,0.03444195351684136,0.009698252495834501,0.04393296679652948,0.05165055668018207,0.46267631940051474,-0.21505886260518212,0.0926624398171626
19.44,6.773846940327049,-2.972617642950269,1.3195123588815416,2.430186757101381,-0.2519729969073504,1.9433580504571175,-0.33401480254767996,0.3857588286760625,0.09264603162209399,0.03441315942950938,0.009698008448273437,0.04390708185942031,0.05159838836768468,0.4627163359396652,-0.21509054903996275,0.09267522628013208
19.45,6.778474103686445,-2.9747685484406685,1.320439111144343,2.4306002065967807,-0.25233312299210964,1.9430800171946887,-0.3338938321473522,0.38597202132886893,0.09247993461036928,0.03438439659283837,0.009697768545956805,0.04388119657527913,0.05154627347405385,0.4627563093584287,-0.21512220718848188,0.09268799719271834
19.46,6.78310166678003,-2.9769197705125534,1.32136599111627,2.4310134600825135,-0.2526929669817727,1.9428020053292805,-0.3337727996788994,0.38618496844462347,0.09231387199613658,0.03435566495543017,0.009697532724538676,0.04385531097612434,0.0514942119420008,0.4627962397046268,-0.21515383707894034,0.09270075256679972
19.47,6.787729629177076,-2.9790713088833427,1.322292998641938,2.43142651769965,-0.2530525290573544,1.9425240151451484,-0.3336517054430998,0.38639767018007637,0.09214784390273878,0.034326964465993884,0.009697300919993903,0.04382942509396315,0.051442203714311616,0.46283612702602017,-0.21518543873949303,0.09271349241426091
19.48,6.792357990447337,-2.9812231632707378,1.3232201335660807,2.431839379588744,-0.2534118093996703,1.9422460469256866,-0.33353054974018215,0.3866101266921826,0.0919818504533623,0.034298295073345746,0.009697073068616939,0.04380353896079107,0.05139024873384652,0.46287597137030856,-0.21521701219824962,0.09272621674699164
19.490000000000002,6.7969867501610395,-2.98337533339272,1.3241473957335506,2.4322520458898342,-0.2537708081893374,1.9419681009534306,-0.3334093328698263,0.3868223381381012,0.0918158917710365,0.034269656726408866,0.009696849107020651,0.043777652608591594,0.05133834694354023,0.4629157727851308,-0.21524855748327423,0.09273892557688763
19.5,6.801615907888891,-2.985527818967553,1.3250747849893194,2.432664516742446,-0.2541295256067755,1.9416901775100608,-0.33328805513116394,0.38703430467519445,0.0916499679786331,0.034241049374213066,0.009696628972135149,0.04375176606933581,0.05128649828640187,0.46295553131806544,-0.21528007462258592,0.09275161891585028
19.51,6.806245463202072,-2.987680619713779,1.3260023011784778,2.433076792285594,-0.2544879618322082,1.941412276876404,-0.3331667168227791,0.3872460264610271,0.09148407919886568,0.03421247296589469,0.009696412601206605,0.04372587937498201,0.05123470270551406,0.46299524701662986,-0.21531156364415832,0.09276429677578633
19.52,6.810875415672238,-2.9898337353502207,1.3269299441462357,2.4334888726577826,-0.2548461170456638,1.9411343993324368,-0.33304531824270894,0.38745750365336573,0.09131822555428908,0.03418392745069639,0.009696199931796089,0.04369999255747531,0.051182960144033826,0.4630349199282815,-0.2153430245759205,0.09277695916860826
19.53,6.815505764871521,-2.99198716559598,1.3278577137379217,2.4339007579970104,-0.2552039914269765,1.940856545157289,-0.3329238596884444,0.38766873641017774,0.09115240716729882,0.03415541277796695,0.009695990901778397,0.04367410564874727,0.05113127054519174,0.46307455010041737,-0.21537445744575628,0.092789606106234
19.54,6.820136510372524,-2.9941409101704375,1.328785609798984,2.434312448440771,-0.2555615851557872,1.9405787146292452,-0.3328023414569308,0.3878797248896308,0.09098662416013063,0.03412692889716107,0.00969578544934089,0.04364821868071553,0.051079633852291834,0.46311413758037423,-0.21540586228150466,0.09280223760058674
19.55,6.824767651748328,-2.9962949687932525,1.32971363217499,2.4347239441260538,-0.2559188984115449,1.940300908025748,-0.33268076384456835,0.3880904692500921,0.09082087665485987,0.03409847575783919,0.00969558351298234,0.04362233168528344,0.051028050008711724,0.4631536824154287,-0.21543723911096016,0.09281485366359546
19.56,6.829399188572482,-2.998449341184362,1.330641780711626,2.4351352451893478,-0.2562759313735074,1.940023125623401,-0.3325591271472132,0.38830096965012745,0.09065516477340094,0.03407005330966729,0.00969538503151177,0.043596444694339695,0.050976518957902436,0.4631931846527974,-0.21546858796187263,0.09282745430719432
19.57,6.834031120419009,-3.000604027063981,1.3315700552546978,2.435546351766643,-0.2566326842207423,1.9397453676979712,-0.33243743166017764,0.38851122624850065,0.09048948863750682,0.03404166150241669,0.009695189944047302,0.043570557739757945,0.05092504064338787,0.4632326443396374,-0.21549990886194748,0.09284003954332279
19.580000000000002,6.838663446862406,-3.0027590261526003,1.3324984556501311,2.435957263993432,-0.2569891571321283,1.9394676345243915,-0.33231567767823106,0.3887212392041726,0.0903238483687685,0.034013300285963874,0.009694998190015012,0.043544670853396465,0.050873615008765256,0.4632720615230456,-0.2155312018388459,0.09285260938392585
19.59,6.843296167477637,-3.004914338170989,1.3334269817439703,2.4363679820047133,-0.2573453502863558,1.9391899263767638,-0.3321938654956005,0.3889310086763007,0.09015824408861443,0.03398496961029026,0.009694809709147786,0.043518784067097784,0.05082224199770457,0.4633114362500597,-0.21556246692018477,0.09286516384095336
19.6,6.847929281840138,-3.0070699628401907,1.3343556333823798,2.4367785059349907,-0.2577012638619283,1.9389122435283614,-0.33207199540597115,0.38914053482423794,0.08999267591831005,0.03395666942548204,0.009694624441484178,0.04349289741268831,0.05077092155394833,0.46335076856765745,-0.21559370413353676,0.09287770292636084
19.61,6.852562789525814,-3.009225899881526,1.3352844104116435,2.437188835918278,-0.25805689803716314,1.9386345862516319,-0.3319500677024873,0.38934981780753225,0.08982714397895716,0.033928399681729976,0.009694442327367275,0.04346701092197799,0.05071965362131183,0.4633900585227577,-0.2156249135064309,0.09289022665210887
19.62,6.857196690111042,-3.0113821490165904,1.3362133126781646,2.4375989720880993,-0.25841225299019255,1.9383569548181994,-0.3318280826777527,0.3895588577859256,0.08966164839149356,0.03390016032932921,0.009694263307443562,0.043441124626759954,0.05066843814368273,0.4634293061622195,-0.21565609506635197,0.09290273503016291
19.63,6.8618309831726645,-3.013538709967254,1.337142340028466,2.438008914577491,-0.2587673288989647,1.9380793494988677,-0.33170604062383136,0.3897676549193534,0.08949618927669234,0.033871951318679046,0.009694087322661795,0.043415238558810174,0.05061727506502112,0.4634685115328431,-0.2156872488407412,0.09291522807249411
19.64,6.866465668287993,-3.0156955824556615,1.338071492309191,2.438418663519005,-0.25912212594124456,1.9378017705636228,-0.33158394183224804,0.3899762093679436,0.08933076675516154,0.03384377260028279,0.009693914314271876,0.04338935274988709,0.05056616432935916,0.46350767468136944,-0.2157183748569962,0.0929277057910782
19.650000000000002,6.8711007450348065,-3.0178527662042316,1.3390007693671018,2.438828219044709,-0.259476644294615,1.937524218281635,-0.3314617865939892,0.390184521292016,0.08916538094734353,0.033815624124747534,0.009693744223823726,0.04336346723173129,0.05051510588080071,0.46354679565448065,-0.21574947314247087,0.09294016819789622
19.66,6.8757362129913515,-3.0200102609356563,1.3399301710490807,2.43923758128619,-0.25983088413647754,1.9372466929212624,-0.33133957519950336,0.3903925908520815,0.08900003197351454,0.03378750584278398,0.009693576993166173,0.04333758203606515,0.05046409966352217,0.46358587449880007,-0.21578054372447583,0.09295261530493397
19.67,6.88037207173634,-3.022168066372901,1.34085969720213,2.439646750374555,-0.26018484564405364,1.936969194750053,-0.33121730793870174,0.3906004182088413,0.08883471995378416,0.03375941770520622,0.009693412564445836,0.043311697194592505,0.05041314562177128,0.4636249112608922,-0.21581158663027825,0.09296504712418255
19.68,6.885008320848949,-3.024326182239204,1.3417893476733718,2.4400557264404332,-0.2605385289943854,1.9366917240347468,-0.3310949851009591,0.39080800352318606,0.08866944500809482,0.03373135966293157,0.009693250880106008,0.04328581273899829,0.05036224369986712,0.46366390598726304,-0.2158426018871023,0.0929774636676377
19.69,6.889644959908821,-3.026484608258075,1.342719122310048,2.440464509613978,-0.26089193436433666,1.9364142810412794,-0.3309726069751142,0.39101534695619533,0.08850420725604642,0.03370333166698037,0.009693091882885555,0.04325992870094824,0.050311393842200555,0.46370285872426686,-0.21587358952220134,0.09298986494742935
19.7,6.894281988496064,-3.028643344153297,1.3436490209595224,2.4408731000248696,-0.2612450619305938,1.936136866034784,-0.3308501738494706,0.3912224486691365,0.08833900681600515,0.0336753336684757,0.009692935515817621,0.04323404511208851,0.050260595993232814,0.4637417695176334,-0.21590454956322822,0.09300225097647909
19.71,6.89891940619124,-3.0308023896489296,1.3445790434692872,2.4412814978023154,-0.2615979118696669,1.9358594792795938,-0.3307276860117968,0.3914293088234639,0.08817384380599935,0.03364736561864279,0.00969278172222736,0.043208162004045376,0.05020985009749548,0.463780638412945,-0.21593548203786253,0.09301462176783909
19.72,6.903557212575369,-3.032961744469308,1.3455091896869655,2.4416897030750535,-0.2619504843578904,1.9355821210392452,-0.3306051437493274,0.3916359275808176,0.08800871834390157,0.03361942746880872,0.009692630445730668,0.0431822794084249,0.050159156099590034,0.4638194654557344,-0.21596638697373632,0.09302697733455717
19.73,6.908195407229926,-3.0351214083390454,1.346439459460311,2.4420977159713533,-0.2623027795714243,1.9353047915764796,-0.33048254734876337,0.39184230510302315,0.087843630547428,0.03359151917040228,0.009692481630233112,0.0431563973568126,0.050108513944187916,0.4638582506914843,-0.21599726439843359,0.09303931768967681
19.740000000000002,6.912833989736841,-3.0372813809830297,1.3473698526372078,2.442505536619018,-0.2626547976862548,1.9350274911532466,-0.33035989709627267,0.39204844155209034,0.08767858053413788,0.033563640674953744,0.009692335219928856,0.043130515880773115,0.050057923576030554,0.4638969941656276,-0.21602811433949035,0.09305164284623739
19.75,6.917472959678498,-3.0394416621264244,1.34830036906567,2.4429131651453857,-0.26300653887819553,1.9347502200307058,-0.33023719327749107,0.3922543370902128,0.08751356842143303,0.0335357919340947,0.009692191159299611,0.0431046350118499,0.050007384939929,0.46393569592354755,-0.21605893682439511,0.09306395281727402
19.76,6.922112316637733,-3.0416022514946683,1.3492310085938428,2.4433206016773337,-0.26335800332288817,1.93447297846923,-0.3301144361775227,0.39245999187976693,0.08734859432655726,0.03350797289955788,0.009692049393113564,0.04307875478156489,0.04995689798076387,0.4639743560105777,-0.21608973188058875,0.0930762476158171
19.77,6.926752060197839,-3.043763148813474,1.350161771070001,2.4437278463412766,-0.2637091911958035,1.934195766728407,-0.3299916260809406,0.39266540608331146,0.0871836583665958,0.03348018352317694,0.009691909866424323,0.04305287522141821,0.049906462643485104,0.46401297447200174,-0.2161204995354649,0.09308852725489335
19.78,6.931392189942559,-3.0459243538088288,1.3510926563425498,2.4441348992631706,-0.2640601026722422,1.933918585067043,-0.32986876327178766,0.3928705798635864,0.08701876065847484,0.033452423756886326,0.009691772524569866,0.043026996362887815,0.0498560788731124,0.46405155135305415,-0.21615123981637002,0.09310079174752513
19.79,6.93603270545609,-3.0480858662069923,1.3520236642600252,2.444541760568516,-0.26441073792733605,1.9336414337431644,-0.32974584803357676,0.3930755133835126,0.08685390131896094,0.033424693552721034,0.009691637313171488,0.04300111823742923,0.04980574661473444,0.4640900866989198,-0.21618195275060292,0.09311304110673008
19.8,6.940673606323079,-3.0502476857344982,1.3529547946710925,2.4449484303823557,-0.2647610971360484,1.9333643130140201,-0.3296228806492918,0.3932802068061905,0.08668908046466049,0.03339699286281646,0.009691504178132753,0.04297524087647518,0.04975546581350887,0.4641285805547338,-0.2162126383654161,0.09312527534552227
19.81,6.945314892128627,-3.052409812118152,1.3538860474245478,2.445354908829281,-0.2651111804731753,1.9330872231360845,-0.3294998614013882,0.39348466029490003,0.08652429821201925,0.0333693216394082,0.009691373065638458,0.042949364311435353,0.04970523641466245,0.46416703296558226,-0.2162432966880148,0.09313749447691104
19.82,6.949956562458283,-3.0545722450850326,1.3548174223693168,2.4457611960334313,-0.2654609881133463,1.9328101643650597,-0.3293767905717936,0.39368887401309915,0.08635955467732175,0.03334167983483188,0.009691243922153581,0.04292348857369602,0.049655058363490774,0.46420544397650143,-0.2162739277455579,0.09314969851390166
19.830000000000002,6.954598616898048,-3.056734984362488,1.3557489193544559,2.4461672921184956,-0.2658105202310254,1.9325331369558783,-0.3292536684419083,0.3938928481244236,0.0861948499766908,0.033314067401522963,0.009691116694422254,0.04289761369461977,0.04960493160535808,0.4642438136324786,-0.2163045315651573,0.09316188746949515
19.84,6.959241055034373,-3.0588980296781396,1.356680538229151,2.446573197207715,-0.2661597770005119,1.932256141162705,-0.3291304952926061,0.39409658279268595,0.086030184226087,0.033286484292016555,0.009690991329466717,0.04287173970554522,0.049554856085697326,0.46428214197845175,-0.21633510817387874,0.09317406135668851
19.85,6.963883876454157,-3.0610613807598783,1.3576122788427178,2.446978911423885,-0.26650875859594125,1.93197917723894,-0.3290072714042348,0.39430007818187485,0.08586555754130822,0.03325893045894723,0.009690867774586302,0.042845866637786674,0.04950483175000994,0.46432042905930965,-0.21636565759874174,0.09318622018847421
19.86,6.96852708074475,-3.0632250373358656,1.3585441410446026,2.447384434889356,-0.2668574651912859,1.931702245437221,-0.3288839970566169,0.3945033344561542,0.08570097003798902,0.03323140585504886,0.009690745977356393,0.04281999452263386,0.04945485854386571,0.4643586749198918,-0.21639617986671944,0.09319836397784068
19.87,6.9731706674939495,-3.065388999134533,1.359476124684381,2.4477897677260363,-0.2672058969603562,1.931425346009425,-0.3287606725290503,0.3947063517798625,0.08553642183160023,0.033203910433154384,0.009690625885627404,0.04279412339135163,0.04940493641290253,0.46439687960498854,-0.2164266750047391,0.09321049273777222
19.88,6.97781463629,-3.0675532658845803,1.3604082296117588,2.4481949100553932,-0.2675540540768012,1.931148479206672,-0.3286372981003086,0.3949091303175121,0.08537191303744844,0.03317644414619569,0.009690507447523764,0.04276825327517964,0.049355065302826365,0.4644350431593415,-0.21645714303968216,0.09322260648124864
19.89,6.982458986721594,-3.069717837314977,1.3613404556765714,2.448599861998455,-0.2679019367141096,1.930871645279326,-0.3285138740486422,0.39511167023378835,0.08520744377067542,0.03314900694720337,0.009690390611442893,0.04274238420533209,0.049305245159411634,0.4644731656276429,-0.21648758399838414,0.09323470522124587
19.900000000000002,6.98710371837787,-3.071882713154961,1.3622728027287838,2.4490046236758127,-0.26824954504561055,1.9305948444769985,-0.32839040065177844,0.39531397169354876,0.08504301414625773,0.033121598789306594,0.009690275326054187,0.04271651621299743,0.04925547592850022,0.4645112470545363,-0.2165179979076352,0.09324678897073548
19.91,6.991748830848416,-3.074047893134037,1.3632052706184912,2.4494091952076213,-0.26859687924447434,1.9303180770485502,-0.3282668781869227,0.39551603486182246,0.08487862427900614,0.033094219625732856,0.009690161540298009,0.04269064932933804,0.049205757556001706,0.4645492874846161,-0.2165483847941798,0.09325885774268503
19.92,6.996394323723262,-3.076213376981979,1.3641378591959181,2.4498135767136033,-0.26894393948371353,1.930041343242094,-0.32814330693075866,0.39571785990380937,0.08471427428356519,0.03306686940980785,0.009690049203384678,0.04266478358549,0.04915608998789364,0.46458728696242835,-0.21657874468471697,0.09327091155005751
19.93,7.001040196592887,-3.078379164428826,1.3650705683114186,2.4502177683130477,-0.26929072593618364,1.9297646433049964,-0.3280196871594491,0.39591944698487924,0.0845499642744127,0.03303954809495527,0.009689938264793467,0.04263891901256277,0.04910647317022074,0.46462524553246953,-0.21660907760590078,0.09328295040581219
19.94,7.005686449048211,-3.080545255204885,1.3660033978154766,2.450621770124814,-0.26963723877458384,1.9294879774838807,-0.3278960191486365,0.3961207962705712,0.08438569436585928,0.0330122556346966,0.009689828674271596,0.04261305564163889,0.04905690704909535,0.46466316323918816,-0.21663938358434023,0.09329497432290389
19.95,7.010333080680603,-3.0827116490407285,1.3669363475587057,2.4510255822673335,-0.26998347817145807,1.9292113460246287,-0.3277723031734435,0.39632190792659266,0.08422146467204784,0.032984991982650966,0.009689720381833234,0.04258719350377377,0.04900739157069693,0.46470104012698354,-0.21666966264659923,0.09330698331428329
19.96,7.014980091081872,-3.0848783456671947,1.3678694173918486,2.4514292048586097,-0.2703294442991956,1.9289347491723838,-0.3276485395084739,0.3965227821188189,0.08405727530695312,0.032957757092534935,0.009689613337758508,0.042561332629995334,0.04895792668127227,0.4647388762402065,-0.21669991481919695,0.09331897739289706
19.97,7.019627479844274,-3.0870453448153867,1.3688026071657775,2.451832638016222,-0.270675137330032,1.9286581871715527,-0.32752472842781283,0.39672341901329206,0.0838931263843812,0.032930550918162334,0.009689507492592503,0.04253547305130381,0.048908512327135174,0.46477667162315955,-0.21673014012860772,0.09333095657168734
19.98,7.024275246560506,-3.089212646216673,1.3697359167314944,2.452235881857326,-0.2710205574360499,1.928381660265808,-0.32740087020502767,0.3969238187762204,0.08372901801796911,0.03290337341344406,0.009689402797144276,0.04250961479867142,0.048859148454666206,0.46481442632009634,-0.21676033860126145,0.09334292086359251
19.990000000000002,7.0289233908237065,-3.0913802496026856,1.3706693459401302,2.4526389364986563,-0.2713657047891798,1.92810516869809,-0.32727696511316867,0.39712398157397766,0.08356495032118424,0.03287622453238792,0.009689299202485867,0.04248375790304212,0.048809835010312885,0.46485214037522204,-0.2167905102635437,0.09335487028154653
20.0,7.033571912227459,-3.093548154705321,1.3716028946429457,2.453041802056526,-0.2717105795612009,1.9278287127106097,-0.3271530134247693,0.39732390757310215,0.08340092340732398,0.03284910422909842,0.009689196659951318,0.042457902395331315,0.04876057194058936,0.46488981383269357,-0.21682065514179558,0.09336680483847942
20.01,7.038220810365786,-3.095716361256739,1.3725365626913304,2.4534444786468312,-0.2720551819237419,1.927552292544851,-0.32702901541184726,0.39752359694029615,0.0832369373895152,0.03282201245777659,0.009689095121135693,0.04243204830642564,0.04871135919207625,0.4649274467366193,-0.2168507732623143,0.09337872454731684
20.02,7.042870084833152,-3.0978848689893623,1.3734703499368035,2.453846966385052,-0.27239951204828167,1.9272759084415723,-0.32690497134590474,0.397723049842425,0.08307299238071382,0.03279494917271982,0.009688994537894098,0.04240619566718265,0.048662196711420774,0.46496503913105963,-0.21688086465135253,0.09339062942098028
20.03,7.047519735224462,-3.100053677635876,1.3744042562310133,2.454249265386252,-0.27274357010615025,1.9269995606408095,-0.3267808814979293,0.39792226644651646,0.08290908849370436,0.03276791432832164,0.009688894862340704,0.042380344508430555,0.04861308444533659,0.4650025910600263,-0.21691092933511966,0.09340251947238741
20.04,7.052169761135063,-3.102222786929227,1.375338281425737,2.454651375765083,-0.2730873562685296,1.9267232493818778,-0.3266567461383943,0.3981212469197598,0.08274522584109946,0.032740907879071586,0.00968879604684778,0.042354494860968005,0.04856402234060308,0.465040102567483,-0.21694096733978094,0.09341439471445138
20.05,7.056820162160737,-3.1043921966026247,1.3762724253728815,2.4550532976357853,-0.27343087070645417,1.9264469749033744,-0.3265325655372596,0.3983199914295052,0.08258140453533948,0.032713929779554965,0.009688698044044725,0.04232864675556378,0.04851501034406607,0.46507757369734515,-0.21697097869145793,0.09342625516008136
20.06,7.0614709378977105,-3.106561906389539,1.3772066879244824,2.4554550311121885,-0.273774113590812,1.9261707374431802,-0.32640833996397234,0.3985185001432628,0.08241762468869201,0.03268697998445271,0.0096886008068171,0.04230280022295657,0.048466048402637574,0.46511500449348026,-0.21700096341622896,0.09343810082218226
20.07,7.066122087942645,-3.1087319160237015,1.3781410689327043,2.4558565763077147,-0.2741170850923452,1.9258945372384628,-0.3262840696874671,0.39871677322870214,0.08225388641325147,0.03266005844854119,0.009688504288305666,0.042276955293854696,0.04841713646329518,0.4651523949997076,-0.21703092154012868,0.09344993171365512
20.080000000000002,7.070773611892642,-3.1109022252391028,1.3790755682498408,2.456257933335379,-0.274459785381651,1.9256183745256776,-0.326159754976167,0.3989148108536513,0.08209018982093863,0.03263316512669201,0.009688408441905428,0.04225111199893587,0.04836827447308204,0.46518974525979845,-0.2170608530891486,0.09346174784739664
20.09,7.075425509345241,-3.113072833769994,1.3800101857283147,2.4566591023077926,-0.2748022146291822,1.9253422495405712,-0.32603539609798415,0.3991126131860962,0.08192653502350022,0.032606299973871856,0.009688313221264672,0.04222527036884696,0.048319462379107364,0.4652270553174762,-0.21709075808923725,0.09347354923629936
20.1,7.080077779898415,-3.1152437413508864,1.3809449212206777,2.4570600833371627,-0.27514437300524824,1.9250661625181829,-0.3259109933203201,0.39931018039417965,0.08176292213250846,0.0325794629451423,0.00968821858028402,0.0421994304342037,0.04827070012854561,0.46526432521641636,-0.21712063656629985,0.09348533589325178
20.11,7.08473042315058,-3.1174149477165494,1.3818797745796103,2.4574608765352957,-0.2754862606800158,1.924790113692847,-0.32578654691006664,0.39950751264620077,0.08159935125936067,0.032552653995659604,0.009688124473115475,0.042173592225590466,0.04822198766863689,0.46530155500024656,-0.2171504885461989,0.09349710783113822
20.12,7.089383438700582,-3.1195864526020114,1.3828147456579216,2.4578614820135973,-0.2758278778235096,1.9245141032981952,-0.3256620571336064,0.39970461011061426,0.08143582251527881,0.03252587308067457,0.00968803085416147,0.04214775577356005,0.048173324946686184,0.46533874471254666,-0.2171803140547542,0.09350886506283883
20.13,7.094036826147708,-3.121758255742559,1.38374983430855,2.4582618998830754,-0.2761692246056131,1.9242381315671586,-0.32553752425681337,0.39990147295602946,0.08127233601130908,0.032499120155532316,0.009687937678073931,0.04212192110863339,0.048124711910064025,0.46537589439684846,-0.21721011311774277,0.09352060760122972
20.14,7.098690585091676,-3.1239303568737364,1.3846850403845623,2.4586621302543414,-0.2765103011960694,1.9239621987319702,-0.3254129485450536,0.4000981013512097,0.0811088918583215,0.032472395175672145,0.009687844899753335,0.042096088261299326,0.04807614850620581,0.4654130040966365,-0.21723988576089928,0.09353233545918288
20.150000000000002,7.103344715132642,-3.1261027557313454,1.3856203637391542,2.4590621732376112,-0.27685110776448174,1.9236863050241666,-0.32528833026318577,0.4002944954650716,0.08094549016700948,0.03244569809662732,0.009687752474347767,0.042070257262014396,0.048027634682611973,0.4654500738553474,-0.217269632009916,0.0935440486495661
20.16,7.107999215871195,-3.1282754520514446,1.3865558042256498,2.459462028942708,-0.2771916444803144,1.9234104506745904,-0.32516366967556176,0.4004906554666842,0.08078213104788945,0.0324190288740249,0.009687660357251984,0.04204442814120255,0.04797917038684772,0.4654871037163704,-0.21729935189044272,0.09355574718524307
20.17,7.112654086908359,-3.130448445570349,1.3874913616975022,2.459861697479063,-0.2775319115128935,1.9231346359133925,-0.3250389670460274,0.40068658152526826,0.08061881461130038,0.03239238746358557,0.00968756850410649,0.04201860092925496,0.04793075556654288,0.46552409372304715,-0.21732904542808734,0.09356743107907325
20.18,7.1173093278455895,-3.13262173602463,1.3884270360082929,2.460261178955717,-0.27787190903140757,1.922858860970034,-0.3249142226379229,0.40088227381019537,0.08045554096740345,0.032365773821123434,0.0096874768707966,0.04199277565652975,0.047882390169392296,0.46556104391867154,-0.21735871264841572,0.09357910034391216
20.19,7.121964938284776,-3.1347953231511143,1.389362827011732,2.4606604734813224,-0.2782116372049083,1.9225831260732882,-0.3247894367140836,0.40107773249098744,0.08029231022618162,0.03233918790254586,0.009687385413451514,0.04196695235335178,0.0478340741431547,0.4655979543464903,-0.2173883535769516,0.09359075499261107
20.2,7.126620917828241,-3.1369692066868837,1.390298734561658,2.4610595811641445,-0.27855109620231155,1.9223074314512436,-0.3246646095368405,0.4012729577373157,0.08012912249743918,0.032312629663853294,0.009687294088443394,0.04194113105001243,0.04778580743565367,0.4656348250497027,-0.2174179682391774,0.09360239503801722
20.21,7.131277266078738,-3.1391433863692755,1.3912347585120381,2.4614585021120634,-0.27889028619239753,1.922031777331305,-0.32453974136802094,0.4014679497190001,0.07996597789080144,0.03228609906113906,0.009687202852386445,0.04191531177676935,0.04773758999477684,0.46567165607146077,-0.2174475566605335,0.09361402049297363
20.22,7.135933982639452,-3.141317861935881,1.3921708987169679,2.461857236432575,-0.27922920734381207,1.9217561639401957,-0.3244148324689491,0.40166270860600845,0.07980287651571427,0.03225959605058919,0.009687111662135997,0.041889494563846226,0.04768942176847588,0.465708447454869,-0.2174771188664189,0.09362563137031933
20.23,7.140591067114001,-3.143492633124545,1.393107155030671,2.4622557842327937,-0.279567859825067,1.9214805915039606,-0.32428988310044665,0.40185723456845573,0.07963981848144376,0.03223312058848225,0.009687020474787585,0.0418636794414326,0.04764130270476679,0.46574519924298485,-0.2175066548821912,0.09363722768288905
20.240000000000002,7.145248519106431,-3.145667699673367,1.3940435273075,2.4626541456194526,-0.27990624380454093,1.9212050602479671,-0.32416489352283345,0.4020515277766033,0.07947680389707577,0.032206672631189176,0.009686929247676042,0.041837866439683596,0.047593232751729386,0.46578191147881853,-0.2175361647331668,0.09364880944351359
20.25,7.14990633822122,-3.1478430613206982,1.3949800154019352,2.4630523206989063,-0.28024435945048004,1.920929570396908,-0.32403986399592805,0.4022455884008581,0.07931383287151564,0.032180252135173046,0.009686837938374588,0.041812055588719726,0.04754521185750724,0.4658185842053333,-0.21756564844462084,0.09366037666501933
20.26,7.1545645240632725,-3.1500187178051444,1.3959166191685854,2.4634503095771314,-0.28058220693099867,1.9206541221748032,-0.32391479477904833,0.40243941661177196,0.07915090551348769,0.03215385905698895,0.009686746504693925,0.041786246918626674,0.047497239970307636,0.46585521746544495,-0.2175951060417874,0.09367192936022889
20.27,7.159223076237927,-3.152194668865562,1.3968533384621877,2.4638481123597287,-0.2809197864140801,1.920378715805002,-0.3237896861310121,0.40263301258004086,0.07898802193153495,0.03212749335328376,0.009686654904681331,0.04176044045945505,0.047449317038401564,0.4658918113020227,-0.21762453754985966,0.09368346754196041
20.28,7.163881994350947,-3.1543709142410608,1.3977901731376072,2.464245729151924,-0.2812570980675772,1.9201033515101849,-0.32366453831013775,0.40282637647650404,0.07882518223401873,0.032101154980796014,0.009686563096619761,0.04173463624122023,0.04740144301012317,0.4659283657578882,-0.21765394299399035,0.09369499122302839
20.29,7.168541278008526,-3.1565474536710005,1.3987271230498375,2.464643160058572,-0.2815941420592132,1.9198280295123658,-0.3235393515742447,0.40301950847214346,0.07866238652911825,0.032074843896355676,0.009686471039026949,0.04170883429390207,0.04735361783387046,0.465964880875817,-0.21768332239929095,0.09370650041624265
20.3,7.173200926817284,-3.1587242868949934,1.399664188054,2.4650404051841535,-0.28193091855658214,1.9195527500328944,-0.3234141261806542,0.4032124087380828,0.07849963492483028,0.03204856005688399,0.00968637869065451,0.04168303464744475,0.04730584145810437,0.466001356698537,-0.21771267579083262,0.09371799513440941
20.31,7.177860940384269,-3.1609014136529017,1.400601368005344,2.4654374646327817,-0.2822674277271499,1.9192775132924575,-0.32328886238618987,0.40340507744558685,0.0783369275289688,0.032022303419393286,0.009686286010487056,0.04165723733175655,0.047258113831349056,0.4660377932687297,-0.21774200319364626,0.09372947539033032
20.32,7.182521318316956,-3.163078833684838,1.4015386627592472,2.4658343385082,-0.2826036697382547,1.919002319511082,-0.32316356044717826,0.40359751476606076,0.07817426444916457,0.03199607394098682,0.009686192957741297,0.041631442376709626,0.04721043490219162,0.4660741906290297,-0.21777130463272226,0.09374094119680322
20.330000000000002,7.187182060223247,-3.1652565467311655,1.4024760721712153,2.466231026913787,-0.28293964475710764,1.9187271689081355,-0.3230382206194494,0.40378972087104925,0.07801164579286486,0.031969871578858576,0.009686099491865162,0.04160564981213981,0.04716280461928244,0.466110548822025,-0.21780058013301087,0.0937523925666216
20.34,7.191843165711467,-3.167434552532496,1.4034135960968814,2.4666275299525537,-0.28327535295079365,1.9184520617023304,-0.3229128431583376,0.4039816959322358,0.077849071667333,0.03194369629029309,0.009686005572536906,0.041579859667846414,0.04711522293133432,0.4661468678902567,-0.21782982971942214,0.0937638295125749
20.35,7.19650463439037,-3.16961285082969,1.4043512343920073,2.467023847727149,-0.28361079448627197,1.918176998111724,-0.32278742831868185,0.404173440121442,0.0776865421796481,0.03191754803266528,0.00968591115966424,0.041554071973592024,0.0470676897871231,0.4661831478762196,-0.21785905341682624,0.09377525204744863
20.36,7.2011664658691315,-3.1717914413638586,1.4052889869124818,2.467419980339859,-0.28394596953037693,1.9179019783537212,-0.32266197635482646,0.40436495361062674,0.07752405743670467,0.03189142676344025,0.009685816213383448,0.04152828675910229,0.047020205135486916,0.46621938882236147,-0.2178882512500537,0.09378666018402393
20.37,7.205828659757355,-3.1739703238763592,1.406226853514322,2.4678159278926097,-0.28428087824981846,1.917627002645077,-0.3225364875206218,0.4045562365718854,0.07736161754521224,0.03186533244017314,0.009685720694058509,0.041502504054065734,0.04697276892532655,0.46625559077108414,-0.2179174232438949,0.09379805393507767
20.38,7.210491215665066,-3.1761494981087983,1.4071648340536729,2.468211690486967,-0.2846155208111829,1.9173520712018977,-0.3224109620694248,0.4047472891774492,0.07719922261169511,0.03183926502050892,0.00968562456228023,0.041476723888133546,0.046925381105605186,0.46629175376474236,-0.21794656942310103,0.09380943331338314
20.39,7.215154133202713,-3.1783289638030294,1.4081029283868067,2.4686072682241393,-0.28494989738093357,1.9170771842396435,-0.32228540025409946,0.4049381115996844,0.07703687274249188,0.03181322446218223,0.009685527778865369,0.04145094629091939,0.046878041625348366,0.4663278778456451,-0.21797568981238336,0.09382079833170898
20.400000000000002,7.219817411981169,-3.180508720701153,1.4090411363701238,2.46900266120498,-0.28528400812541144,1.91680234197313,-0.3221598023270176,0.4051287040110916,0.07687456804375523,0.0317872107230172,0.009685430304855776,0.041425171291999206,0.046830750433643646,0.46636396305605443,-0.21800478443641408,0.09383214900281982
20.41,7.22448105161173,-3.182688768545517,1.409979457860152,2.4693978695299856,-0.2856178532108358,1.9165275446165304,-0.32203416854005934,0.40531906658430483,0.07671230862145148,0.03176122376092724,0.009685332101517521,0.04139939892091103,0.04678350747964083,0.4664000094381864,-0.2180338533198261,0.09384348533947638
20.42,7.229145051706112,-3.1848691070787156,1.4109178927135468,2.4697928932993016,-0.28595143280330493,1.9162527923833779,-0.32190849914461384,0.405509199492091,0.07655009458136036,0.03173526353391493,0.00968523313034004,0.04137362920715478,0.04673631271255113,0.46643601703421067,-0.21806289648721286,0.09385480735443485
20.43,7.233809411876455,-3.187049736043588,1.4118564407870913,2.4701877326127204,-0.2862847470687966,1.915978085486567,-0.32178279439157975,0.405699102907349,0.07638792602907461,0.031709330000071784,0.00968513335303527,0.04134786218019208,0.04668916608164873,0.46647198588625094,-0.21809191396312919,0.09386611506044766
20.44,7.238474131735317,-3.189230655183219,1.4127951019376956,2.470582387569684,-0.28661779617316885,1.915703424138355,-0.3216570545313659,0.40588877700310905,0.07622580306999965,0.03168342311757808,0.009685032731536794,0.04132209786944608,0.04664206753626838,0.46650791603638436,-0.21812090577209056,0.09387740847026294
20.45,7.243139210895681,-3.19141186424094,1.4137338760223983,2.4709768582692866,-0.2869505802821606,1.915428808550366,-0.32153127981389185,0.4060782219525318,0.0760637258093533,0.031657542844702714,0.009684931227998992,0.04129633630430124,0.04659501702580709,0.46654380752664226,-0.21814987193857407,0.09388868759662447
20.46,7.247804648970947,-3.1935933629603257,1.4146727628983646,2.4713711448102735,-0.2872830995613922,1.9151542389335903,-0.3214054704885885,0.4062674379289078,0.07590169435216543,0.031631689139802986,0.009684828804796184,0.04127057751410318,0.04654801449972324,0.4665796603990096,-0.2181788124870177,0.09389995245227249
20.47,7.252470445574937,-3.1957751510851957,1.4156117624228874,2.4717652472910454,-0.2876153541763662,1.9148797154983879,-0.3212796268043987,0.40645642510565655,0.07573970880327763,0.03160586196132445,0.009684725424521787,0.04124482152815847,0.04650105990753666,0.4666154746954258,-0.21820772744182118,0.09391120304994237
20.48,7.257136600321891,-3.197957228359614,1.4165508744533868,2.4721591658096576,-0.28794734429246777,1.9146052384544903,-0.32115374900977783,0.4066451836563259,0.07557776926734293,0.031580061267800726,0.009684621049987468,0.041219068375734455,0.046454153198828556,0.4666512504577839,-0.21823661682734558,0.09392243940236597
20.490000000000002,7.261803112826469,-3.2001395945278874,1.4174900988474104,2.472552900463823,-0.28827907007496556,1.9143308080110017,-0.3210278373526944,0.40683371375459115,0.07541587584882545,0.03155428701785333,0.009684515644222298,0.04119331808605908,0.04640729432324138,0.4666869877279312,-0.21826548066791365,0.09393366152227049
20.5,7.2664699827037476,-3.2023222493345664,1.418429435462633,2.4729464513509125,-0.2886105316890121,1.9140564243764018,-0.3209018920806307,0.4070220155742545,0.07525402865200012,0.03152853917019148,0.00968440917047192,0.04116757068832072,0.046360483230478346,0.46672268654766924,-0.21829431898780985,0.09394486942237927
20.51,7.271137209569225,-3.2045051925244445,1.4193688841568568,2.473339818567957,-0.28894172929964446,1.9137820877585467,-0.32077591344058326,0.40721008928924407,0.07509222778095236,0.03150281768361194,0.009684301592197703,0.041141826211667974,0.04631371987030419,0.46675834695875357,-0.2183231318112806,0.09395606311541133
20.52,7.275804793038812,-3.2066884238425573,1.420308444788011,2.473733002211649,-0.28927266307178506,1.913507798364672,-0.32064990167906354,0.40739793507361327,0.07493047333957777,0.03147712251699884,0.009684192873075915,0.04111608468520952,0.046267004192543995,0.4667939690028939,-0.2183519191625342,0.0939672426140816
20.53,7.280472732728842,-3.2088719430341826,1.4212481172141518,2.474126002378342,-0.289603333170242,1.9132335564013936,-0.3205238570420985,0.40758555310154015,0.07476876543158183,0.0314514536293235,0.009684082976996883,0.04109034613801391,0.04622033614708424,0.4668295527217547,-0.2183806810657411,0.09397840793110113
20.54,7.285141028256059,-3.21105574984484,1.4221879012934628,2.474518819164056,-0.2899337397597098,1.9129593620747103,-0.32039777977523126,0.4077729435473265,0.0746071041604796,0.03142581097964423,0.009683971868064172,0.04106461059910944,0.04617371568387164,0.4668650981569542,-0.2184094175450338,0.0939895590791763
20.55,7.289809679237629,-3.2132398440202903,1.4231277968842546,2.474911452664475,-0.29026388300476996,1.9126852155900051,-0.3202716701235216,0.40796010658539716,0.07444548962959545,0.0314001945271062,0.009683859510593754,0.04103887809748392,0.04612714275291356,0.4669006053500655,-0.21843812862450715,0.0940006960710096
20.56,7.294478685291129,-3.2154242253065353,1.4240678038449648,2.47530390297495,-0.2905937630698916,1.9124111171520477,-0.3201455283315465,0.4081470423902993,0.07428392194206272,0.03137460423094122,0.009683745869113183,0.04101314866208457,0.046080617304278,0.46693607434261575,-0.21846681432821877,0.09401181891929948
20.57,7.2991480460345555,-3.2176088934498175,1.4250079220341578,2.4756961701905014,-0.29092338011943203,1.912137066964996,-0.320019354643401,0.4083337511367016,0.07412240120082349,0.0313490400504676,0.009683630908360778,0.040987422321817804,0.046034139288093266,0.46697150517608693,-0.21849547468018804,0.09402292763673972
20.580000000000002,7.303817761086316,-3.2197938481966193,1.4259481513105252,2.4760882544058176,-0.2912527343176373,1.9118630652323978,-0.31989314930269835,0.4085202329993936,0.07396092750862822,0.03132350194508995,0.009683514593284797,0.04096169910554909,0.04598770865454802,0.4670068978919153,-0.21852410970439776,0.09403402223602057
20.59,7.308487830065236,-3.2219790892936633,1.4268884915328854,2.4764801557152594,-0.29158182582864284,1.9115891121571928,-0.3197669125525711,0.4087064881532849,0.07379950096803552,0.03129798987429902,0.009683396889042632,0.040935979042102756,0.04594132535389082,0.4670422525314918,-0.2185527194247931,0.09404510272982775
20.6,7.313158252590551,-3.2241646164879114,1.4278289425601838,2.4768718742128595,-0.29191065481647405,1.911315207941715,-0.3196406446356714,0.40889251677340444,0.07363812168141184,0.031272503797671526,0.00968327776099998,0.04091026216026187,0.04589498933643047,0.46707756913616216,-0.2185813038652819,0.0940561691308427
20.61,7.3178290282819125,-3.226350429526564,1.4287695042514923,2.4772634099923247,-0.29223922144504677,1.9110413527876935,-0.3195143457941715,0.40907831903489966,0.07347678975093123,0.03124704367486996,0.009683157174730051,0.04088454848876803,0.04584870055253598,0.46711284774722656,-0.2186098630497355,0.09406722145174298
20.62,7.322500156759385,-3.2285365281570617,1.4297101764660096,2.477654763147037,-0.292567525878168,1.910767546896255,-0.3193880162697646,0.409263895113036,0.07331550527857501,0.031221609465642428,0.00968303509601274,0.040858838056321255,0.045802458952635794,0.4671480884059402,-0.21863839700198778,0.09407825970520192
20.63,7.327171637643445,-3.2307229121270815,1.4306509590630616,2.478045933770055,-0.2928955682795364,1.9104937904679258,-0.31926165630366526,0.4094492451831959,0.07315426836613152,0.031196201129822475,0.009682911490833838,0.04083313089157977,0.045756264487218375,0.4671832911535126,-0.21866690574583586,0.09408928390388835
20.64,7.33184347055498,-3.23290958118454,1.4315918519021005,2.4784369219541156,-0.2932233488127428,1.9102200837026326,-0.31913526613661014,0.4096343694208782,0.07299307911519586,0.031170818627328907,0.009682786325384217,0.04080742702315989,0.04571011710683182,0.4672184560311088,-0.21869538930504048,0.0941002940604671
20.650000000000002,7.336515655115291,-3.23509653507759,1.4325328548427052,2.4788277277916344,-0.293550867641271,1.9099464267997057,-0.31900884600885837,0.4098192680016974,0.0728319376271696,0.031145461918165623,0.009682659566059038,0.04078172647963585,0.04566401676208361,0.46725358307984804,-0.21872384770332545,0.09411129018759902
20.66,7.34118819094609,-3.2372837735546236,1.4334739677445811,2.479218351374709,-0.2938781249284979,1.9096728199578799,-0.31888239616019237,0.4100039411013828,0.07267084400326053,0.031120130962421437,0.009682531179456945,0.040756029289539655,0.04561796340364099,0.4672886723408051,-0.2187522809643782,0.09412227229794036
20.67,7.345861077669498,-3.2394712963642673,1.4344151904675606,2.479608792795117,-0.29420512083769457,1.9093992633752963,-0.3187559168299183,0.41018838889577786,0.0725097983444824,0.031094825720269906,0.009682401132379276,0.04073033548136092,0.04557195698223016,0.4673237238550094,-0.21878068911184964,0.09413324040414346
20.68,7.350534314908048,-3.241659103255386,1.435356522871602,2.4799990521443216,-0.29453185553202643,1.9091257572495044,-0.3186294082568666,0.4103726115608395,0.07234880075165465,0.031069546151969153,0.009682269391829267,0.04070464508354672,0.04552599744863705,0.4673587376634454,-0.21880907216935452,0.09414419451885628
20.69,7.355207902284683,-3.2438471939770794,1.4362979648167906,2.4803891295134695,-0.29485832917455396,1.908852301777464,-0.31850287067939276,0.41055660927263726,0.07218785132540213,0.0310442922178617,0.009682135925011262,0.040678958124501445,0.045480084753706254,0.4673937138070527,-0.21883743016047147,0.09415513465472271
20.7,7.359881839422753,-3.246035568278684,1.4372395161633378,2.480779024993394,-0.2951845419282332,1.9085788971555464,-0.3183763043353777,0.4107403822073527,0.07202695016615492,0.03101906387837429,0.009682000699329925,0.040653274632586646,0.04543421884834179,0.4674286523267262,-0.21886576310874256,0.0941660608243824
20.71,7.36455612594602,-3.2482242259097713,1.4381811767715815,2.4811687386746155,-0.29551049395591633,1.9083055435795369,-0.31824970946222864,0.41092393054127846,0.07186609737414798,0.03099386109401772,0.009681863682389456,0.04062759463612089,0.04538839968350654,0.46746355326331573,-0.21889407103767464,0.09417697304047075
20.72,7.369230761478653,-3.250413166620148,1.4391229465019861,2.481558270647344,-0.2958361854203522,1.9080322412446356,-0.31812308629687924,0.41110725445081775,0.07170529304942097,0.03096868382538667,0.009681724841992805,0.04060191816337961,0.04534262721022192,0.4674984166576265,-0.21892235397073798,0.0941878713156188
20.73,7.37390574564523,-3.252602390159855,1.4400648252151422,2.481947621001478,-0.29616161648418693,1.9077589903454604,-0.3179964350757907,0.41129035411248344,0.07154453729181798,0.03094353203315951,0.009681584146140895,0.040576245242594976,0.04529690137956861,0.467533242550419,-0.21895061193136756,0.09419875566245373
20.740000000000002,7.3785810780707335,-3.2547918962791687,1.4410068127717668,2.4823367898266095,-0.29648678730996425,1.9074857910760477,-0.3178697560349519,0.4114732297028974,0.07138383020098728,0.030918405678098157,0.009681441563031842,0.04055057590195573,0.04525122214268561,0.467568030982409,-0.2189788449429625,0.09420962609359808
20.75,7.383256758380558,-3.2569816847285984,1.4419489090327027,2.482725777212022,-0.2968116980601263,1.9072126436298549,-0.31774304940988024,0.4116558813987898,0.0712231718763811,0.030893304721047888,0.009681297061060185,0.040524910169607055,0.04520558945077069,0.46760278199426786,-0.21900705302888604,0.09422048262167027
20.76,7.3879327862005,-3.2591717552588872,1.4428911138589193,2.4831145832466937,-0.29713634889701396,1.9069395481997613,-0.31761631543562224,0.4118383093769982,0.07106256241725534,0.030868229122937168,0.009681150608816103,0.040499248073650435,0.0451600032550798,0.4676374956266221,-0.2190352362124665,0.0942313252592846
20.77,7.392609161156766,-3.2613621076210118,1.443833427111512,2.483503208019297,-0.29746073998286743,1.9066665049780707,-0.317489554346754,0.4120205138144672,0.07090200192266942,0.030843178844777476,0.009681002175084654,0.040473589642143516,0.04511446350692728,0.4676721719200537,-0.21906339451699666,0.09424215401905116
20.78,7.397285882875967,-3.2635527415661816,1.4447758486517026,2.4838916516182024,-0.29778487147982685,1.9063935141565125,-0.3173627663773818,0.41220249488824723,0.07074149049148595,0.030818153847663145,0.009680851728845002,0.040447934903099975,0.0450689701576861,0.4677068109151005,-0.21909152796573397,0.09425296891357574
20.79,7.401962950985118,-3.265743656845839,1.4457183783408383,2.4842799141314775,-0.2981087435499327,1.9061205759262438,-0.3172359517611427,0.41238425277549423,0.07058102822237058,0.030793154092771183,0.009680699239269655,0.04042228388448936,0.04502352315878688,0.4677414126522557,-0.21911963658190065,0.09426376995545979
20.8,7.406640365111641,-3.267934853211658,1.4466610160403928,2.4846679956468902,-0.2984323563551264,1.905847690477851,-0.31710911073120523,0.41256578765346863,0.07042061521379171,0.030768179541361098,0.009680544675723698,0.04039663661423699,0.044978122461718645,0.4677759771719683,-0.2191477203886839,0.09427455715730036
20.81,7.41131812488336,-3.270126330415545,1.4476037616119657,2.485055896251908,-0.29875571005725066,1.9055748580013514,-0.31698224352026977,0.4127470996995347,0.07026025156402031,0.03074323015477473,0.009680388007764038,0.04037099312022378,0.04493276801802825,0.4678105045146425,-0.21917577940923622,0.0942853305316906
20.82,7.415996229928506,-3.272318088209637,1.4485466149172825,2.4854436160337,-0.29907880481805027,1.905302078686195,-0.3168553503605693,0.41292818909116,0.07009993737112966,0.030718305894436092,0.009680229205138639,0.04034535343028617,0.04488745977932047,0.4678449947206388,-0.21920381366667493,0.09429609009121921
20.830000000000002,7.420674679875713,-3.274510126346304,1.4494895758181947,2.48583115507914,-0.2994016407991724,1.905029352721266,-0.31672843148386987,0.41310905600591447,0.06993967273299515,0.030693406721851182,0.009680068237785772,0.04031971757221591,0.044842197697257724,0.4678794478302732,-0.21923182318408277,0.09430683584847077
20.84,7.425353474354016,-3.2767024445781447,1.4504326441766795,2.4862185134748045,-0.29972421816216716,1.904756680294885,-0.3166014871214713,0.4132897006214696,0.06977945774729405,0.03066853259860782,0.00967990507583326,0.04029408557376002,0.044796981723560204,0.46791386388381756,-0.2192598079845078,0.09431756781602532
20.85,7.4300326129928544,-3.27889504265799,1.4513758198548397,2.486605691306977,-0.3000465370684881,1.9044840615948102,-0.31647451750420763,0.413470123115598,0.06961929251150532,0.030643683486375486,0.00967973968959773,0.04026845746262059,0.04475181181000575,0.4679482429214996,-0.21928776809096354,0.0943282860064588
20.86,7.43471209542207,-3.2810879203388996,1.4523191027149043,2.4869926886616476,-0.30036859767949275,1.904211496808239,-0.3163475228624478,0.41365032366617244,0.06945917712290937,0.03061885934690513,0.009679572049583857,0.04024283326645469,0.044706687908429514,0.4679825849835032,-0.2193157035264289,0.09433899043234263
20.87,7.439391921271905,-3.283281077374164,1.4532624926192277,2.487379505624514,-0.300690400156443,1.9039389861218103,-0.31622050342609626,0.41383030245116526,0.06929911167858786,0.030594060142029027,0.009679402126483628,0.040217213012874245,0.04466160997072396,0.4680168901099678,-0.21934361431384877,0.0943496811062444
20.88,7.444072090173004,-3.2854745135173027,1.4542059894302901,2.4877661422809845,-0.3010119446605058,1.9036665297216055,-0.31609345942459327,0.4140100596486475,0.06913909627542347,0.030569285833660587,0.00967922989117559,0.040191596729445896,0.04461657794883929,0.4680511583409889,-0.21937150047613346,0.09436035804072704
20.89,7.448752601756414,-3.287668228522064,1.4551495930106975,2.4881525987161774,-0.3013332313527534,1.9033941277931505,-0.31596639108691593,0.4141895954367884,0.06897913101009975,0.0305445363837942,0.009679055314724114,0.040165984443690884,0.0445715917947821,0.46808538971661867,-0.21939936203615926,0.09437102124834926
20.900000000000002,7.45343345565358,-3.2898622221424256,1.4560933032231809,2.4885388750149233,-0.30165426039416415,1.9031217805214171,-0.3158392986415784,0.41436890999385445,0.06881921597910085,0.030519811754505053,0.009678878368378656,0.04014037618308493,0.04452665146061704,0.4681195842768647,-0.21942719901676846,0.09438167074166545
20.91,7.458114651496349,-3.292056494132593,1.4570371199305976,2.488924971261766,-0.3019750319456226,1.902849488090825,-0.3157121823166326,0.41454800349820875,0.06865935127871134,0.030495111907948978,0.00967869902357302,0.04011477197505811,0.04448175689846492,0.46815374206169097,-0.2194550114407694,0.09439230653322579
20.92,7.462796188916966,-3.2942510442470008,1.45798104299593,2.489310887540964,-0.30229554616792026,1.9025772506852434,-0.3155850423396689,0.4147268761283104,0.06849953700501607,0.030470436806362272,0.00967851725192462,0.04008917184699474,0.044436908060503905,0.468187863111018,-0.2194827993309364,0.09440292863557599
20.93,7.467478067548075,-3.29644587224031,1.4589250722822857,2.489696623936491,-0.3026158032217561,1.902305068487992,-0.3154578789378164,0.4149055280627135,0.06833977325389988,0.030445786412061526,0.009678333025233755,0.04006357582623326,0.044392104898968894,0.46822194746472195,-0.2195105627100102,0.09441353706125773
20.94,7.472160287022723,-3.29864097786741,1.4598692076528983,2.4900821805320383,-0.3029358032677368,1.9020329416818436,-0.31533069233774386,0.4150839594800669,0.06818006012104748,0.030421160687443466,0.00967814631548288,0.04003798394006611,0.04434734736615125,0.4682559951626358,-0.2195383016006978,0.0944241318228079
20.95,7.476842846974349,-3.300836360883417,1.4608134489711264,2.4904675574110153,-0.30325554646637737,1.901760870449025,-0.31520348276566,0.41526217055911285,0.06802039770194321,0.03039655959498478,0.00967795709483587,0.04001239621573962,0.044302635414399175,0.46829000624454864,-0.2195660160256725,0.09443471293275943
20.96,7.481525747036795,-3.3030320210436734,1.461757796100454,2.4908527546565504,-0.30357503297810173,1.901488854971219,-0.3150762504473143,0.4154401614786869,0.06786078609187089,0.030371983097241945,0.009677765335637304,0.0399868126804539,0.04425796899611758,0.46832398075020615,-0.21959370600757444,0.09444528040364092
20.97,7.4862089868442965,-3.305227958103749,1.4627022489044903,2.4912377723514934,-0.3038942629632429,1.9012168954295656,-0.31494899560799733,0.4156179324177168,0.06770122538591362,0.030347431156851075,0.009677571010411744,0.039961233361362716,0.04421334806376735,0.4683579187193102,-0.21962137156901015,0.09445583424797645
20.98,7.49089256603149,-3.3074241718194393,1.4636468072469702,2.4916226105784154,-0.3042132365820437,1.9009449920046644,-0.31482171847254153,0.41579548355522183,0.06754171567895359,0.030322903736527733,0.009677374091863008,0.039935658285573404,0.044168772569865976,0.4683918201915195,-0.21964901273255275,0.0944663744782857
20.990000000000002,7.495576484233405,-3.3096206619467647,1.464591470991753,2.492007269419611,-0.3045319539946571,1.900673144876575,-0.31469441926532177,0.4159728150703123,0.06738225706567189,0.03029840079906678,0.009677174552873457,0.03991008748014672,0.04412424246698721,0.46842568520644906,-0.2196766295207426,0.09447690110708412
21.0,7.500260741085469,-3.311817428241972,1.4655362400028238,2.492391748957099,-0.30485041536114676,1.9004013542248197,-0.3145670982102558,0.4161499271421886,0.06722284964054837,0.030273922307342202,0.009676972366503282,0.03988452097209676,0.0440797577077608,0.4684595138036706,-0.2197042219560867,0.09448741414688296
21.01,7.504945336223506,-3.314014470461533,1.4664811141442926,2.4927760492726234,-0.3051686208414874,1.9001296202283846,-0.3144397555308049,0.4163268199501406,0.0670634934978614,0.03024946822430694,0.009676767505989784,0.03985895878839083,0.04403531824487254,0.4684933060227123,-0.21973179006105906,0.09449791361018887
21.02,7.509630269283734,-3.3162117883621436,1.4674260932803944,2.493160170447655,-0.3054865705955652,1.8998579430657212,-0.31431239144997447,0.41650349367354683,0.06690418873168781,0.030225038512992727,0.009676559944746671,0.039833400955949394,0.043990924031064374,0.4685270619030594,-0.21975933385810087,0.09450839950950429
21.03,7.514315539902764,-3.3184093817007247,1.4683711772754895,2.4935441125633933,-0.30580426478317857,1.899586322914748,-0.31418500619031464,0.41667994849187395,0.06674493543590257,0.030200633136509926,0.009676349656363346,0.039807847501645885,0.04394657501913384,0.46856078148415364,-0.2197868533696204,0.09451887185732705
21.04,7.5190011477176055,-3.320607250234421,1.4693163659940627,2.493927875700766,-0.3061217035640381,1.8993147599528524,-0.3140575999739207,0.4168561845846759,0.06658573370417872,0.03017625205804735,0.009676136614604204,0.039782298452306665,0.04390227116193458,0.4685944648053936,-0.2198143486179933,0.09452933066615084
21.05,7.52368709236566,-3.322805393720601,1.4702616593007243,2.4943114599404312,-0.3064388870977675,1.8990432543568911,-0.3139301730224338,0.41703220213159314,0.06642658362998718,0.03015189524087211,0.009675920793407924,0.0397567538347109,0.043858012412375455,0.4686281119061345,-0.21984181962556268,0.09453977594846481
21.06,7.528373373484722,-3.3250038119168566,1.471207057060209,2.494694865362779,-0.3067558155439037,1.8987718063031935,-0.31380272555704153,0.41720800131235214,0.0662674853065966,0.030127562648329442,0.00967570216688677,0.03973121367559047,0.04381379872342145,0.46866172282568885,-0.21986926641463897,0.09455020771675383
21.07,7.533059990712978,-3.327202504581003,1.4721525591373765,2.4950780920479323,-0.30707248906189744,1.8985004159675618,-0.3136752577984784,0.41738358230676453,0.06610843882707315,0.030103254243842546,0.009675480709325893,0.03970567800162982,0.04376963004809267,0.4686952976033258,-0.21989668900750026,0.09456062598349832
21.080000000000002,7.537746943689012,-3.329401471471078,1.4730981653972115,2.4954611400757467,-0.3073889078111136,1.8982290835252729,-0.31354776996702644,0.4175589452947264,0.06594944428428043,0.03007896999091241,0.009675256395182635,0.03968014683946595,0.04372550633946455,0.4687288362782715,-0.2199240874263923,0.09457103076117426
21.09,7.542434232051795,-3.3316007123453417,1.4740438757048233,2.4958440095258143,-0.30770507195083185,1.89795780915108,-0.31342026228251585,0.4177340904562177,0.06579050177087924,0.030054709853117666,0.00967502919908583,0.03965462021568822,0.04368142755066831,0.4687623388897093,-0.21995146169352858,0.09458142206225324
21.1,7.547121855440692,-3.333800226962277,1.4749896899254458,2.4962267004774623,-0.3080209816402468,1.8976865930192148,-0.3132927349643255,0.4179090179713012,0.06563161137932749,0.030030473794114398,0.009674799095835115,0.039629098156838335,0.043637393634889894,0.46879580547677946,-0.21997881183109047,0.09459179989920254
21.11,7.55180981349546,-3.336000015080588,1.475935607924438,2.496609213009756,-0.30833663703846875,1.8974154353033879,-0.3131651882313836,0.41808372802012234,0.06547277320188002,0.030006261777635993,0.009674566060400243,0.03960358068941019,0.043593404545370536,0.4688292360785795,-0.2200061378612272,0.0946021642844847
21.12,7.556498105856246,-3.3382000764592004,1.4768816295672826,2.4969915472014983,-0.3086520383045237,1.8971443361767908,-0.3130376223021681,0.41825822078290803,0.06531398733058844,0.029982073767492977,0.009674330067920388,0.039578067839849795,0.043549460235406554,0.4688626307341639,-0.22003343980605614,0.09461251523055836
21.13,7.561186732163588,-3.340400410857261,1.4778277547195882,2.497373703131233,-0.3089671855973542,1.8968732958120977,-0.3129100373947073,0.4184324964399662,0.06515525385730096,0.02995790972757285,0.009674091093703466,0.0395525596345552,0.04350556065834914,0.4688959894825445,-0.22006071768766278,0.09462285274987721
21.14,7.565875692058413,-3.3426010180341375,1.478773983247087,2.497755680877243,-0.30928207907581945,1.8966023143814668,-0.3127824337265806,0.41860655517168505,0.06499657287366234,0.029933769621839915,0.00967384911322545,0.03952705609987638,0.04346170576760459,0.46892931236269064,-0.22008797152810092,0.09463317685489091
21.150000000000002,7.57056498518204,-3.3448018977494183,1.479720315015636,2.498137480517556,-0.30959671889869594,1.8963313920565414,-0.31265481151491886,0.41878039715853227,0.06483794447111364,0.02990965341433512,0.009673604102129685,0.039501557262115156,0.043417895516633456,0.46896259941352836,-0.22011520134939236,0.09464348755804419
21.16,7.575254611176176,-3.3470030497629124,1.4806667498912165,2.4985191021299396,-0.30991110522467774,1.8960605290084527,-0.3125271709764051,0.41895402258105446,0.06467936874089214,0.02988556106917589,0.009673356036226217,0.03947606314752508,0.04337412985895139,0.46899585067394167,-0.22014240717352734,0.09465378487177781
21.17,7.579944569682915,-3.349204473834648,1.4816132877399342,2.498900545791908,-0.3102252382123769,1.8957897254078193,-0.31239951232727503,0.41912743161987637,0.06452084577403118,0.02986149255055597,0.009673104891491108,0.039450573782311385,0.04333040874812864,0.4690290661827718,-0.22016958902246508,0.09466406880852778
21.18,7.584634860344743,-3.3514061697248723,1.4825599284280195,2.49928181158072,-0.310539118020324,1.8955189814247506,-0.3122718357833176,0.4193006244557002,0.06436237566136001,0.029837447822745253,0.009672850644065768,0.039425089192630866,0.04328673213778941,0.4690622459788171,-0.22019674691813262,0.09467433938072575
21.19,7.589325482804531,-3.3536081371940534,1.4835066718218268,2.4996628995733805,-0.31085274480696845,1.8952482972288471,-0.3121441415598755,0.4194736012693049,0.0642039584935037,0.02981342685008963,0.00967259327025628,0.0393996094045918,0.04324309998161317,0.46909539010083423,-0.22022388088242636,0.09468459660079886
21.2,7.594016436705539,-3.3558103760028777,1.4844535177878349,2.5000438098466433,-0.31116611873067884,1.8949776729892023,-0.31201642987184597,0.41964636224154545,0.06404559436088297,0.02978942959701081,0.00967233274653273,0.03937413444425388,0.04319951223333292,0.46912849858753636,-0.22025099093721104,0.09469484048116972
21.21,7.598707721691414,-3.35801288591225,1.4854004661926465,2.5004245424770097,-0.3114792399497434,1.8947071088744043,-0.3118887009336811,0.41981890755335227,0.06388728335371407,0.029765456028006173,0.009672069049528543,0.039348664337628105,0.04315596884673631,0.46916157147759513,-0.22027807710432032,0.0947050710342566
21.22,7.603399337406191,-3.360215666683293,1.4863475169029892,2.5008050975407317,-0.31179210862237056,1.894436605052537,-0.31176095495938855,0.41999123738573035,0.06372902556200866,0.029741506107648592,0.00967180215603981,0.03932319911067671,0.04311246977566496,0.4691946088096392,-0.220305139405557,0.09471528827247318
21.23,7.608091283494287,-3.3624187180773486,1.487294669785714,2.501185475113812,-0.31210472490668906,1.8941661616911816,-0.31163319216253205,0.4201633519197588,0.06357082107557367,0.029717579800586286,0.009671532043024633,0.039297738789313065,0.04306901497401461,0.4692276106222553,-0.22033217786269257,0.09472549220822864
21.240000000000002,7.612783559600509,-3.3646220398559756,1.4882419247077963,2.5015656752720052,-0.3124170889607485,1.8938957789574182,-0.311505412756232,0.4203352513365899,0.06341266998401121,0.029693677071542652,0.009671258687602456,0.03927228339940162,0.04302560439573493,0.46926057695398793,-0.22035919249746802,0.09473568285392774
21.25,7.617476165370049,-3.36682563178095,1.4891892815363355,2.50194569809082,-0.31272920094251977,1.8936254570178275,-0.31137761695316607,0.4205069358174485,0.0632545723767184,0.029669797885316096,0.009670982067053413,0.03924683296675782,0.0429822379948294,0.46929350784333895,-0.22038618333159313,0.09474586022197061
21.26,7.622169100448483,-3.369029493614266,1.4901367401385552,2.5023255436455187,-0.31304106100989537,1.8933551960384913,-0.31124980496556964,0.4206784055436315,0.06309652834288731,0.029645942206779886,0.009670702158817665,0.03922138751714801,0.04293891572535559,0.4693264033287685,-0.2204131503867474,0.09475602432475295
21.27,7.62686236448177,-3.371233625118134,1.4910843003818028,2.50270521201112,-0.3133526693206898,1.8930849961849954,-0.3111219770052366,0.4208496606965069,0.06293853797150478,0.02962211000088198,0.009670418940494752,0.03919594707628936,0.04289563754142432,0.46935926344869455,-0.22044009368457912,0.09476617517466575
21.28,7.631555957116257,-3.3734380260549797,1.4920319621335496,2.5030847032623984,-0.31366402603263993,1.8928148576224293,-0.3109941332835196,0.42102070145751325,0.06278060135135236,0.029598301232644862,0.009670132389842932,0.0391705116698498,0.04285240339720018,0.4693920882414926,-0.2204670132467067,0.09477631278409551
21.29,7.636249877998672,-3.375642696187447,1.4929797252613906,2.503464017473886,-0.3139751313034055,1.8925447805153894,-0.31086627401133093,0.4211915280081589,0.06262271857100617,0.029574515867165394,0.009669842484778538,0.03914508132344793,0.04280921324690144,0.4694248777454966,-0.22049390909471767,0.09478643716542452
21.3,7.6409441267761276,-3.377847635278394,1.4939275896330448,2.503843154719874,-0.31428598529056934,1.8922747650279792,-0.31073839939914283,0.4213621405300214,0.06246488971883679,0.02955075386961464,0.009669549203375327,0.03911965606265297,0.04276606704479963,0.46945763199899815,-0.22052078125016933,0.09479654833103017
21.31,7.645638703096117,-3.380052843090896,1.494875555116355,2.504222115074414,-0.31459658815163777,1.8920048113238113,-0.3106105096569882,0.4215325392047468,0.062307114883009176,0.02952701520523772,0.00966925252386383,0.03909423591298464,0.042722964745219714,0.46949035104024733,-0.22054762973458852,0.09480664629328546
21.32,7.6503336066065195,-3.382258319388242,1.495823621579288,2.504600898611317,-0.31490694004404113,1.8917349195660085,-0.3104826049944613,0.42170272421404886,0.06214939415148253,0.02950329983935364,0.009668952424630717,0.03906882089991313,0.0426799063025397,0.4695230349074517,-0.2205744545694723,0.09481673106455879
21.330000000000002,7.655028836955594,-3.3844640639339367,1.4967717888899335,2.5049795054041573,-0.315217041125134,1.8914650899172054,-0.31035468562071783,0.4218726957397084,0.0619917276120102,0.029479607737355133,0.009668648884218149,0.039043411048859014,0.04263689167119118,0.4695556836387776,-0.22060125577628723,0.09482680265721383
21.34,7.659724393791982,-3.3866700764916997,1.4977200569165057,2.5053579355262725,-0.3155268915521956,1.8911953225395497,-0.31022675174447606,0.4220424539635728,0.061834115352139604,0.029455938864708507,0.009668341881323133,0.039018006385193184,0.04259392080565839,0.4695882972723493,-0.22062803337646997,0.09483686108360988
21.35,7.664420276764705,-3.3888763568254645,1.4986684255273417,2.5057361890507632,-0.31583649148243015,1.8909256175947038,-0.31009880357401703,0.4222119990675551,0.061676557459212085,0.029432293186953472,0.009668031394796897,0.038992606934236756,0.042550993660478965,0.46962087584624934,-0.22065478739142744,0.09484690635610177
21.36,7.669116485523167,-3.391082904699379,1.4996168945909027,2.5061142660504965,-0.31614584107296734,1.890655975243846,-0.3099708413171853,0.42238133123363325,0.06151905402036286,0.029408670669702992,0.009667717403644244,0.03896721272126103,0.042508110190243004,0.4696534193985184,-0.22068151784253626,0.09485693848703931
21.37,7.673813019717152,-3.3932897198778043,1.500565463975773,2.5064921665981044,-0.3164549404808625,1.8903863956476723,-0.30984286518138937,0.4225504506438498,0.0613616051225209,0.029385071278643125,0.009667399887022924,0.03894182377148742,0.04246527034959374,0.46968592796715575,-0.2207082247511437,0.09486695748876822
21.38,7.678509878996824,-3.3954968021253156,1.5015141335506608,2.5068698907659877,-0.3167637898630971,1.890116878966397,-0.3097148753736024,0.42271935748031075,0.06120421085240886,0.029361494979532853,0.009667078824243,0.03891644011008736,0.04242247409322728,0.4697184015901189,-0.2207349081385672,0.09487696337362918
21.39,7.683207063012725,-3.3977041512067014,1.502462903184397,2.507247438626315,-0.31707238937657917,1.8898474253597546,-0.3095868721003627,0.4228880519251854,0.061046871296542946,0.02933794173820394,0.009666754194766218,0.038891061762182266,0.0423797213758921,0.46975084030532405,-0.2207615680260946,0.09488695615395847
21.400000000000002,7.687904571415778,-3.3999117668869623,1.5034117727459366,2.507624810251024,-0.3173807391781434,1.8895780349870013,-0.309458855567774,0.42305653416070516,0.060889586541232874,0.029314411520560753,0.009666425978205384,0.03886568875284346,0.0423370121523892,0.46978324415064543,-0.2207882044349841,0.09489693584208776
21.41,7.692602403857284,-3.402119648931312,1.5043607421043574,2.5080020057118237,-0.31768883942455184,1.8893087080069162,-0.30933082598150674,0.4232248043691632,0.06073235667258176,0.029290904292580126,0.009666094154323734,0.0388403211070921,0.04229434637757235,0.4698156131639162,-0.22081481738646463,0.09490690245034406
21.42,7.697300559988924,-3.404327797105177,1.505309811128861,2.508379025080194,-0.3179966902724939,1.8890394445778027,-0.30920278354679787,0.42339286273291366,0.06057518177648604,0.029267420020311186,0.009665758703034313,0.03881495884989914,0.04225172400634763,0.46984794738292773,-0.2208414069017358,0.09491685599104985
21.43,7.701999039462753,-3.406536211174194,1.5062589796887715,2.508755868427388,-0.3183042918785869,1.8887702448574897,-0.30907472846845185,0.42356070943437096,0.06041806193863539,0.029243958669875204,0.009665419604399353,0.038789602006185246,0.04220914499367306,0.4698802468454303,-0.22086797300196773,0.09492679647652275
21.44,7.7066978419312075,-3.408744890904214,1.5072082476535367,2.5091325358244325,-0.3186116443993764,1.888501109003333,-0.308946660950841,0.4237283446560092,0.06026099724451263,0.02922052020746543,0.009665076838629657,0.038764250600820734,0.042166609294559405,0.46991251158913283,-0.22089451570830154,0.09493672391907582
21.45,7.711396967047099,-3.4109538360612968,1.5081576148927274,2.509509027342128,-0.31891874799133657,1.888232037172217,-0.3088185811979063,0.4238957685803615,0.06010398777939368,0.029197104599346945,0.009664730386083979,0.03873890465862553,0.04212411686406949,0.46994474165170264,-0.22092103504184937,0.09494663833101757
21.46,7.716096414463616,-3.4131630464117153,1.5091070812760377,2.509885343051052,-0.3192256028108704,1.8879630295205556,-0.3086904894131576,0.42406298139001913,0.059947033628347454,0.029173711811856493,0.009664380227268407,0.038713564204369076,0.04208166765731796,0.4699769370707664,-0.22094753102369402,0.09495653972465176
21.47,7.720796183834324,-3.4153725217219524,1.510056646673284,2.510261483021558,-0.3195322090143102,1.8876940862042941,-0.30856238579967454,0.4242299832676311,0.0597901348762358,0.029150341811402327,0.009664026342835757,0.03868822926277032,0.04203926162947153,0.4700090978839087,-0.22097400367488965,0.09496642811227757
21.48,7.725496274813163,-3.4175822617587013,1.511006310954407,2.510637447323778,-0.3198385667579177,1.88742520737891,-0.30843427056010686,0.4243967743959034,0.059633291607713426,0.029126994564464066,0.009663668713584957,0.03866289985849762,0.041996898735748925,0.47004122412867394,-0.22100045301646104,0.09497630350618927
21.490000000000002,7.73019668705445,-3.419792266288866,1.5119560739894689,2.511013236027622,-0.3201446761978848,1.8871563931994142,-0.30830614389667516,0.4245633549575983,0.05947650390722782,0.029103670037592514,0.009663307320460437,0.038637576016168705,0.04195457893142063,0.47007331584256484,-0.2210268790694049,0.09498616591867663
21.5,7.734897420212875,-3.4220025350795598,1.5129059356486556,2.5113888492027803,-0.32045053749033336,1.886887643820353,-0.3081780060111712,0.4247297251355336,0.05931977185901921,0.029080368197409525,0.009662942144551528,0.03861225776035061,0.04191230217180881,0.47010537306304306,-0.22105328185468884,0.09499601536202475
21.51,7.739598473943506,-3.4242130678981066,1.5138558958022759,2.5117642869187238,-0.32075615079131603,1.8866189593958091,-0.30804985710495864,0.42489588511258214,0.05916309554712047,0.02905708901060784,0.00966257316709185,0.038586945115559636,0.04187006841228728,0.4701373958275294,-0.2210796613932519,0.09500585184851408
21.52,7.744299847901781,-3.426423864512039,1.514805954320761,2.5121395492447056,-0.3210615162568162,1.8863503400794028,-0.3079216973789737,0.4250618350716711,0.05900647505535707,0.02903383244395092,0.009662200369458715,0.03856163810626128,0.04182787760828143,0.4701693841734036,-0.22110601770600458,0.09501567539042004
21.53,7.749001541743515,-3.4286349246890993,1.5157561110746653,2.5125146362497617,-0.3213666340427487,1.8860817860242933,-0.3077935270337254,0.4252275751957813,0.058849910467347,0.029010598464272813,0.009661823733172524,0.03853633675687019,0.04178572971526807,0.4702013381380046,-0.22113235081382904,0.09502548600001363
21.54,7.753703555124895,-3.4308462481972377,1.5167063659346656,2.5128895480027116,-0.3216715043049596,1.8858132973831805,-0.30766534626929654,0.4253931056679464,0.058693401866500745,0.02898738703847798,0.00966144323989617,0.03851104109175011,0.041743624688775675,0.47023325775863034,-0.22115866073757892,0.09503528368956106
21.55,7.758405887702481,-3.4330578348046137,1.5176567187715613,2.51326428457216,-0.3219761271992271,1.8855448743083056,-0.3075371552853437,0.42555842667125254,0.05853694933602118,0.02896419813354115,0.009661058871434435,0.038485751135213846,0.041701562484383524,0.47026514307253786,-0.22118494749807951,0.09504506847132393
21.56,7.763108539133206,-3.4352696842795947,1.5186071694562746,2.513638846026497,-0.3222805028812614,1.885276516951453,-0.3074089542810984,0.42572353838883736,0.058380552958903556,0.028941031716507158,0.009660670609733404,0.03846046691152319,0.04165954305772281,0.4702969941169436,-0.22121121111612824,0.0950548403575588
21.57,7.767811509074376,-3.437481796390756,1.5195577178598503,2.5140132324339004,-0.3225846315067054,1.885008225463951,-0.3072807434553672,0.4258884410038896,0.05822421281793542,0.028917887754490793,0.009660278436879867,0.038435188444888885,0.04161756636447513,0.47032881092902296,-0.22123745161249392,0.09506459936051782
21.580000000000002,7.772514797183666,-3.439694170906881,1.5205083638534556,2.5143874438623355,-0.32288851323113466,1.884739999996674,-0.30715252300653256,0.4260531346996484,0.05806792899569657,0.028894766214676643,0.009659882335100727,0.03840991575947058,0.04157563236037393,0.4703605935459111,-0.2212636690079176,0.0950743454924481
21.59,7.777218403119125,-3.44190680759696,1.52145910730838,2.514761480379556,-0.3231921482100579,1.8844718407000427,-0.3070242931325532,0.42621761965940236,0.05791170157455902,0.02887166706431895,0.009659482286762413,0.03838464887937678,0.04153374100120294,0.47039234200470215,-0.22128986332311235,0.09508407876559204
21.6,7.781922326539172,-3.444119706230191,1.522409948096036,2.515135342053106,-0.3234955365989172,1.884203747724026,-0.3068960540309647,0.4263818960664893,0.057755530636686925,0.02884859027074144,0.009659078274370295,0.0383593878286648,0.04149189224279711,0.4704240563424496,-0.22131603457876314,0.0950937991921875
21.61,7.786626567102597,-3.4463328665759785,1.523360886087958,2.5155090289503206,-0.32379867855308864,1.8839357212181425,-0.30676780589888014,0.42654596410429535,0.05759941626403656,0.02882553580133718,0.009658670280568098,0.03833413263134071,0.04145008604104234,0.4704557365961666,-0.22134218279552748,0.09510350678446743
21.62,7.791331124468559,-3.448546288403934,1.5243119211558027,2.515882541138326,-0.32410157422788205,1.883667761331461,-0.30663954893299056,0.4267098239562544,0.057443358538356255,0.028802503623568423,0.009658258288137314,0.0383088833113593,0.041408322351874985,0.47048738280282554,-0.22136830799403467,0.09511320155465978
21.63,7.7960359982965866,-3.4507599714838744,1.5252630531713494,2.5162558786840417,-0.3244042237785418,1.8833998682126027,-0.30651128332956556,0.42687347580584734,0.05728735754118638,0.028779493704966453,0.009657842279996628,0.03828363989262404,0.041366601131282425,0.4705189949993587,-0.22139441019488665,0.09512288351498817
21.64,7.8007411882465805,-3.4529739155858232,1.5262142820064992,2.5166290416541806,-0.3247066273602468,1.883132042009742,-0.3063830092844539,0.4270369198366015,0.05713141335385927,0.02875650601313143,0.009657422239201338,0.03825840239898703,0.04132492233530223,0.4705505732226576,-0.22142048941865763,0.09513255267767091
21.650000000000002,7.805446693978807,-3.4551881204800097,1.527165607533276,2.5170020301152505,-0.325008785128111,1.8828642828706073,-0.3062547269930839,0.42720015623209,0.05697552605749922,0.028733540515732247,0.00965699814894277,0.03823317085424896,0.04128328592002274,0.4705821175095733,-0.22144654568589456,0.09514220905492192
21.66,7.810152515153902,-3.4574025859368684,1.5281170296238253,2.5173748441335553,-0.3253106972371835,1.8825965909424829,-0.30612643665046424,0.4273631851759311,0.05681969573302243,0.028710597180506364,0.009656569992547711,0.038207945282159074,0.041241691841582565,0.47061362789691674,-0.2214725790171165,0.09515185265894997
21.67,7.814858651432871,-3.4596173117270395,1.529068548150415,2.517747483775195,-0.325612363842449,1.8823289663722105,-0.3059981384511842,0.42752600685178743,0.056663922461136974,0.028687675975259664,0.009656137753477834,0.038182725706415115,0.041200140056170856,0.4706451044214587,-0.22149858943281553,0.09516148350195927
21.68,7.819565102477086,-3.461832297621368,1.5300201629854344,2.518119949106067,-0.32591378509882807,1.8820614093061896,-0.30586983258941447,0.42768862144336556,0.05650820632234277,0.0286647768678663,0.009655701415329124,0.038157512150663306,0.041158630520026745,0.47067654711992934,-0.22152457695345634,0.09517110159614914
21.69,7.824271867948285,-3.4640475433909024,1.530971874001396,2.5184922401918683,-0.3262149611611773,1.8817939198903793,-0.30574151925890763,0.42785102913441514,0.05635254739693154,0.028641899826268535,0.009655260961831311,0.038132304638498295,0.04111716318943978,0.4707079560290187,-0.2215505415994762,0.09518070695371382
21.7,7.828978947508576,-3.4662630488068973,1.5319236810709331,2.5188643570980944,-0.32651589218428984,1.8815264982702993,-0.3056131986529987,0.42801323010872844,0.056196945764986794,0.02861904481847661,0.0096548163768473,0.03810710319346312,0.041075738020749486,0.47073933118537675,-0.2215764833912855,0.09519029958684296
21.71,7.83368634082043,-3.46847881364081,1.5328755840668016,2.5192362998900415,-0.32681657832289535,1.8812591445910316,-0.30548487096460564,0.42817522455013957,0.0560414015063838,0.028596211812568568,0.009654367644372608,0.03808190783904918,0.041034354970345674,0.47077067262561356,-0.2216024023492675,0.09519987950772141
21.72,7.838394047546686,-3.4706948376643028,1.5338275828618788,2.5196080686328073,-0.3271170197316606,1.880991858997221,-0.30535653638623,0.42833701264252394,0.05588591470078956,0.028573400776690124,0.009653914748534796,0.038056718598696214,0.04099301399466773,0.4708019803862985,-0.2216282984937786,0.09520944672852896
21.73,7.843102067350549,-3.4729111206492407,1.5347796773291642,2.519979663391292,-0.3274172165651896,1.8807246416330767,-0.3052281951099574,0.42849859456979755,0.05573048542766277,0.0285506116790545,0.009653457673592913,0.03803153549579221,0.04095171505020496,0.47083325450396163,-0.22165417184514796,0.0952190012614405
21.740000000000002,7.847810399895589,-3.4751276623676923,1.5357318673417786,2.5203510842301986,-0.3277171689780238,1.8804574926423738,-0.3050998473274581,0.4286599705159163,0.05557511376625383,0.02852784448794228,0.009652996403936931,0.03800635855367343,0.040910458093496714,0.47086449501509237,-0.22168002242367832,0.09522854311862639
21.75,7.85251904484574,-3.477344462591929,1.5366841527729649,2.520722331214035,-0.3280168771246426,1.880190412168454,-0.3049714932299875,0.4288211406648756,0.05541979979560479,0.02850509917170126,0.00965253092408719,0.03798118779562435,0.040869243081131795,0.4708957019561406,-0.2217058502496452,0.09523807231225165
21.76,7.857228001865301,-3.4795615210944257,1.5376365334960873,2.5210934044071136,-0.3283163411594635,1.8799234003542276,-0.30484313300838684,0.42898210520070934,0.05526454359454936,0.028482375698746294,0.009652061218693837,0.03795602324487763,0.04082806996974895,0.47092687536351646,-0.22173165534329772,0.09524758885447672
21.77,7.861937270618936,-3.481778837647859,1.5385890093846322,2.5214643038735534,-0.32861556123684227,1.8796564573421732,-0.3047147668530836,0.4291428643074896,0.055109345241712876,0.028459674037559148,0.009651587272536278,0.03793086492461409,0.04078693871603596,0.4709580152735895,-0.22175743772485834,0.095257092757457
21.78,7.866646850771672,-3.4839964120251077,1.5395415803122068,2.52183502967728,-0.3289145375110733,1.8793895832743406,-0.3045863949540921,0.4293034181693259,0.054954204815512296,0.02843699415668835,0.00965110907052262,0.037905712857962647,0.04074584927673065,0.47098912172269025,-0.2217831974145232,0.09526658403334294
21.79,7.871356741988899,-3.4862142439992527,1.5404942461525402,2.522205581882027,-0.32921327013639,1.879122778292351,-0.30445801750101414,0.4294637669703644,0.054799122394156186,0.028414336024749038,0.009650626597689125,0.037880567068000345,0.040704801608619987,0.47102019474710904,-0.2218089344324616,0.09527606269428036
21.8,7.876066943936371,-3.488432333343577,1.541447006779483,2.5225759605513374,-0.32951175926696485,1.8788560425373988,-0.30432963468303936,0.4296239108947877,0.054644098055644706,0.028391699610422812,0.009650139839199653,0.03785542757775227,0.04066379566854005,0.4710512343830967,-0.22183464879881637,0.09528552875240962
21.81,7.880777456280201,-3.4906506798315653,1.5423998620670072,2.522946165748563,-0.3298100050569099,1.878589376150252,-0.30420124668894594,0.4297838501268136,0.05448913187776961,0.028369084882457585,0.009649648780345126,0.03783029441019153,0.04062283141337658,0.47108224066686405,-0.22186034053370457,0.09529498221986667
21.82,7.88548827868687,-3.492869283236902,1.543352811889206,2.523316197536867,-0.3301080076602767,1.878322779271254,-0.30407285370710113,0.429943584850695,0.05433422393811422,0.02834649180966744,0.009649153406542975,0.03780516758823926,0.04058190880006419,0.47111321363458264,-0.22188600965721653,0.09530442310878215
21.830000000000002,7.890199410823215,-3.4950881433334744,1.5443058561202938,2.5236860559792245,-0.33040576723105697,1.878056252040325,-0.30394445592546177,0.4301031152507191,0.05417937431405344,0.028323920360932463,0.0096486537033366,0.037780047134764565,0.04054102778558664,0.4711441533223843,-0.22191165618941644,0.09531385143128202
21.84,7.894910852356439,-3.4973072598953685,1.5452589946346067,2.524055741138422,-0.33070328392318254,1.8777897945969624,-0.3038160535315748,0.4302624415112066,0.05402458308275374,0.028301370505198622,0.009648149656394827,0.037754933072584505,0.040500188326976855,0.4711750597663612,-0.22193728015034264,0.095323267199487
21.85,7.899622602954103,-3.499526632696872,1.5462122273066015,2.52442525307706,-0.3310005578905258,1.8775234070802422,-0.303687646712578,0.43042156381651125,0.053869850321173175,0.02827884221147759,0.009647641251511367,0.037729825424464056,0.04045939038131648,0.4712059330025662,-0.22196288156000732,0.09533267042551301
21.86,7.904334662284128,-3.5017462615124724,1.5471655540108566,2.5247945918575536,-0.33129758928689973,1.8772570896288212,-0.30355923565520015,0.4305804823510193,0.05371517610606135,0.028256335448846624,0.009647128474604283,0.0377047242131161,0.040418633905736114,0.4712367730670125,-0.22198846043839657,0.09534206112147117
21.87,7.909047030014799,-3.5039661461168565,1.5481189746220714,2.525163757542132,-0.3315943782660585,1.8769908423809365,-0.3034308205457621,0.4307391972991486,0.05356056051395946,0.028233850186448396,0.009646611311715445,0.0376796294612014,0.040377918857415145,0.47126757999567404,-0.2220140168054708,0.09535143929946725
21.88,7.913759705814756,-3.5061862862849114,1.549072489015066,2.525532750192842,-0.3318909249816973,1.8767246654744076,-0.3033024015701768,0.4308977088453483,0.053406003621200265,0.02821138639349086,0.009646089749010009,0.03765454119132857,0.04033724519358164,0.4712983538244851,-0.22203955068116457,0.09536080497160229
21.89,7.918472689353001,-3.508406681791723,1.5500260970647821,2.5259015698715466,-0.332187229587453,1.876458559046638,-0.3031739789139502,0.4310560171740979,0.05325150550390811,0.028188944039247092,0.00964556377277587,0.03762945942605404,0.04029661287151227,0.471329094589341,-0.22206506208538643,0.09537015814997221
21.900000000000002,7.923185980298895,-3.510627332412577,1.5509797986462819,2.5262702166399262,-0.3324832922369041,1.8761925232346153,-0.3030455527621817,0.43121412246990704,0.053097066237998924,0.02816652309305516,0.009645033369423146,0.037604384187882076,0.04025602184853252,0.47135980232609775,-0.22209055103801958,0.09537949884666794
21.91,7.9278995783221555,-3.5128482379229573,1.5519335936347485,2.526638690559481,-0.3327791130835711,1.8759265581749127,-0.30291712329956466,0.4313720249173144,0.052942685899180233,0.02814412352431796,0.009644498525483634,0.03757931549926471,0.04021547208201586,0.4713904770705718,-0.22211601755892152,0.09538882707377536
21.92,7.932613483092862,-3.5150693980985466,1.5528874819054863,2.5270069916915294,-0.3330746922809168,1.875660664003691,-0.302788690710387,0.43152972470088746,0.052788364562951176,0.02812174530250308,0.009643959227610292,0.037554253382601745,0.04017496352938453,0.4714211188585406,-0.22214146166792412,0.0953981428433754
21.93,7.937327694281447,-3.517290812715226,1.5538414633339201,2.527375120097212,-0.3333700299823464,1.8753948408566985,-0.3026602551785316,0.43168722200522164,0.052634102304602505,0.028099388397142655,0.009643415462576717,0.03752919786024074,0.040134496148109086,0.47145172772574245,-0.22216688338483384,0.09540744616754405
21.94,7.942042211558705,-3.519512481549074,1.5547955377955955,2.5277430758374897,-0.33366512634120776,1.8751290888692729,-0.30253181688747716,0.43184451701493987,0.052479899199216605,0.02807705277783321,0.009642867217276611,0.03750414895447697,0.040094069895708365,0.4714823037078765,-0.22219228272943167,0.09541673705835184
21.95,7.946757034595783,-3.5217344043763683,1.555749705166179,2.528110858973146,-0.3339599815107918,1.874863408176342,-0.3024033760202983,0.4320016099146919,0.052325755321667514,0.028054738414235524,0.009642314478723268,0.037479106687553436,0.040053684729749094,0.47151284684060285,-0.22221765972147337,0.09542601552786474
21.96,7.951472163064189,-3.523956580973583,1.5567039653214576,2.5284784695647873,-0.3342545956443326,1.8745977989124252,-0.3022749327596666,0.43215850088915364,0.052171670746620935,0.028032445276074482,0.009641757234049052,0.03745407108166082,0.04001334060784618,0.47154335715954243,-0.2222430143806895,0.09543528158814331
21.97,7.956187596635784,-3.52617901111739,1.5576583181373391,2.5288459076728445,-0.33454896889500757,1.8743322612116344,-0.3021464872878507,0.43231519012302666,0.05201764554853425,0.028010173333138932,0.009641195470504873,0.037429042158937484,0.03997303748766298,0.4715738347002775,-0.22226834672678522,0.0954445352512432
21.98,7.960903334982787,-3.528401694584658,1.5586127634898514,2.5292131733575727,-0.33484310141593787,1.8740667952076755,-0.30201803978671715,0.4324716778010374,0.05186367980165654,0.027987922555281534,0.009640629175459678,0.03740401994146944,0.03993277532691037,0.4716042794983512,-0.22229365677944074,0.0954537765292152
21.990000000000002,7.965619377777771,-3.5306246311524525,1.5595673012551436,2.529580266679053,-0.3351369933601885,1.8738014010338488,-0.30188959043773084,0.4326279641079367,0.05170977358002864,0.027965692912418624,0.009640058336399934,0.03737900445129037,0.039892554083347284,0.4716346915892676,-0.22231894455831117,0.09546300543410456
22.0,7.970335724693664,-3.5328478205980356,1.5605219313094847,2.529947187697193,-0.3354306448807685,1.8735360788230508,-0.30176113942195554,0.4327840492284992,0.051555926957483095,0.027943484374530057,0.009639482940929115,0.037353995710381546,0.03985237371478016,0.47166507100849214,-0.2223442100830266,0.0954722219779518
22.01,7.975052375403749,-3.535071262698866,1.5614766535292641,2.530313936471728,-0.33572405613063144,1.873270828707775,-0.3016326869200544,0.43293993334752273,0.051402140007644266,0.027921296911659076,0.00963890297676719,0.03732899374067189,0.03981223417906389,0.47169541779145135,-0.22236945337319214,0.09548142617279201
22.02,7.979769329581663,-3.537294957232598,1.562431467790992,2.530680513062222,-0.33601722726267524,1.873005650820113,-0.3015042331122907,0.43309561664982754,0.05124841280392829,0.027899130493912162,0.00963831843175011,0.03730399856403792,0.03977213543410021,0.47172573197353307,-0.22239467444838837,0.09549061803065553
22.03,7.984486586901399,-3.539518903977082,1.5633863739712985,2.5310469175280668,-0.33631015842974277,1.8727405452917554,-0.30137577817852806,0.4332510993202559,0.05109474541954316,0.02787698509145889,0.009637729293829311,0.03727901020230372,0.03973207743783878,0.4717560135900864,-0.22241987332817056,0.09549979756356725
22.04,7.9892041470373,-3.5417431027103636,1.5643413719469341,2.5314131499284853,-0.3366028497846218,1.8724755122539936,-0.30124732229823126,0.4334063815436714,0.05094113792748871,0.02785486067453178,0.009637135551071197,0.03725402867724098,0.03969206014827703,0.4717862626764216,-0.2224450500320697,0.0955089647835472
22.05,7.993922009664064,-3.5439675532106842,1.5652964615947695,2.5317792103225307,-0.3368953014800453,1.8722105518377201,-0.3011188656504667,0.4335614635049584,0.050787590400556665,0.027832757213426165,0.00963653719165664,0.03722905401056894,0.03965208352345939,0.4718164792678104,-0.22247020457959205,0.09551811970261016
22.06,7.9986401744567415,-3.54619225525648,1.5662516427917956,2.532145098769088,-0.3371875136686919,1.8719456641734302,-0.3009904084139029,0.4337163453890213,0.0506341029113307,0.027810674678500045,0.009635934203880479,0.0372040862239544,0.039612147521478014,0.47184666339948594,-0.22249533699021917,0.09552726233276589
22.07,8.003358641090736,-3.548417208626382,1.5672069154151234,2.5325108153268747,-0.33747948650318554,1.8716808493912227,-0.3008619507668111,0.4338710273807842,0.050480675532186436,0.027788613040173934,0.009635326576151015,0.037179125339011715,0.0395722521004721,0.471876815106643,-0.22252044728340814,0.09553639268601861
22.080000000000002,8.008077409241803,-3.550642413099216,1.5681622793419836,2.5328763600544417,-0.33777122013609634,1.8714161076208011,-0.3007334928870658,0.43402550966519,0.050327308335291504,0.02776657226893073,0.009634714296989517,0.037154171377302765,0.039532397218628106,0.4719069344244375,-0.2225455354785917,0.09554551077436796
22.09,8.012796478586047,-3.552867868454002,1.5691177344497274,2.533241733010174,-0.3380627147199404,1.8711514389914747,-0.3006050349521452,0.4341797924271999,0.05017400139260556,0.02774455233531557,0.00963409735502972,0.037129224360336964,0.039492582834179786,0.4719370213879868,-0.22257060159517802,0.09555461660980791
22.1,8.017515848799928,-3.5550935744699537,1.5700732806158255,2.533606934252292,-0.3383539704071801,1.8708868436321597,-0.30047657713913184,0.43433387585179295,0.050020754775880354,0.027722553209935677,0.009633475739017332,0.03710428430957124,0.039452808905407775,0.4719670760323704,-0.222595645652551,0.09556371020432734
22.11,8.022235519560251,-3.5573195309264793,1.571028917717869,2.533971963838851,-0.3386449873502244,1.8706223216713802,-0.3003481196247132,0.43448776012396534,0.04986756855665974,0.027700574863460233,0.009632849437809541,0.037079351246410035,0.03941307539064009,0.47199709839262904,-0.22262066767007052,0.09557279156991036
22.12,8.026955490544177,-3.5595457376031803,1.571984645633568,2.534336821827744,-0.33893576570142886,1.8703578732372692,-0.30021966258518207,0.43464144542872973,0.04971444280627975,0.02767861726662023,0.009632218440374516,0.0370544251922053,0.03937338224825105,0.4720270885037649,-0.222645667667072,0.09558186071853537
22.13,8.031675761429215,-3.561772194279851,1.5729404642407534,2.5347015082767,-0.339226305613096,1.87009349845757,-0.3000912061964372,0.43479493195111485,0.0495613775958686,0.027656680390208327,0.009631582735790923,0.03702950616825649,0.03933372943666238,0.47205704640074225,-0.22267064566286682,0.09559091766217585
22.14,8.036396331893222,-3.5639989007364794,1.5738963734173752,2.5350660232432882,-0.33951660723747557,1.8698291974596366,-0.29996275063398387,0.43494821987616467,0.04940837299634678,0.027634764205078717,0.009630942313247435,0.03700459419581055,0.039294116914342384,0.4720869721184871,-0.2226956016767423,0.0955999624127998
22.150000000000002,8.041117201614407,-3.5662258567532468,1.5748523730415032,2.535430366784915,-0.3398066707267645,1.8695649703704358,-0.29983429607293427,0.43510130938893804,0.04925542907842708,0.027612868682146973,0.009630297162042244,0.036979689296061914,0.03925454463980615,0.4721168656918867,-0.22272053572796188,0.09560899498237052
22.16,8.045838370271326,-3.5684530621105264,1.575808462991327,2.535794538958829,-0.34009649623310734,1.869300817316547,-0.2997058426880083,0.435254200674508,0.04910254591261462,0.027590993792389922,0.009629647271582574,0.03695479149015251,0.03921501257161527,0.47214672715579104,-0.22274544783576491,0.09561801538284553
22.17,8.050559837542885,-3.570680516588884,1.5767646431451554,2.5361585398221163,-0.3403860839085963,1.8690367384241646,-0.2995773906535339,0.43540689391796106,0.04894972356920694,0.027569139506845492,0.009628992631384198,0.036929900799171744,0.039175520668377976,0.4721765565450109,-0.222770338019367,0.09562702362617746
22.18,8.055281603108334,-3.5729082199690776,1.5777209133814172,2.536522369431707,-0.3406754339052716,1.8687727338190978,-0.2994489401434476,0.4355593893043969,0.04879696211829402,0.02754730579661258,0.009628333231070955,0.0369050172441565,0.039136068888749265,0.47220635389431986,-0.22279520629795987,0.09563601972431357
22.19,8.060003666647278,-3.575136172032057,1.5786772735786603,2.5368860278443734,-0.3409645463751215,1.8685088036267725,-0.29932049133129507,0.4357116870189276,0.04864426162975836,0.02752549263285091,0.009627669060374272,0.03688014084609114,0.03909665719143025,0.47223611923845304,-0.22282005269071142,0.09564500368919587
22.2,8.064726027839662,-3.5773643725589643,1.5796337236155522,2.5372495151167302,-0.34125342147008264,1.8682449479722316,-0.2991920443902319,0.435863787246677,0.048491622173275004,0.02750369998678089,0.00962700010913268,0.03685527162590751,0.03905728553516853,0.4722658526121078,-0.22284487721676613,0.09565397553276091
22.21,8.069448686365783,-3.579592821331132,1.5805902633708797,2.537612831305236,-0.34154205934204007,1.867981166980137,-0.2990635994930237,0.4360156901727803,0.04833904381831163,0.027481927829683474,0.009626326367291342,0.036830409604484915,0.03901795387875781,0.47229555404994306,-0.2228696798952446,0.09566293526694031
22.22,8.074171641906283,-3.5818215181300843,1.5815468927235492,2.537975976466194,-0.3418304601428276,1.8677174607747693,-0.298935156812047,0.4361673959823833,0.04818652663412859,0.02746017613290003,0.009625647824901575,0.03680555480265015,0.03897866218103836,0.47232522358658013,-0.22289446074524424,0.09567188290366037
22.23,8.078894894142149,-3.5840504627375367,1.582503611552586,2.538338950655753,-0.34211862402422794,1.8674538294800307,-0.2988067165192897,0.436318904860642,0.04803407068977896,0.02743844486783219,0.009624964472120374,0.036780707241177484,0.03893941040089641,0.47235486125660264,-0.22291921978583865,0.0956808184548421
22.240000000000002,8.083618442754714,-3.586279654935395,1.5834604197371343,2.5387017539299093,-0.3424065511379728,1.8671902732194439,-0.29867827878635145,0.43647021699272187,0.04788167605410863,0.027416734005941718,0.00962427629920994,0.03675586694078866,0.03890019849726412,0.47238446709455606,-0.22294395703607814,0.09568974193240075
22.25,8.08834228742566,-3.588509094505756,1.5844173171564582,2.539064386344504,-0.34269424163574325,1.8669267921161548,-0.2985498437844443,0.43662133256379726,0.047729342795756344,0.027395043518750366,0.009623583296537215,0.0367310339221529,0.03886102642911994,0.47241404113494795,-0.2229686725149896,0.09569865334824694
22.26,8.093066427837009,-3.5907387812309057,1.5853743036899406,2.5394268479552284,-0.3429816956691697,1.8666633862929327,-0.2984214116843934,0.436772251759051,0.04757707098315376,0.02737337337783975,0.009622885454573403,0.0367062082058869,0.038821894155488305,0.4724435834122486,-0.2229933662415767,0.09570755271428548
22.27,8.09779086367113,-3.5929687148933214,1.5863313792170834,2.5397891388176204,-0.34326891338983223,1.8664000558721714,-0.2982929826566372,0.43692297476367364,0.04742486068452553,0.027351723554851187,0.00962218276389351,0.03668138981255485,0.03878280163543929,0.4724730939608902,-0.22301803823481997,0.09571644004241643
22.28,8.10251559461074,-3.5951988952756695,1.5872885436175077,2.540151258987069,-0.34355589494926075,1.8661368009758905,-0.2981645568712282,0.437073501762863,0.04727271196788938,0.027330094021485583,0.009621475215175873,0.03665657876266842,0.038743748828088655,0.47250257281526736,-0.22304268851367634,0.09572531534453362
22.29,8.107240620338892,-3.5974293221608065,1.5882457967709531,2.5405132085188122,-0.3438426404989351,1.865873621725736,-0.29803613449783356,0.4372238329418236,0.047120624901056146,0.027308484749503276,0.009620762799201701,0.03663177507668676,0.03870473569259846,0.47253202000973715,-0.22306731709708016,0.09573417863252635
22.3,8.11196594053899,-3.5996599953317774,1.5892031385572785,2.5408749874679395,-0.3441291501902853,1.8656105182429814,-0.2979077157057354,0.4373739684857659,0.04696859955162986,0.027286895710723916,0.00962004550685461,0.036606978775016535,0.03866576218817581,0.4725614355786188,-0.22309192400394257,0.09574302991827842
22.31,8.116691554894777,-3.601890914571817,1.5901605688564613,2.541236595889392,-0.3444154241746916,1.8653474906485292,-0.29777930066383146,0.4375239085799059,0.046816635987007825,0.02726532687702631,0.009619323329120156,0.0365821898780119,0.03862682827407359,0.4725908195561943,-0.22311650925315146,0.09575186921366796
22.32,8.121417463090339,-3.6041220796643483,1.591118087548598,2.5415980338379636,-0.344701462603485,1.8650845390629114,-0.29765088954063573,0.4376736534094647,0.04666473427438068,0.027243778220348295,0.009618596257085383,0.036557408405974504,0.03858793390959051,0.4726201719767078,-0.22314107286357213,0.09576069653056797
22.330000000000002,8.126143664810106,-3.606353490392984,1.5920756945139036,2.541959301368301,-0.34498726562794696,1.8648216636062904,-0.2975224825042788,0.43782320315966755,0.046512894480732474,0.027222249712686608,0.009617864281938364,0.03653263437915352,0.038549079054070484,0.47264949287436653,-0.22316561485404682,0.095769511880846
22.34,8.13087015973885,-3.6085851465415244,1.593033389632712,2.542320398534905,-0.3452728333993099,1.8645588643984603,-0.29739407972250853,0.43797255801574364,0.046361116672840756,0.027200741326096737,0.00961712739496774,0.03650786781774565,0.03851026366690291,0.4726787822833397,-0.22319013524339498,0.0957783152763643
22.35,8.135596947561682,-3.6108170478939585,1.5939911727854756,2.542681325392132,-0.3455581660687573,1.8642961415588477,-0.2972656813626905,0.43812171816292533,0.046209400917276634,0.02717925303269279,0.00961638558756227,0.036483108741895094,0.038471487707522366,0.47270804023775936,-0.22321463405041347,0.0957871067289797
22.36,8.14032402796406,-3.6130491942344625,1.5949490438527654,2.5430420819941926,-0.34584326378742364,1.8640334952065127,-0.2971372875918086,0.43827068378644773,0.04605774728040486,0.027157784804647356,0.009615638851210374,0.03645835717169361,0.038432751135408685,0.4727372667717201,-0.2232391112938763,0.09579588625054344
22.37,8.145051400631777,-3.615281585347401,1.5959070027152709,2.5434026683951543,-0.3461281267063949,1.8637709254601504,-0.2970088985764655,0.438419455071548,0.04590615582838392,0.027136336614191382,0.009614887177499684,0.03643361312718047,0.03839405391008731,0.4727664619192797,-0.22326356699253497,0.0958046538529019
22.38,8.14977906525097,-3.6175142210173266,1.5968650492538,2.5437630846489423,-0.34641275497670865,1.8635084324380908,-0.2968805144828833,0.43856803220346485,0.04575462662716609,0.02711490843361402,0.009614130558116591,0.03640887662834253,0.03835539599112814,0.4727956257144578,-0.22328800116511816,0.09581340954789526
22.39,8.154507021508115,-3.619747101028978,1.5978231833492789,2.5441233308093385,-0.34669714874935403,1.8632460162583007,-0.2967521354769039,0.43871641536743805,0.04560315974249755,0.027093500235262503,0.009613368984845801,0.036384147695114194,0.03831677733814669,0.47282475819123776,-0.2233124138303325,0.09582215334735894
22.400000000000002,8.159235269090027,-3.621980225167281,1.5987814048827524,2.544483406929984,-0.346981308175272,1.8629836770383843,-0.2966237617239897,0.43886460474870775,0.045451755239918436,0.027072111991542008,0.009612602449569883,0.036359426347377426,0.0382781979108032,0.47285385938356506,-0.22333680500686182,0.09583088526312275
22.41,8.163963807683864,-3.6242135932173496,1.5997397137353837,2.544843313064379,-0.34726523340535564,1.8627214148955842,-0.296495393389224,0.43901260053251406,0.04530041318476296,0.027050743674915518,0.009611830944268826,0.03633471260496178,0.03823965766880279,0.4728829293253486,-0.2233611747133675,0.09583960530701086
22.42,8.168692636977116,-3.6264472049644834,1.6006981097884538,2.545203049265884,-0.3475489245904501,1.8624592299467824,-0.29636703063731157,0.4391604029040963,0.045149133642159466,0.027029395257903696,0.009611054461019595,0.0363100064876444,0.038201156571895545,0.47291196805045965,-0.22338552296848896,0.09584831349084205
22.43,8.173421756657621,-3.628681060194168,1.6016565929233622,2.5455626155877202,-0.3478323818813529,1.8621971223085012,-0.2962386736325792,0.43930801204869263,0.04499791667703053,0.027008066713084738,0.009610272991995687,0.036285308015150036,0.03816269457987635,0.47294097559273274,-0.22340984979084297,0.09585700982642988
22.44,8.17815116641355,-3.6309151586920767,1.6026151630216265,2.5459220120829698,-0.348115605428814,1.8619350920969042,-0.29611032253897634,0.4394554281515394,0.04484676235409305,0.026986758013094254,0.009609486529466691,0.036260617207151055,0.03812427165258481,0.4729699519859653,-0.22343415519902426,0.09586569432558216
22.45,8.18288086593341,-3.633149500244067,1.6035738199648824,2.5462812388045775,-0.348398595383536,1.8616731394277972,-0.2959819775200754,0.4396026513978705,0.04469567073785835,0.02696546913062512,0.009608695065797852,0.03623593408326745,0.038085887749904936,0.4729988972639177,-0.22345843921160552,0.09587436700010138
22.46,8.18761085490605,-3.635384084636183,1.6045325636348833,2.546640295805351,-0.3486813518961744,1.8614112644166294,-0.29585363873907233,0.43974968197291725,0.044544641892632235,0.026944200038427357,0.009607898593449628,0.03621125866306686,0.038047542831765736,0.4730278114603136,-0.22348270184713723,0.09588302786178468
22.47,8.192341133020653,-3.6376189116546547,1.6054913939135012,2.5469991831379617,-0.3489638751173374,1.861149467178494,-0.29572530635878735,0.43989652006190727,0.044393675882515124,0.026922950709307985,0.009607097104977255,0.03618659096606458,0.038009236858140436,0.4730566946088397,-0.22350694312414762,0.0958916769224234
22.48,8.197071699966742,-3.639853981085896,1.6064503106827255,2.5473579008549456,-0.3492461651975865,1.8608877478281292,-0.29559698054166533,0.44004316585006426,0.04424277277140212,0.026901721116130903,0.009606290593030314,0.036161931011723575,0.03797096978904684,0.4730855467431456,-0.22353116306114337,0.09590031419380361
22.490000000000002,8.201802555434172,-3.6420892927165074,1.6074093138246635,2.547716449008704,-0.34952822228743635,1.8606261064799192,-0.2954686614497763,0.4401896195226074,0.04409193262298313,0.02688051123181675,0.009605479050352297,0.03613727881945449,0.037932741584547014,0.4731143678968444,-0.2235553616766089,0.09590893968770563
22.5,8.206533699113141,-3.6443248463332734,1.6083684032215406,2.548074827651503,-0.34981004653735503,1.8603645432478955,-0.29534034924481595,0.44033588126475076,0.04394115550074292,0.026859321029342773,0.009604662469780176,0.03611263440861569,0.03789455220474753,0.4731431581035123,-0.22357953898900684,0.09591755341590465
22.51,8.211265130694176,-3.6465606417231635,1.6093275787556998,2.5484330368354766,-0.35009163809776406,1.8601030582457367,-0.29521204408810636,0.44048195126170286,0.043790441467961266,0.026838150481742692,0.00960384084424397,0.03608799779851323,0.03785640160979909,0.47317191739668873,-0.2236036950167782,0.09592615539016995
22.52,8.215996849868143,-3.6487966786733312,1.6102868403096016,2.548791076612625,-0.3503729971190387,1.8598416515867713,-0.2950837461405963,0.440627829698666,0.04363979058771301,0.026816999562106574,0.009603014166766318,0.036063369008400924,0.03781828975989651,0.47320064580987636,-0.2236278297783419,0.0959347456222655
22.53,8.220728856326241,-3.6510329569711146,1.6112461877658242,2.5491489470348174,-0.35065412375150795,1.8595803233839767,-0.2949554555628619,0.44077351676083576,0.04348920292286818,0.026795868243580698,0.009602182430462052,0.03603874805748032,0.03778021661527896,0.47322934337654143,-0.2236519432920955,0.09594332412394971
22.54,8.225461149760006,-3.6532694764040357,1.6122056210070637,2.5495066481537907,-0.35093501814545486,1.8593190737499814,-0.2948271725151071,0.4409190126334005,0.04333867853609211,0.026774756499367423,0.009601345628537775,0.03601413496490074,0.037742182136229534,0.4732580101301134,-0.22367603557641477,0.09595189090697541
22.55,8.230193729861307,-3.6555062367597997,1.6131651399161333,2.5498641800211517,-0.35121568045111656,1.8590579027970653,-0.29469889715716413,0.4410643175015408,0.0431882174898455,0.026753664302725057,0.009600503754291426,0.03598952974975929,0.037704186283075355,0.4732866461039853,-0.22370010664965376,0.09596044598308998
22.56,8.234926596322348,-3.6577432378262964,1.6141247443759643,2.550221542688378,-0.3514961108186843,1.8587968106371606,-0.2945706296484943,0.4412094315504289,0.043037819846384565,0.026732591626967724,0.009599656801111868,0.035964932431100875,0.03766622901618732,0.47331525133151336,-0.2237241565301452,0.09596898936403482
22.57,8.239659748835663,-3.659980479391598,1.6150844342696047,2.5505787362068166,-0.35177630939830384,1.8585357973818535,-0.29444237014818814,0.44135435496522823,0.04288748566776111,0.026711538445465245,0.009598804762478461,0.03594034302791824,0.0376283102959805,0.47334382584601775,-0.22374818523620033,0.09597752106154632
22.580000000000002,8.244393187094124,-3.66221796124396,1.61604420948022,2.550935760627687,-0.3520562763400754,1.8582748631423838,-0.2943141188149663,0.4414990879310927,0.04273721501582267,0.02669050473164299,0.009597947631960648,0.03591576155915195,0.0375904300829134,0.47337236968078156,-0.2237721927861089,0.09598604108735502
22.59,8.249126910790931,-3.664455683171821,1.6170040698910937,2.551292616002081,-0.35233601179405377,1.8580140080296472,-0.29418587580717975,0.4416436306331665,0.042587007952212576,0.026669490458981756,0.009597085403217527,0.03589118804369046,0.0375525883374885,0.47340088286905224,-0.22379617919813935,0.09599454945318577
22.6,8.25386091961962,-3.6666936449638023,1.6179640153856256,2.5516493023809628,-0.3526155159102486,1.8577532321541952,-0.2940576412828106,0.44178798325658303,0.042436864538370096,0.026648495601017643,0.009596218069997444,0.03586662250037007,0.03751478502025197,0.47342936544404035,-0.22382014449053864,0.09600304617075793
22.61,8.258595213274061,-3.6689318464087077,1.6189240458473333,2.5520058198151707,-0.3528947888386244,1.8574925356262362,-0.29392941539947237,0.4419321459864651,0.04228678483553054,0.02662752013134191,0.009595345626137569,0.03584206494797502,0.037477020091793496,0.4734578174389202,-0.22384408868153277,0.09601153125178519
22.62,8.26332979144845,-3.671170287295523,1.6198841611598511,2.5523621683554167,-0.35317383072910075,1.8572319185556367,-0.2938011983144107,0.44207611900792365,0.042136768904725376,0.026606564023600864,0.00959446806556349,0.03581751540523745,0.03743929351274637,0.4734862388868298,-0.22386801178932647,0.09602000470797595
22.63,8.26806465383732,-3.6734089674134163,1.620844361206931,2.5527183480522884,-0.35345264173155233,1.8569713810519222,-0.29367299018450377,0.4422199025060578,0.041986816806782325,0.026585627251495714,0.009593585382288794,0.035792973890837465,0.037401605243787175,0.4735146298208711,-0.22389191383210305,0.09602846655103242
22.64,8.272799800135529,-3.6756478865517375,1.6218046458724413,2.553074358956249,-0.35373122199580914,1.8567109232242776,-0.29354479116626286,0.442363496665954,0.0418369286023255,0.026564709788782448,0.00959269757041466,0.03576844042340313,0.037363955245636196,0.47354299027410973,-0.2239157948280251,0.09603691679265154
22.650000000000002,8.27753523003827,-3.6778870445000176,1.6227650150403679,2.5534302011176373,-0.35400957167165664,1.8564505451815485,-0.2934166014158329,0.4425069016726855,0.04168710435177549,0.026543811609271706,0.00959180462412945,0.035743915021510496,0.03732634347905691,0.47357132027957494,-0.22393965479523392,0.09604535544452461
22.66,8.282270943241066,-3.6801264410479697,1.623725468594813,2.55378587458667,-0.3542876909088358,1.856190247032242,-0.293288421088993,0.44265011771131213,0.04153734411534954,0.026522932686828652,0.009590906537708294,0.03571939770368364,0.03728876990485593,0.4735996198702601,-0.2239634937518501,0.0960537825183372
22.67,8.287006939439769,-3.682366075985488,1.6246860064199964,2.5541413794134415,-0.3545655798570431,1.8559300288845277,-0.29316025034115684,0.44279314496687944,0.04138764795306159,0.02650207299537284,0.009590003305512691,0.03569488848839467,0.03725123448388348,0.47362788907912257,-0.22398731171597303,0.09606219802576925
22.68,8.29174321833056,-3.684605949102648,1.625646628400254,2.554496715647924,-0.35484323866593115,1.8556698908462383,-0.2930320893273734,0.4429359836244183,0.04123801592472245,0.026481232508878093,0.0095890949219901,0.035670387394063766,0.037213737177032594,0.47365612793908335,-0.22401110870568142,0.0960706019784951
22.69,8.29647977960995,-3.686846060189705,1.626607334420039,2.554851883339969,-0.3551206674851081,1.8554098330248707,-0.2929039382023273,0.44307863386894436,0.04108844808993989,0.026460411201372366,0.009588181381673538,0.03564589443905918,0.037176277945239686,0.47368433648302766,-0.2240348847390331,0.0960789943881832
22.7,8.30121662297478,-3.6890864090370954,1.6275681243639208,2.555206882539308,-0.3553978664641384,1.855149855527587,-0.29277579712033946,0.44322109588545766,0.040938944508118795,0.026439609046937634,0.009587262679181176,0.03562140964169729,0.03713885674948377,0.47371251474380466,-0.22405863983406482,0.09608737526649648
22.71,8.305953748122217,-3.691326995435436,1.6285289981165858,2.555561713295553,-0.3556748357525425,1.8548899584612146,-0.29264766623536753,0.4433633698589419,0.040789505238461254,0.026418826019709747,0.009586338809215937,0.035596933020242603,0.03710147355078744,0.47374066275422766,-0.2240823740087931,0.09609574462509209
22.72,8.31069115474976,-3.6935678191755237,1.6294899555628368,2.555916375658196,-0.35595157549979706,1.8546301419322482,-0.29251954570100647,0.44350545597436414,0.04064013033996671,0.02639806209387831,0.0095854097665651,0.03557246459290779,0.03706412831021579,0.47376878054707394,-0.22410608728121378,0.09610410247562177
22.73,8.31542884255523,-3.695808880048336,1.630450996587593,2.556270869676612,-0.3562280858553353,1.8543704060468498,-0.292391435670489,0.443647354416674,0.04049081987143206,0.02637731724368657,0.009584475546099895,0.035548004377853715,0.03702682098887688,0.473796868155085,-0.22412977966930175,0.0961124488297312
22.740000000000002,8.320166811236781,-3.6980501778450288,1.6314121210758903,2.5566251954000583,-0.3565043669685467,1.8541107509108499,-0.2922633362966862,0.44378906537080354,0.040341573891451814,0.026356591443431252,0.009583536142775117,0.03552355239318947,0.036989551547921384,0.47382492561096656,-0.22415345119101154,0.09612078369906034
22.75,8.324905060492892,-3.7002917123569388,1.6323733289128808,2.5569793528776743,-0.3567804189887776,1.8538511766297485,-0.2921352477321081,0.4439305890216663,0.04019239245841819,0.02633588466746248,0.00958259155162872,0.03549910865697236,0.036952319948543026,0.4738529529473884,-0.2241771018642772,0.09612910709524385
22.76,8.329643590022366,-3.7025334833755816,1.6333346199838332,2.557333342158484,-0.3570562420653308,1.8535916833087156,-0.2920071701289039,0.44407192555415725,0.04004327563052127,0.02631519689018362,0.009581641767781427,0.03547467318720799,0.036915126151977874,0.47388095019698495,-0.2242007317070123,0.09613741902990998
22.77,8.334382399524335,-3.7047754906926516,1.6342959941741324,2.5576871632913956,-0.3573318363474661,1.8533322710525921,-0.29187910363886294,0.44421307515315184,0.03989422346574911,0.026294528086051157,0.009580686786436341,0.035450246001850254,0.036877970119504874,0.4739089173923545,-0.22422434073711,0.09614571951468187
22.78,8.33912148869826,-3.7070177341000226,1.6352574513692792,2.5580408163252017,-0.3576072019844002,1.8530729399658912,-0.29175104841341476,0.4443540380035058,0.03974523602188789,0.026273878229574575,0.009579726602878548,0.03542582711880137,0.03684085181244531,0.47393685456605994,-0.22424792897244314,0.0961540085611766
22.79,8.34386085724392,-3.709260213389747,1.636218991454891,2.5583943013085815,-0.35788233912530676,1.8528136901527985,-0.29162300460362994,0.4444948142900545,0.03959631335652203,0.026253247295316237,0.009578761212474729,0.03540141655591192,0.0368037711921629,0.4739647617506284,-0.22427149643086422,0.09616228618100561
22.8,8.348600504861427,-3.7115029283540557,1.6371806143167011,2.5587476182900994,-0.35815724791931663,1.852554521717173,-0.2914949723602205,0.4446354041976125,0.03944745552703432,0.02623263525789125,0.009577790610672772,0.035377014330980866,0.03676672822006387,0.4739926389785515,-0.22429504313020562,0.0961705523857746
22.81,8.353340431251212,-3.7137458787853577,1.638142319840559,2.559100767318208,-0.3584319285155179,1.8522954347625487,-0.2913669518335404,0.44477580791097293,0.03929866259060608,0.02621204209196734,0.009576814793001388,0.0353526204617556,0.036729722857597014,0.47402048628228544,-0.22431856908827932,0.09617880718708324
22.82,8.358080636114035,-3.7159890644762403,1.6391041079124298,2.5594537484412467,-0.3587063810629561,1.8520364293921343,-0.2912389431735861,0.4449160256149072,0.03914993460421728,0.026191467772264738,0.00957583375506972,0.03532823496593194,0.03669275506625311,0.47404830369425066,-0.22434207432287737,0.09618705059652564
22.830000000000002,8.362821119150977,-3.718232485219469,1.640065978418395,2.5598065617074433,-0.3589806057106341,1.8517775057088148,-0.29111094652999714,0.4450560574941642,0.039001271624646665,0.026170912273556043,0.009574847492566959,0.03530385786115419,0.03665582480756535,0.4740760912468323,-0.22436555885177162,0.09619528262569028
22.84,8.367561880063446,-3.7204761408079867,1.641027931244652,2.5601592071649146,-0.3592546026075124,1.8515186638151522,-0.2909829620520565,0.44519590373347023,0.03885267370847191,0.026150375570666105,0.009573856001261967,0.035279489165015165,0.03661893204310885,0.4741038489723802,-0.22438902269271377,0.09620350328615937
22.85,8.37230291855317,-3.722720031034914,1.6419899662775137,2.560511684861667,-0.35952837190250914,1.851259903813386,-0.29085498988869124,0.445335564517528,0.038704140912069765,0.026129857638471896,0.009572859277002889,0.03525512889505621,0.03658207673450108,0.4741315769032086,-0.2244124658634358,0.09621171258950967
22.86,8.377044234322202,-3.724964155693548,1.6429520834034088,2.5608639948455965,-0.3598019137445002,1.8510012258054342,-0.290727030188473,0.4454750400310164,0.03855567329161617,0.026109358451902397,0.009571857315716775,0.035230777068767254,0.0365452588434016,0.4741592750715964,-0.22443588838164952,0.0962199105473121
22.87,8.381785827072918,-3.727208514577365,1.643914282508882,2.561216137164491,-0.36007522828231936,1.8507426298928946,-0.2905990830996185,0.4456143304585901,0.03840727090308641,0.026088877985938456,0.009570850113409204,0.035206433703586816,0.03650847833151165,0.47418694350978724,-0.22445929026504707,0.09622809717113165
22.88,8.386527696508015,-3.7294531074800155,1.6448765634805933,2.561568111866028,-0.3603483156647583,1.850484116177045,-0.2904711487699901,0.4457534359848788,0.03825893380225527,0.026068416215612684,0.0095698376661639,0.03518209881690206,0.03647173516057475,0.47421458224998964,-0.2244826715313006,0.0962362724725276
22.89,8.391269842330514,-3.7316979341953282,1.6458389262053186,2.561919918997779,-0.36062117604056676,1.850225684758844,-0.2903432273470961,0.44589235679448697,0.03811066204469716,0.026047973116009322,0.00956881997014236,0.03515777242604882,0.036435029292376006,0.47424219132437667,-0.22450603219806234,0.09624443646305322
22.900000000000002,8.396012264243758,-3.733942994517309,1.6468013705699491,2.5622715586072067,-0.36089380955845274,1.8499673357389326,-0.29021531897809166,0.4460310930719931,0.03796245568578626,0.02602754866226412,0.009567797021583481,0.03513345454831161,0.03639836068874249,0.4742697707650862,-0.22452937228296513,0.09625258915425615
22.91,8.400754961951408,-3.7361882882401383,1.6477638964614918,2.562623030741668,-0.3611662163670823,1.849709069217634,-0.290087423809779,0.44616964500194956,0.037814314780696676,0.02600714282956421,0.00956676881680318,0.03510914520092371,0.03636172931154311,0.4742973206042212,-0.22455269180362175,0.0962607305576779
22.92,8.40549793515745,-3.7384338151581744,1.6487265037670686,2.562974335448414,-0.3614383966150799,1.8494508852949545,-0.2899595419886079,0.4463080127688817,0.03766623938440258,0.025986755593147993,0.009565735352194031,0.03508484440106715,0.036325135122688174,0.4743248408738494,-0.2245759907776257,0.09626886068485431
22.93,8.410241183566189,-3.7406795750659505,1.6496891923739172,2.5633254727745887,-0.3617103504510285,1.8491927840705857,-0.2898316736606765,0.44644619655728773,0.03751822955167836,0.02596638692830501,0.009564696624224885,0.03506055216587277,0.03628857808412988,0.4743523316060034,-0.22459926922255052,0.09627697954731544
22.94,8.41498470688225,-3.742925567758176,1.6506519621693903,2.5636764427672327,-0.36198207802346943,1.8489347656439037,-0.2897038189717316,0.44658419655163795,0.03737028533709877,0.02594603681037582,0.009563652629440506,0.03503626851242025,0.03625205815786183,0.47437979283268067,-0.2246225271559505,0.0962850871565852
22.95,8.419728504810577,-3.7451717930297357,1.651614813040956,2.5640272454732815,-0.36225357948090264,1.8486768301139702,-0.289575978067169,0.4467220129363745,0.03722240679503907,0.025925705214751883,0.0095626033644612,0.03501199345773814,0.03621557530591926,0.47440722458584395,-0.22464576459536037,0.09629318352418198
22.96,8.424472577056434,-3.7474182506756892,1.6525777448761978,2.564377880939568,-0.3625248549717869,1.848418977579534,-0.2894481510920345,0.4468596458959106,0.037074593979675184,0.02590539211687544,0.00956154882598245,0.03498772701880391,0.036179129490378874,0.4744346268974209,-0.22466898155829526,0.09630126866161778
22.97,8.42921692332541,-3.749664940491272,1.653540757562814,2.5647283492128206,-0.3627959046445396,1.8481612081390315,-0.289320338191024,0.44699709561463036,0.03692684694498386,0.025885097492239377,0.009560489010774552,0.03496346921254397,0.03614272067335849,0.474461999799304,-0.22469217806225106,0.09630934258039918
22.98,8.433961543323402,-3.7519118622718945,1.654503850988618,2.5650786503396668,-0.36306672864753703,1.8479035218905868,-0.28919253950848417,0.44713436227688813,0.03677916574474281,0.025864821316387124,0.009559423915682243,0.03493922005583371,0.03610634881701758,0.47448934332335135,-0.22471535412470423,0.09631740529202643
22.990000000000002,8.438706436756636,-3.7541590158131415,1.6554670250415384,2.5654287843666315,-0.3633373271291145,1.8476459189320136,-0.28906475518841296,0.44727144606700797,0.036631550432530864,0.025844563564912524,0.009558353537624348,0.03491497956549755,0.03607001388355689,0.47451665750138583,-0.2247385097631119,0.0963254568079942
23.0,8.44345160333165,-3.7564064009107727,1.6564302796096184,2.565778751340138,-0.36360770023756617,1.847388399360815,-0.28893698537446005,0.4474083471692834,0.03648400106172813,0.025824324213459714,0.009557277873593412,0.03489074775830896,0.03603371583521804,0.47454394236519554,-0.2247616449949122,0.09633349713979117
23.01,8.448197042755302,-3.7586540173607217,1.6573936145810164,2.56612855130651,-0.3638778481211455,1.8471309632741848,-0.28880923020992755,0.4475450657679766,0.03633651768551615,0.025804103237723003,0.009556196920655343,0.03486652465099049,0.03599745463428428,0.47457119794653413,-0.22478475983752375,0.09634152629889979
23.02,8.452942754734767,-3.760901864959097,1.6583570298440053,2.5664781843119706,-0.36414777092806494,1.8468736107690087,-0.2886814898377702,0.4476816020473182,0.03618910035687805,0.025783900613446754,0.009555110675949049,0.03484231026021384,0.03596123024307947,0.47459842427712007,-0.22480785430834607,0.09634954429679708
23.03,8.457688738977538,-3.7631499435021802,1.6593205252869734,2.5668276504026433,-0.3644174688064964,1.846616341941864,-0.28855376440059616,0.4478179561915067,0.036041749128598706,0.025763716316425263,0.009554019136686083,0.034818104602599875,0.03592504262396888,0.4746256213886373,-0.22483092842475969,0.09635755114495355
23.04,8.462434995191424,-3.765398252786428,1.6602841007984228,2.5671769496245527,-0.364686941904571,1.8463591568890214,-0.28842605404066735,0.447954128384708,0.0358944640532649,0.02574355032250265,0.009552922300150287,0.03479390769471867,0.03588889173935863,0.4746527893127352,-0.22485398220412595,0.09636554685483435
23.05,8.467181523084552,-3.767646792608469,1.6612477562669712,2.567526082023626,-0.36495619037037935,1.846102055706445,-0.28829835889990013,0.4480901188110549,0.035747245183265476,0.025723402607572717,0.009551820163697435,0.03476971955308955,0.03585277755169577,0.4746799280810289,-0.22487701566378726,0.09637353143789798
23.06,8.471928322365361,-3.769895562765107,1.6622114915813502,2.567875047645692,-0.3652252143519714,1.8458450384897935,-0.28817067911986566,0.4482259276546467,0.035600092570791504,0.025703273147578854,0.00955071272475488,0.03474554019418112,0.03581670002346812,0.474707037725098,-0.224900028821067,0.09638150490559753
23.07,8.476675392742612,-3.7721445630533177,1.6631753066304062,2.568223846536483,-0.3654940139973569,1.845588105334421,-0.28804301484179046,0.4483615550995486,0.035453006267836436,0.0256831619185139,0.009549599980821201,0.03472136963441131,0.035780659117204384,0.4747341182764883,-0.22492302169326975,0.09638946726938
23.080000000000002,8.481422733925378,-3.7743937932702503,1.6641392013031,2.5685724787416335,-0.3657625894545051,1.8453312563353776,-0.2879153662065569,0.4484970013297914,0.03530598632619628,0.02566306889642004,0.00954848192946585,0.03469720789014742,0.03574465479547412,0.47476116976671084,-0.22494599429768106,0.09639741854068613
23.09,8.486170345623044,-3.7766432532132272,1.6651031754885068,2.5689209443066843,-0.366030940871345,1.8450744915874102,-0.2877877333547037,0.44863226652937094,0.035159032797469764,0.025642994057388676,0.00954735856832881,0.03467305497770617,0.03570868702088748,0.47478819222724244,-0.22496894665156764,0.0964053587309508
23.1,8.490918227545317,-3.778892942679743,1.6660672290758163,2.569269243277079,-0.3662990683957654,1.8448178111849634,-0.2876601164264266,0.4487673508822475,0.03501214573305847,0.025622937377560318,0.009546229895120231,0.034648910913353696,0.03567275575609529,0.4748151856895252,-0.22499187877217736,0.09641328785160294
23.11,8.495666379402211,-3.781142861467465,1.6670313619543322,2.5696173756981677,-0.36656697217561496,1.8445612152221795,-0.2875325155615786,0.4489022545723457,0.03486532518416704,0.025602898833124454,0.009545095907620095,0.034624775713305654,0.03563686096378878,0.47484215018496684,-0.2250147906767398,0.0964212059140656
23.12,8.50041480090406,-3.7833930093742323,1.6679955740134729,2.5699653416152053,-0.3668346523587022,1.844304703792901,-0.2874049308996708,0.44903697778355367,0.034718571201803314,0.025582878400319448,0.009543956603677867,0.03460064939372721,0.03560100260669995,0.47486908574494097,-0.2250376823824652,0.09642911292975545
23.13,8.50516349176151,-3.785643386198057,1.6689598651427704,2.5703131410733535,-0.3671021090927957,1.8440482769906692,-0.28727736257987246,0.4491715206997227,0.03457188383677852,0.025562876055432407,0.009542811981212148,0.034576531970733106,0.03556518064760111,0.4748959924007865,-0.22506055390654578,0.09643700891008357
23.14,8.509912451685517,-3.7878939917371226,1.6699242352318713,2.5706607741176817,-0.36736934252562414,1.8437919349087266,-0.28714981074101203,0.44930588350466694,0.034425263139707424,0.025542891774799077,0.00954166203821033,0.034552423460387706,0.035529395049304975,0.4749228701838087,-0.22508340526615456,0.09644489386645451
23.150000000000002,8.514661680387356,-3.7901448257897843,1.670888684170536,2.571008240793166,-0.3676363528048763,1.843535677640017,-0.2870222755215772,0.44944006638216266,0.034278709161008496,0.025522925534803717,0.009540506772728257,0.03452832387870501,0.035493645774664705,0.47494971912527795,-0.22510623647844635,0.0964527678102672
23.16,8.519411177578608,-3.792395888154569,1.6718532118486387,2.571355541144691,-0.367903140078201,1.8432795052771858,-0.2868947570597157,0.449574069515948,0.0341322219509041,0.025502977311878988,0.009539346182889881,0.03450423324164874,0.035457932786573804,0.47497653925643085,-0.22512904756055743,0.09646063075291435
23.17,8.524160942971172,-3.7946471786301745,1.6728178181561677,2.57170267521705,-0.3681697044932077,1.8430234179125817,-0.2867672554932356,0.4497078930897225,0.03398580155942066,0.02548304708250583,0.009538180266886923,0.03448015156513234,0.03542225604796564,0.4750033306084694,-0.2251518385296055,0.09646848270578243
23.18,8.528910976277256,-3.796898697015471,1.6737825029832256,2.5720496430549455,-0.3684360461974657,1.842767415638257,-0.2866397709596062,0.44984153728714643,0.0338394480363888,0.02546313482321336,0.009537009022978533,0.034456078865019044,0.03538661552181425,0.475030093212562,-0.22517460940268996,0.09647632368025222
23.19,8.533661277209381,-3.7991504431094976,1.6747472662200282,2.57239644470299,-0.36870216533850514,1.842511498545968,-0.2865123035959579,0.4499750022918407,0.033693161431443575,0.025443240510578738,0.009535832449490952,0.03443201515712191,0.03535101117113354,0.47505682709984265,-0.22519736019689168,0.09648415368769815
23.2,8.538411845480379,-3.8014024167114666,1.6757121077569053,2.572743080205706,-0.3689680620638163,1.8422556667271766,-0.2863848535390834,0.45010828828738597,0.03354694179402458,0.025423364121227063,0.009534650544817181,0.03440796045720388,0.03531544295897737,0.4750835323014113,-0.2252200909292732,0.09649197273948855
23.21,8.543162680803393,-3.8036546176207593,1.6766770274843001,2.5730895496075274,-0.3692337365208502,1.8419999202730495,-0.28625742092543766,0.4502413954573226,0.033400789173376175,0.025403505631831254,0.009533463307416636,0.0343839147809778,0.03527991084844004,0.47511020884833405,-0.2252428016168792,0.09649978084698582
23.22,8.547913782891877,-3.805907045636928,1.67764202529277,2.5734358529527994,-0.3694991888570181,1.8417442592744608,-0.2861300058911387,0.45037432398515004,0.03325470361854763,0.025383665019111934,0.009532270735814821,0.03435987814410648,0.03524441480265527,0.4751368567716428,-0.22526549227673542,0.0965075780215462
23.23,8.552665151459593,-3.8081597005596954,1.6786071010729855,2.573781990285779,-0.3697644192196922,1.8414886838219917,-0.286002608571968,0.4505070740543263,0.033108685178393334,0.02536384225983732,0.009531072828602997,0.03433585056220274,0.03520895478479702,0.4751634761023357,-0.22528816292584983,0.0965153642745199
23.240000000000002,8.557416786220616,-3.810412582188954,1.6795722547157308,2.5741279616506363,-0.37002942775620534,1.841233194005931,-0.28587522910337115,0.4506396458482675,0.03296273390157292,0.025344037330823098,0.009529869584437842,0.03431183205082943,0.03517353075807898,0.47519006687137694,-0.22531081358121222,0.0965231396172508
23.25,8.56216868688933,-3.8126656903247658,1.6805374861119033,2.574473767091454,-0.3702942146138509,1.8409777899162763,-0.28574786762045806,0.4507720395503476,0.032816849836551504,0.025324250208932322,0.009528661002041127,0.03428782262549952,0.035138142685754666,0.47521662910969675,-0.2253334442597942,0.09653090406107681
23.26,8.566920853180426,-3.814919024767364,1.681502795152514,2.5748194066522294,-0.37055877993988334,1.8407224716427348,-0.28562052425800377,0.45090425534389783,0.03267103303159981,0.025304480871075292,0.009527447080199387,0.034263822301676114,0.03510279053111743,0.4752431628481916,-0.22535605497854924,0.09653865761732969
23.27,8.571673284808908,-3.817172585317149,1.6824681817286875,2.575164880376873,-0.37082312388151767,1.8404672392747239,-0.2854931991504488,0.45103629341220625,0.03252528353479438,0.025284729294209433,0.00952622781776359,0.034239831094772494,0.035067474257500036,0.4752696681177244,-0.22537864575441285,0.09654640029733512
23.28,8.576425981490084,-3.8194263717746932,1.6834336457316608,2.5755101883092113,-0.37108724658593006,1.8402120929013714,-0.2853658924318997,0.4511681539385173,0.03237960139401774,0.0252649954553392,0.00952500321364881,0.034215849020152185,0.03503219382827503,0.475296144949124,-0.22540121660430268,0.09655413211241247
23.29,8.581178942939575,-3.8216803839407363,1.6843991870527848,2.575855330492985,-0.3713511482002575,1.8399570326115173,-0.28523860423612946,0.45129983710603133,0.03223398665695862,0.025245279331515942,0.009523773266833907,0.034191876093128994,0.03499694920685466,0.4753225933731855,-0.2254237675451181,0.09656185307387494
23.3,8.585932168873306,-3.8239346216161874,1.6853648055835235,2.5762003069718515,-0.37161482887159797,1.8397020584937132,-0.2851113346965781,0.45143134309790434,0.03208843937111206,0.025225580899837813,0.009522537976361196,0.03416791232896704,0.034961740356690356,0.4753490134206705,-0.22544629859374082,0.09656956319302992
23.31,8.590685659007512,-3.8261890846021247,1.686330501215454,2.576545117789384,-0.37187828874701057,1.839447170636224,-0.2849840839463533,0.45156267209724726,0.03194295958377967,0.025205900137449635,0.009521297341336128,0.03414395774288084,0.034926567241273264,0.4753754051223069,-0.22546880976703476,0.09657726248117834
23.32,8.595439413058735,-3.828443772699795,1.6872962738402657,2.5768897629890724,-0.3721415279735155,1.8391923691270287,-0.28485685211823053,0.45169382428712573,0.03179754734206977,0.0251862370215428,0.009520051360926964,0.03412001235003531,0.03489142982413395,0.47540176850878896,-0.22549130108184595,0.09658495094961511
23.330000000000002,8.600193430743822,-3.830698685710613,1.688262123349762,2.5772342426143253,-0.37240454669809414,1.8389376540538198,-0.28472963934465395,0.4518247998505596,0.03165220269289759,0.025166591529355152,0.009518800034364458,0.03409607616554584,0.03485632806884215,0.47542810361077753,-0.22551377255500255,0.09659262860962874
23.34,8.60494771177993,-3.832953823436163,1.6892280496358583,2.5775785567084686,-0.372667345067689,1.8386830255040056,-0.28460244575773674,0.45195559897052245,0.03150692568298545,0.025146963638170882,0.009517543360941537,0.03407214920447834,0.034821261939007135,0.4754544104588997,-0.22553622420331504,0.0966002954725017
23.35,8.60970225588452,-3.8352091856781962,1.6901940525905832,2.5779227053147467,-0.37292992322920393,1.83842848356471,-0.28447527148926155,0.4520862218299412,0.031361716358862944,0.025127353325320404,0.009516281340012978,0.0340482314818493,0.03478623139827694,0.47548068908374896,-0.22555865604357628,0.09660795154951023
23.36,8.614457062775356,-3.837464772238632,1.6911601321060783,2.5782666884763232,-0.373192281329504,1.8381740283227732,-0.28434811667068105,0.4522166686116956,0.031216574766867136,0.02510776056818025,0.009515013970995094,0.034024323012625805,0.034751236410339455,0.47550693951588596,-0.2255810680925614,0.0966155968519244
23.37,8.619212132170516,-3.8397205829195573,1.6921262880745975,2.578610506236281,-0.37345441951541564,1.8379196598647527,-0.2842209814331185,0.45234693949861804,0.03107150095314274,0.02508818534417296,0.009513741253365423,0.034000423811725605,0.03471627693892107,0.4755331617858371,-0.22560346036702816,0.09662323139100812
23.38,8.623967463788373,-3.8419766175232275,1.6930925203885077,2.5789541586376243,-0.3737163379337267,1.837665378276924,-0.2840938659073682,0.45247703467349276,0.030926494963642318,0.025068627630766963,0.009512463186662403,0.03397653389401716,0.034681352947787736,0.47555935592409615,-0.22562583288371632,0.09663085517801887
23.39,8.628723057347614,-3.8442328758520645,1.6940588289402878,2.579297645723276,-0.37397803673118646,1.8374111836452813,-0.2839667702238958,0.45260695431905573,0.030781556844126454,0.025049087405476476,0.009511179770485063,0.033952653274319705,0.034646464400744065,0.4755855219611229,-0.22564818565934858,0.09663846822420823
23.400000000000002,8.633478912567226,-3.846489357708658,1.69502521362253,2.5796409675360823,-0.3742395160545056,1.8371570760555378,-0.28383969451283925,0.452736698617994,0.030636686640163963,0.025029564645861386,0.009509891004492711,0.03392878196740328,0.03461161126163404,0.4756116599273442,-0.22567051871062968,0.09664607054082108
23.41,8.638235029166498,-3.848746062895764,1.6959916743279382,2.5799841241188095,-0.3745007760503564,1.8369030555931265,-0.28371263890400883,0.4528662677529454,0.030491884397132064,0.02501005932952714,0.009508596888404624,0.03390491998798879,0.034576793494340195,0.4756377698531538,-0.2256928320542474,0.09665366213909658
23.42,8.642991406865029,-3.8510029912163066,1.696958210949329,2.580327115514147,-0.37476181686537263,1.8366491223432013,-0.2835856035268879,0.45299566190649815,0.030347150160216586,0.02499057143412463,0.009507297421999732,0.03388106735074803,0.034542011062784,0.4756638517689116,-0.22571512570687172,0.0966612430302672
23.43,8.647748045382718,-3.8532601424733754,1.6979248233796318,2.5806699417647065,-0.3750226386461497,1.8363952763906375,-0.2834585885106333,0.45312488126119027,0.030202483974412154,0.024971100937350103,0.009505992605116313,0.033857224070303775,0.034507263930925854,0.4756899057049447,-0.2257373996851557,0.09666881322555958
23.44,8.652504944439768,-3.855517516470227,1.6988915115118874,2.5810126029130234,-0.3752832415392446,1.8361415178200322,-0.2833315939840761,0.45325392599950937,0.030057885884522382,0.02495164781694502,0.009504682437651683,0.03383339016122981,0.03447255206276482,0.475715931691547,-0.22575965400573444,0.09667637273619362
23.45,8.657262103756683,-3.8577751130102844,1.6998582752392495,2.581355099001556,-0.375543625691176,1.8358878467157052,-0.28320462007572156,0.453382796303892,0.029913355935160067,0.024932212050695967,0.00950336691956189,0.03380956563805099,0.034437875422338705,0.47574192975897933,-0.2257818886852265,0.0966839215733833
23.46,8.662019523054273,-3.8600329318971367,1.7008251144549833,2.581697430072688,-0.37580379124842433,1.8356342631616995,-0.2830776669137502,0.45351149235672344,0.02976889417074739,0.02491279361643455,0.009502046050861409,0.03378575051524327,0.03440323397372407,0.47576789993746926,-0.22580410374023271,0.0966914597483363
23.47,8.666777202053648,-3.862290972934539,1.7017920290524666,2.582039596168727,-0.37606373835743173,1.8353807672417823,-0.282950734626018,0.4536400143403371,0.0296245006355161,0.02489339249203726,0.009500719831622836,0.033761944807233775,0.03436862768103577,0.4757938422572114,-0.22582629918733693,0.09669898727225373
23.48,8.67153514047622,-3.8645492359264124,1.702759018925189,2.582381597331906,-0.3763234671646021,1.8351273590394457,-0.2828238233400569,0.45376836243701435,0.029480175373507726,0.02487400865542539,0.009499388261976582,0.03373814852840086,0.034334056508427406,0.4758197567483672,-0.22584847504310565,0.09670650415633078
23.490000000000002,8.676293338043703,-3.8668077206768436,1.7037260839667525,2.5827234336043845,-0.3765829778163011,1.8348740386379065,-0.28269693318307537,0.45389653682898373,0.029335918428573755,0.02485464208456492,0.009498051342110576,0.03371436169307413,0.034299520420091247,0.47584564344106545,-0.22587063132408847,0.09671401041175604
23.5,8.681051794478114,-3.8690664269900847,1.70469322407087,2.5830651050282474,-0.37684227045885643,1.8346208061201081,-0.2825700642819589,0.45402453769842094,0.02919172984437585,0.024835292757466394,0.00949670907226996,0.033690584315534525,0.03426501938025754,0.4758715023654015,-0.2258927680468178,0.09672150604971207
23.51,8.685810509501767,-3.871325354670553,1.7056604391313672,2.583406611645507,-0.37710134523855743,1.8343676615687203,-0.2824432167632705,0.4541523652274481,0.029047609664386034,0.024815960652184825,0.009495361452756788,0.03366681641001436,0.03423055335319538,0.47589733355143826,-0.22591488522780917,0.09672899108137487
23.52,8.690569482837281,-3.873584503522831,1.706627729042181,2.583747953498102,-0.37736020230165546,1.8341146050661405,-0.2823163907532511,0.4542800195981336,0.028903557931886897,0.024796645746819588,0.00949400848392973,0.03364305799069736,0.03419612230321194,0.4759231370292055,-0.2259369828835607,0.09673646551791423
23.53,8.695328714207573,-3.8758438733516667,1.70759509369736,2.5840891306279,-0.37761884179436384,1.8338616366944938,-0.2821895863778202,0.4544075009924914,0.028759574689971788,0.024777348019514304,0.009492650166203771,0.033619309071718756,0.034161726194652714,0.47594891282870017,-0.22595906103055405,0.09674392937049363
23.54,8.70008820333586,-3.8781034639619723,1.708562532991065,2.5844301430766965,-0.3778772638628578,1.833608756535634,-0.2820628037625762,0.45453480959248094,0.028615659981545024,0.02475806744845674,0.009491286500049916,0.03359556966716529,0.03412736499190145,0.47597466097988655,-0.2259811196852537,0.09675138265027028
23.55,8.704847949945659,-3.8803632751588246,1.7095300468175676,2.5847709908862155,-0.37813546865327463,1.8333559646711446,-0.28193604303279707,0.4546619455800065,0.02847181384932209,0.02473880401187869,0.009489917485994892,0.033571839791075295,0.034093038659380126,0.47600038151269597,-0.22600315886410718,0.0967588253683947
23.56,8.709607953760786,-3.882623306747466,1.7104976350712515,2.5851116740981106,-0.3783934563117136,1.8331032611823386,-0.28180930431344065,0.4547889091369169,0.02832803633582984,0.024719557688055876,0.009488543124620857,0.033548119457438755,0.034058747161548796,0.47602607445702705,-0.22602517858354532,0.09676625753601145
23.57,8.714368214505356,-3.8848835585333013,1.7114652976466116,2.585452192753965,-0.37865122698423614,1.8328506461502596,-0.28168258772914534,0.454915700445005,0.028184327483406695,0.024700328455307848,0.009487163416565102,0.033524408680197335,0.03402449046290547,0.47605173984274596,-0.22604717885998218,0.0967736791642586
23.580000000000002,8.719128731903783,-3.887144030321901,1.7124330344382541,2.5857925468952914,-0.3789087808168656,1.8325981196556829,-0.28155589340423043,0.4550423196860075,0.028040687334202855,0.024681116291997863,0.009485778362519761,0.033500707473244455,0.033990268527986305,0.4760773776996857,-0.2260691597098151,0.09678109026426797
23.59,8.72388950568078,-3.889404721918999,1.7134008453408969,2.5861327365635347,-0.37916611795558747,1.8323456817791153,-0.2814292214626967,0.4551687670416042,0.027897115930180495,0.02466192117653278,0.00948438796323152,0.03347701585042533,0.03395608132136556,0.47610298805764734,-0.22609112114942437,0.09678849084716465
23.6,8.728650535561357,-3.8916656331304935,1.7143687302493684,2.5864727618000702,-0.3794232385463495,1.8320933326007964,-0.2813025720282269,0.4552950426934179,0.027753613313113983,0.02464274308736297,0.009482992219501324,0.03345333382553704,0.03392192880765514,0.4761285709463987,-0.22611306319517382,0.09679588092406771
23.61,8.73341182127082,-3.8939267637624453,1.715336689058609,2.5868126226462045,-0.3796801427350615,1.831841072200699,-0.2811759452241861,0.45542114682301393,0.027610179524590068,0.024623582002982185,0.009481591132184091,0.03342966141232857,0.03388781095150505,0.4761541263956755,-0.2261349858634108,0.09680326050608981
23.62,8.738173362534777,-3.896188113621079,1.71630472166367,2.5871523191431773,-0.3799368306675955,1.8315889006585295,-0.2810493411736224,0.4555470796118996,0.027466814606008097,0.024604437901927477,0.009480184702188421,0.03340599862450088,0.0338537277176029,0.4761796544351805,-0.22615688917046578,0.09681062960433691
23.63,8.74293515907913,-3.898449682512784,1.7172728279597134,2.5874918513321603,-0.3801933024897856,1.831336818053729,-0.2809227599992673,0.4556728412415241,0.027323518598580225,0.024585310762779068,0.00947877293047631,0.03338234547570695,0.03381967907067428,0.4762051550945846,-0.22617877313265267,0.09681798822990896
23.64,8.747697210630076,-3.9007114702441106,1.7182410078420125,2.5878312192542583,-0.3804495583474284,1.8310848244654736,-0.28079620182353615,0.4557984318932776,0.02718029154333161,0.024566200564160263,0.009477355818062866,0.03335870197955182,0.03378566497548226,0.4762306284035254,-0.22620063776626903,0.09682533639389937
23.650000000000002,8.752459516914112,-3.9029734766217734,1.7192092612059515,2.58817042295051,-0.38070559838628243,1.8308329199726752,-0.2806696667685288,0.45592385174849154,0.02703713348110064,0.02454710728473734,0.009475933366016017,0.03333506814959268,0.03375168539682785,0.476256074391609,-0.22622248308759574,0.09683267410739489
23.66,8.757222077658028,-3.9052357014526495,1.7201775879470256,2.588509462461888,-0.38096142275206873,1.830581104653982,-0.2805431549560298,0.45604910098843765,0.02689404445253912,0.02452803090321944,0.009474505575456238,0.033311443999338906,0.033717740299549374,0.4762814930884085,-0.22624430911289728,0.09684000138147635
23.67,8.761984892588913,-3.9074981445437786,1.7211459879608404,2.5888483378292997,-0.3812170315904705,1.830329378587779,-0.2804166665075094,0.4561741797943278,0.0267510244981125,0.024508971398358465,0.009473072447556257,0.03328782954225212,0.03368382964852298,0.4763068845234648,-0.2262661158584219,0.09684731822721761
23.68,8.766747961434147,-3.909760805702363,1.7221144611431125,2.589187049093587,-0.3814724250471333,1.8300777418521894,-0.28029020154412343,0.4562990883473136,0.026608073658100077,0.024489928748948977,0.00947163398354078,0.03326422479174625,0.03364995340866208,0.47633224872628666,-0.22628790334040114,0.0968546246556865
23.69,8.77151128392141,-3.912023684735767,1.7230830073896695,2.5895255962955277,-0.38172760326766497,1.8298261945250742,-0.28016376018671413,0.456423826828486,0.026465191972595205,0.024470902933828087,0.00947019018468621,0.03324062976118755,0.03361611154491792,0.47635758572635034,-0.22630967157505044,0.09686192067794423
23.7,8.776274859778672,-3.9142867814515174,1.724051626596449,2.5898639794758354,-0.3819825663976358,1.8295747366840336,-0.2800373425558107,0.4565483954188749,0.02632237948150551,0.024451893931875354,0.009468741052320366,0.03321704446389473,0.033582304022278665,0.47638289555309987,-0.22633142057856873,0.09686920630504568
23.71,8.781038688734203,-3.916550095657303,1.7250203186594995,2.5902021986751604,-0.38223731458257826,1.829323368406407,-0.27991094877162953,0.4566727942994487,0.026179636224553098,0.024432901722012686,0.009467286587822199,0.03319346891313895,0.033548530805770325,0.47640817823594755,-0.2263531503671386,0.09687648154803893
23.72,8.785802770516563,-3.9188136271609744,1.7259890834749798,2.5905402539340896,-0.3824918479679873,1.829072089769274,-0.279784578954075,0.4567970236511141,0.026036962241274775,0.024413926283204226,0.009465826792621524,0.03316990312214389,0.033514791860455806,0.4764334338042727,-0.22637486095692683,0.0968837464179661
23.73,8.790567104854606,-3.9210773757705435,1.7269579209391595,2.590878145293147,-0.38274616669932027,1.828820900849455,-0.27965823322273964,0.4569210836547154,0.025894357571022257,0.02439496759445626,0.009464361668198739,0.033146347104085844,0.03348108715143553,0.4764586622874233,-0.2263965523640837,0.09689100092586254
23.740000000000002,8.79533169147748,-3.923341341294184,1.7279268309484181,2.5912158727927945,-0.3830002709219969,1.8285698017235117,-0.27953191169690483,0.4570449744910345,0.025751822252962377,0.024376025634817097,0.009462891216084547,0.03312280087209371,0.03344741664384701,0.4764838637147146,-0.22641822460474317,0.09689824508275727
23.75,8.800096530114628,-3.9256055235402316,1.7288958133992458,2.5915534364734327,-0.38325416078139934,1.8283187924677478,-0.27940561449554124,0.4571686963407901,0.02560935632607731,0.024357100383376993,0.009461415437859685,0.033099264439249126,0.033413780302865084,0.4765090381154301,-0.22643987769502352,0.0969054788996727
23.76,8.804861620495782,-3.927869922317182,1.7298648681882425,2.5918908363754007,-0.3835078364228722,1.8280678731582094,-0.27927934173730934,0.45729224938463775,0.02546695982916479,0.02433819181926802,0.009459934335154649,0.03307573781858646,0.03338017809370156,0.47653418551882143,-0.22646151165102651,0.09691270238762478
23.77,8.80962696235097,-3.9301345374336925,1.7308339952121188,2.5922280725389766,-0.38376129799172237,1.8278170438706862,-0.27915309354055984,0.4574156338031691,0.02532463280083831,0.02431929992166398,0.00945844790964942,0.03305222102309291,0.03334660998160513,0.47655930595410784,-0.22648312648883798,0.09691991555762298
23.78,8.814392555410512,-3.9323993686985808,1.731803194367695,2.5925651450043783,-0.38401454563321946,1.8275663046807114,-0.27902687002333415,0.4575388497769117,0.02518237527952735,0.024300424669780295,0.0094569561630732,0.03302871406570854,0.03331307593186197,0.4765843994504769,-0.2265047222245278,0.09692711842067028
23.79,8.819158399405017,-3.934664415920826,1.7327724655519017,2.592902053811763,-0.3842675794925953,1.8273156556635626,-0.27890067130336493,0.45766189748632874,0.0250401873034776,0.02428156604287391,0.00945545909720413,0.03300521695932636,0.03327957590979479,0.4766094660370842,-0.22652629887414988,0.09693431098776333
23.8,8.823924494065388,-3.9369296789095674,1.7337418086617793,2.59323879900123,-0.38452039971504437,1.8270650968942623,-0.2787744974980766,0.4577847771118183,0.024898068910751164,0.024262724020243192,0.00945395671386903,0.032981729716792356,0.033246109880763486,0.4766345057430536,-0.22654785645374212,0.09694149326989189
23.81,8.828690839122817,-3.9391951574741046,1.7347112235944782,2.593575380612818,-0.3847730064457235,1.826814628447579,-0.27864834872458566,0.45790748883371335,0.024756020139226793,0.02424389858122782,0.009452449014943125,0.032958252350905576,0.03321267781016456,0.47665951859747646,-0.22656939497932635,0.09694866527803941
23.82,8.833457434308793,-3.941460851423898,1.7356807102472585,2.593911798686508,-0.3850253998297521,1.826564250398027,-0.2785222250997014,0.4580300328322812,0.024614041026600086,0.024225089705208692,0.009450936002349784,0.03293478487441818,0.033179279663431656,0.47668450462941325,-0.2265909144669089,0.09695582702318294
23.830000000000002,8.838224279355087,-3.943726760568567,1.7366502685174903,2.594248053262222,-0.385277580012212,1.8263139628198675,-0.27839612673992625,0.4581524092877232,0.024472131610383727,0.02420629737160782,0.009449417678060243,0.03291132730003548,0.033145915406034794,0.4767094638678918,-0.22661241493248,0.09696297851629289
23.84,8.842991373993765,-3.945992884717892,1.7376198983026532,2.5945841443798257,-0.3855295471381477,1.826063765787109,-0.27827005376145625,0.4582746183801743,0.024330291927907692,0.02418752155988823,0.009447894044093352,0.032887879640416035,0.03311258500348111,0.47673439634190906,-0.2266338963920141,0.096970119768333
23.85,8.847758717957184,-3.948259223681812,1.7385895995003364,2.5949200720791263,-0.385781301352566,1.8258136593735084,-0.27814400628018165,0.4583966602897027,0.024188522016319478,0.02416876224955386,0.009446365102515304,0.032864441908171685,0.03307928842131396,0.4767593020804294,-0.22665535886146976,0.09697725079026046
23.86,8.85252631097799,-3.9505257772704265,1.739559372008239,2.5952558363998746,-0.38603284280043637,1.8255636436525706,-0.27801798441168724,0.4585185351963095,0.024046821912584324,0.02415001942014946,0.009444830855439368,0.032841014115867616,0.03304602562511368,0.47678418111238596,-0.22667680235679014,0.09698437159302621
23.87,8.857294152789112,-3.9527925452939945,1.7405292157241692,2.595591437381765,-0.3862841716266907,1.8253137186975503,-0.2778919882712529,0.4586402432799282,0.023905191653485425,0.02413129305126049,0.009443291305025638,0.032817596276022425,0.033012796580497286,0.4768090334666805,-0.2266982268939022,0.09699148218757436
23.88,8.862062243123779,-3.9550595275629337,1.741499130546045,2.5959268750644355,-0.3865352879762235,1.8250638845814515,-0.2777660179738541,0.45876178472042467,0.023763631275624163,0.024112583122513027,0.00944174645348076,0.03279418840110817,0.03297960125311785,0.4768338591721825,-0.22671963248871765,0.09699858258484254
23.89,8.8668305817155,-3.957326723887821,1.7424691163718935,2.59626214948747,-0.38678619199389175,1.8248141413770285,-0.2776400736341624,0.45888315969759647,0.023622140815420325,0.024093889613573654,0.00944019630305768,0.032770790503550445,0.032946439608665216,0.4768586582577304,-0.22674101915713246,0.09700567279576183
23.900000000000002,8.871599168298077,-3.959594134079392,1.743439173099851,2.596597260690395,-0.38703688382451495,1.8245644891567867,-0.27751415536654583,0.4590043683911726,0.02348072030911233,0.02407521250414937,0.009438640856055374,0.03274740259572843,0.03291331161286567,0.4768834307521309,-0.22676238691502698,0.0970127528312567
23.91,8.876368002605599,-3.9618617579485425,1.7444093006281636,2.5969322087126847,-0.3872873636128752,1.8243149279929831,-0.2773882632850696,0.45912541098081305,0.023339369792757445,0.024056551773987484,0.009437080114818606,0.03272402468997494,0.03288021723148181,0.4769081766841593,-0.22678373577826588,0.09701982270224496
23.92,8.88113708437244,-3.964129595306325,1.745379498855186,2.5972669935937573,-0.3875376315037171,1.8240654579576268,-0.2772623975034963,0.4592462876461086,0.023198089302232022,0.024037907402875522,0.009435514081737657,0.03270065679857653,0.032847156430312406,0.4769328960825592,-0.2268050657626984,0.09702688241963808
23.93,8.885906413333267,-3.966397645963952,1.7463497676793824,2.5976016153729784,-0.3877876876417478,1.8238160791224791,-0.2771365581352864,0.4593669985665803,0.023056878873231716,0.02401927937064112,0.009433942759248073,0.032677298933773496,0.03281412917519282,0.47695758897604285,-0.22682637688415835,0.09703393199434063
23.94,8.890675989223027,-3.968665909732793,1.7473201069993258,2.597936074089659,-0.388037532171637,1.8235667915590552,-0.2770107452935991,0.4594875439216793,0.022915738541271706,0.02400066765715193,0.00943236614983041,0.032653951107759975,0.032781135431994554,0.4769822553932914,-0.22684766915846397,0.09704097143725082
23.95,8.895445811776959,-3.970934386424378,1.7482905167136984,2.5982703697830587,-0.38828716523801693,1.8233175953386236,-0.2768849590912923,0.4596079238907862,0.02277466834168693,0.023982072242315522,0.009430784256009976,0.03263061333268401,0.032748175166625086,0.4770068953629542,-0.22686894260141802,0.09704800075925998
23.96,8.900215880730588,-3.973203075850392,1.749260996721291,2.598604502492383,-0.3885365869854823,1.8230684905322074,-0.27675919964092344,0.459728138653211,0.02263366830963231,0.023963493106079287,0.009429197080356586,0.032607285620647575,0.03271524834502828,0.4770315089136495,-0.22689019722880802,0.09705501997125313
23.97,8.904986195819724,-3.97547197782268,1.7502315469210037,2.598938472256787,-0.3887857975585905,1.8228194772105848,-0.2766334670547498,0.4598481883881926,0.022492738480082968,0.02394493022843033,0.0094276046254843,0.03258396798370668,0.03268235493318398,0.4770560960739641,-0.22691143305640593,0.09706202908410834
23.98,8.909756756780464,-3.977741092153244,1.7512021672118447,2.599272279115372,-0.3890347971018613,1.822570555444289,-0.27650776144472905,0.4599680732748984,0.022351878887834475,0.023926383589395382,0.00942600689405118,0.032560660433871395,0.032649494897108,0.4770806568724539,-0.22693265009996857,0.09706902810869739
23.990000000000002,8.91452756334919,-3.9800104186542438,1.7521728574929316,2.5996059231071897,-0.3892835857597771,1.8223217253036101,-0.27638208292251976,0.4600877934924241,0.02221108956750306,0.0239078531690407,0.009424403888759026,0.03253736298310595,0.03261666820285234,0.4771051913376431,-0.22695384837523733,0.09707601705588532
24.0,8.919298615262566,-3.982279957137996,1.7531436176634905,2.5999394042712405,-0.38953216367678284,1.8220729868585943,-0.2762564315994818,0.4602073492197932,0.022070370553525842,0.023889338947471965,0.009422795612353145,0.03251407564332877,0.032583874816504835,0.477129699498025,-0.22697502789793833,0.09708299593653026
24.01,8.924069912257545,-3.9845497074169756,1.7541144476228558,2.6002727226464737,-0.3897805309972859,1.821824340179045,-0.27613080758667685,0.4603267406359567,0.021929721880161075,0.023870840904834188,0.009421182067622087,0.032490798426412525,0.032551114704189185,0.4771541813820615,-0.2269961886837826,0.09708996476148413
24.02,8.928841454071366,-3.9868196693038134,1.7550853472704706,2.60060587827179,-0.39002868786565614,1.8215757853345236,-0.27600521099486885,0.4604459679197927,0.021789143581488354,0.023852359021311612,0.009419563257397403,0.03246753134418423,0.03251838783206501,0.4771786370181837,-0.2270173307484659,0.09709692354159175
24.03,8.933613240441547,-3.989089842611298,1.7560563165058864,2.6009388711860386,-0.3902766344262262,1.8213273223943498,-0.2758796419345245,0.4605650312501062,0.021648635691408864,0.02383389327712762,0.009417939184553399,0.03244427440842529,0.03248569416632766,0.4772030664347913,-0.2270384541076685,0.09710387228769163
24.04,8.938385271105895,-3.9913602271523745,1.7570273552287634,2.601271701428021,-0.3905243708232909,1.8210789514276022,-0.27575410051581384,0.46068393080562875,0.0215081982436456,0.02381544365254463,0.009416309852006888,0.03242102763087155,0.03245303367320857,0.4772274696602533,-0.22705955877705622,0.09711081101061553
24.05,8.943157545802498,-3.993630822740145,1.7579984633388697,2.6016043690364894,-0.3907718972011078,1.820830672503119,-0.27562858684861047,0.46080266676501774,0.021367831271743604,0.023797010127864004,0.00941467526271695,0.032397791023213364,0.03242040631897428,0.47725184672290705,-0.2270806447722791,0.09711773972118845
24.060000000000002,8.947930064269727,-3.9959016291878675,1.7589696407360815,2.601936874050147,-0.39101921370389675,1.8205824856894979,-0.27550310104249226,0.4609212393068566,0.021227534809070192,0.02377859268342595,0.009413035419684678,0.03237456459709569,0.03238781206992751,0.4772761976510596,-0.22710171210897248,0.09712465843022886
24.07,8.952702826246238,-3.9981726463089573,1.759940887320384,2.60226921650765,-0.3912663204758403,1.8203343910550978,-0.27537764320674174,0.46103964860965396,0.021087308888815194,0.023760191299609424,0.009411390325952946,0.03235134836411809,0.032355250892406456,0.47730052247298654,-0.22712276080275667,0.0971315671485484
24.080000000000002,8.957475831470967,-4.000443873916985,1.7609122029918693,2.6026013964476067,-0.3915132176610834,1.8200863886680383,-0.27525221345034656,0.4611578948518438,0.020947153543991178,0.023741805956832042,0.009409739984606157,0.03232814233583487,0.03232272275278471,0.47732482121693265,-0.22714379086923675,0.09713846588695202
24.09,8.962249079683136,-4.0027153118256775,1.7618835876507388,2.602933413908578,-0.39175990540373334,1.819838478596201,-0.275126811882,0.4612759782117846,0.020807068807433684,0.023723436635549978,0.009408084398770014,0.03230494652375507,0.03229022761747171,0.47734909391111224,-0.227164802324003,0.09714535465623805
24.1,8.967022570622248,-4.004986959848917,1.7628550411973012,2.6032652689290776,-0.3920063838478601,1.8195906609072294,-0.2750014386101014,0.46139389886775944,0.020667054711801466,0.023705083316257862,0.009406423571611268,0.03228176093934256,0.03225776545291228,0.47737334058370823,-0.22718579518263057,0.09715223346719808
24.11,8.971796304028086,-4.007258817800744,1.7638265635319732,2.6035969615475736,-0.3922526531374959,1.81934293566853,-0.2748760937427567,0.46151165699797536,0.020527111289576714,0.0236867459794887,0.009404757506337482,0.03225858559401613,0.032225336225586286,0.4773975612628727,-0.22720676946068002,0.09715910233061717
24.12,8.976570279640715,-4.009530885495351,1.7647981545552793,2.603928491802488,-0.39249871341663556,1.8190953029472723,-0.27475077738777876,0.46162925278056316,0.0203872385730653,0.02366842460581377,0.009403086206196797,0.03223542049914949,0.03219293990200962,0.4774217559767275,-0.22722772517369683,0.09716596125727335
24.13,8.981344497200482,-4.011803162747087,1.7657698141678522,2.604259859732197,-0.39274456482923625,1.8188477628103898,-0.27462548965268807,0.461746686393577,0.020247436594397,0.023650119175842532,0.00940140967447769,0.03221226566607141,0.032160576448733054,0.477445924753363,-0.22724866233721153,0.09717281025793797
24.14,8.986118956448015,-4.01407564937046,1.7667415422704316,2.6045910653750313,-0.39299020751921754,1.8186003153245807,-0.2745002306447131,0.46186395801499425,0.02010770538552575,0.023631829670222523,0.00939972791450874,0.03218912110606572,0.03212824583234283,0.4774700676208395,-0.22726958096673996,0.09717964934337593
24.150000000000002,8.990893657124223,-4.016348345180127,1.7677133387638653,2.6049221087692773,-0.39323564163046143,1.8183529605563078,-0.2743750004707906,0.4619810678227148,0.01996804497822986,0.023613556069639274,0.009398040929658388,0.032165986830371404,0.032095948019460425,0.4774941846071862,-0.22729048107778319,0.09718647852434525
24.16,8.995668598970296,-4.018621249990905,1.7686852035491087,2.605252989953177,-0.3934808673068123,1.8181056985717992,-0.2742497992375664,0.46209801599456113,0.019828455404112256,0.023595298354816212,0.00939634872333471,0.03214286285018267,0.03206368297674257,0.47751827574040173,-0.2273113626858276,0.09719329781159722
24.17,9.0004437817277,-4.020894363617763,1.7696571365272247,2.6055837089649274,-0.3937258846920769,1.8178585294370493,-0.2741246270513957,0.46221480270827764,0.01968893669460073,0.023577056506514565,0.009394651298985176,0.03211974917664899,0.03203145067088103,0.47754234104845406,-0.22733222580634463,0.09720010721587634
24.18,9.005219205138184,-4.023167685875826,1.7706291375993835,2.6059142658426833,-0.39397069393002443,1.8176114532178191,-0.2739994840183434,0.4623314281415306,0.019549488880948162,0.02355883050553327,0.009392948660096418,0.03209664582087519,0.03199925106860284,0.4775663805592809,-0.22735307045479114,0.09720690674792046
24.19,9.009994868943776,-4.025441216580374,1.7716012066668627,2.6062446606245553,-0.39421529516438636,1.8173644699796365,-0.273874370244185,0.4624478924719076,0.01941011199423276,0.023540620332708883,0.009391240810194006,0.03207355279392148,0.03196708413666987,0.47759039430078887,-0.2273738966466093,0.09721369641846042
24.2,9.014770772886784,-4.02771495554684,1.7725733436310473,2.6065748933486113,-0.39445968853885643,1.8171175797877968,-0.27374928583440655,0.46256419587691733,0.019270806065358307,0.023522425968915472,0.009389527752842203,0.032050470106803584,0.031934949841879265,0.47761438230085446,-0.22739470439722687,0.0972204762382206
24.21,9.019546916709793,-4.029988902590812,1.7735455483934295,2.6069049640528767,-0.39470387419709085,1.8168707827073638,-0.2736242308942055,0.46268033853398927,0.019131571125054387,0.023504247395064543,0.009387809491643747,0.032027397770492724,0.03190284815106303,0.4776383445873235,-0.22741549372205666,0.09722724621791856
24.22,9.024323300155666,-4.0322630575280325,1.7745178208556087,2.607234872775335,-0.394947852282708,1.8166240788031696,-0.273499205528491,0.4627963206204733,0.018992407203876637,0.023486084592104932,0.009386086030239615,0.032004335795915745,0.03187077903108814,0.4776622811880115,-0.22743626463649716,0.09723400636826501
24.23,9.029099922967546,-4.034537420174398,1.7754901609192915,2.607564619553928,-0.3951916229392886,1.8163774681398157,-0.2733742098418843,0.4629121423136395,0.018853314332206977,0.023467937541022724,0.009384357372308796,0.03198128419395514,0.031838742448856504,0.4776861921307034,-0.22745701715593214,0.09724075669996389
24.240000000000002,9.033876784888854,-4.036811990345957,1.7764625684862911,2.607894204426556,-0.39543518631037566,1.8161309507816734,-0.2732492439387196,0.46302780379067754,0.018714292540253846,0.02344980622284115,0.009382623521568068,0.031958242975449164,0.0318067383713047,0.47771007744315375,-0.22747775129573095,0.09724749722371233
24.25,9.038653885663285,-4.039086767858914,1.7774350434585282,2.6082236274310784,-0.3956785425394744,1.815884526792884,-0.2731243079230439,0.4631433052286968,0.018575341858052458,0.023431690618620497,0.009380884481771762,0.03193521215119184,0.031774766765404194,0.4777339371530868,-0.22749846707124832,0.09725422795020067
24.26,9.043431225034816,-4.041361752529627,1.7784075857380301,2.6085528886053133,-0.3959216917700522,1.8156381962373598,-0.27299940189861804,0.4632586468047256,0.01843646231546503,0.02341359070945803,0.009379140256711545,0.03191219173193307,0.03174282759816144,0.4777577712881967,-0.22751916449782494,0.09726094889011264
24.27,9.048208802747698,-4.043636944174605,1.7793801952269312,2.60888198798704,-0.3961646341455389,1.8153919591787837,-0.27287452596891687,0.4633738286957113,0.01829765394218102,0.023395506476487877,0.00937739085021619,0.03188918172837868,0.0317109208366171,0.47778157987614683,-0.22753984359078658,0.09726766005412492
24.28,9.05298661854646,-4.045912342610514,1.7803528718274726,2.6092109256139966,-0.39640736980932617,1.8151458156806113,-0.27274968023712975,0.4634888510785196,0.018158916767717383,0.023377437900880958,0.009375636266151356,0.03186618215119049,0.03167904644784695,0.47780536294457066,-0.22756050436544498,0.09727436145290765
24.29,9.057764672175905,-4.048187947654168,1.7813256154420016,2.6095397015238824,-0.3966498989047682,1.81489976580607,-0.27262486480616105,0.46360371412993445,0.0180202508214188,0.023359384963844876,0.009373876508419358,0.03184319301098638,0.03164720439896122,0.47782912052107135,-0.2275811468370973,0.09728105309712391
24.3,9.062542963381116,-4.050463759122539,1.7822984259729728,2.6098683157543574,-0.3968922215751811,1.8146538096181597,-0.27250007977863067,0.4637184180266577,0.017881656132457922,0.023341347646623843,0.009372111580958953,0.03182021431834036,0.0316153946571047,0.4778528526332219,-0.22760177102102647,0.09728773499743015
24.310000000000002,9.067321491907448,-4.052739776832749,1.783271303322947,2.610196768343043,-0.39713433796384323,1.8144079471796544,-0.27237532525687436,0.46383296294530874,0.017743132729835617,0.02332332593049858,0.009370341487745112,0.03179724608378263,0.031583617189456695,0.477876559308565,-0.22762237693250098,0.09729440716447582
24.32,9.072100257500534,-4.055016000602074,1.7842442473945919,2.610525059327523,-0.397376248213995,1.8141621785531012,-0.2722506013429444,0.4639473490624242,0.017604680642381212,0.023305319796786222,0.009368566232788806,0.031774288317799645,0.031551871963231136,0.47790024057461344,-0.2276429645867753,0.09730106960890349
24.330000000000002,9.07687925990628,-4.057292430247942,1.7852172580906809,2.6108531887453412,-0.39761795246883885,1.813916503800822,-0.27212590813860976,0.46406157655445773,0.01746629989875273,0.02328732922684024,0.009366785820136777,0.03175134103083419,0.03152015894567613,0.47792389645884986,-0.2276635339990894,0.09730772234134925
24.34,9.081658498870867,-4.059569065587932,1.7861903353140944,2.6111811566340055,-0.39785945087153946,1.8136709229849133,-0.2720012457453569,0.4641756455977796,0.017327990527437144,0.023269354202050337,0.009365000253871329,0.03172840423328544,0.03148847810407446,0.47794752698872656,-0.22768408518466926,0.09731436537244215
24.35,9.086437974140754,-4.061845906439779,1.7871634789678188,2.611508963030986,-0.3981007435652234,1.813425436167247,-0.2718766142643899,0.4642895563686763,0.01718975255675061,0.023251394703842368,0.009363209538110102,0.03170547793550902,0.03145682940574312,0.4779711321916663,-0.22770461815872653,0.09732099871280432
24.36,9.09121768546267,-4.064122952621366,1.7881366889549468,2.611836607973715,-0.3983418306929793,1.813180043409471,-0.27175201379663133,0.4644033090433505,0.017051586014838718,0.023233450713678244,0.009361413677005864,0.03168256214781709,0.031425212818033454,0.47799471209506134,-0.2277251329364587,0.09732762237305122
24.37,9.09599763258362,-4.066400203950731,1.7891099651786773,2.6121640914995905,-0.3985827123978578,1.8129347447730093,-0.2716274444427223,0.4645169037979204,0.016913490929676738,0.02321552221305585,0.009359612674746281,0.031659656880478386,0.03139362830833101,0.47801826672627445,-0.22774562953304914,0.09733423636379114
24.38,9.100777815250883,-4.0686776602460615,1.7900833075423153,2.612491413645972,-0.3988233888228715,1.812689540319063,-0.27150290630302315,0.46463034080841975,0.016775467329069864,0.02319760918350894,0.009357806535553717,0.03163676214371832,0.03136207584405574,0.47804179611263814,-0.22776610796366714,0.09734084069562587
24.39,9.105558233212008,-4.070955321325698,1.7910567159492716,2.612818574450184,-0.39906386011099493,1.8124444301086107,-0.27137839947761383,0.46474362025079735,0.01663751524065345,0.023179711606607076,0.00935599526368501,0.03161387794771901,0.031330555392661504,0.4780653002814551,-0.22778656824346788,0.09734743537915024
24.400000000000002,9.110338886214823,-4.073233187008133,1.792030190303063,2.613145573949516,-0.3993041264051645,1.8121994142024083,-0.2712539240662945,0.4648567423009168,0.016499634691893274,0.0231618294639555,0.00935417886343126,0.03159100430261939,0.031299066921636524,0.47808877925999826,-0.2278070103875925,0.09735402042495202
24.41,9.115119774007423,-4.075511257112009,1.7930037305073125,2.613472412181222,-0.3995441878482786,1.8119544926609903,-0.2711294801685858,0.46496970713455615,0.016361825710085764,0.02314396273719508,0.009352357339117616,0.031568141218515214,0.031267610398503023,0.47811223307551043,-0.22782743441116832,0.09736059584361238
24.42,9.119900896338178,-4.07778953145612,1.7939773364657488,2.6137990891825202,-0.3997840445831975,1.8117096655446703,-0.27100506788372936,0.46508251492740776,0.016224088322358263,0.023126111408002203,0.009350530695103066,0.03154528870545919,0.031236185790817318,0.4781356617552051,-0.22784784032930852,0.09736716164570537
24.43,9.124682252955731,-4.0800680098594135,1.7949510080822058,2.6141256049905963,-0.4000236967527432,1.811464932913541,-0.27088068731068843,0.4651951658550778,0.01608642255566926,0.02310827545808869,0.009348698935780221,0.03152244677346101,0.031204793066169623,0.47815906532626573,-0.2278682281571121,0.09737371784179834
24.44,9.129463843608994,-4.082346692140985,1.7959247452606237,2.6144519596426004,-0.4002631444996995,1.8112202948274754,-0.2707563385481481,0.46530766009308605,0.01594882843680865,0.02309045486920171,0.009346862065575114,0.031499615432487436,0.03117343219218417,0.47818244381584585,-0.22788859790966445,0.09738026444245175
24.45,9.134245668047152,-4.0846255781200815,1.7968985479050483,2.6147781531756498,-0.40050238796681215,1.810975751346126,-0.27063202169451595,0.4654199978168656,0.015811305992397974,0.023072649623123696,0.009345020088946977,0.03147679469246233,0.031142103136519297,0.4782057972510696,-0.22790894960203686,0.09738680145821885
24.46,9.139027726019663,-4.086904667616102,1.7978724159196304,2.615104185626828,-0.40074142729678847,1.8107313025289267,-0.2705077368479223,0.46553217920176254,0.01567385524889067,0.02305485970167224,0.009343173010388044,0.03145398456326678,0.031110805866866834,0.4782291256590313,-0.22792928324928685,0.09739332889964643
24.47,9.143810017276254,-4.089183960448595,1.7988463492086268,2.6154300570331848,-0.40098026263229763,1.8104869484350923,-0.27038348410622093,0.4656442044230357,0.015536476232572314,0.02303708508670003,0.00934132083442334,0.03143118505473911,0.031079540350952777,0.4782524290667957,-0.22794959886645824,0.09739984677727412
24.48,9.148592541566922,-4.09146345643726,1.7998203476763996,2.615755767431739,-0.40121889411597045,1.8102426891236199,-0.2702592635669893,0.4657560736558563,0.015399168969560883,0.023019325760094744,0.009339463565610467,0.03140839617667499,0.031048306556536825,0.47827570750139803,-0.22796989646858062,0.09740635510163456
24.490000000000002,9.153375298641937,-4.093743155401945,1.800794411227416,2.616081316859476,-0.40145732189039945,1.8099985246532884,-0.27013507532752923,0.4658677870753077,0.01526193348580699,0.023001581703778966,0.009337601208539409,0.031385617938827486,0.031017104451412397,0.47829896098984365,-0.22799017607067015,0.09741285388325367
24.5,9.158158288251835,-4.096023057162652,1.8017685397662484,2.6164067053533486,-0.40169554609813873,1.8097544550826596,-0.2700109194848671,0.465979344856385,0.01512476980709414,0.022983852899710104,0.00933573376783232,0.03136285035090712,0.03098593400340647,0.47832218955910866,-0.2280104376877291,0.09741934313265044
24.51,9.162941510147427,-4.09830316153953,1.802742733197575,2.6167319329502794,-0.401933566881704,1.809510480470079,-0.26988679613575456,0.46609074717399496,0.014987677959038976,0.022966139329880304,0.009333861248143314,0.03134009342258196,0.030954795180380038,0.47834539323613956,-0.22803068133474577,0.09742582286033674
24.52,9.167724964079788,-4.100583468352878,1.8037169914261784,2.617056999687158,-0.40217138438357264,1.809266600873675,-0.26976270537666885,0.4662019942029556,0.014850657967091533,0.022948440976316355,0.009331983654158276,0.031317347163477664,0.030923687950227503,0.4783685720478534,-0.22805090702669528,0.0974322930768178
24.53,9.172508649800267,-4.102863977423144,1.8046913143569465,2.617381905600845,-0.40240899874618347,1.8090228163513609,-0.2696386473038132,0.4663130861179959,0.014713709856535485,0.02293075782107961,0.009330100990594647,0.03129461158317756,0.030892612280876693,0.4783917260211378,-0.22807111477853861,0.09743875379259169
24.54,9.177292567060478,-4.10514468857093,1.8056657018948725,2.6177066507281683,-0.4026464101119368,1.808779126960834,-0.2695146220131175,0.46642402309375536,0.014576833652488396,0.022913089846265902,0.009328213262201223,0.031271886691222724,0.030861568140289064,0.4784148551828507,-0.2280913046052232,0.09744520501814949
24.55,9.182076715612306,-4.107425601616982,1.806640153945054,2.618031235105927,-0.40288361862319455,1.8085355327595771,-0.26939062960023846,0.4665348053047841,0.014440029379901968,0.022895437034005445,0.009326320473757957,0.031249172497112027,0.030830555496459987,0.4784379595598212,-0.22811147652168304,0.09745164676397561
24.560000000000002,9.186861095207904,-4.109706716382199,1.8076146704126939,2.618355658770889,-0.40312062442227997,1.808292033804859,-0.26926667016056033,0.46664543292554217,0.014303297063562297,0.022877799366462764,0.009324422630075761,0.031226469010302217,0.030799574317417654,0.4784610391788486,-0.2281316305428381,0.09745807904054736
24.57,9.191645705599692,-4.111988032687627,1.8085892512030994,2.618679921759794,-0.4033574276514778,1.8080486301537337,-0.2691427437891953,0.4667559061303996,0.014166636728090124,0.0228601768258366,0.009322519735996296,0.031203776240207984,0.030768624571224035,0.4784840940667029,-0.22815176668359533,0.09746450185833495
24.580000000000002,9.196430546540359,-4.114269550354463,1.8095638962216827,2.619004024109351,-0.4035940284530341,1.8078053218630428,-0.26901885058098374,0.46686622509363584,0.014030048397941081,0.022842569394359823,0.009320611796391785,0.031181094196202026,0.030737706225974458,0.4785071242501252,-0.2281718849588477,0.09747091522780195
24.59,9.20121561778286,-4.116551269204051,1.8105386053739607,2.6193279658562405,-0.40383042696915633,1.807562108989414,-0.268894990630495,0.4669763899894397,0.013893532097405946,0.022824977054299356,0.009318698816164804,0.031158422887615125,0.03070681924979727,0.478530129755827,-0.2281919853834747,0.09747731915940461
24.6,9.206000919080418,-4.118833189057886,1.8115133785655548,2.619651747037115,-0.4040666233420132,1.8073189915892631,-0.26877116403202755,0.46708640099190885,0.013757087850610897,0.022807399787956085,0.009316780800248094,0.031135762323736205,0.03067596361085448,0.4785531106104905,-0.2282120679723425,0.09748371366359235
24.61,9.210786450186523,-4.121115309737609,1.8124882157021907,2.619975367688598,-0.40430261771373477,1.8070759697187937,-0.26864737087960966,0.4671962582750498,0.013620715681517761,0.022789837577664767,0.009314857753604357,0.03111311251381241,0.03064513927734128,0.47857606684076937,-0.22823213274030366,0.09749009875080766
24.62,9.215572210854932,-4.1233976310650124,1.8134631166896988,2.6202988278472845,-0.4045384102264123,1.8068330434339976,-0.2685236112669997,0.46730596201277746,0.01348441561392427,0.022772290405793958,0.009312929681226066,0.03109047346704917,0.030614346217485666,0.47859899847328724,-0.22825217970219733,0.09749647443148621
24.63,9.220358200839664,-4.125680152862034,1.8144380814340137,2.6206221275497428,-0.40477400102209826,1.8065902127906557,-0.26839988528768666,0.4674155123789148,0.013348187671464312,0.02275475825474592,0.009310996588135266,0.031067845192610265,0.030583584399549394,0.478621905534639,-0.22827220887284952,0.09750284071605636
24.64,9.22514441989501,-4.127962874950763,1.8154131098411743,2.6209452668325137,-0.4050093902428063,1.8063474778443382,-0.2682761930348906,0.46752490954719284,0.013212031877608183,0.02273724110695654,0.009309058479383379,0.0310452276996179,0.030552853791826935,0.4786447880513909,-0.22829222026707224,0.09750919761493955
24.650000000000002,9.229930867775524,-4.130245797153433,1.8163882018173236,2.6212682457321104,-0.40524457803051117,1.8061048386504055,-0.268152534601563,0.46763415369125,0.013075948255662842,0.022719738944895245,0.009307115360051015,0.03102262099715277,0.030522154362645916,0.4786676460500794,-0.2283122138996645,0.09751554513855042
24.66,9.234717544236025,-4.13252891929243,1.8173633572687091,2.6215910642850195,-0.40547956452714873,1.8058622952640078,-0.26802891008038754,0.46774324498463216,0.012939936828772166,0.022702251751064922,0.009305167235247774,0.031000025094254133,0.03049148608036699,0.47869047955721217,-0.22833218978541192,0.09752188329729652
24.67,9.239504449031598,-4.134812241190285,1.8183385761016821,2.621913722527702,-0.40571434987461596,1.805619847740086,-0.2679053195637801,0.46785218360079217,0.012803997619917204,0.02268477950800183,0.00930321411011206,0.030977439999919868,0.030460848913383996,0.4787132885992682,-0.22835214793908698,0.09752821210157822
24.68,9.24429158191759,-4.137095762669675,1.819313858222698,2.622236220496591,-0.4059489342147708,1.8053774961333724,-0.2677817631438895,0.4679609697130898,0.012668130651916423,0.022667322198275514,0.009301255989810886,0.030954865723106562,0.030430242830123376,0.4787360732026971,-0.22837208837544867,0.0975345315617892
24.69,9.249078942649618,-4.13937948355343,1.8202892035383158,2.6225585582280964,-0.40618331768943217,1.8051352404983911,-0.26765824091259793,0.46806960349479126,0.012532335947425978,0.022649879804488727,0.009299292879539678,0.030932302272729573,0.030399667799044756,0.47875883339391984,-0.22839201110924262,0.09754084168831591
24.7,9.253866530983556,-4.141663403664523,1.821264611955199,2.6228807357586006,-0.40641750044037994,1.804893080889458,-0.2675347529615212,0.46817808511906894,0.012396613528939953,0.022632452309277348,0.0092973247845221,0.030909749657663084,0.03036912378864054,0.47878156919932824,-0.22841191615520132,0.09754714249153769
24.71,9.258654346675549,-4.143947522826075,1.8222400833801142,2.6232027531244615,-0.40665148260935496,1.8046510173606818,-0.26741129938200947,0.46828641475900135,0.012260963418790622,0.022615039695310295,0.00929535171000985,0.030887207886740188,0.03033861076743595,0.4788042806452855,-0.2284318035280443,0.09755343398182717
24.72,9.263442389482002,-4.146231840861355,1.8232156177199326,2.6235246103620122,-0.4068852643380588,1.8044090499659637,-0.2672878802651475,0.4683945925875726,0.012125385639148702,0.022597641945289442,0.009293373661282483,0.030864676968752953,0.030308128703989003,0.4788269677581257,-0.22845167324247753,0.09755971616954978
24.73,9.268230659159583,-4.148516357593779,1.8241912148816282,2.6238463075075615,-0.40711884576815405,1.8041671787589992,-0.26716449570175516,0.46850261877767235,0.011989880212023612,0.022580259041949543,0.009291390643647214,0.030842156912452498,0.030277677566890517,0.4788496305641545,-0.22847152531319387,0.09756598906506381
24.740000000000002,9.273019155465224,-4.150801072846911,1.825166874772279,2.6241678445973937,-0.4073522270412639,1.803925403793277,-0.2670411457823879,0.4686104935020954,0.011854447159263724,0.02256289096805814,0.009289402662438741,0.03081964772654905,0.030247257324763892,0.4788722690896484,-0.22849135975487328,0.09757225267872072
24.75,9.277807878156121,-4.15308598644446,1.8261425972990661,2.6244892216677695,-0.4075854082989724,1.8036837251220805,-0.26691783059733715,0.46871821693354143,0.011719086502556625,0.02254553770641549,0.009287409723019053,0.030797149419712018,0.03021686794626561,0.4788948833608555,-0.22851117658218223,0.09757850702086472
24.76,9.28259682698973,-4.155371098210282,1.8271183823692747,2.624810438754926,-0.4078183896828243,1.8034421427984877,-0.26679455023663085,0.4688257892446149,0.011583798263429364,0.02252819923985448,0.009285411830777242,0.03077466200057007,0.03018650940008391,0.4789174734039949,-0.2285309758097744,0.09758475210183311
24.77,9.28738600172377,-4.15765640796838,1.8280942298902931,2.6251314958950758,-0.408051171334325,1.803200656875372,-0.26667130479003376,0.4689332106078245,0.01144858246324872,0.02251087555124054,0.009283408991129331,0.0307521854777112,0.030156181654940557,0.47894003924525697,-0.22855075745229042,0.09759098793195621
24.78,9.292175402116222,-4.159941915542903,1.8290701397696127,2.6254523931244105,-0.4082837533949405,1.8029592674054022,-0.266548094347048,0.4690404811955833,0.011313439123221445,0.02249356662347157,0.009281401209518078,0.03072971985968278,0.030125884679589234,0.47896258091080374,-0.22857052152435778,0.0975972145215572
24.79,9.29696502792533,-4.162227620758146,1.8300461119148284,2.625773130479098,-0.40851613600609743,1.8027179744410438,-0.2664249189969135,0.46914760118020804,0.011178368264394537,0.022476272439477852,0.009279388491412795,0.030707265154991656,0.03009561844281645,0.47898509842676845,-0.22859026804059068,0.0976034318809521
24.8,9.301754878909598,-4.1645135234385515,1.8310221462336378,2.6260937079952833,-0.40874831930918293,1.802476778034558,-0.26630177882860845,0.4692545707339192,0.011043369907655481,0.022458992982221978,0.009277370842309174,0.030684821372104203,0.030065382913441116,0.4790075918192558,-0.22860999701559093,0.09760964002045008
24.810000000000002,9.30654495482779,-4.166799623408707,1.8319982426338424,2.6264141257090903,-0.40898030344554465,1.8022356782380042,-0.2661786739308497,0.4693613900288406,0.01090844407373252,0.022441728234698758,0.009275348267729095,0.030662388519446394,0.03003517806031439,0.47903006111434193,-0.22862970846394684,0.09761583895035318
24.82,9.311335255438934,-4.169085920493346,1.832974401023346,2.626734383656621,-0.40921208855649066,1.801994675103238,-0.2660556043920932,0.4694680592369992,0.010773590783194899,0.022424478179935144,0.009273320773220453,0.030639966605403877,0.03000500385232008,0.47905250633807434,-0.228649402400234,0.09762202868095611
24.830000000000002,9.316125780502315,-4.171372414517348,1.8339506213101555,2.6270544818739556,-0.4094436747832895,1.8017537686819138,-0.26593257030053447,0.4695745785303248,0.010638810056453136,0.022407242800990154,0.009271288364356972,0.030617555638322046,0.029974860258374186,0.4790749275164723,-0.22866907883901494,0.09762820922254686
24.84,9.32091652977748,-4.173659105305738,1.834926903402381,2.6273744203971527,-0.4096750622671701,1.8015129590254837,-0.2658095717441091,0.46968094808064986,0.01050410191375927,0.02239002208095478,0.009269251046738035,0.0305951556265061,0.029944747247424935,0.4790973246755261,-0.22868873779483964,0.09763438058540631
24.85,9.325707503024235,-4.175945992683687,1.835903247208235,2.627694199262251,-0.4099062511493216,1.8012722461851989,-0.265686608810493,0.4697871680597091,0.010369466375207125,0.022372816002951924,0.009267208825988494,0.030572766578221115,0.02991466478845311,0.47911969784119834,-0.22870837928224488,0.09764054277980795
24.86,9.330498700002646,-4.178233076476509,1.8368796526360331,2.628013818505268,-0.4101372415708936,1.8010316302121097,-0.26556368158710314,0.46989323863913945,0.010234903460732565,0.022355624550136306,0.0092651617077585,0.030550388501692127,0.02988461285047128,0.47914204703942254,-0.22872800331575463,0.09764669581601854
24.87,9.33529012047304,-4.180520356509667,1.8378561195941934,2.6283332781622013,-0.41036803367299574,1.800791111157066,-0.26544079016109773,0.46999915999047964,0.010100413190113752,0.02233844770569439,0.009263109697723326,0.03052802140510419,0.02985459140252466,0.47916437229610426,-0.22874760990988,0.09765283970429747
24.88,9.340081764196,-4.182807832608765,1.8388326479912362,2.628652578269028,-0.41059862759669796,1.800550689070718,-0.2653179346193768,0.4701049322851701,0.009965995582971409,0.022321285452844297,0.009261052801583186,0.030505665296602445,0.02982460041369043,0.47918667363712064,-0.2287671990791195,0.0976589744548972
24.89,9.344873630932371,-4.185095504599556,1.8398092377357853,2.628971718861706,-0.4108290234830304,1.8003103640035156,-0.26519511504858256,0.47021055569455245,0.009831650658769073,0.022304137774835732,0.009258991025063062,0.0304833201842922,0.029794639853077603,0.4792089510883203,-0.2287867708379586,0.09766510007806287
24.900000000000002,9.349665720443253,-4.187383372307936,1.840785888736566,2.6292906999761736,-0.4110592214729832,1.8000701360057105,-0.2650723315350999,0.47031603038986963,0.009697378436813361,0.02228700465494991,0.00925692437391253,0.030460986076238997,0.029764709689827647,0.47923120467552394,-0.22880632520087027,0.09767121658403292
24.91,9.354458032490008,-4.189671435559945,1.8417626009024064,2.6296095216483497,-0.41128922170750654,1.7998300051273552,-0.2649495841650569,0.4704213565422653,0.00956317893625422,0.022269886076499466,0.009254852853905586,0.030438662980468666,0.029734809893114084,0.47925343442452384,-0.22882586218231468,0.09767732398303834
24.92,9.359250566834254,-4.191959694181769,1.8427393741422369,2.6299281839141346,-0.41151902432751075,1.7995899714183041,-0.264826873024325,0.47052653432278385,0.009429052176085197,0.02225278202282838,0.009252776470840468,0.030416350904967426,0.02970494043214192,0.47927564036108383,-0.22884538179673922,0.0976834222853031
24.93,9.364043323237864,-4.194248147999736,1.84371620836509,2.63024668680941,-0.41174862947386603,1.7993500349282139,-0.2647041981985198,0.47063156390237004,0.00929499817514369,0.022235692477311903,0.00925069523053949,0.030394049857681925,0.029675101276148638,0.47929782251094005,-0.2288648840585786,0.09768951150104424
24.94,9.368836301462974,-4.196536796840322,1.8446931034801004,2.630565030370039,-0.4119780372874025,1.7991101957065436,-0.2645815597730013,0.4707364454518687,0.009161016952111212,0.02221861742335647,0.009248609138848866,0.030371759846519332,0.029645292394403312,0.4793199808998,-0.2288843689822549,0.09769559164047131
24.95,9.37362950127197,-4.198825640530145,1.8456700593965052,2.630883214631868,-0.41220724790891017,1.7988704538025555,-0.2644589578328742,0.47084117914202467,0.00902710852551365,0.022201556844399634,0.009246518201638541,0.030349480879347395,0.029615513756207044,0.47934211555334333,-0.22890383658217753,0.09770166271378691
24.96,9.378422922427504,-4.201114678895967,1.846647076023643,2.631201239630724,-0.41243626147913887,1.7986308092653154,-0.2643363924629887,0.4709457651434824,0.008893272913721528,0.022184510723909975,0.009244422424802017,0.030327212963994515,0.029585765330892876,0.47936422649722155,-0.22892328687274321,0.09770772473118677
24.97,9.383216564692477,-4.203403911764694,1.847624153270955,2.631519105402418,-0.41266507813879816,1.7983912621436924,-0.2642138637479406,0.4710502036267858,0.008759510134950257,0.022167479045387028,0.009242321814256183,0.030304956108249816,0.02955604708782525,0.47938631375705815,-0.2289427198683364,0.09771377770285901
24.98,9.388010427830048,-4.2056933389633775,1.8486012910479837,2.631836811982742,-0.4128936980285574,1.7981518124863605,-0.264091371772072,0.47115449476237786,0.008625820207260411,0.02215046179236121,0.009240216375941152,0.03028271031986322,0.02952635899640078,0.47940837735844855,-0.22896213558332865,0.09771982163898502
24.990000000000002,9.392804511603632,-4.207982960319211,1.8495784892643734,2.632154359407474,-0.41312212128904563,1.7979124603417982,-0.2639689166194714,0.47125863872060064,0.008492203148557975,0.022133458948393737,0.009238106115820087,0.03026047560654551,0.029496701026047692,0.4794304173269601,-0.22898153403207896,0.09772585654973875
25.0,9.397598815776902,-4.210272775659532,1.8505557478298709,2.6324717477123727,-0.4133503480608514,1.797673205758289,-0.26384649837397467,0.4713626356716949,0.00835865897659461,0.022116470497076542,0.009235991039879035,0.030238251975968404,0.029467073146225622,0.47945243368813245,-0.22900091522893395,0.09773188244528716
25.01,9.402393340113784,-4.212562784811821,1.8515330666543237,2.6327889769331816,-0.41357837848452306,1.7974340487839218,-0.2637241171191649,0.47146648578579986,0.008225187708967916,0.02209949642203221,0.009233871154126756,0.030216039435764626,0.02943747532642612,0.4794744264674767,-0.22902027918822782,0.09773789933579016
25.02,9.40718808437846,-4.214852987603703,1.8525104456476815,2.6331060471056285,-0.4138062127005683,1.7971949894665917,-0.2636017729383731,0.471570189232953,0.008091789363121688,0.022082536706913895,0.009231746464594561,0.030193837993527973,0.029407907536172194,0.4794963956904767,-0.2290396259242821,0.09774390723140025
25.03,9.411983048335363,-4.217143383862946,1.8534878847199956,2.6334229582654247,-0.4140338508494543,1.7969560278540002,-0.26347946591467886,0.4716737461830899,0.007958463956346183,0.022065591335405237,0.009229616977336149,0.030171647656813395,0.029378369745018673,0.47951834138258814,-0.22905895545140598,0.0977499061422631
25.04,9.41677823174919,-4.21943397341746,1.8544653837814182,2.6337397104482667,-0.4142612930716079,1.7967171639936552,-0.26335719613091035,0.4717771568060437,0.00782521150577838,0.022048660291220296,0.009227482698427434,0.03014946843313705,0.029348861922551404,0.4795402635692389,-0.22907826778389612,0.09775589607851684
25.05,9.421573634384881,-4.221724756095299,1.8554429427422034,2.6340563036898352,-0.41448853950741504,1.7964783979328722,-0.26323496366964505,0.4718804212715454,0.007692032028402236,0.02203174355810347,0.009225343633966387,0.030127300329976393,0.029319384038388276,0.4795621622758291,-0.22909756293603675,0.09776187705029282
25.060000000000002,9.42636925600764,-4.22401573172466,1.8564205615127063,2.634372738025797,-0.41471559029722116,1.796239729718774,-0.2631127686132101,0.4719835397492231,0.007558925541048955,0.022014841119829417,0.009223199790072868,0.03010514335477023,0.029289936062178282,0.4795840375277309,-0.2291168409220998,0.09776784906771478
25.07,9.431165096382916,-4.226306900133881,1.8573982400033835,2.6346890134918026,-0.414942445581331,1.7960011593982912,-0.26299061104368265,0.47208651240860205,0.007425892060397244,0.021997952960202988,0.009221051172888465,0.03008299751491881,0.029260517963601816,0.4796058893502888,-0.22913610175634475,0.09777381214089963
25.080000000000002,9.435961155276418,-4.228598261151445,1.8583759781247924,2.6350051301234894,-0.41516910550000835,1.795762687018163,-0.26286849104289056,0.47218933941910446,0.007292931602973581,0.021981079063059142,0.009218897788576333,0.030060862817783855,0.02923112971237088,0.4796277177688197,-0.22915534545301902,0.09777976627995714
25.09,9.440757432454106,-4.230889814605975,1.859353775787592,2.63532108795648,-0.4153955701934764,1.7955243126249376,-0.2627464086924125,0.4722920209500491,0.007160044185152469,0.021964219412262873,0.009216739643321032,0.03003873927068868,0.029201771278228546,0.47964952280861256,-0.22917457202635733,0.09778571149498966
25.1,9.445553927682193,-4.233181560326239,1.8603316329025419,2.6356368870263838,-0.41562183980191736,1.795286036264972,-0.26262436407357853,0.47239455717065115,0.007027229823156706,0.021947373991709138,0.009214576743328361,0.03001662688091824,0.02917244263094948,0.4796713044949289,-0.22919378149058223,0.09779164779609259
25.11,9.450350640727143,-4.235473498141145,1.8613095493805027,2.6359525273687954,-0.4158479144654726,1.7950478579844331,-0.2625023572674706,0.47249694825002214,0.006894488533057643,0.021930542785322776,0.009212409094825206,0.02999452565571918,0.029143143740339175,0.4796930628530025,-0.229212973859904,0.09779757519335401
25.12,9.455147571355672,-4.237765627879744,1.8622875251324362,2.6362680090192976,-0.41607379432424235,1.7948097778292977,-0.26238038835492294,0.47259919435716946,0.006761820330775447,0.021913725777058437,0.009210236704059372,0.029972435602299955,0.029113874576234763,0.47971479790803956,-0.2292321491485206,0.09780349369685472
25.13,9.459944719334752,-4.24005794937123,1.8632655600694048,2.636583332013459,-0.41629947951828605,1.7945717958453529,-0.2622584574165224,0.4727012956609962,0.006629225232079363,0.021896922950900507,0.00920805957729943,0.029950356727830856,0.029084635108504297,0.4797365096852186,-0.22925130737061794,0.0978094033166686
25.14,9.464742084431604,-4.242350462444936,1.8642436541025715,2.6368984963868356,-0.41652497018762186,1.7943339120781965,-0.26213656453260886,0.4728032523303012,0.00649670325258798,0.021880134290863034,0.009205877720834556,0.029928289039444105,0.029055425307046953,0.47975819820969073,-0.22927044854036935,0.09781530406286208
25.150000000000002,9.4695396664137,-4.24464316693034,1.8652218071432,2.6372135021749714,-0.4167502664722269,1.7940961265732376,-0.26201470978327596,0.47290506453377834,0.006364254407769489,0.021863359780989647,0.009203691140974374,0.029906232544233916,0.029026245141793316,0.4797798635065796,-0.2292895726719365,0.09782119594549446
25.16,9.474337465048766,-4.246936062657059,1.866200019102655,2.6375283494133974,-0.41697536851203715,1.793858439375697,-0.2618928932483712,0.4730067324400168,0.006231878712941948,0.02184659940535349,0.0092014998440488,0.02988418724925657,0.02899709458270477,0.47980150560098106,-0.22930867977946848,0.0978270789746179
25.17,9.479135480104775,-4.2492291494548535,1.8671782898924012,2.637843038137633,-0.41720027644694724,1.7936208505306073,-0.2617711150074964,0.4731082562175006,0.006099576183273547,0.02182985314805715,0.009199303836407881,0.029862153161530482,0.028967973599773655,0.47982312451796394,-0.2293277698771021,0.09783295316027729
25.18,9.483933711349955,-4.251522427153625,1.868156619424004,2.638157568383186,-0.41742499041681064,1.7933833600828137,-0.2616493751400084,0.47320963603460836,0.005967346833782868,0.021813120993232564,0.009197103124421648,0.029840130288036275,0.02893888216302369,0.47984472028256936,-0.2293468429789625,0.09783881851251036
25.19,9.48873215855278,-4.253815895583415,1.869135007609129,2.6384719401855516,-0.4176495105614394,1.793145968076974,-0.2615276737250192,0.47331087205961325,0.00583519067933915,0.02179640292504097,0.009194897714479951,0.029818118635716852,0.0289098202425091,0.47986629291981103,-0.2293658990991625,0.09784467504134758
25.2,9.49353082148198,-4.256109554574406,1.8701134543595426,2.6387861535802153,-0.41787383702060416,1.7929086745575589,-0.2614060108413966,0.4734119644606826,0.005703107734662549,0.02177969892767282,0.009192687612992311,0.029796118211477464,0.028880787808315152,0.4798878424546754,-0.22938493825180264,0.09785052275681218
25.21,9.498329699906526,-4.258403403956924,1.8710919595871107,2.6391002086026503,-0.4180979699340342,1.7926714795688532,-0.26128438656776426,0.47351291340587787,0.005571098014324409,0.021763008985347707,0.009190472826387764,0.029774129022185777,0.028851784830558332,0.4799093689121218,-0.2294039604509716,0.0978563616689203
25.22,9.503128793595646,-4.260697443561434,1.8720705232038,2.6394141052883193,-0.41832190944141723,1.7924343831549554,-0.26116280098250266,0.4736137190631542,0.005439161532747516,0.021746333082314294,0.009188253361114708,0.029752151074671957,0.028822811279385466,0.4799308723170817,-0.22942296571074602,0.09786219178768082
25.23,9.507928102318818,-4.262991673218542,1.8730491451216769,2.6397278436726754,-0.4185456556823994,1.7921973853597781,-0.2610412541637491,0.4737143816003604,0.005307298304206369,0.021729671202850243,0.009186029223640754,0.029730184375728726,0.028793867124974556,0.4799523526944599,-0.22944195404519044,0.09786801312309515
25.240000000000002,9.512727625845763,-4.265286092758994,1.874027825252908,2.6400414237911605,-0.4187692087965852,1.7919604862270488,-0.2609197461893984,0.4738149011852386,0.005175508342827438,0.021713023331262134,0.009183800420452568,0.029708228932111433,0.028764952337534174,0.47997381006913337,-0.2294609254683573,0.09787382568515776
25.25,9.517527363946455,-4.267580702013677,1.8750065635097595,2.6403548456792065,-0.4189925689235376,1.79172368580031,-0.2607982771371031,0.47391527798542427,0.0050437916625894344,0.021696389451885404,0.009181566958055722,0.02968628475053814,0.02873606688730375,0.4799952444659523,-0.22947987999428743,0.09787962948385578
25.26,9.522327316391115,-4.26987550081362,1.8759853598045981,2.640668109372236,-0.4192157362027777,1.79148698412292,-0.26067684708427397,0.4740155121684457,0.0049121482773235685,0.021679769549084266,0.009179328842974547,0.029664351837689673,0.028707210744553187,0.48001665590973963,-0.22949881763700916,0.09788542452916915
25.27,9.527127482950212,-4.27217048898999,1.87696421404989,2.6409812149056617,-0.4194387107737849,1.7912503812380525,-0.26055545610808056,0.47411560390172397,0.004780578200713817,0.02166316360725164,0.00917708608175198,0.029642430200209718,0.02867838387958342,0.480038044425291,-0.22951773841053924,0.09789121083107047
25.28,9.531927863394465,-4.274465666374096,1.8779431261582007,2.6412941623148876,-0.4196614927759968,1.7910138771886976,-0.2604341042854515,0.47421555335257287,0.004649081446297184,0.021646571610809084,0.009174838680949413,0.029620519844704863,0.028649586262725738,0.48005941003737507,-0.22953664232888246,0.09789698839952514
25.29,9.536728457494839,-4.276761032797385,1.878922096042196,2.6416069516353082,-0.419884082348809,1.7907774720176624,-0.2603127916930749,0.47431536068819835,0.004517658027463971,0.021629993544206708,0.009172586647146546,0.029598620777744687,0.028620817864341844,0.48008075277073325,-0.2295555294060314,0.09790275724449123
25.3,9.541529265022547,-4.2790565880914455,1.8799011236146408,2.641919582902309,-0.4201064796315752,1.7905411657675703,-0.26019151840739885,0.47441502607569863,0.004386307957458034,0.02161342939192312,0.009170329986941245,0.02957673300586183,0.02859207865482462,0.48010207265008,-0.22957439965596732,0.0979085173759198
25.310000000000002,9.546330285749047,-4.281352332088005,1.8808802087884,2.642232056151268,-0.42032868476360713,1.7903049584808628,-0.26007028450463177,0.47451454968206386,0.0042550312493770505,0.021596879138465343,0.009168068706949382,0.02955485653555205,0.028563368604596684,0.48012336970010266,-0.22959325309265907,0.09791426880375449
25.32,9.551131519446049,-4.283648264618932,1.8818593514764375,2.6425443714175536,-0.42055069788417443,1.7900688501997988,-0.2599490900607429,0.4746139316741759,0.004123827916172786,0.021580342768368753,0.0091658028138047,0.029532991373274323,0.028534687684111687,0.48014464394546175,-0.2296120897300638,0.09792001153793159
25.330000000000002,9.555932965885503,-4.285944385516232,1.8828385515918167,2.6428565287365267,-0.42077251913250463,1.7898328409664552,-0.25982793515146274,0.4747131722188082,0.003992697970651357,0.021563820266197,0.009163532314158656,0.029511137525450877,0.02850603586385354,0.48016589541079047,-0.22963090958212715,0.0979257455883804
25.34,9.560734624839611,-4.288240694612053,1.8838178090477005,2.6431685281435406,-0.4209941486477831,1.7895969308227277,-0.2597068198522834,0.47481227148262556,0.0038616414254734927,0.02154731161654193,0.009161257214680288,0.02948929499846729,0.028477413114336502,0.4801871241206954,-0.22964971266278264,0.09793147096502272
25.35,9.565536496080819,-4.290537191738681,1.8847971237573506,2.643480369673941,-0.42121558656915303,1.789361119810331,-0.259585744238459,0.4749112296321839,0.003730658293154804,0.021530816804023536,0.00915897752205606,0.02946746379867255,0.02844881940610526,0.4802083300997561,-0.22966849898595193,0.09793718767777317
25.36,9.570338579381817,-4.292833876728541,1.8857764956341283,2.6437920533630663,-0.42143683303571516,1.7891254079707986,-0.2594647083850062,0.4750100468339301,0.0035997485860660445,0.02151433581328987,0.009156693242989723,0.029445643932379133,0.028420254709734794,0.48022951337252506,-0.2296872685655452,0.09794289573653896
25.37,9.575140874515542,-4.295130749414197,1.8867559245914938,2.6441035792462473,-0.42165788818652805,1.788889795345484,-0.25934371236670456,0.47510872325420184,0.003468912316433378,0.021497868629016967,0.009154404384202168,0.029423835405863064,0.02839171899583043,0.4802506739635283,-0.22970602141546062,0.0979485951512203
25.38,9.579943381255177,-4.297427809628352,1.887735410543006,2.644414947358808,-0.4218787521606078,1.7886542819755609,-0.259222756258097,0.4752072590592273,0.0033381494963386402,0.0214814152359088,0.009152110952431285,0.029402038225363993,0.028363212235027763,0.4802718118972646,-0.2297247575495849,0.09795428593171006
25.39,9.584746099374149,-4.2997250572038475,1.888714953402323,2.644726157736067,-0.42209942509692794,1.7884188679020228,-0.2591018401334901,0.475305654415125,0.003207460137719606,0.021464975618697184,0.009149812954431817,0.029380252397085267,0.028334734397992445,0.48029292719820604,-0.2297434769817928,0.09795996808789355
25.400000000000002,9.58954902864613,-4.302022491973665,1.889694553083202,2.645037210413334,-0.4223199071344197,1.7881835531656842,-0.2589809640669546,0.47540390948790373,0.0030768442523702528,0.021448549762141722,0.009147510396975225,0.029358477927194,0.02830628545542053,0.4803140198907981,-0.2297621797259476,0.09796564162964923
25.41,9.594352168845038,-4.304320113770925,1.8906742094994986,2.645348105425916,-0.4225401984119716,1.787948337807181,-0.25886012813232584,0.4755020244434622,0.0029463018519410257,0.021432137651029724,0.009145203286849542,0.029336714821821146,0.02827786537803824,0.4803350899994595,-0.22978086579590057,0.09797130656684785
25.42,9.599155519745032,-4.306617922428884,1.8916539225651672,2.6456588428091106,-0.42276029906842955,1.7877132218669702,-0.25873933240320424,0.4755999994475889,0.002815832947939103,0.021415739270176145,0.009142891630859231,0.02931496308706156,0.028249474136601657,0.48035613754858203,-0.2297995352054918,0.0979769629093532
25.43,9.603959081120518,-4.308915917780938,1.8926336921942608,2.645969422598212,-0.4229802092425967,1.7874782053853309,-0.2586185769529556,0.47569783466596194,0.00268543755172866,0.021399354604423514,0.00914057543582505,0.029293222728974083,0.02822111170189708,0.4803771625625308,-0.2298181879685495,0.09798261066702159
25.44,9.608762852746143,-4.311214099660623,1.893613518300931,2.646279844828508,-0.42319992907323356,1.7872432884023641,-0.25849786185471146,0.47579553026414884,0.0025551156745311342,0.021382983638641863,0.009138254708583904,0.029271493753581606,0.02819277804474094,0.4803981650656447,-0.2298368240988903,0.09798824984970214
25.45,9.6135668343968,-4.313512467901612,1.894593400799428,2.646590109535281,-0.4234194586990577,1.7870084709579939,-0.2583771871813697,0.4758930864076063,0.0024248673274254924,0.02136662635772866,0.009135929455988718,0.02924977616687114,0.028164473135979532,0.4804191450822354,-0.22985544361031915,0.09799388046723673
25.46,9.618371025847622,-4.315811022337715,1.8955733396041003,2.6469002167538096,-0.423638798258744,1.786773753091967,-0.25825655300559486,0.4759905032616801,0.0022946925213484927,0.02135028274660873,0.009133599684908289,0.029228069974793883,0.028136196946489285,0.4804401026365884,-0.2298740465166294,0.09799950252945953
25.47,9.623175426873988,-4.318109762802881,1.896553334629395,2.647210166519366,-0.42385794789092424,1.7865391348438535,-0.25813595939981854,0.4760877809916048,0.0021645912670949508,0.02133395279023421,0.009131265402227152,0.029206375183265302,0.02810794944717642,0.48046103775296256,-0.22989263283160302,0.09800511604619803
25.48,9.627980037251518,-4.320408689131197,1.897533385789857,2.647519958867219,-0.42407690773418727,1.7863046162530472,-0.2580154064362399,0.4761849197625037,0.002034563575318005,0.021317636473584457,0.009128926614845443,0.029184691798165192,0.028079730608977078,0.4804819504555899,-0.22991120256901046,0.09801072102727205
25.490000000000002,9.632784856756075,-4.322707801156887,1.8985134930001297,2.647829593832632,-0.4242956779270789,1.7860701973587656,-0.25789489418682593,0.4762819197393885,0.001904609456529383,0.021301333781665984,0.009126583329678762,0.029163019825337762,0.028051540402857195,0.4805028407686761,-0.22992975574261051,0.09801631748249402
25.5,9.637589885163761,-4.325007098714313,1.8994936561749547,2.648139071450866,-0.42451425860810177,1.7858358782000512,-0.257774422723312,0.4763787810871592,0.0017747289210996637,0.0212850446995124,0.009124235553658037,0.029141359270591683,0.028023378799812912,0.48052370871640077,-0.22994829236615041,0.09802190542166923
25.51,9.642395122250925,-4.327306581637975,1.9004738752291714,2.648448391757176,-0.42473264991571547,1.7856016588157708,-0.2576539921172023,0.47647550397060395,0.0016449219792585453,0.021268769212184336,0.009121883293729389,0.029119710139700185,0.02799524577086964,0.4805445543229165,-0.22996681245336623,0.09802748485459577
25.52,9.647200567794155,-4.3296062497625085,1.9014541500777173,2.648757554786815,-0.4249508519883362,1.7853675392446164,-0.25753360243977,0.4765720885543988,0.0015151886410951095,0.02125250730476938,0.009119526556853995,0.029098072438401106,0.02796714128708299,0.4805653776123497,-0.22998531601798228,0.0980330557910642
25.53,9.652006221570279,-4.331906102922688,1.902434480635628,2.6490665605750316,-0.42516886496433703,1.7851335195251057,-0.25741325376205804,0.4766685350031075,0.0013855289165580866,0.02123625896238201,0.009117165350007958,0.029076446172396974,0.02793906531953794,0.4805861786088004,-0.23000380307371146,0.09803861824085766
25.54,9.656812083356368,-4.334206140953425,1.9034148668180364,2.6493754091570714,-0.42538668898204757,1.7848995996955817,-0.25729294615487913,0.4767648434811815,0.0012559428154561205,0.021220024170163512,0.009114799680182173,0.029054831347355075,0.02791101783934949,0.48060695733634207,-0.23002227363425545,0.09804417221375245
25.55,9.661618152929732,-4.336506363689767,1.904395308540174,2.649684100568177,-0.425604324179754,1.784665779794214,-0.2571726796888166,0.4768610141529594,0.001126430347458035,0.021203802913281937,0.009112429554382188,0.029033227968907525,0.027882998817661906,0.480627713819022,-0.23004072771330428,0.09804971771951708
25.560000000000002,9.666424430067922,-4.3388067709669,1.905375805717369,2.6499926348435885,-0.42582177069569915,1.7844320598589987,-0.25705245443422436,0.47695704718266724,0.0009969915220930982,0.021187595176932018,0.00911005497962808,0.029011636042651338,0.027855008225649628,0.48064844808086127,-0.2300591653245367,0.09805525476791294
25.57,9.67123091454873,-4.3411073626201455,1.9063563582650482,2.6503010120185433,-0.4260390286680822,1.7841984399277586,-0.25693227046122785,0.47705294273441795,0.0008676263487512876,0.021171400946335104,0.009107675962954314,0.028990055574148497,0.027827046034516124,0.4806691601458546,-0.2300775864816201,0.09806078336869385
25.580000000000002,9.676037606150189,-4.343408138484961,1.9073369660987352,2.650609232128276,-0.4262560982350587,1.783964920038144,-0.25681212783972385,0.47714870097221135,0.000738334836683556,0.021155220206739097,0.009105292511409622,0.02896848656892603,0.02779911221549475,0.48068985003797027,-0.2300959911982105,0.09806630353160674
25.59,9.680844504650569,-4.345709098396943,1.9083176291340511,2.650917295208019,-0.4264729795347407,1.7837315002276324,-0.25669202663938134,0.47724432205993395,0.0006091169950020967,0.02113905294341838,0.009102904632056864,0.028946929032476074,0.02777120673984827,0.4807105177811505,-0.23011437948795269,0.09807181526639089
25.6,9.68565160982838,-4.3480102421918225,1.909298347286715,2.6512252012930038,-0.4266896727051964,1.7834981805335295,-0.25657196692964174,0.47733980616135874,0.0004799728326806089,0.021122899141673757,0.0091005123319729,0.028925382970255948,0.027743329578868787,0.48073116339931143,-0.23013275136448003,0.0980773185827783
25.61,9.690458921462373,-4.350311569705467,1.910279120472543,2.651532950418459,-0.4269061778844503,1.7832649609929694,-0.25645194877971933,0.4774351534401451,0.0003509023585545626,0.021106758786832384,0.009098115618248465,0.02890384838768822,0.027715480703878158,0.4807517869163429,-0.23015110684141446,0.09808281349049353
25.62,9.695266439331537,-4.352613080773882,1.9112599486074477,2.6518405426196123,-0.42712249521048296,1.7830318416429143,-0.2563319722586016,0.4775303640598385,0.000221905581321464,0.0210906318642477,0.009095714497988032,0.028882325290160795,0.0276876600862275,0.48077238835610864,-0.23016944593236707,0.09808829999925416
25.63,9.700074163215097,-4.354914775233206,1.9122408316074402,2.65214797793169,-0.4273386248212311,1.782798822520156,-0.25621203743504983,0.47762543818387043,9.298250954112124e-05,0.021074518359299365,0.00909330897830969,0.02886081368302696,0.027659867697297204,0.4807929677424462,-0.23018776865093707,0.0980937781187699
25.64,9.704882092892522,-4.357216652919715,1.913221769388628,2.6524552563899175,-0.4275545668545875,1.7825659036613153,-0.2560921443775993,0.4777203759755582,-3.586684836409085e-05,0.02105841825739319,0.009090899066345012,0.02883931357160547,0.027632103508497173,0.4808135250991672,-0.23020607501071294,0.09809924785874348
25.650000000000002,9.709690228143513,-4.359518713669822,1.9142027618672155,2.6527623780295184,-0.42777032144840077,1.7823330851028427,-0.2559722931545599,0.47781517759810477,-0.00016464248410896516,0.02104233154396107,0.009088484769238932,0.02881782496118061,0.02760436749126648,0.4808340604500571,-0.23022436502527177,0.09810470922887032
25.66,9.714498568748013,-4.3618209573200755,1.9151838089595041,2.6530693428857166,-0.4279858887404756,1.7821003668810187,-0.25585248383401626,0.4779098432145985,-0.00029334438954519673,0.02102625820446093,0.009086066094149614,0.02879634785700228,0.027576659617073642,0.4808545738188753,-0.2302426387081794,0.09811016223883834
25.67,9.719307114486202,-4.364123383707157,1.9161649105818925,2.6533761509937355,-0.42820126886857246,1.781867749031954,-0.25573271648382856,0.4780043729880132,-0.00042197255666111803,0.021010198224376646,0.009083643048248326,0.02877488226428605,0.027548979857416302,0.48087506522935525,-0.2302608960729905,0.0981156068983279
25.68,9.724115865138495,-4.366425992667887,1.9171460666508757,2.6536828023887975,-0.42841646197040756,1.7816352315915904,-0.2556129911716325,0.4780987670812077,-0.0005505269775814336,0.020994151589217986,0.009081215638719317,0.028753428188213238,0.027521328183821185,0.4808955347052046,-0.23027913713324868,0.09812104321701244
25.69,9.728924820485547,-4.368728784039219,1.9181272770830458,2.653989297106125,-0.4286314681836529,1.7814028145957004,-0.25549330796484,0.4781930256569259,-0.0006790076445669545,0.02097811828452054,0.009078783872759693,0.02873198563393098,0.02749370456784442,0.48091598227010474,-0.2302973619024862,0.09812647120455786
25.7,9.733733980308248,-4.371031757658244,1.9191085417950913,2.654295635180942,-0.428846287645936,1.781170498079888,-0.2553736669306395,0.4782871488777965,-0.0008074145500143329,0.020962098295845666,0.009076347757579284,0.028710554606552297,0.027466108981071224,0.48093640794771153,-0.23031557039422434,0.09813189087062256
25.71,9.738543344387725,-4.373334913362187,1.9200898607037975,2.6546018166484706,-0.4290609204948402,1.7809382820795887,-0.25525406813599644,0.47838113690633277,-0.0009357476864557975,0.020946091608780415,0.009073907300400533,0.028689135111156172,0.027438541395115725,0.48095681176165445,-0.23033376262197308,0.0981373022248578
25.72,9.743352912505342,-4.375638250988406,1.921071233726046,2.654907841543935,-0.4292753668679041,1.7807061666300705,-0.2551345116476535,0.4784749899049326,-0.0010640070465588879,0.020930098208937466,0.009071462508458361,0.02866772715278761,0.027411001781621456,0.48097719373553777,-0.2303519385992315,0.09814270527690727
25.73,9.748162684442697,-4.377941770374399,1.922052660778815,2.65521370990256,-0.42948962690262193,1.7804741517664333,-0.2550149975321312,0.47856870803587803,-0.0011921926231261899,0.02091411808195507,0.009069013389000048,0.02864633073645772,0.02738349011226081,0.48099755389293947,-0.23037009833948757,0.09814810003640737
25.740000000000002,9.752972659981626,-4.380245471357794,1.9230341417791792,2.655519421759571,-0.4297037007364434,1.78024223752361,-0.25489552585572817,0.4786622914613355,-0.0013203044090950695,0.02089815121349698,0.009066559949285114,0.028624945867143776,0.02735600635873492,0.48101789225741165,-0.23038824185621812,0.0981534865129872
25.75,9.7577828389042,-4.382549353776357,1.924015676644309,2.655824977150194,-0.4299175885067733,1.7800104239363665,-0.2547760966845216,0.4787557403433552,-0.0014483423975374084,0.020882197589252385,0.009064102196585192,0.028603572549789295,0.027328550492774415,0.48103820885248116,-0.23040636916288873,0.09815886471626836
25.76,9.762593220992725,-4.384853417467985,1.9249972652914717,2.6561303761096573,-0.4301312903509719,1.7797787110393024,-0.2546567100843677,0.47884905484387136,-0.0015763065816593394,0.02086625719493585,0.009061640138183908,0.028582210789304098,0.027301122486138498,0.48105850370164865,-0.23042448027295426,0.09816423465586532
25.77,9.767403806029742,-4.387157662270715,1.9259789076380305,2.6564356186731906,-0.4303448064063547,1.7795470988668505,-0.25453736612090194,0.4789422351247018,-0.00170419695480098,0.020850330016287257,0.009059173781376764,0.028560860590564393,0.02727372231061548,0.48107877682838923,-0.23044257519985842,0.09816959634138486
25.78,9.772214593798026,-4.3894620880227135,1.9269606036014444,2.6567407048760248,-0.43055813681019217,1.7793155874532778,-0.2544180648595397,0.4790352813475479,-0.0018320135104361688,0.020834416039071723,0.009056703133471013,0.02853952195841283,0.027246349938022302,0.4810990282561523,-0.23046065395703397,0.09817494978242654
25.79,9.777025584080587,-4.391766694562284,1.9279423530992688,2.6570456347533926,-0.43077128169970996,1.779084176832686,-0.25429880636547647,0.4791281936739945,-0.0019597562421721994,0.020818515249079555,0.00905422820178554,0.028518194897658587,0.027219005340204785,0.4811192580083616,-0.23047871655790278,0.09818029498858265
25.8,9.78183677666067,-4.394071481727863,1.9289241560491546,2.65735040834053,-0.4309842412120888,1.7788528670390111,-0.25417959070368823,0.47922097226550947,-0.0020874251437495556,0.020802627632126185,0.009051748993650747,0.028496879413077422,0.0271916884890377,0.48113946610841524,-0.23049676301587538,0.09818563196943783
25.810000000000002,9.786648171321755,-4.396376449358022,1.929906012368849,2.657655025672674,-0.43119701548446426,1.7786216581060246,-0.254060417938932,0.4793136172834439,-0.0022150202090416475,0.020786753174052097,0.009049265516408425,0.028475575509411762,0.02716439935642469,0.4811596525796859,-0.2305147933443518,0.0981909607345696
25.82,9.79145976784755,-4.398681597291466,1.9308879219761947,2.6579594867850647,-0.4314096046539269,1.778390550067333,-0.2539412881357463,0.4794061288890318,-0.0023425414320545454,0.02077089186072277,0.00904677777741165,0.02845428319137076,0.027137137914297615,0.4811798174455203,-0.23053280755672081,0.09819628129354786
25.830000000000002,9.796271566022005,-4.400986925367033,1.9318698847891302,2.6582637917129452,-0.43162200885752205,1.7781595429563786,-0.2538222013584511,0.47949850724338977,-0.0024699888069267158,0.020755043678028617,0.00904428578402465,0.02843300246363037,0.027109904134617713,0.48119996072924015,-0.23055080566636038,0.09820159365593517
25.84,9.801083565629298,-4.4032924334236965,1.9328519007256897,2.6585679404915608,-0.43183422823224976,1.77792863680644,-0.253703157671149,0.4795907525075172,-0.0025973623279287564,0.020739208611884916,0.009041789543622699,0.02841173333083341,0.027082697989374432,0.48122008245414116,-0.2305687876866376,0.098206897831287
25.85,9.80589576645384,-4.405598121300563,1.9338339697040026,2.65887193315616,-0.43204626291506487,1.7776978316506318,-0.2535841571377247,0.47968286484229583,-0.002724661989463131,0.020723386648231756,0.009039289063591995,0.028390475797589652,0.027055519450585912,0.48124018264349366,-0.2305867536309088,0.09821219382915108
25.86,9.810708168280275,-4.407903988836872,1.934816091642294,2.659175769741995,-0.43225811304287676,1.7774671275219056,-0.25346519982184623,0.4797748444084897,-0.0028518877860639054,0.020707577773033968,0.009036784351329548,0.028369229868475867,0.02702836849029913,0.4812602613205428,-0.23060470351251905,0.09821748165906781
25.87,9.81552077089348,-4.410210035871997,1.9357982664588846,2.659479450284321,-0.43246977875254944,1.77723652445305,-0.25334628578696483,0.47986669136674515,-0.0029790397123964822,0.020691781972281064,0.00903427541424306,0.02834799554803591,0.02700124508058939,0.48128031850850794,-0.23062263734480298,0.09822276133057022
25.88,9.820333574078566,-4.412516262245445,1.9367804940721904,2.6597829748183974,-0.43268126018090136,1.7770060224766904,-0.2532274150963155,0.47995840587759037,-0.003106117763257337,0.020675999231987176,0.00903176225975081,0.028326772840780782,0.026974149193560552,0.48130035423058337,-0.23064055514108417,0.09822803285318404
25.89,9.825146577620872,-4.414822667796856,1.9377627744007222,2.660086343379487,-0.43289255746470545,1.7767756216252906,-0.2531085878129175,0.4800499881014355,-0.0032331219335737524,0.020660229538190994,0.009029244895281546,0.02830556175118871,0.026947080801344954,0.48132036850993765,-0.23065845691467535,0.09823329623642753
25.900000000000002,9.829959781305972,-4.417129252366003,1.9387451073630866,2.660389556002856,-0.433103670740689,1.7765453219311522,-0.25298980399957455,0.48014143819857236,-0.0033600522184035557,0.020644472876955706,0.009026723328274361,0.028284362283705202,0.02692003987610384,0.4813403613697145,-0.23067634267887854,0.09823855148981141
25.91,9.83477318491967,-4.419436015792791,1.9397274928779846,2.660692612723776,-0.43331460014553363,1.7763151234264147,-0.2528710637188754,0.48023275632917434,-0.0034869086129348534,0.020628729234368932,0.009024197566178591,0.028263174442743132,0.026893026390026283,0.4813603328330317,-0.23069421244698507,0.09824379862283932
25.92,9.839586788247999,-4.421742957917261,1.940709930864213,2.660995513577523,-0.43352534581587515,1.7760850261430567,-0.2527523670331942,0.48032394265329625,-0.003613691112485766,0.02061299859654267,0.00902166761645369,0.028241998232682808,0.026866040315329923,0.4813802829229821,-0.23071206623227522,0.098249037645007
25.93,9.844400591077228,-4.424050078579584,1.9416924212406632,2.661298258599376,-0.4337359078883035,1.7758550301128957,-0.2526337140046907,0.4804149973308742,-0.0037403997125041648,0.020597280949613224,0.009019133486569127,0.02822083365787202,0.02683908162426115,0.4814002116626333,-0.23072990404801863,0.09825426856580327
25.94,9.849214593193855,-4.426357377620064,1.9426749639263212,2.6616008478246203,-0.43394628649936284,1.775625135367588,-0.25251510469531097,0.48050592052172547,-0.0038670344085674074,0.02058157627974115,0.009016595184004269,0.028199680722626144,0.02681215028909427,0.48142011907502763,-0.23074772590747442,0.09825949139470928
25.95,9.854028794384606,-4.428664854879139,1.9436575588402683,2.661903281288545,-0.43415648178555133,1.7753953419386301,-0.25239653916678745,0.4805967123855483,-0.003993595196382075,0.020565884573111204,0.00901405271624827,0.028178539431228184,0.026785246282131945,0.48144000518318203,-0.23076553182389065,0.09826470614119896
25.96,9.858843194436437,-4.430972510197378,1.9446402059016803,2.662205559026445,-0.43436649388332105,1.7751656498573578,-0.25227801748063966,0.4806873730819217,-0.004120082071783704,0.020550205815932254,0.009011506090799964,0.028157409787928845,0.026758369575705345,0.48145987001008844,-0.23078332181050515,0.0982699128147388
25.97,9.863657793136538,-4.4332803434154835,1.9456229050298277,2.6625076810736203,-0.43457632292907805,1.7749360591549477,-0.25215953969817445,0.48077790277030563,-0.0042464950307365265,0.020534539994437252,0.009008955315167747,0.028136291796946628,0.026731520142173597,0.48147971357871366,-0.23080109588054434,0.09827511142478741
25.98,9.868472590272324,-4.435588354374289,1.9466056561440757,2.6628096474653766,-0.4347859690591822,1.7747065698624167,-0.2520411058804863,0.4808683016100404,-0.004372834069333205,0.020518887094883153,0.009006400396869476,0.028115185462467863,0.026704697953924335,0.4814995359119993,-0.23081885404722452,0.09828030198079664
25.990000000000002,9.873287585631443,-4.437896542914761,1.9475884591638837,2.6631114582370246,-0.4349954324099472,1.7744771820106224,-0.2519227160884578,0.48095856976034684,-0.004499099183794568,0.020503247103550858,0.009003841343432352,0.028094090788646803,0.026677902983373254,0.4815193370328618,-0.23083659632375111,0.09828548449221058
26.0,9.878102779001772,-4.440204908877999,1.9485713140088057,2.6634131134238817,-0.43520471311764036,1.7742478956302636,-0.25180437038276016,0.4810487073803261,-0.004625290370469348,0.020487620006745158,0.009001278162392814,0.028073007779605686,0.02665113520296394,0.4815391169641927,-0.23085432272331904,0.09829065896846587
26.01,9.882918170171413,-4.442513452105232,1.9495542205984904,2.6637146130612703,-0.43541381131848267,1.774018710751881,-0.25168606882385347,0.4811387146289595,-0.0047514076258339125,0.020472005790794674,0.008998710861296432,0.028051936439434804,0.026624394585168455,0.4815588757288584,-0.2308720332591123,0.09829582541899176
26.02,9.887733758928702,-4.444822172437823,1.9505371788526802,2.6640159571845197,-0.43562272714864875,1.7737896274058564,-0.25156781147198704,0.4812285916651084,-0.004877450946492009,0.02045640444205179,0.008996139447697796,0.028030876772192567,0.026597681102486805,0.48157861334970037,-0.23088972794430457,0.09830098385321034
26.03,9.892549545062199,-4.447131069717266,1.9515201886912124,2.664317145828965,-0.43583146074426665,1.7735606456224142,-0.25144959838719994,0.48131833864751394,-0.005003420329174493,0.0204408159468926,0.00899356392916041,0.02800982878190559,0.026570994727446923,0.48159832984953477,-0.23090740679205898,0.0983061342805359
26.04,9.897365528360694,-4.449440143785187,1.9525032500340178,2.664618179029948,-0.4360400122414179,1.773331765431621,-0.25133142962932126,0.48140795573479717,-0.0051293157707390695,0.02042524029171685,0.008990984313256584,0.02798879247256874,0.026544335432605006,0.4816180252511531,-0.23092506981552785,0.09831127671037558
26.05,9.902181708613206,-4.451749394483342,1.9534863628011216,2.6649190568228174,-0.4362483817761375,1.7731029868633863,-0.2512133052579706,0.48149744308545867,-0.00525513726817003,0.020409677462947872,0.008988400607567332,0.027967767848145222,0.02651770319054505,0.48163769957732205,-0.23094271702785285,0.09831641115212891
26.060000000000002,9.90699808560898,-4.4540588216536205,1.9544695269126429,2.6652197792429284,-0.43645656948441364,1.7728743099474624,-0.25109522533255835,0.4815868008578786,-0.005380884818577983,0.02039412744703253,0.008985812819682259,0.027946754912566638,0.026491097973879035,0.48165735285078304,-0.23096034844216534,0.09832153761518814
26.07,9.911814659137487,-4.456368425138042,1.9554527422887948,2.6655203463256436,-0.43666457550218774,1.7726457347134452,-0.2509771899122863,0.4816760292103164,-0.0055065584191996,0.02037859023044116,0.008983220957199459,0.027925753669733055,0.026464519755246847,0.48167698509425294,-0.23097796407158608,0.09832665610893786
26.080000000000002,9.91663142898843,-4.458678204778758,1.9564360088498842,2.6658207581063325,-0.4368723999653545,1.7724172611907738,-0.2508591990561477,0.4817651283009107,-0.005632158067397346,0.020363065799667512,0.00898062502772541,0.02790476412351309,0.026437968507316417,0.4816965963304235,-0.2309955639292253,0.09833176664275542
26.09,9.921448394951733,-4.460988160418051,1.9574193265163118,2.6661210146203715,-0.43708004300976167,1.7721888894087319,-0.25074125282292786,0.4818540982876795,-0.005757683760659219,0.020347554141228682,0.008978025038874867,0.027883786277743964,0.026411444202783217,0.4817161865819616,-0.23101314802818257,0.09833686922601081
26.1,9.926265556817553,-4.463298291898333,1.9584026952085718,2.666421115903146,-0.4372875047712101,1.7719606193964468,-0.2506233512712046,0.48194293932851945,-0.005883135496598484,0.020332055241665068,0.008975420998270766,0.027862820136231568,0.026384946814371004,0.4817357558715099,-0.23103071638154715,0.09834196386806629
26.11,9.931082914376267,-4.465608599062149,1.9593861148472524,2.666721061990047,-0.43749478538545356,1.771732451182891,-0.25050549445934844,0.48203165158120626,-0.006008513272953414,0.020316569087540304,0.008972812913544105,0.027841865702750542,0.026358476314830855,0.48175530422168567,-0.23104826900239764,0.09834705057827693
26.12,9.935900467418485,-4.467919081752172,1.9603695853530352,2.6670208529164756,-0.43770188498819873,1.771504384796881,-0.2503876824455232,0.48212023520339425,-0.006133817087587028,0.0203010956654412,0.008970200792333858,0.027820922981044344,0.026332032676941803,0.4817748316550815,-0.2310658059038025,0.09835212936599026
26.13,9.940718215735036,-4.47022973981121,1.9613531066466952,2.6673204887178388,-0.43790880371510515,1.7712764202670794,-0.25026991528768605,0.4822086903526164,-0.006259046938486821,0.020285634961977685,0.008967584642286856,0.02779999197482532,0.026305615873510733,0.4817943381942655,-0.2310833270988194,0.09835720024054644
26.14,9.945536159116978,-4.472540573082198,1.9623366786491006,2.667619969429553,-0.4381155417017851,1.7710485576219939,-0.2501521930435884,0.4822970171862841,-0.006384202823764512,0.020270186963782754,0.008964964471057702,0.027779072687774756,0.026279225877372105,0.481813823861781,-0.2311008326004958,0.09836226321127828
26.150000000000002,9.950354297355595,-4.4748515814082035,1.9633203012812133,2.6679192950870423,-0.4383220990838037,1.7708207968899778,-0.2500345157707758,0.48238521586168714,-0.006509284741655772,0.020254751657512404,0.008962340286308653,0.027758165123542955,0.026252862661387908,0.4818332886801466,-0.2311183224218685,0.09836731828751089
26.16,9.955172630242396,-4.477162764632422,1.9643039744640884,2.6682184657257406,-0.43852847599667855,1.7705931380992308,-0.24991688352658864,0.48247328653599353,-0.006634292690519968,0.020239329029845578,0.008959712095709529,0.027737269285749325,0.026226526198448164,0.48185273267185663,-0.23113579657596403,0.09837236547856185
26.17,9.959991157569116,-4.479474122598182,1.965287698118874,2.668517481381089,-0.4387346725758799,1.7703655812777987,-0.2497992963681624,0.4825612293662493,-0.006759226668839899,0.02022391906748411,0.008957079906937608,0.02771638517798243,0.026200216461470135,0.48187215585938015,-0.23115325507579865,0.09837740479374184
26.18,9.96480987912771,-4.48178565514894,1.9662714721668115,2.6688163420885376,-0.43894068895683047,1.770138126453574,-0.24968175435242804,0.48264904450937857,-0.0068840866752215325,0.02020852175715266,0.008954443727677529,0.02769551280380005,0.026173933423398653,0.48189155826516195,-0.2311706979343781,0.09838243624235365
26.19,9.969628794710362,-4.484097362128284,1.9672552965292351,2.6691150478835466,-0.4391465252749055,1.7699107736542963,-0.2495642575361124,0.4827367321221832,-0.007008872708393742,0.020193137085598674,0.008951803565621185,0.02767465216672926,0.026147677057206463,0.4819109399116227,-0.23118812516469778,0.09838745983369254
26.2,9.974447904109478,-4.486409243379931,1.968239171127572,2.6694135988015844,-0.43935218166543255,1.7696835229075525,-0.2494468059757386,0.48282429236134294,-0.007133584767208051,0.020177765039592305,0.00894915942846763,0.027653803270266508,0.026121447335893357,0.4819303008211578,-0.23120553677974257,0.09839247557704672
26.21,9.97926720711769,-4.488721298747729,1.9692230958833423,2.6697119948781283,-0.4395576582636915,1.7694563742407767,-0.24932939972762644,0.482911725383415,-0.007258222850638363,0.020162405605926373,0.00894651132392298,0.027632966117877675,0.026095244232486887,0.48194964101613863,-0.2312229327924875,0.09839748348169673
26.22,9.984086703527852,-4.491033528075653,1.9702070707181594,2.6700102361486664,-0.4397629552049144,1.7692293276812516,-0.2492120388478927,0.4829990313448341,-0.007382786957780704,0.020147058771416294,0.00894385925970031,0.027612140712998133,0.026069067720042055,0.48196896051891197,-0.2312403132158967,0.09840248355691551
26.23,9.98890639313304,-4.493345931207812,1.9711910955537286,2.670308322648695,-0.43996807262428556,1.7690023832561073,-0.24909472339245162,0.4830862104019124,-0.007507277087852964,0.020131724522900036,0.00894120324351956,0.027591327059032823,0.026042917771641153,0.4819882593518001,-0.2312576780629244,0.09840747581196888
26.240000000000002,9.993726275726559,-4.495658507988441,1.9721751703118484,2.6706062544137215,-0.44017301065694137,1.7687755409923227,-0.24897745341701522,0.4831732627108394,-0.007631693240194629,0.020116402847238056,0.008938543283107437,0.027570525159356332,0.026016794360394023,0.482007537537101,-0.23127502734651448,0.098412460256115
26.25,9.998546351101929,-4.497971258261907,1.9731592949144097,2.670904031479262,-0.4403777694379702,1.7685488009167256,-0.2488602289770937,0.4832601884276816,-0.0077560354142665235,0.02010109373131325,0.008935879386197313,0.02754973501731295,0.025990697459437506,0.4820267950970881,-0.2312923610796002,0.09841743689860455
26.26,10.0033666190529,-4.500284181872702,1.9741434692833957,2.6712016538808436,-0.44058234910241245,1.7683221630559927,-0.24874305012799583,0.4833469877083826,-0.007880303609650549,0.020085797162030884,0.008933211560529133,0.027528956636216725,0.02596462704193618,0.4820460320540107,-0.231309679275105,0.09842240574868082
26.27,10.008187079373439,-4.502597278665453,1.9751276933408826,2.671499121654003,-0.44078674978526045,1.7680956274366497,-0.2486259169248293,0.48343366070876287,-0.008004497826049423,0.02007051312631855,0.00893053981384932,0.02750819001935157,0.025938583081081806,0.4820652484300936,-0.23132698194594184,0.0984273668155796
26.28,10.01300773185774,-4.504910548484912,1.9761119670090384,2.6717964348342877,-0.4409909716214582,1.7678691940850726,-0.24850882942250113,0.48352020758451975,-0.008128618063286418,0.020055241611126106,0.008927864153910677,0.027487435169971288,0.025912565550093296,0.4820844442475371,-0.23134426910501354,0.09843232010852945
26.29,10.017828576300216,-4.507223991175962,1.9770962902101237,2.6720935934572556,-0.44119501474590167,1.7676428630274867,-0.24839178767571807,0.4836066284912272,-0.0082526643213051,0.020039982603425616,0.008925184588472286,0.02746669209129967,0.025886574422216792,0.48210361952851755,-0.2313615407652126,0.09843726563675104
26.3,10.022649612495501,-4.509537606583614,1.978080662866491,2.672390597558475,-0.4413988792934384,1.767416634289968,-0.2482747917389869,0.4836929235843358,-0.008376636600169067,0.020024736090211305,0.008922501125299423,0.027445960786530544,0.025860609670725867,0.4821227742951868,-0.2313787969394214,0.09844220340945785
26.310000000000002,10.027470840238452,-4.511851394553009,1.9790650849005857,2.672687447173526,-0.4416025653988676,1.7671905078984425,-0.24815784166661486,0.4837790930191726,-0.008500534900061692,0.020009502058499495,0.008919813772163459,0.02742524125882786,0.025834671268920934,0.48214190856967265,-0.2313960376405121,0.09844713343585594
26.32,10.03229225932415,-4.514165354929414,1.9800495562349443,2.6729841423379983,-0.44180607319694,1.7669644838786873,-0.24804093751271006,0.48386513695094097,-0.00862435922128586,0.01999428049532855,0.008917122536841762,0.027404533511325747,0.0258087591901298,0.48216102237407854,-0.23141326288134664,0.09845205572514378
26.330000000000002,10.037113869547891,-4.516479487558228,1.9810340767921957,2.673280683087494,-0.44200940282235784,1.7667385622563307,-0.24792407933118182,0.4839510555347206,-0.008748109564263704,0.01997907138775882,0.008914427427117611,0.027383837547128573,0.025782873407707324,0.48218011573048397,-0.2314304726747769,0.09845697028651244
26.34,10.041935670705197,-4.518793792284976,1.9820186464950609,2.673577069457625,-0.4422125544097748,1.7665127430568521,-0.24780726717574103,0.4840368489254673,-0.008871785929536354,0.019963874722872595,0.008911728450780098,0.027363153369311034,0.025757013895035222,0.48219918866094386,-0.23144766703364453,0.09846187712914564
26.35,10.046757662591807,-4.521108268955312,1.9830032652663523,2.6738733014840164,-0.442415528093796,1.7662870263055828,-0.24769050109990057,0.48412251727801275,-0.008995388317763668,0.019948690487774038,0.008909025615624037,0.02734248098091821,0.025731180625522616,0.48221824118748946,-0.23146484597078087,0.09846677626221917
26.36,10.051579845003682,-4.52342291741502,1.9839879330289745,2.674169379202304,-0.4426183240089776,1.7660614120277058,-0.24757378115697562,0.4842080607470648,-0.009118916729723979,0.019933518669589142,0.008906318929449868,0.027321820384965622,0.02570537357260552,0.48223727333212757,-0.23148200949900744,0.09847166769490202
26.37,10.056402217737002,-4.52573773751001,1.9849726497059235,2.6744653026481346,-0.44282094228982727,1.7658359002482564,-0.24745710740008411,0.48429347948720697,-0.00924237116631383,0.019918359255465663,0.008903608400063571,0.02730117158443932,0.025679592709746703,0.4822562851168412,-0.2314991576311355,0.09847655143635528
26.38,10.061224780588171,-4.528052729086321,1.985957415220287,2.6747610718571684,-0.4430233830708037,1.7656104909921226,-0.2473404798821471,0.4843787736528985,-0.009365751628547716,0.019903212232573072,0.00890089403527657,0.027280534582295936,0.02565383801043627,0.48227527656358904,-0.23151629037996624,0.09848142749573262
26.39,10.066047533353807,-4.530367891990121,1.9869422294952443,2.6750566868650765,-0.44322564648631657,1.765385184284045,-0.24722389865588906,0.48446394339847426,-0.009489058117557826,0.019888077588102505,0.008898175842905642,0.027259909381462756,0.02562810944819101,0.4822942476943059,-0.23153340775829076,0.09848629588218033
26.400000000000002,10.07087047583075,-4.532683226067704,1.9879270924540662,2.675352147707543,-0.44342773267072677,1.765159980148617,-0.24710736377383832,0.4845489888781446,-0.009612290634593783,0.019872955309266704,0.008895453830772834,0.02723929598483779,0.025602406996554646,0.48231319853090276,-0.23155050977888988,0.09849115660483698
26.41,10.07569360781606,-4.5349987311654925,1.9889120040201145,2.675647454420263,-0.443629641758346,1.764934878610286,-0.24699087528832747,0.4846339102459954,-0.009735449181022385,0.019857845383299957,0.00889272800670536,0.02721869439528984,0.025576730629097644,0.48233212909526624,-0.23156759645453487,0.09849600967283417
26.42,10.080516929107013,-4.5373144071300375,1.989896964116843,2.675942607038945,-0.4438313738834369,1.764709879693353,-0.24687443325149364,0.4847187076559876,-0.009858533758327343,0.019842747797458055,0.008889998378535522,0.027198104615658556,0.025551080319417704,0.48235103940925933,-0.2315846677979864,0.09850085509529562
26.43,10.085340439501106,-4.539630253808017,1.9908819726677958,2.67623760559931,-0.4440329291802129,1.764484983421972,-0.24675803771527893,0.4848033812619576,-0.009981544368109026,0.019827662539018236,0.008887264954100615,0.027177526648754512,0.025525456041138872,0.4823699294947211,-0.2316017238219955,0.09850569288133783
26.44,10.090164138796053,-4.541946271046237,1.9918670295966092,2.6765324501370915,-0.4442343077828382,1.7642601898201522,-0.2466416887314308,0.48488793121761664,-0.0101044810120842,0.019812589595279123,0.008884527741242841,0.027156960497359276,0.02549985776791236,0.48238879937346657,-0.2316187645393029,0.09851052304006946
26.45,10.094988026789789,-4.54426245869163,1.9928521348270098,2.676827140688036,-0.44443550982542757,1.7640354989117568,-0.24652538635150242,0.4849723576765511,-0.010227343692085772,0.019797528953560684,0.008881786747809218,0.027136406164225472,0.025474285473415886,0.48240764906728684,-0.23163578996263964,0.09851534558059206
26.46,10.099812103280462,-4.546578816591257,1.9938372882828157,2.677121677287903,-0.44463653544204657,1.763810910720504,-0.24640913062685305,0.48505666079222226,-0.010350132410062527,0.01978248060120416,0.008879041981651493,0.02711586365207685,0.025448739131353766,0.4824264785979494,-0.2316528001047265,0.0985201605119996
26.47,10.10463636806644,-4.548895344592304,1.9948224898879356,2.6774160599724652,-0.44483738476671114,1.763586425269967,-0.24629292160864835,0.4851408407179661,-0.010472847168078874,0.019767444525572036,0.008876293450626058,0.02709533296360835,0.025423218715457416,0.4824452879871979,-0.23166979497827433,0.09852496784337852
26.48,10.109460820946312,-4.551212042542087,1.9958077395663694,2.6777102887775084,-0.4450380579333878,1.7633620425835739,-0.24617675934786087,0.4852248976069934,-0.010595487968314587,0.019752420714047966,0.008873541162593855,0.027074814101486166,0.025397724199484616,0.48246407725675194,-0.2316867745959841,0.09852976758380769
26.490000000000002,10.114285461718879,-4.553528910288047,1.9967930372422074,2.6780043637388316,-0.44523855507599336,1.763137762684609,-0.24606064389527033,0.4853088316123895,-0.010718054813064544,0.019737409154036736,0.008870785125420298,0.027054307068347824,0.02537225555721963,0.4824828464283075,-0.23170373897054677,0.09853455974235878
26.5,10.119110290183162,-4.555845947677752,1.997778382839631,2.678298284892248,-0.44543887632839513,1.7629135855962121,-0.245944575301464,0.4853926428871143,-0.010840547704738473,0.019722409832964194,0.00886802534697518,0.02703381186680224,0.02534681276247373,0.4825015955235372,-0.23172068811464333,0.09853934432809568
26.51,10.123935306138398,-4.5581631545588985,1.9987637762829118,2.6785920522735833,-0.4456390218244105,1.7626895113413796,-0.2458285536168371,0.48547633158400205,-0.010962966645860694,0.01970742273827722,0.008865261835132587,0.027013328499429782,0.02532139578908459,0.48252032456408944,-0.23173762204094492,0.09854412135007512
26.52,10.128760509384039,-4.560480530779308,1.9997492174964127,2.6788856659186786,-0.4458389916978072,1.7624655399429638,-0.24571257889159312,0.4855598978557613,-0.011085311639069857,0.01969244785744365,0.008862494597770821,0.026992856968782352,0.025296004610916127,0.48253903357158906,-0.2317545407621126,0.09854889081734607
26.53,10.133585899719755,-4.562798076186929,2.000734706404586,2.6791791258633877,-0.446038786082303,1.762241671423674,-0.24559665117574428,0.4856433418549749,-0.011207582687118687,0.019677485177952245,0.008859723642772302,0.026972397277383438,0.025270639201859183,0.4825577225676373,-0.23177144429079785,0.09855365273895014
26.54,10.13841147694543,-4.565115790629837,2.0017202429319756,2.679472432143579,-0.4462384051115658,1.762017905806076,-0.24548077051911182,0.48572666373409973,-0.011329779792873734,0.01966253468731262,0.008856948978023494,0.026951949427728186,0.025245299535830983,0.48257639157381205,-0.23178833263964188,0.09855840712392142
26.55,10.143237240861168,-4.567433673956233,2.002705827003215,2.679765584795135,-0.4464378489192135,1.7617942431125937,-0.24536493697132636,0.4858098636454668,-0.011451902959315103,0.019647596373055205,0.008854170611414813,0.02693151342228347,0.02521998558677488,0.4825950406116669,-0.23180520582127634,0.09856315398128665
26.560000000000002,10.148063191267285,-4.569751726014446,2.003691458543028,2.6800585838539526,-0.44663711763881386,1.7615706833655078,-0.2452491505818283,0.485892941741281,-0.011573952189536206,0.01963267022273119,0.00885138855084055,0.026911089263487953,0.025194697328661128,0.4826136697027326,-0.2318220638483228,0.09856789332006488
26.57,10.152889327964312,-4.572069946652929,2.0046771374762287,2.680351429355943,-0.4468362114038845,1.7613472265869572,-0.24513341139986822,0.48597589817362113,-0.011695927486743505,0.01961775622391247,0.008848602804198785,0.026890676953752152,0.02516943473548612,0.48263227886851606,-0.23183890673339297,0.09857262514926769
26.580000000000002,10.157715650752998,-4.574388335720263,2.0056628637277214,2.6806441213370324,-0.4470351303478929,1.7611238727989385,-0.24501771947450715,0.48605873309443975,-0.01181782885425625,0.019602854364191593,0.008845813379391297,0.026870276495458516,0.02514419778127255,0.4826508681305004,-0.23185573448908892,0.09857734947789942
26.59,10.162542159434302,-4.576706893065154,2.0066486372225003,2.680936659833161,-0.4472338746042562,1.760900622023307,-0.24490207485461704,0.486141446655563,-0.011939656295506229,0.019587964631181714,0.008843020284323494,0.026849887890961474,0.0251189864400697,0.4826694375101458,-0.23187254712800273,0.09858206631495682
26.6,10.167368853809403,-4.579025618536434,2.0076344578856498,2.681229044880284,-0.4474324443063412,1.7606774742817763,-0.24478647758888109,0.4862240390086908,-0.012061409814037506,0.01957308701251654,0.008840223526904318,0.026829511142587515,0.025093800685952756,0.4826879870288882,-0.23188934466271685,0.0985867756694291
26.61,10.172195733679692,-4.581344511983062,2.008620325642344,2.6815212765143723,-0.44763083958746436,1.760454429595919,-0.24467092772579405,0.4863065103053964,-0.012183089413506171,0.019558221495850278,0.008837423115046174,0.026809146252635252,0.02506864049302348,0.48270651670814096,-0.23190612710580377,0.09859147755029797
26.62,10.177022798846773,-4.58366357325412,2.0096062404178467,2.6818133547714114,-0.44782906058089156,1.760231487987167,-0.24455542531366267,0.4863888606971265,-0.01230469509768008,0.019543368068857585,0.008834619056664841,0.026788793223375483,0.02504350583540975,0.48272502656929334,-0.23192289446982603,0.09859617196653768
26.63,10.181850049112466,-4.585982802198818,2.010592202137512,2.682105279687402,-0.44802710741983814,1.7600086494768112,-0.24443997040060603,0.48647109033520114,-0.012426226870438598,0.019528526719233517,0.008831811359679392,0.02676845205705126,0.02501839668726593,0.4827435166337115,-0.23193964676733672,0.09860085892711495
26.64,10.186677484278803,-4.588302198666492,2.0115782107267832,2.6823970512983606,-0.44822498023746893,1.7597859140860028,-0.2443245630345559,0.48655319937081365,-0.01254768473577235,0.01951369743469348,0.008829000032012117,0.026748122755877957,0.024993313022772138,0.48276198692273814,-0.23195638401087892,0.09860553844098909
26.650000000000002,10.19150510414803,-4.590621762506601,2.0125642661111933,2.6826886696403185,-0.44842267916689793,1.7595632818357523,-0.24420920326325715,0.48663518795503047,-0.012669068697782955,0.019498880202973173,0.008826185081588438,0.026727805322043326,0.024968254816134974,0.4827804374576929,-0.2319731062129861,0.09861021051711188
26.66,10.196332908522606,-4.5929414935687305,2.0135503682163645,2.682980134749323,-0.4486202043411885,1.7593407527469307,-0.244093891134268,0.48671705623879113,-0.012790378760682786,0.019484075011828545,0.008823366516336832,0.02670749975770758,0.02494322204158702,0.4827988682598716,-0.23198981338618213,0.09861487516442771
26.67,10.201160897205206,-4.595261391702592,2.014536516968009,2.683271446661437,-0.44881755589335304,1.7591183268402695,-0.24397862669496048,0.4867988043729081,-0.0129116149287947,0.019469281849035746,0.008820544344188752,0.026687206065003438,0.024918214673387017,0.48281727935054725,-0.23200650554298063,0.0986195323918733
26.68,10.205989069998711,-4.5975814567580215,2.0155227122919275,2.6835626054127397,-0.4490147339563532,1.758896004136361,-0.24386340999252082,0.4868804325080669,-0.01303277720655179,0.01945450070239106,0.008817718573078545,0.026666924246036214,0.024893232685819812,0.4828356707509692,-0.232023182695886,0.09862418220837807
26.69,10.210817426706221,-4.59990168858498,2.0165089541140113,2.6838536110393254,-0.44921173866309966,1.7586737846556584,-0.24374824107394968,0.4869619407948257,-0.013153865598497133,0.019439731559710884,0.008814889210943375,0.02664665430288386,0.024868276053196272,0.4828540424823639,-0.23203984485739282,0.09862882462286388
26.7,10.215645967131044,-4.602222087033554,2.01749524236024,2.6841444635773053,-0.44940857014645197,1.7584516684184759,-0.24363311998606266,0.48704332938361544,-0.01327488010928353,0.019424974408831643,0.008812056265723144,0.026626396237597043,0.02484334474985289,0.482872394565934,-0.23205649203998582,0.09863345964424496
26.71,10.220474691076703,-4.604542651953953,2.0184815769566824,2.684435163062806,-0.44960522853921864,1.7582296554449899,-0.24351804677549052,0.4871245984247399,-0.013395820743673256,0.01941022923760977,0.008809219745360412,0.02660615005219921,0.024818438750152938,0.48289072702285973,-0.2320731242561403,0.09863808728142848
26.72,10.225303598346931,-4.606863383196515,2.0194679578294967,2.684725709531971,-0.4498017139741571,1.7580077457552379,-0.24340302148867968,0.4872057480683752,-0.013516687506537802,0.01939549603392164,0.008806379657800328,0.02658591574868665,0.024793558028484892,0.4829090398742976,-0.23208974151832176,0.09864270754331367
26.73,10.230132688745675,-4.609184280611698,2.0204543849049297,2.685016103020961,-0.44999802658397337,1.7577859393691198,-0.24328804417189243,0.4872867784645702,-0.013637480402857626,0.01938077478566353,0.008803536010990539,0.026565693329028566,0.024768702559263788,0.4829273331413815,-0.23210634383898593,0.09864732043879232
26.740000000000002,10.234961962077088,-4.611505344050088,2.0214408581093175,2.685306343565952,-0.4501941665013223,1.7575642363063977,-0.24317311487120744,0.487367689763246,-0.013758199437721894,0.019366065480751555,0.008800688812881126,0.026545482795167132,0.024743872316929975,0.48294560684522136,-0.2321229312305791,0.09865192597674895
26.75,10.23979141814554,-4.6138265733623935,2.022427377369085,2.6855964312031366,-0.4503901338588074,1.7573426365866964,-0.24305823363252,0.4874484821141962,-0.013878844616328231,0.019351368107121632,0.008797838071424518,0.026525284149017562,0.02471906727594992,0.4829638610069048,-0.23213950370553776,0.09865652416606052
26.76,10.244621056755609,-4.616147968399449,2.0234139426107456,2.685886365968725,-0.4505859287889806,1.7571211402295037,-0.24294340050154242,0.4875291556670866,-0.013999415943982465,0.01933668265272943,0.00879498379457542,0.02650509739246817,0.024694287410816102,0.48298209564749606,-0.2321560612762888,0.09866111501559649
26.77,10.249450877712084,-4.618469529012212,2.0244005537609016,2.6861761478989443,-0.45078155142434256,1.75689974725417,-0.24282861552380441,0.4876097105714552,-0.014119913426098375,0.019322009105550316,0.008792125990290741,0.026484922527380446,0.024669532696046624,0.48300031078803657,-0.23217260395524963,0.09866569853421885
26.78,10.254280880819964,-4.620791255051764,2.025387210746244,2.686465777030038,-0.45097700189734213,1.7566784576799095,-0.24271387874465344,0.4876901469767121,-0.014240337068197436,0.019307347453579305,0.00878926466652951,0.02646475955558911,0.02464480310618533,0.4830185064495441,-0.23218913175482803,0.09867027473078198
26.79,10.25911106588446,-4.623113146369312,2.0263739134935514,2.686755253398268,-0.4511722803403766,1.7564572715257996,-0.24259919020925505,0.4877704650321395,-0.014360686875908572,0.019292697684831012,0.008786399831252808,0.026444608478902187,0.024620098615801975,0.4830366826530144,-0.23220564468742208,0.09867484361413277
26.8,10.26394143271099,-4.6254352028161865,2.0273606619296927,2.6870445770399116,-0.45136738688579164,1.7562361888107818,-0.24248454996259322,0.48785066488689155,-0.014480962854967895,0.019278059787339614,0.00878353149242369,0.026424469299101052,0.024595419199492024,0.4830548394194194,-0.2322221427654203,0.09867940519311079
26.810000000000002,10.268771981105184,-4.627757424243841,2.0283474559816237,2.687333747991265,-0.45156232166588106,1.7560152095536619,-0.24236995804947076,0.4879307466899943,-0.014601165011218461,0.019263433749158784,0.00878065965800711,0.02640434201794053,0.024570764831876465,0.48307297676970856,-0.2322386260012018,0.09868395947654797
26.82,10.273602710872881,-4.630079810503853,2.029334295576389,2.6876227662886416,-0.45175708481288684,1.75579433377311,-0.24225541451450963,0.4880107105903457,-0.014721293350610011,0.019248819558361652,0.008777784335969855,0.026384226637148917,0.024546135487602257,0.4830910947248083,-0.23225509440713582,0.09868850647326882
26.830000000000002,10.27843362182013,-4.632402361447924,2.030321180641122,2.6879116319683716,-0.4519516764589991,1.7555735614876604,-0.24214091940215132,0.4880905567367153,-0.014841347879198726,0.01923421720304076,0.008774905534280458,0.026364123158428083,0.024521531141341542,0.4831091933056222,-0.23227154799558244,0.09869304619209053
26.84,10.283264713753185,-4.63472507692788,2.031308111103043,2.6882003450668037,-0.4521460967363559,1.755352892715713,-0.2420264727566572,0.4881702852777446,-0.014961328603146964,0.019219626671308002,0.008772023260909137,0.02634403158345351,0.024496951767792652,0.4831272725330308,-0.2322879867788921,0.0986975786418224
26.85,10.288095986478515,-4.637047956795668,2.032295086889461,2.688488905620304,-0.4523403457770434,1.7551323274755322,-0.24191207462210884,0.48824989636194643,-0.015081235528723024,0.019205047951294595,0.008769137523827714,0.026323951913874374,0.024472397341679053,0.4831453324278919,-0.23230441076940556,0.09870210383126672
26.86,10.292927439802794,-4.639371000903362,2.0332821079277736,2.688777313665257,-0.4525344237130955,1.7549118657852483,-0.24179772504240843,0.4883293901377053,-0.01520106866230088,0.019190481031151008,0.008766248331009547,0.026303884151313597,0.024447867837749826,0.4831633730110406,-0.23232081997945428,0.0987066217692179
26.87,10.297759073532903,-4.641694209103157,2.0342691741454657,2.6890655692380645,-0.452728330676494,1.7546915076628569,-0.24168342406127905,0.48840876675327727,-0.015320828010359942,0.01917592589904693,0.008763355690429459,0.026283828297367917,0.024423363230779822,0.48318139430328905,-0.23233721442136004,0.09871113246446299
26.88,10.302590887475937,-4.644017581247371,2.03525628547011,2.6893536723751477,-0.45292206679916835,1.7544712531262197,-0.24156917172226505,0.48848802635678973,-0.015440513579484793,0.01916138254317122,0.00876045961006366,0.02626378435360795,0.02439888349556937,0.4831993963254268,-0.23235359410743517,0.09871563592578153
26.89,10.30742288143919,-4.646341117188445,2.036243441829368,2.6896416231129447,-0.4531156322129959,1.7542511021930645,-0.2414549680687325,0.4885671690962414,-0.01556012537636495,0.01914685095173186,0.008757560097889682,0.026243752321578256,0.02437442860694405,0.4832173790982207,-0.23236995904998267,0.09872013216194563
26.900000000000002,10.312255055230173,-4.648664816778945,2.0372306431509877,2.689929421487913,-0.45330902704980136,1.7540310548809854,-0.24134081314386943,0.48864619511950236,-0.015679663407794607,0.019132331112955894,0.008754657161886307,0.026223732202797407,0.024349998539754916,0.4832353426424145,-0.23238630926129603,0.09872462118171994
26.91,10.317087408656597,-4.650988679871558,2.0382178893628047,2.6902170675365276,-0.45350225144135725,1.7538111112074435,-0.24122670699068616,0.4887251045743138,-0.015799127680672383,0.019117823015089404,0.008751750810033493,0.02620372399875804,0.024325593268878717,0.4832532869787298,-0.2324026447536591,0.09872910299386141
26.92,10.321919941526385,-4.653312706319094,2.0392051803927433,2.690504561295283,-0.45369530551938336,1.7535912711897665,-0.24111264965201573,0.48880389760828813,-0.015918518202001075,0.019103326646397443,0.008748841050312305,0.02618372771092693,0.02430121276921719,0.483271212127865,-0.23241896553934643,0.09873357760711977
26.93,10.326752653647663,-4.655636895974488,2.0401925161688146,2.6907919028006915,-0.45388818941554704,1.7533715348451495,-0.24099864117051426,0.4888825743689088,-0.01603783497888741,0.019088841995164,0.008745927890704849,0.026163743340745046,0.02427685701569794,0.4832891181104963,-0.23243527163062327,0.0987380450302372
26.94,10.331585544828767,-4.657961248690794,2.041179896619117,2.691079092089285,-0.4540809032614629,1.7531519021906545,-0.2408846815886612,0.48896113500353033,-0.01615707801854179,0.019074369049691946,0.008743011339194197,0.02614377088962763,0.024252525983273397,0.4833070049472769,-0.23245156303974537,0.09874250527194835
26.95,10.33641861487824,-4.660285764321192,2.0421673216718363,2.691366129197614,-0.45427344718869284,1.7529323732432118,-0.2407707709487598,0.48903957965937817,-0.01627624732827805,0.01905990779830299,0.00874009140376432,0.026123810358964238,0.024228219646921484,0.4833248726588378,-0.23246783977895882,0.09874695834098016
26.96,10.34125186360483,-4.662610442718981,2.043154791255246,2.6916530141622474,-0.4544658213287461,1.7527129480196193,-0.24065690929293737,0.48911790848354864,-0.016395342915513204,0.019045458229337637,0.00873716809240002,0.02610386175011883,0.024203937981645614,0.4833427212657872,-0.2324841018605008,0.09875140424605254
26.97,10.346085290817488,-4.664935283737586,2.0441423052977066,2.6919397470197746,-0.45465802581307885,1.7524936265365432,-0.2405430966631457,0.48919612162300896,-0.01651436478776719,0.01903102033115513,0.008734241413086858,0.02608392506442981,0.024179680962474165,0.48336055078871093,-0.2325003492965985,0.09875584299587746
26.98,10.350918896325375,-4.667260287230552,2.045129863727665,2.6922263278068024,-0.4548500607730946,1.7522744088105178,-0.2404293331011613,0.489274219224597,-0.01663331295266263,0.019016594092133413,0.008731311373811093,0.026064000303210096,0.024155448564461,0.4833783612481719,-0.23251658209947038,0.09876027459915986
26.990000000000002,10.355752679937856,-4.669585453051547,2.0461174664736568,2.6925127565599585,-0.4550419263401437,1.7520552948579462,-0.24031561864858586,0.4893522014350215,-0.016752187417924582,0.019002179500669084,0.008728377982559607,0.026044087467747192,0.024131240762684865,0.4833961526647112,-0.2325328002813251,0.09876469906459664
27.0,10.360586641464502,-4.67191078105436,2.0471051134643026,2.692799033315889,-0.4552336226455234,1.7518362846951008,-0.24020195334684655,0.48943006840086173,-0.016870988191380283,0.018987776545177346,0.008725441247319839,0.026024186559303247,0.024107057532250044,0.4834139250588468,-0.23254900385436203,0.0987691164008777
27.01,10.365420780715091,-4.674236271092904,2.0480928046283116,2.69308515811126,-0.45542514982047805,1.7516173783381224,-0.24008833723719636,0.4895078202685676,-0.01698971528095891,0.01897338521409196,0.00872250117607972,0.02600429757911511,0.02408289884828551,0.48343167845107454,-0.23256519283077137,0.09877352661668522
27.02,10.370255097499602,-4.676561923021212,2.0490805398944785,2.693371130982757,-0.4556165079961986,1.7513985758030217,-0.23997477036071446,0.48958545718445956,-0.017108368694691335,0.0189590054958652,0.008719557776827608,0.025984420528394402,0.024058764685945828,0.483449412861868,-0.2325813672227338,0.09877792972069395
27.03,10.37508959162822,-4.678887736693439,2.0500683191916855,2.693656951967085,-0.455807697303823,1.751179877105679,-0.23986125275830655,0.4896629792947285,-0.017226948440709853,0.018944637378967816,0.008716611057552214,0.025964555408327584,0.024034655020410457,0.4834671283116781,-0.23259752704242084,0.09878232572157121
27.04,10.379924262911336,-4.6812137119638635,2.051056142448901,2.693942621100969,-0.4559987178744355,1.750961282261844,-0.2397477844707052,0.4897403867454358,-0.017345454527247964,0.01893028085188897,0.00871366102624254,0.025944702220076003,0.024010569826883654,0.48348482482093325,-0.23261367230199465,0.09878671462797664
27.05,10.384759111159546,-4.683539848686883,2.052044009595181,2.694228138421155,-0.4561895698390674,1.7507427912871374,-0.23963436553847015,0.4898176796825131,-0.01746388696264011,0.01891593590313621,0.00871070769088782,0.025924860964775972,0.02398650908059526,0.4835025024100401,-0.2326298030136079,0.09879109644856245
27.060000000000002,10.389594136183646,-4.685866146717019,2.0530319205596665,2.6945135039644064,-0.4563802533286962,1.7505244041970494,-0.23952099600198878,0.48989485825176243,-0.017582245755321434,0.018901602521235412,0.008707751059477443,0.02590503164353882,0.023962472756799552,0.4835201610993825,-0.23264591918940425,0.09879547119197354
27.07,10.39442933779464,-4.688192605908913,2.054019875271586,2.694798717767509,-0.45657076847424605,1.7503061210069413,-0.2394076759014763,0.489971922598856,-0.017700530913827527,0.018887280694730738,0.008704791140000894,0.02588521425745096,0.02393846083077624,0.4835378009093221,-0.23266202084151794,0.09879983886684723
27.080000000000002,10.399264715803733,-4.6905192261173285,2.0550078736602546,2.695083779867268,-0.4567611154065875,1.750087941732045,-0.23929440527697618,0.4900488728693363,-0.017818742446794187,0.01887297041218459,0.00870182794044769,0.02586540880757396,0.023914473277829786,0.48355542186019823,-0.23267810798207395,0.09880419948181327
27.09,10.404100270022335,-4.692846007197149,2.055995915655073,2.6953686903005085,-0.4569512942565374,1.7498698663874634,-0.2391811841683605,0.4901257092086159,-0.01793688036295717,0.01885867166217757,0.008698861468807315,0.02584561529494458,0.0238905100732895,0.4835730239723282,-0.23269418062318808,0.09880855304549407
27.1,10.408936000262058,-4.695172949003381,2.056984001185528,2.6956534491040762,-0.45714130515485896,1.7496518949881712,-0.23906801261533026,0.49020243176197753,-0.018054944671151946,0.01884438443330843,0.00869589173306915,0.025825833720574877,0.0238665711925097,0.4835906072660068,-0.23271023877696692,0.09881289956650462
27.11,10.413771906334718,-4.697500051391151,2.0579721301811933,2.695938056314838,-0.45733114823226156,1.7494340275490143,-0.2389548906574157,0.4902790406745739,-0.01817293538031345,0.018830108714194025,0.008692918741222418,0.02580606408545222,0.02384265661086958,0.48360817176150706,-0.2327262824555075,0.098817239053452
27.12,10.418607988052333,-4.699827314215706,2.058960302571728,2.69622251196968,-0.4575208236194007,1.7492162640847104,-0.23884181833397675,0.4903555360914277,-0.01829085249947583,0.018815844493469278,0.008689942501256116,0.025786306390539387,0.023818766303773106,0.4836257174790793,-0.23274231167089804,0.09882157151493634
27.13,10.423444245227124,-4.702154737332415,2.0599485182868773,2.6965068161055106,-0.45771033144687806,1.7489986046098493,-0.23872879568420322,0.4904319181574316,-0.01840869603777222,0.01880159175978712,0.00868696302115895,0.025766560636774613,0.02379490024664927,0.4836432444389522,-0.2327583264352173,0.0988258969595499
27.14,10.428280677671513,-4.704482320596767,2.060936777256473,2.6967909687592573,-0.4578996718452412,1.748781049138893,-0.23861582274711524,0.4905081870173481,-0.018526466004434482,0.01878735050181847,0.00868398030891928,0.02574682682507165,0.023771058414951574,0.48366075266133196,-0.2327743267605349,0.09883021539587762
27.150000000000002,10.433117285198126,-4.706810063864372,2.0619250794104316,2.6970749699678693,-0.4580888449449838,1.7485635976861764,-0.23850289956156362,0.49058434281580965,-0.01864416240879296,0.01877312070825216,0.008680994372525048,0.02572710495631984,0.023747240784158404,0.4836782421664028,-0.23279031265891126,0.09883452683249705
27.16,10.43795406761979,-4.709137966990961,2.0629134246787566,2.6973588197683167,-0.4582778508765453,1.7483462502659066,-0.2383900261662301,0.49066038569731835,-0.018761785260276234,0.018758902367794913,0.008678005219963722,0.025707395031384164,0.023723447329772808,0.48369571297432684,-0.23280628414239757,0.09883883127797809
27.17,10.442791024749534,-4.711466029832385,2.0639018129915363,2.6976425181975907,-0.458466689770311,1.748129006892164,-0.23827720259962773,0.4907363158062461,-0.018879334568410885,0.018744695469171294,0.008675012859222229,0.02568769705110531,0.023699678027322795,0.4837131651052444,-0.23282224122303594,0.09884312874088308
27.18,10.447628156400587,-4.7137942522446155,2.064890244278945,2.697926065292703,-0.458655361756612,1.747911867578902,-0.23816442890010125,0.4908121332868345,-0.018996810342821246,0.01873050000112366,0.008672017298286901,0.02566801101629974,0.023675932852360772,0.4837305985792733,-0.23283818391285935,0.09884741922976724
27.19,10.45246546238638,-4.716122634083744,2.065878718471243,2.6982094610906873,-0.45884386696572493,1.7476948323399482,-0.23805170510582738,0.49088783828319477,-0.019114212593229152,0.018716315952412126,0.008669018545143407,0.025648336927759745,0.023652211780463957,0.4837480134165097,-0.23285411222389132,0.09885170275317803
27.2,10.457302942520545,-4.718451175205983,2.066867235498775,2.6984927056285977,-0.4590322055278723,1.7474779011890027,-0.23793903125481516,0.4909634309393078,-0.019231541329453705,0.01870214331181451,0.008666016607776694,0.025628674786253507,0.023628514787234087,0.48376540963702774,-0.23287002616814678,0.09885597931965552
27.21,10.462140596616916,-4.720779875467665,2.0678557952919716,2.6987757989435104,-0.4592203775732219,1.7472610741396406,-0.23782640738490635,0.49103891139902384,-0.019348796561411023,0.0186879820681263,0.008663011494170932,0.025609024592525165,0.023604841848297697,0.4837827872608796,-0.23288592575763092,0.09886024893773228
27.22,10.466978424489524,-4.723108734725241,2.068844397781349,2.699058741072523,-0.4594083832318873,1.7470443512053107,-0.23771383353377565,0.4911142798060629,-0.019465978299114,0.0186738322101606,0.008660003212309442,0.025589386347294872,0.023581192939305818,0.4838001463080956,-0.23290181100434015,0.09886451161593329
27.23,10.471816425952605,-4.725437752835285,2.0698330428975082,2.6993415320527543,-0.4595962226339273,1.746827732399336,-0.23760130973893118,0.4911895363040143,-0.019583086552672064,0.0186596937267481,0.008656991770174649,0.02556976005125886,0.02355756803593362,0.4838174867986837,-0.23291768192026172,0.09886876736277615
27.240000000000002,10.476654600820591,-4.7277669296544875,2.070821730571136,2.6996241719213447,-0.4597838959093461,1.7466112177349147,-0.23748883603771465,0.4912646810363368,-0.019700121332290932,0.01864556660673702,0.008653977175748015,0.025550145705089494,0.023533967113881615,0.48383480875263085,-0.2329335385173738,0.09887301618677112
27.25,10.481492948908118,-4.730096265039661,2.071810460733004,2.699906660715457,-0.4599714031880932,1.7463948072251192,-0.23737641246730187,0.4913397141463585,-0.019817082648272373,0.018631450838993077,0.00865095943700998,0.025530543309435348,0.023510390148874103,0.4838521121899012,-0.23294938080764535,0.0988772580964208
27.26,10.486331470030017,-4.732425758847738,2.072799233313968,2.700188998472275,-0.4601587446000634,1.7461785008828976,-0.23726403906470295,0.49141463577727695,-0.019933970511013952,0.01861734641239943,0.008647938561939903,0.025510952864921256,0.023486837116660265,0.48386939713043786,-0.23296520880303634,0.09888149310022025
27.27,10.491170164001321,-4.734755410935768,2.07378804824497,2.7004711852290044,-0.4603459202750966,1.7459622987210732,-0.23715171586676273,0.49148944607215883,-0.020050784931008803,0.01860325331585665,0.008644914558516008,0.02549137437214836,0.02346330799301356,0.48388666359416155,-0.2329810225154976,0.09888572120665738
27.28,10.496009030637262,-4.737085221160923,2.074776905457037,2.7007532210228735,-0.4605329303429777,1.7457462007523445,-0.23703944291016102,0.4915641451739402,-0.020167525918845377,0.018589171538282667,0.008641887434715318,0.02547180783169421,0.02343980275373166,0.48390391160097157,-0.2329968219569709,0.09888994242421233
27.29,10.500848069753273,-4.739415189380493,2.075765804881279,2.701035105891132,-0.4607197749334369,1.7455302069892862,-0.23692722023141302,0.4916387332254263,-0.020284193485207203,0.018575101068612734,0.008638857198513606,0.025452253244112776,0.02341632137463711,0.4839211411707452,-0.23301260713938923,0.098894156761358
27.3,10.505687281164981,-4.741745315451887,2.0767547464488927,2.701316839871052,-0.4609064541761491,1.7453143174443488,-0.23681504786686963,0.49171321036929144,-0.02040078764087265,0.018561041895799386,0.00863582385788533,0.02543271060993455,0.02339286383157642,0.48393835232333826,-0.23302837807467597,0.09889836422655952
27.310000000000002,10.510526664688214,-4.744075599232634,2.077743730091158,2.701598422999928,-0.4610929682007343,1.7450985321298593,-0.23670292585271777,0.4917875767480792,-0.020517308396714683,0.01854699400881239,0.008632787420803577,0.025413179929666588,0.023369430100420717,0.4839555450785846,-0.23304413477474595,0.09890256482827484
27.32,10.515366220139,-4.746406040580381,2.078732755739441,2.701879855315077,-0.4612793171367573,1.7448828510580208,-0.2365908542249807,0.4918618325042022,-0.020633755763700624,0.0185329573966387,0.00862974789524001,0.025393661203792564,0.023346020157065286,0.48397271945629666,-0.23305987725150482,0.09890675857495415
27.330000000000002,10.520205947333563,-4.748736639352896,2.0797218233251904,2.7021611368538374,-0.4614655011137276,1.7446672742409133,-0.23647883301951836,0.49193597777994197,-0.0207501297528919,0.018518932048282435,0.008626705289164807,0.025374154432772852,0.023322633977429452,0.4839898754762649,-0.2330756055168491,0.09891094547504034
27.34,10.525045846088325,-4.751067395408064,2.0807109327799407,2.702442267653571,-0.46165152026109946,1.744451801690494,-0.23636686227202774,0.49201001271744926,-0.020866430375443824,0.018504917952764818,0.008623659610546603,0.025354659617044556,0.023299271537457488,0.4840070131582584,-0.23309131958266646,0.0989151255369689
27.35,10.529885916219907,-4.753398308603891,2.0817000840353104,2.702723247751661,-0.4618373747082718,1.7442364334185967,-0.23625494201804315,0.49208393745874374,-0.020982657642605332,0.018490915099124133,0.00862061086735244,0.02533517675702161,0.02327593281311729,0.4840241325220244,-0.2331070194608357,0.09891929876916791
27.36,10.534726157545128,-4.755729378798499,2.082689277023002,2.703004077185515,-0.46202306458458814,1.7440211694369332,-0.2361430722929366,0.49215775214571394,-0.021098811565718762,0.018476923476415698,0.008617559067547707,0.025315705853094804,0.023252617780401094,0.4840412335872888,-0.23312270516322622,0.09892346518005778
27.37,10.539566569881002,-4.758060605850131,2.083678511674803,2.7032847559925615,-0.46220859001933645,1.7438060097570924,-0.23603125313191814,0.4922314569201174,-0.0212148921562196,0.01846294307371181,0.008614504219096084,0.025296246905631863,0.023229326415325352,0.48405831637375557,-0.2331383767016988,0.09892762477805142
27.38,10.54440715304474,-4.7603919896171485,2.0846677879225832,2.703565284210253,-0.46239395114174925,1.7435909543905415,-0.23591948457003611,0.4923050519235804,-0.021330899425636245,0.01844897388010171,0.008611446329959485,0.025276799914977496,0.023206058693930855,0.48407538090110763,-0.23315403408810512,0.09893177757155446
27.39,10.54924790685375,-4.76272352995803,2.085657105698299,2.703845661876064,-0.4625791480810034,1.7433760033486254,-0.23580776664217756,0.4923785372975981,-0.021446833385589777,0.01843501588469154,0.008608385408098012,0.025257364881453463,0.02318281459228236,0.48409242718900614,-0.23316967733428787,0.09893592356896494
27.400000000000002,10.554088831125641,-4.765055226731373,2.0866464649339886,2.704125889027493,-0.46276418096622013,1.7431611566425678,-0.23569609938306854,0.4924519131835346,-0.02156269404779371,0.0184210690766043,0.00860532146146989,0.025237941805358644,0.02315959408646879,0.48410945525709054,-0.23318530645208072,0.09894006277867343
27.41,10.558929925678212,-4.767387079795894,2.0876358655617753,2.70440596570206,-0.46294904992646485,1.7429464142834703,-0.2355844828272744,0.49252517972262255,-0.021678481424053753,0.01840713344497981,0.008602254498031417,0.025218530686969078,0.023136397152603058,0.4841264651249792,-0.23320092145330856,0.09894419520906314
27.42,10.563771190329462,-4.769719089010427,2.088625307513866,2.7046858919373093,-0.4631337550907472,1.7427317762823136,-0.23547291700920017,0.49259833705596345,-0.021794195526267577,0.018393208978974663,0.00859918452573691,0.025199131526538035,0.02311322376682217,0.4841434568122686,-0.23321652234978746,0.09894832086850983
27.43,10.568612624897584,-4.772051254233925,2.089614790722551,2.704965667770808,-0.46331829658802104,1.742517242649957,-0.2353614019630909,0.4926713853245275,-0.02190983636642457,0.018379295667762193,0.00859611155253865,0.02517974432429608,0.02309007390528695,0.48416043033853406,-0.23323210915332424,0.09895243976538161
27.44,10.57345422920097,-4.774383575325458,2.090604315120205,2.705245293240146,-0.4635026745471842,1.7423028133971399,-0.2352499377230319,0.4927443246691535,-0.022025403956605606,0.01836539350053243,0.008593035586386832,0.02516036908045112,0.023066947544182887,0.4841773857233297,-0.23324768187571707,0.09895655190803947
27.45,10.578296003058203,-4.776716052144215,2.0915938806392855,2.7055247683829373,-0.4636868890970785,1.7420884885344803,-0.23513852432294916,0.49281715523054903,-0.0221408983089828,0.01835150246649205,0.008589956635229504,0.025141005795188482,0.023043844659718725,0.484194322986188,-0.23326324052875494,0.09896065730483643
27.46,10.583137946288064,-4.779048684549502,2.092583487212334,2.7058040932368184,-0.46387094036648985,1.741874268072476,-0.2350271617966096,0.4928898771492901,-0.02225631943581928,0.01833762255486435,0.008586874707012523,0.025121654468670953,0.023020765228127557,0.48421124214661976,-0.23327878512421826,0.09896475596411862
27.47,10.58798005870953,-4.781381472400744,2.093573134771975,2.7060832678394497,-0.4640548284841479,1.7416601520215047,-0.23491585017762148,0.4929624905658214,-0.022371667349468938,0.018323753754889198,0.008583789809679495,0.025102315101038847,0.022997709225666227,0.4842281432241152,-0.23329431567387834,0.09896884789422428
27.48,10.59282234014177,-4.7837144155574824,2.0945628232509175,2.706362292228515,-0.4642385535787263,1.7414461403918242,-0.23480458949943464,0.4930349956204562,-0.0224869420623762,0.018309896055822995,0.00858070195117173,0.02508298769241007,0.02297467662861551,0.4842450262381427,-0.23330983218949786,0.0989729331034845
27.490000000000002,10.597664790404153,-4.786047513879377,2.0955525525819523,2.706641166441722,-0.4644221157788422,1.7412322331935728,-0.23469337979534088,0.49310739245337626,-0.022602143587075796,0.01829604944693863,0.008577611139428183,0.02506367224288018,0.02295166741328019,0.4842618912081495,-0.2333253346828303,0.09897701160022271
27.5,10.602507409316233,-4.788380767226205,2.0965423226979545,2.7069198905168017,-0.4646055152130566,1.741018430436769,-0.2345822210984743,0.49317968120463174,-0.022717271936192506,0.01828221391752545,0.008574517382385407,0.02504436875252243,0.02292868155598869,0.4842787381535615,-0.2333408231656204,0.09898108339275483
27.51,10.60735019669777,-4.790714175457862,2.097532133531882,2.707198464491509,-0.46478875200987413,1.7408047321313123,-0.2344711134418115,0.49325186201414134,-0.022832327122440942,0.018268389456889206,0.008571420687977496,0.02502507722138785,0.02290571903309329,0.4842955670937834,-0.23335629764960428,0.09898514848938961
27.52,10.612193152368707,-4.793047738434358,2.098521985016776,2.707476888403622,-0.464971826297743,1.740591138286983,-0.23436005685817213,0.49332393502169225,-0.0229473091586253,0.018254576054352028,0.008568321064136042,0.02500579764950528,0.022882779820970353,0.48431237804819893,-0.2333717581465089,0.09898920689842819
27.53,10.61703627614919,-4.795381456015823,2.09951187708576,2.707755162290944,-0.46515473820505476,1.7403776489134426,-0.23424905138021898,0.49339590036694,-0.023062218057639125,0.018240773699252377,0.008565218518790076,0.024986530036881456,0.022859863896019697,0.48432917103617024,-0.23338720466805252,0.09899325862816412
27.54,10.621879567859551,-4.797715328062504,2.100501809672042,2.708033286191301,-0.4653374878601446,1.7401642640202342,-0.23413809704045843,0.49346775818940847,-0.02317705383246509,0.018226982380945,0.008562113059866023,0.02496727438350105,0.02283697123466503,0.4843459460770386,-0.23340263722594468,0.09899730368688374
27.55,10.626723027320322,-4.800049354434763,2.101491782708911,2.708311260142543,-0.4655200753912911,1.7399509836167821,-0.23402719387124077,0.49353950862849005,-0.023291816496174737,0.018213202088800902,0.008559004695287647,0.024948030689326745,0.022814101813353638,0.484362703190124,-0.23341805583188593,0.09900134208286585
27.560000000000002,10.631566654352223,-4.802383534993082,2.1024817961297395,2.7085890841825457,-0.46570250092671595,1.739737807712393,-0.23391634190476046,0.4936111518234453,-0.02340650606192826,0.0181994328122073,0.008555893432976006,0.024928798954299267,0.0227912556085567,0.48437944239472525,-0.23343346049756808,0.09900537382438161
27.57,10.636410448776171,-4.804717869598058,2.1034718498679834,2.7088667583492065,-0.4658847645945842,1.7395247363162554,-0.23380554117305655,0.49368268791340314,-0.023521122542974275,0.01818567454056758,0.008552779280849396,0.024909579178337474,0.022768432596768987,0.4843961637101203,-0.23344885123467424,0.09900939891969522
27.580000000000002,10.641254410413273,-4.807052358110404,2.1044619438571806,2.709144282680449,-0.4660668665230042,1.7393117694374398,-0.23369479170801286,0.49375411703736083,-0.02363566595264956,0.018171927263301267,0.008549662246823308,0.024890371361338398,0.02274563275450895,0.4844128671555657,-0.23346422805487863,0.09901341737706292
27.59,10.646098539084829,-4.809387000390953,2.105452078030951,2.70942165721422,-0.4662488068400273,1.7390989070848997,-0.23358409354135842,0.4938254393341839,-0.023750136304378847,0.01815819096984398,0.008546542338810376,0.024871175503177308,0.022722856058318433,0.4844295527502972,-0.2334795909698467,0.09901742920473389
27.6,10.650942834612332,-4.8117217963006516,2.1064422523229984,2.7096988819884906,-0.4664305856736479,1.738886149267471,-0.2334734467046678,0.493896654942606,-0.023864533611674572,0.01814446564964739,0.008543419564720326,0.024851991603707765,0.022700102484763222,0.4844462205135295,-0.2334949399912351,0.09902143441094953
27.61,10.655787296817467,-4.814056745700564,2.107432466667108,2.7099759570412574,-0.4666122031518036,1.7386734959938726,-0.2333628512293613,0.4939677640012291,-0.023978857888136654,0.018130751292179184,0.008540293932459928,0.02483281966276168,0.02267737201043259,0.48446287046445624,-0.23351027513069178,0.09902543300394398
27.62,10.660631925522111,-4.816391848451871,2.1084227209971473,2.7102528824105403,-0.4667936594023746,1.7384609472727064,-0.23325230714670536,0.4940387666485234,-0.024093109147452253,0.01811704788692303,0.00853716544993295,0.02481365968014938,0.022654664611939126,0.48447950262225,-0.233525596399856,0.09902942499194403
27.63,10.665476720548334,-4.81872710441587,2.1094130152470667,2.710529658134384,-0.46697495455318433,1.738248503112458,-0.23314181448781293,0.4941096630228272,-0.024207287403395537,0.018103355423378528,0.008534034125040106,0.024794511655659653,0.022631980265919158,0.48449611700606243,-0.23354090381035805,0.0990334103831689
27.64,10.670321681718395,-4.821062513453973,2.1104033493508982,2.7108062842508582,-0.4671560887319988,1.738036163521496,-0.2330313732836437,0.49418045326234705,-0.024321392669827455,0.01808967389106119,0.008530899965679016,0.024775375589059827,0.02260931894903248,0.48451271363502446,-0.23355619737381988,0.09903738918583044
27.650000000000002,10.675166808854746,-4.823398075427711,2.1113937232427564,2.7110827607980568,-0.467337062066527,1.7378239285080734,-0.23292098356500443,0.4942511375051575,-0.0244354249606955,0.01807600327950238,0.008527762979744146,0.0247562514800958,0.022586680637962264,0.4845292925282458,-0.23357147710185433,0.09904136140813295
27.66,10.680012101780028,-4.82573379019873,2.112384136856838,2.7113590878140985,-0.4675178746844203,1.737611798080327,-0.2328106453625493,0.4943217158892013,-0.024549384290033477,0.018062343578249287,0.008524623175126774,0.024737139328492124,0.022564065309415328,0.4845458537048157,-0.23358674300606574,0.09904532705827356
27.67,10.684857560317075,-4.828069657628791,2.1133745901274206,2.711635265337127,-0.46769852671327306,1.7373997722462775,-0.23270035870678019,0.4943921885522894,-0.024663270671961272,0.018048694776864882,0.00852148055971493,0.024718039133952048,0.022541472940121612,0.48456239718380173,-0.23360199509804958,0.09904928614444156
27.68,10.689703184288913,-4.830405677579771,2.114365082988865,2.7119112934053113,-0.46787901828062195,1.7371878510138306,-0.23259012362804704,0.4944625556321006,-0.024777084120684627,0.018035056864927883,0.008518335141393359,0.024698950896157576,0.022518903506834748,0.4845789229842516,-0.23361723338939264,0.09905323867481905
27.69,10.694548973518755,-4.832741849913664,2.1153556153756132,2.712187172056844,-0.46805934951394623,1.7369760343907759,-0.23247994015654813,0.494532817266182,-0.02489082465049489,0.01802142983203272,0.008515186928043471,0.024679874614769535,0.022496356986331498,0.4845954311251915,-0.23363245789167322,0.09905718465758079
27.7,10.699394927830006,-4.835078174492581,2.116346187222189,2.7124629013299435,-0.4682395205406677,1.7367643223847884,-0.23236980832233042,0.4946029735919486,-0.025004492275768807,0.018007813667789488,0.008512035927543293,0.024660810289427612,0.022473833355412223,0.48461192162562733,-0.23364766861646083,0.09906112410089397
27.71,10.704241047046263,-4.8374146511787455,2.1173367984631977,2.7127384812628534,-0.4684195314881504,1.7365527150034281,-0.23225972815528986,0.4946730247466835,-0.025118087010968272,0.017994208361823916,0.008508882147767426,0.024641757919750446,0.02245133259090039,0.48462839450454365,-0.23366286557531624,0.09906505701291833
27.72,10.70908733099131,-4.839751279834498,2.118327449033327,2.713013911893842,-0.4685993824837008,1.7363412122541402,-0.23214969968517168,0.4947429708675378,-0.02523160887064011,0.017980613903777323,0.008505725596586996,0.024622717505335644,0.022428854669642763,0.4846448497809047,-0.23367804877979148,0.09906898340180634
27.73,10.713933779489118,-4.842088060322296,2.119318138867345,2.7132891932612027,-0.46877907365456767,1.7361298141442552,-0.23203972294157074,0.49481281209153066,-0.025345057869415846,0.017967030283306592,0.00850256628186961,0.02460368904575987,0.022406399568509733,0.484661287473654,-0.23369321824143022,0.09907290327570283
27.740000000000002,10.718780392363854,-4.8444249925047105,2.120308867900102,2.713564325403254,-0.46895860512794185,1.7359185206809893,-0.23192979795393182,0.49488254855554914,-0.025458434022011454,0.017953457490084118,0.008499404211479317,0.024584672540578886,0.022383967264394213,0.48467770760171386,-0.23370837397176739,0.09907681664274555
27.75,10.72362716943987,-4.846762076244429,2.1212996360665297,2.7138393083583403,-0.46913797703095644,1.735707331871445,-0.23181992475154992,0.4949521803963483,-0.02557173734322716,0.01793989551379778,0.00849623939327655,0.02456566798932762,0.02236155773421326,0.4846941101839867,-0.23372351598232888,0.09908072351106441
27.76,10.728474110541711,-4.8490993114042515,2.1222904433016403,2.714114142164831,-0.4693171894906866,1.7354962477226108,-0.23171010336357065,0.4950217077505512,-0.025684967847947184,0.017926344344150896,0.008493071835118089,0.024546675391520206,0.02233917095490639,0.48471049523935367,-0.2337386442846325,0.0990846238887821
27.77,10.733321215494104,-4.851436697847098,2.123281289540528,2.7143888268611205,-0.4694962426341496,1.7352852682413609,-0.23160033381899042,0.4950911307546488,-0.025798125551139535,0.017912803970862194,0.00848990154485702,0.024527694746650064,0.022316806903436685,0.48472686278667526,-0.23375375889018718,0.09908851778401391
27.78,10.738168484121971,-4.853774235436,2.124272174718368,2.714663362485629,-0.4696751365883044,1.7350743934344568,-0.2314906161466569,0.495160449545,-0.02591121046785576,0.017899274383665773,0.008486728530342682,0.02450872605418994,0.02229446555679007,0.48474321284479177,-0.2337688598104931,0.09909240520486773
27.79,10.74301591625042,-4.856111924034105,2.1252630987704166,2.7149377490768023,-0.4698538714800522,1.7348636233085464,-0.23138095037526915,0.49522966425783166,-0.026024222613230733,0.017885755572311056,0.008483552799420632,0.024489769313591963,0.022272146891976128,0.4847595454325229,-0.23378394705704209,0.09909628615944382
27.8,10.747863511704745,-4.858449763504675,2.126254061632011,2.7152119866731113,-0.47003244743623585,1.7346529578701646,-0.23127133653337814,0.4952987750292385,-0.026137162002482412,0.01787224752656277,0.008480374359932593,0.024470824524287713,0.022249850886027024,0.4847758605686672,-0.23379902064131722,0.0991001606558354
27.810000000000002,10.752711270310432,-4.860787753711088,2.1272450632385693,2.7154860753130525,-0.47021086458364003,1.7344423971257334,-0.2311617746493869,0.4953677819951833,-0.02625002865091162,0.017858750236200892,0.008477193219716416,0.024451891685688263,0.022227577515998003,0.4847921582720031,-0.23381408057479314,0.09910402870212812
27.82,10.75755919189315,-4.863125894516837,2.1282361035255906,2.715760015035149,-0.47038912304899116,1.734231941081562,-0.23105226475155086,0.4954366852914964,-0.02636282257390182,0.017845263691020626,0.008474009386606036,0.024432970797184254,0.022205326758967803,0.48480843856128863,-0.23382912686893573,0.09910789030639985
27.830000000000002,10.762407276278763,-4.865464185785526,2.1292271824286546,2.7160338058779483,-0.47056722295895737,1.7340215897438478,-0.23094280686797822,0.4955054850538764,-0.026475543786918878,0.017831787880832353,0.008470822868431429,0.024414061858145934,0.022183098592037865,0.4848247014552611,-0.23384415953520232,0.09911174547672175
27.84,10.767255523293315,-4.867802627380878,2.130218299883422,2.7163074478800247,-0.4707451644401483,1.733811343118675,-0.23083340102663022,0.49557418141788956,-0.026588192305510842,0.01781832279546161,0.008467633673018565,0.02439516486792322,0.022160892992332655,0.4848409469726374,-0.2338591785850417,0.0991155942211568
27.85,10.772103932763041,-4.870141219166729,2.1312094558256334,2.716580941079977,-0.4709229476191152,1.7336012012120166,-0.23072404725532142,0.49564277451897,-0.026700768145307714,0.01780486842474904,0.008464441808189373,0.02437627982584576,0.022138709936999575,0.4848571751321137,-0.2338741840298943,0.09911943654776142
27.86,10.776952504514362,-4.872479961007028,2.132200650191111,2.7168542855164315,-0.4711005726223508,1.7333911640297333,-0.2306147455817201,0.49571126449241976,-0.02681327132202122,0.01779142475855036,0.008461247281761692,0.024357406731222983,0.02211654940320932,0.4848733859523663,-0.2338891758811918,0.09912327246458391
27.87,10.781801238373886,-4.87481885276584,2.1331918829157566,2.7171274812280393,-0.4712780395762892,1.7331812315775745,-0.23050549603334847,0.49577965147340874,-0.026925701851444588,0.01777799178673633,0.008458050101549234,0.02433854558334415,0.022094411368155074,0.48488957945205063,-0.23390415415035715,0.09912710197966552
27.88,10.786650134168406,-4.877157894307343,2.1341831539355534,2.717400528253478,-0.47145534860730604,1.7329714038611779,-0.230396298637583,0.4958479355969746,-0.027038059749452326,0.017764569499192702,0.00845485027536154,0.024319696381478427,0.022072295809053052,0.4849057556498017,-0.23391911884880523,0.09913092510103991
27.89,10.791499191724904,-4.8794970854958315,2.135174463186564,2.717673426631451,-0.47163249984171807,1.7327616808860702,-0.23028715342165482,0.4959161169980229,-0.027150345031999982,0.01775115788582021,0.008451647811003939,0.02430085912487492,0.022050202703142723,0.4849219145642349,-0.2339340699879419,0.09913474183673336
27.900000000000002,10.796348410870547,-4.881836426195711,2.1361658106049313,2.717946176400688,-0.4718094934057834,1.7325520626576671,-0.23017806041264985,0.495984195811327,-0.027262557715123932,0.0177377569365345,0.008448442716277505,0.02428203381276275,0.02202813202768587,0.48493805621394426,-0.23394900757916479,0.099138552194765
27.91,10.801197791432687,-4.884175916271502,2.137157196126879,2.718218777599944,-0.47198632942570123,1.7323425491812734,-0.23006901963750928,0.49605217217152814,-0.027374697814941153,0.017724366641266125,0.008445234998979017,0.024263220444351096,0.022006083759967408,0.4849541806175039,-0.2339639316338631,0.0991423561831464
27.92,10.806047333238862,-4.886515555587841,2.1381486196887103,2.718491230268001,-0.47216300802761213,1.7321331404620832,-0.2299600311230298,0.49612004621313527,-0.027486765347648986,0.017710986989960494,0.008442024666900923,0.024244419018829254,0.02198405787729503,0.4849702877934678,-0.23397884216341744,0.09914615380988162
27.93,10.810897036116797,-4.888855344009475,2.139140081226809,2.7187635344436667,-0.4723395293375975,1.7319238365051806,-0.22985109489586386,0.49618781807052526,-0.027598760329524925,0.017697617972577833,0.008438811727831291,0.024225629535366697,0.021962054356999137,0.4849863777603694,-0.23399373917919972,0.09914994508296761
27.94,10.815746899894402,-4.8911952814012665,2.1401315806776386,2.719035690165776,-0.4725158934816798,1.731714637315539,-0.2297422109825201,0.4962554878779427,-0.027710682776926388,0.01768425957909316,0.008435596189553777,0.024206851993113117,0.021940073176433043,0.4850024505367223,-0.23400862269257364,0.09915373001039361
27.95,10.82059692439977,-4.893535367628192,2.1411231179777426,2.719307697473189,-0.47269210058582267,1.7315055428980222,-0.22963337940936351,0.4963230557695001,-0.027822532706290495,0.017670911799496238,0.008432378059847577,0.024188086391198505,0.021918114312972716,0.48501850614101966,-0.23402349271489428,0.09915750860014161
27.96,10.82544710946118,-4.895875602555341,2.142114693063744,2.719579556404793,-0.47286815077593036,1.731296553257384,-0.22952460020261584,0.49639052187917765,-0.027934310134133836,0.017657574623791555,0.008429157346487396,0.02416933272873318,0.02189617774401674,0.485034544591734,-0.23403834925750822,0.09916128086018634
27.97,10.830297454907097,-4.898215986047916,2.143106305872346,2.7198512669995005,-0.4730440441778481,1.7310876683982688,-0.22941587338835587,0.4964578863408234,-0.02804601507705226,0.017644248041998274,0.008425934057243399,0.024150591004807858,0.021874263446986602,0.48505056590731815,-0.2340531923317539,0.09916504679849494
27.98,10.83514796056617,-4.900556517971233,2.144097956340331,2.720122829296252,-0.47321978091736194,1.7308788883252113,-0.22930719899251967,0.49652514928815317,-0.02815764755172064,0.017630932044150203,0.008422708199881179,0.024131861218493707,0.021852371399326245,0.48506657010620474,-0.23406802194896073,0.09916880642302728
27.990000000000002,10.839998626267231,-4.902897198190723,2.1450896444045613,2.7203942433340136,-0.4733953611201986,1.7306702130426375,-0.229198577040901,0.4965923108547506,-0.028269207574892655,0.017617626620295763,0.008419479782161714,0.024113143368842394,0.021830501578502547,0.48508255720680626,-0.23408283812045014,0.09917255974173579
28.0,10.8448494518393,-4.9052380265719275,2.1460813700019785,2.720665509151778,-0.4735707849120255,1.7304616425548638,-0.22909000755915152,0.4966593711740671,-0.028380695163400572,0.017604331760497947,0.008416248811841335,0.02409443745488615,0.021808653962004588,0.4850985272275147,-0.23409764085753493,0.09917630676256561
28.01,10.849700437111576,-4.907579002980503,2.147073133069604,2.7209366267885646,-0.4737460524184506,1.7302531768660985,-0.22898149057278114,0.496726330379422,-0.028492110334155017,0.01759104745483429,0.008413015296671674,0.02407574347563782,0.02178682852734444,0.4851144801867025,-0.23411243017151953,0.09918004749345435
28.02,10.854551581913443,-4.909920127282218,2.1480649335445388,2.7212075962834197,-0.47392116376502247,1.7300448159804407,-0.22887302610715832,0.4967931886040022,-0.028603453104144753,0.017577773693396834,0.00840977924439964,0.02405706143009092,0.02176502525205653,0.4851304161027217,-0.23412720607369988,0.09918378194233231
28.03,10.85940288607447,-4.912261399342955,2.149056771363962,2.721478417675416,-0.47409611907723026,1.7298365599018812,-0.22876461418751035,0.4968599459808625,-0.028714723490436463,0.01756451046629209,0.008406540662767371,0.024038391317219684,0.021743244113697702,0.48514633499390414,-0.23414196857536357,0.0991875101171225
28.04,10.864254349424408,-4.914602819028709,2.150048646465133,2.7217490910036526,-0.47427091848050346,1.729628408634303,-0.22865625483892366,0.49692660264292565,-0.02882592151017452,0.017551257763641005,0.008403299559512202,0.024019733135979125,0.02172148508984777,0.4851622368785622,-0.2341567176877898,0.09919123202574044
28.05,10.869105971793195,-4.9169443862055875,2.1510405587853905,2.722019616307256,-0.47444556210021194,1.729420362181481,-0.22854794808634413,0.49699315872298194,-0.028937047180580783,0.01753801557557893,0.008400055942366622,0.024001086885305094,0.02169974815810865,0.4851781217749876,-0.2341714534222493,0.0991949476760944
28.060000000000002,10.873957753010945,-4.91928610073981,2.152032508262151,2.7222899936253793,-0.47462005006166597,1.7292124205470818,-0.22843969395457736,0.4970596143536896,-0.029048100518954355,0.017524783892255574,0.008396809819058243,0.02398245256411433,0.02167803329610511,0.4851939897014526,-0.23418617579000442,0.09919865707608508
28.07,10.878809692907959,-4.92162796249771,2.1530244948329123,2.722560222997202,-0.47479438249011596,1.729004583734665,-0.22833149246828902,0.4971259696675747,-0.029159081542671373,0.01751156270383499,0.008393561197309758,0.023963830171304504,0.021656340481483866,0.48520984067620915,-0.23420088480230913,0.09920236023360615
28.080000000000002,10.88366179131472,-4.923969971345733,2.1540165184352484,2.7228303044619313,-0.47496855951075273,1.7287968517476826,-0.2282233436520051,0.497192224797031,-0.029269990269184788,0.01749835200049553,0.008390310084838905,0.023945219705754292,0.02163466969191448,0.48522567471748934,-0.23421558047040902,0.09920605715654354
28.09,10.888514048061895,-4.926312127150437,2.155008579006814,2.7231002380588007,-0.47514258124870706,1.7285892245894794,-0.22811524753011228,0.49725837987432014,-0.029380826716024145,0.017485151772429795,0.00838705648935843,0.02392662116632342,0.021613020905088754,0.4852414918435055,-0.23423026280554132,0.09920974785277605
28.1,10.89336646298033,-4.928654429778493,2.1560006764853417,2.723370023827071,-0.47531644782904997,1.728381702263293,-0.22800720412685813,0.49732443503157153,-0.02949159090079536,0.017471962009844633,0.00838380041857605,0.023908034551852708,0.02159139409872083,0.48525729207244966,-0.23424493181893494,0.09921343233017497
28.11,10.898219035901054,-4.930996879096682,2.1569928108086436,2.72363966180603,-0.4754901593767925,1.7281742847722543,-0.22789921346635142,0.4973903904007825,-0.029602282841180504,0.01745878270296108,0.008380541880194426,0.023889459861164142,0.021569789250547387,0.48527307542249454,-0.2342595875218104,0.09921711059660444
28.12,10.903071766655279,-4.9333394749719,2.1579849819146095,2.723909152034992,-0.4756637160168856,1.7279669721193878,-0.22779127557256254,0.497456246113818,-0.02971290255493758,0.017445613842014342,0.008377280881911107,0.02387089709306092,0.021548206338327398,0.4852888419117926,-0.23427422992537986,0.09922078265992101
28.13,10.907924655074396,-4.935682217271154,2.1589771897412087,2.7241784945532994,-0.47583711787422023,1.7277597643076112,-0.22768339046932365,0.497522002302411,-0.02982345005990031,0.017432455417253745,0.008374017431418515,0.023852346246327503,0.021526645339841898,0.4853045915584765,-0.23428885904084704,0.09922444852797402
28.14,10.912777700989981,-4.938025105861563,2.1599694342264883,2.724447689400321,-0.4760103650736272,1.7275526613397365,-0.22757555818032904,0.49758765909816227,-0.0299339253739779,0.01741930741894271,0.008370751536403894,0.02383380731972967,0.021505106232894613,0.48532032438065925,-0.2343034748794075,0.09922810820860548
28.150000000000002,10.917630904233787,-4.940368140610357,2.1609617153085745,2.724716736615453,-0.4761834577398772,1.727345663218469,-0.22746777872913546,0.4976532166325403,-0.030044328515154855,0.017406169837358727,0.008367483204549286,0.023815280312014575,0.021483588995311203,0.4853360403964339,-0.2343180774522484,0.09923176170964976
28.16,10.922484264637752,-4.942711321384879,2.161954032925671,2.724985636238119,-0.47635639599768054,1.7271387699464085,-0.22736005213916233,0.4977186750368816,-0.030154659501490724,0.017393042662793307,0.008364212443531487,0.023796765221910803,0.02146209360493987,0.48535173962387407,-0.2343326667705486,0.09923540903893432
28.17,10.927337782033991,-4.945054648052584,2.1629463870160603,2.725254388307769,-0.4765291799716874,1.7269319815260493,-0.22725237843369211,0.4977840344423904,-0.030264918351119906,0.01737992588555196,0.008360939261022018,0.02377826204812841,0.021440620039650585,0.4853674220810331,-0.23434724284547861,0.09923905020427896
28.18,10.9321914562548,-4.947398120481039,2.163938777518103,2.725522992863882,-0.4767018097864876,1.7267252979597802,-0.22714475763587058,0.4978492949801388,-0.03037510508225142,0.017366819495954155,0.008357663664687086,0.023759770789358987,0.021419168277336087,0.4853830877859451,-0.2343618056882006,0.09924268521349619
28.19,10.93704528713266,-4.949741738537921,2.1649312043702382,2.725791449945963,-0.4768742855666103,1.7265187192498845,-0.22703718976870707,0.4979144567810668,-0.030485219713168702,0.01735372348433329,0.008354385662187554,0.023741291444275718,0.021397738295910976,0.4853987367566242,-0.23437635530986844,0.09924631407439122
28.2,10.941899274500226,-4.95208550209102,2.1659236675109823,2.726059759593544,-0.47704660743652466,1.7263122453985404,-0.22692967485507484,0.49797951997598233,-0.03059526226222937,0.01734063784103666,0.0083511052611789,0.023722824011533417,0.021376330073311942,0.48541436901106483,-0.234390891721628,0.09924993679476196
28.21,10.946753418190337,-4.954429411008236,2.16691616687893,2.7263279218461856,-0.47721877552063896,1.7261058764078216,-0.22682221291771135,0.4980444846955611,-0.030705232747865026,0.017327562556425414,0.008347822469311194,0.023704368489768597,0.021354943587498,0.48542998456724196,-0.23440541493461642,0.09925355338239887
28.22,10.951607718036009,-4.956773465157582,2.167908702412754,2.7265959367434753,-0.47739078994330103,1.7258996122796968,-0.2267148039792185,0.4981093510703468,-0.030815131188581018,0.01731449762087454,0.00834453729422905,0.023685924877599514,0.021333578816450018,0.4854455834431108,-0.2344199249599629,0.09925716384508516
28.23,10.95646217387044,-4.959117664407182,2.168901274051205,2.726863804325028,-0.4775626508287981,1.7256934530160304,-0.226607448062063,0.498174119230751,-0.03092495760295625,0.017301443024772815,0.008341249743571604,0.023667493173626226,0.021312235738171415,0.48546116565660696,-0.23443442180878812,0.09926076819059665
28.240000000000002,10.961316785527005,-4.961462008625269,2.1698938817331106,2.7271315246304866,-0.4777343583013568,1.7254873986185821,-0.22650014518857664,0.4982387893070532,-0.031034712009642945,0.017288398758522786,0.008337959824972473,0.023649073376430636,0.02129091433068703,0.4854767312256465,-0.2344489054922048,0.09926436642670183
28.25,10.966171552839262,-4.963806497680191,2.1708865253973775,2.72739909769952,-0.47790591248514286,1.7252814490890083,-0.22639289538095653,0.49830336142940074,-0.03114439442736644,0.017275364812540724,0.008334667546059727,0.023630665484576555,0.021269614572044206,0.4854922801681257,-0.23446337602131714,0.09926795856116208
28.26,10.971026475640944,-4.966151131440404,2.171879204982989,2.727666523571827,-0.47807731350426136,1.7250756044288604,-0.2262856986612654,0.498367835727809,-0.03125400487492497,0.0172623411772566,0.008331372914455855,0.023612269496609748,0.021248336440312203,0.4855078125019217,-0.23447783340722134,0.09927154460173103
28.27,10.975881553765962,-4.968495909774477,2.172871920429006,2.7279338022871324,-0.47824856148275646,1.724869864639587,-0.22617855505143203,0.49843221233216134,-0.03136354337118945,0.017249327843114053,0.008328075937777726,0.023593885411057995,0.021227079913582234,0.4855233282448919,-0.23449227766100497,0.09927512455615517
28.28,10.98073678704841,-4.970840832551087,2.1738646716745675,2.728200933885189,-0.4784196565446115,1.7246642297225327,-0.2260714645732513,0.4984964913722089,-0.03147300993510326,0.017236324800570357,0.008324776623636567,0.02357551322643113,0.02120584496996729,0.4855388274148737,-0.23450670879374777,0.09927869843217389
28.29,10.985592175322559,-4.973185899639025,2.1748574586588894,2.7284679184057774,-0.47859059881374877,1.724458699678939,-0.22596442724838472,0.49856067297757106,-0.031582404585682046,0.017223332040096382,0.008321474979637922,0.023557152941221106,0.021184631587602823,0.48555431002968613,-0.23452112681652093,0.09928226623751894
28.3,10.990447718422855,-4.975531110907189,2.1758502813212646,2.728734755888706,-0.4787613884140297,1.724253274509944,-0.22585744309836053,0.4986247572777349,-0.031691727342013476,0.01721034955217657,0.008318171013381621,0.02353880455390204,0.02116343974464577,0.4855697761071277,-0.23453553174038771,0.09928582797991478
28.310000000000002,10.995303416183926,-4.977876466224593,2.176843139601064,2.7290014463738106,-0.4789320254692546,1.7240479542165825,-0.2257505121445741,0.4986887444020558,-0.03180097822325706,0.017197377327308902,0.008314864732461756,0.023520468062930264,0.021142269419274936,0.4855852256649779,-0.2345499235764032,0.09928938366707894
28.32,11.000159268440576,-4.980221965460357,2.177836033437735,2.729267989900955,-0.4791025101031627,1.7238427387997874,-0.22564363440828816,0.4987526344797569,-0.031910157248643906,0.017184415356004856,0.008311556144466636,0.023502143466744393,0.021121120589691296,0.4856006587209969,-0.23456430233561387,0.09929293330672113
28.330000000000002,11.005015275027786,-4.982567608483714,2.178828962770802,2.729534386510031,-0.47927284243943197,1.7236376282603885,-0.22553680991063318,0.49881642763992945,-0.03201926443747653,0.01717146362878939,0.008308245256978767,0.023483830763765347,0.021099993234117605,0.4856160752929254,-0.2345786680290583,0.09929647690654393
28.34,11.009871435780715,-4.984913395164004,2.1798219275398676,2.729800636240958,-0.4794430226016793,1.723432622599113,-0.22543003867260752,0.49888012401153287,-0.032128299809128645,0.017158522136200904,0.008304932077574816,0.02346552995239643,0.021078887330798126,0.48563147539848445,-0.2345930206677668,0.09930001447424273
28.35,11.0147277505347,-4.987259325370682,2.18081492768461,2.7300667391336835,-0.4796130507134603,1.7232277218165861,-0.22532332071507785,0.49894372372339446,-0.03223726338304492,0.0171455908687912,0.008301616613825577,0.023447241031023375,0.02105780285799959,0.4856468590553764,-0.23460736026276163,0.09930354601750542
28.36,11.019584219125253,-4.98960539897331,2.181807963144785,2.7303326952281823,-0.4797829268982691,1.723022925913331,-0.22521665605877933,0.49900722690420973,-0.032346155178740794,0.017132669817125464,0.008298298873295947,0.023428963998014387,0.02103673979400973,0.48566222628128336,-0.23462168682505677,0.09930707154401275
28.37,11.024440841388065,-4.99195161584156,2.182801033860225,2.730598504564458,-0.47995265127953873,1.722818234889769,-0.22511004472431595,0.49907063368254223,-0.03245497521580226,0.017119758971782226,0.008294978863544888,0.023410698851720202,0.02101569811713861,0.48567757709386883,-0.23463600036565793,0.09931059106143804
28.38,11.029297617159004,-4.994297975845217,2.183794139770839,2.730864167182541,-0.4801222239806406,1.7226136487462196,-0.22500348673216083,0.4991339441868236,-0.03256372351388566,0.017106858323353333,0.0082916565921254,0.02339244559047414,0.020994677805717815,0.48569291151077687,-0.2346503008955628,0.09931410457744735
28.39,11.034154546274113,-4.996644478854172,2.1847872808166136,2.731129683122491,-0.48029164512488465,1.7224091674829012,-0.2248969821026565,0.4991971585453537,-0.03267240009271744,0.01709396786244391,0.008288332066584494,0.023374204212592148,0.02097367883810075,0.48570822954963205,-0.23466458842576085,0.0993176120996995
28.400000000000002,11.03901162856961,-4.9989911247384295,2.1857804569376107,2.731395052424395,-0.48046091483551934,1.7222047910999305,-0.22479053085601508,0.49926027688630037,-0.03278100497209399,0.017081087579672336,0.008285005294463153,0.02335597471637286,0.020952701192662453,0.48572353122803996,-0.23467886296723345,0.09932111363584599
28.41,11.04386886388189,-5.0013379133681015,2.186773668073969,2.7316602751283683,-0.48063003323573156,1.7220005195973234,-0.2246841330123188,0.4993232993376998,-0.032889538171881394,0.017068217465670218,0.008281676283296312,0.023337757100097646,0.02093174484779947,0.48573881656358675,-0.2346931245309537,0.09932460919353084
28.42,11.048726252047526,-5.003684844613411,2.1877669141659046,2.731925351274554,-0.4807990004486466,1.7217963529749947,-0.22457778859152,0.49938622602745625,-0.03299799971201523,0.01705535751108234,0.00827834504061282,0.023319551362030663,0.020910809781930495,0.4857540855738396,-0.23470737312788667,0.09932809878039103
28.43,11.053583792903265,-5.00603191834469,2.1887601951537086,2.7321902809031227,-0.48096781659732796,1.7215922912327584,-0.22447149761344162,0.4994490570833422,-0.03310638961250038,0.017042507706566654,0.008275011573935417,0.023301357500418902,0.020889895973495273,0.48576933827634616,-0.23472160876898956,0.0993315824040563
28.44,11.058441486286029,-5.0083791344323805,2.189753510977749,2.7324550640542746,-0.48113648180477747,1.721388334370328,-0.2243652600977774,0.49951179263299833,-0.03321470789341078,0.017029668042794238,0.0082716758907807,0.02328317551349224,0.020869003400955412,0.4857845746886351,-0.23473583146521088,0.09933506007214878
28.45,11.063299332032916,-5.0107264927470325,2.1907468615784707,2.7327197007682376,-0.4813049961939352,1.7211844823873168,-0.2242590760640922,0.4995744328039336,-0.033322954574889256,0.017016838510449266,0.008268337998659095,0.023265005399463506,0.020848132042794315,0.4857997948282162,-0.2347500412274914,0.09933853179228332
28.46,11.068157329981197,-5.013073993159307,2.1917402468963934,2.732984191085267,-0.4814733598876793,1.7209807352832378,-0.22415294553182227,0.4996369777235252,-0.03343112967714728,0.017004019100228973,0.00826499790507483,0.023246847156528506,0.020827281877516556,0.4858149987125797,-0.23476423806676378,0.09934199757206794
28.47,11.073015479968323,-5.015421635539974,2.192733666872114,2.7332485350456466,-0.48164157300882615,1.720777093057504,-0.22404686852027547,0.49969942751901864,-0.03353923322046478,0.01699120980284364,0.008261655617525903,0.023228700782866096,0.020806452883648446,0.48583018635919695,-0.23477842199395252,0.0993454574191029
28.48,11.077873781831915,-5.017769419759913,2.193727121446305,2.733512732689689,-0.4818096356801301,1.7205735557094284,-0.22394084504863163,0.4997617823175277,-0.033647265225189925,0.016978410609016545,0.008258311143504058,0.023210566276638214,0.02078564503973788,0.48584535778552024,-0.2347925930199739,0.0993489113409815
28.490000000000002,11.08273223540977,-5.020117345690113,2.194720610559715,2.733776784057735,-0.48197754802428344,1.7203701232382247,-0.22383487513594283,0.4998240422460345,-0.03375522571173892,0.01696562150948394,0.00825496449049475,0.023192443635989952,0.020764858324354183,0.48586051300898275,-0.23480675115573627,0.09935235934528944
28.5,11.08759084053986,-5.022465413201671,2.195714134153168,2.7340406891901528,-0.4821453101639166,1.720166795643007,-0.22372895880113364,0.49988620743138945,-0.03386311470059579,0.016952842494995027,0.008251615665977126,0.023174332859049587,0.020744092716088125,0.48587565204699856,-0.2348208964121399,0.09935580143960546
28.51,11.09244959706033,-5.024813622165792,2.196707692167564,2.7343044481273395,-0.4823129222215977,1.7199635729227898,-0.22362309606300143,0.49994827800031144,-0.03397093221231219,0.016940073556311917,0.008248264677423987,0.023156233943928642,0.020723348193551906,0.4858907749169628,-0.23483502880007692,0.0993592376315009
28.52,11.097308504809499,-5.027161972453793,2.197701284543879,2.7345680609097207,-0.4824803843198329,1.7197604550764893,-0.2235172869402166,0.5000102540793876,-0.034078678267507184,0.0169273146842096,0.008244911532301766,0.02313814688872193,0.0207026247353792,0.48590588163625154,-0.23484914833043138,0.09936266792853984
28.53,11.102167563625862,-5.029510463937097,2.1986949112231646,2.73483152757775,-0.48264769658106615,1.719557442102922,-0.22341153145132298,0.5000721357950736,-0.034186352886867034,0.01691456586947593,0.0082415562380705,0.02312007169150761,0.020681922320225022,0.48592097222222214,-0.23486325501407937,0.09936609233827892
28.54,11.107026773348084,-5.031859096487238,2.1996885721465476,2.7350948481719097,-0.482814859127679,1.719354534000806,-0.2233058296147379,0.5001339232736935,-0.03429395609114501,0.01690182710291158,0.0082381988021838,0.023102008350347238,0.020661240926766,0.48593604669221263,-0.23487734886188885,0.09936951086826804
28.55,11.111886133815005,-5.034207869975856,2.2006822672552304,2.73535802273271,-0.48298187208199084,1.7191517307687612,-0.22320018144875273,0.5001956166414399,-0.03440148790116116,0.016889098375330005,0.008234839232088832,0.023083956863285807,0.020640580533699864,0.48595110506354233,-0.23489142988471964,0.09937292352604914
28.560000000000002,11.116745644865642,-5.036556784274703,2.201675996490491,2.73562105130069,-0.4831487355662587,1.7189490324053083,-0.22309458697153292,0.5002572160243737,-0.034508948337802145,0.01687637967755744,0.008231477535226274,0.02306591722835181,0.020619941119745782,0.4859661473535116,-0.2349054980934238,0.09937633031915752
28.57,11.121605306339177,-5.038905839255637,2.2026697597936824,2.7358839339164174,-0.48331544970267715,1.7187464389088705,-0.22298904620111845,0.5003187215484244,-0.03461633742202098,0.016863671000432845,0.008228113719030304,0.023047889443557283,0.020599322663644337,0.485981173579402,-0.23491955349884497,0.09937973125512056
28.580000000000002,11.126465118074972,-5.041255034790626,2.2036635571062337,2.7361466706204873,-0.48348201461337836,1.7185439502777726,-0.22288355915542402,0.5003801333393901,-0.03472365517483686,0.01685097233480788,0.00822474779092857,0.02302987350689785,0.020578725144157053,0.485996183758476,-0.23493359611181916,0.09938312634145921
28.59,11.131325079912557,-5.043604370751744,2.2046573883696485,2.7364092614535247,-0.483648430420432,1.7183415665102422,-0.22277812585223933,0.5004414515229375,-0.03483090161733496,0.016838283671546894,0.008221379758342157,0.023011869416352776,0.02055814854006732,0.48601117790797754,-0.23494762594317403,0.09938651558568642
28.6,11.136185191691636,-5.045953847011176,2.2056512535255055,2.7366717064561823,-0.4838146972458452,1.7181392876044084,-0.2226727463092294,0.5005026762246018,-0.03493807677066622,0.01682560500152686,0.008218009628685569,0.022993877169885032,0.02053759283017919,0.48602615604513144,-0.23496164300372935,0.09938989899530826
28.61,11.141045453252087,-5.048303463441213,2.2066451525154585,2.7369340056691414,-0.4839808152115625,1.7179371135583033,-0.22256742054393477,0.5005638075697866,-0.035045180656047135,0.016812936315637378,0.008214637409366695,0.022975896765441324,0.02051705799331831,0.4860411181871437,-0.234975647304297,0.09939327657782344
28.62,11.145905864433958,-5.050653219914256,2.2076390852812366,2.7371961591331115,-0.48414678443946574,1.7177350443698618,-0.2224621485737719,0.5006248456837645,-0.035152213294759566,0.016800277604780634,0.008211263107786792,0.022957928200952143,0.020496544008331504,0.4860560643512018,-0.2349896388556806,0.09939664834072365
28.63,11.150766425077471,-5.053003116302813,2.208633051764644,2.737458166888832,-0.48431260505137413,1.7175330800369215,-0.2223569304160333,0.5006857906916766,-0.035259174708150515,0.016787628859871364,0.008207886731340451,0.022939971474331827,0.02047605085408676,0.4860709945544742,-0.23500361766867606,0.09940001429149296
28.64,11.155627135023016,-5.0553531524794995,2.209627051907559,2.7377200289770687,-0.4844782771690442,1.717331220557223,-0.2222517660878879,0.5007466427185328,-0.03536606491763194,0.01677499007183684,0.008204508287415577,0.022922026583478607,0.020455578509473032,0.48608590881411085,-0.23501758375407109,0.09940337443760856
28.650000000000002,11.160487994111158,-5.05770332831704,2.210621085651935,2.7379817454386184,-0.4846438009141695,1.7171294659284104,-0.22214665560638136,0.5008074018892115,-0.03547288394468055,0.01676236123161682,0.008201127783393358,0.02290409352627465,0.02043512695340052,0.48610080714724285,-0.23503153712264546,0.09940672878654004
28.66,11.16534900218263,-5.060053643688267,2.2116151529398005,2.7382433163143047,-0.48480917640838084,1.716927816148031,-0.22204159898843617,0.5008680683284601,-0.0355796318108376,0.01674974233016354,0.008197745226648248,0.022886172300586108,0.020414696164800867,0.48611568957098256,-0.23504547778517113,0.09941007734575025
28.67,11.17021015907834,-5.062404098466119,2.212609253713258,2.738504741644981,-0.48497440377324624,1.7167262712135358,-0.22193659625085213,0.5009286421608946,-0.03568630853770867,0.016737133358441673,0.008194360624547934,0.022868262904263175,0.02039428612262627,0.48613055610242356,-0.23505940575241177,0.09941342012269426
28.68,11.175071464639364,-5.064754692523643,2.213603387914485,2.738766021471528,-0.48513948313027067,1.7165248311222796,-0.22183164741030648,0.5009891235109999,-0.0357929141469635,0.0167245343074283,0.008190973984453315,0.02285036533514013,0.020373896805850476,0.4861454067586411,-0.2350733210351234,0.0994167571248203
28.69,11.179932918706951,-5.067105425733994,2.2145975554857333,2.739027155834857,-0.48530441460089613,1.716323495871521,-0.22172675248335424,0.5010495125031297,-0.03589944866033576,0.016711945168112894,0.008187585313718477,0.022832479591035383,0.020353528193468112,0.48616024155669146,-0.2350872236440539,0.09942008835956921
28.7,11.184794521122518,-5.069456297970434,2.215591756369329,2.7392881447759065,-0.48546919830650165,1.716122265458423,-0.22162191148642849,0.5011098092615066,-0.036005912099622846,0.01669936593149727,0.008184194619690669,0.022814605669751537,0.0203331802644947,0.4861750605136127,-0.23510111358994323,0.09942341383437461
28.71,11.189656271727653,-5.071807309106333,2.2165859905076726,2.739548988335644,-0.4856338343684031,1.7159211398800525,-0.22151712443584057,0.5011700139102221,-0.036112304486685703,0.01668679658859557,0.008180801909710276,0.02279674356907542,0.02031285299796708,0.48618986364642364,-0.23511499088352347,0.09942673355666294
28.72,11.194518170364118,-5.074158459015169,2.217580257843239,2.7398096865550663,-0.4857983229078532,1.7157201191333813,-0.22141239134778046,0.5012301265732366,-0.0362186258434486,0.016674237130434234,0.008177407191110798,0.022778893286778137,0.020292546372942664,0.48620465097212523,-0.23512885553551863,0.09943004753385341
28.73,11.19938021687384,-5.076509747570524,2.2185745583185774,2.740070239475198,-0.4859626640460416,1.7155192032152857,-0.22130771223831694,0.5012901473743795,-0.03632487619189894,0.016661687548051973,0.008174010471218825,0.022761054820615138,0.020272260368500324,0.4862194225076993,-0.2351427075566449,0.09943335577335802
28.740000000000002,11.204242411098916,-5.07886117464609,2.219568891876311,2.7403306471370934,-0.4861268579040947,1.7153183921225468,-0.22120308712339792,0.5013500764373491,-0.036431055554087065,0.016649147832499732,0.008170611757354012,0.022743228168326232,0.020251994963739577,0.4862341782701094,-0.23515654695761062,0.09943665828258158
28.75,11.209104752881617,-5.081212740115666,2.2205632584591366,2.740590909581835,-0.4862909046030756,1.7151176858518506,-0.22109851601885072,0.5014099138857128,-0.03653716395212604,0.01663661797484067,0.008167211056829058,0.02272541332763566,0.02023175013778099,0.4862489182763005,-0.235170373749116,0.09943995506892161
28.76,11.21396724206438,-5.083564443853158,2.221557658009826,2.740851026850534,-0.4864548042639841,1.7149170843997885,-0.22099399894038232,0.501469659842907,-0.03664320140819148,0.016624097966150126,0.008163808376949678,0.022707610296252144,0.020211525869765736,0.4862636425431993,-0.23518418794185345,0.09944324613976849
28.77,11.218829878489812,-5.085916285732576,2.2225520904712237,2.7411109989843307,-0.4866185570077566,1.7147165877628572,-0.2208895359035796,0.5015293144322375,-0.03674916794452131,0.016611587797515596,0.008160403725014587,0.022689819071868924,0.020191322138856292,0.4862783510877136,-0.23519798954650747,0.09944653150250544
28.78,11.223692662000689,-5.088268265628042,2.223546555786249,2.7413708260243945,-0.4867821629552661,1.7145161959374589,-0.2207851269239097,0.5015888777768787,-0.0368550635834156,0.016599087460036698,0.008156997108315469,0.022672039652163804,0.020171138924235974,0.4862930439267333,-0.23521177857375464,0.09944981116450828
28.79,11.228555592439957,-5.090620383413779,2.224541053897894,2.7416305080119234,-0.48694562222732224,1.7143159089199014,-0.22068077201672015,0.5016483499998744,-0.036960888347236355,0.016586596944825154,0.008153588534136957,0.02265427203479921,0.020150976205108636,0.4863077210771292,-0.2352255550342636,0.0994530851331458
28.8,11.233418669650728,-5.092972638964122,2.2255355847492253,2.7418900449881436,-0.487108934944671,1.7141157267063984,-0.2205764711972393,0.5017077312241377,-0.03706664225840732,0.016574116243004755,0.008150178009756613,0.022636516217422242,0.020130833960699108,0.4863223825557541,-0.23523931893869524,0.09945635341577959
28.810000000000002,11.238281893476286,-5.095325032153509,2.2265301482833832,2.742149436994311,-0.4872721012279949,1.71391564929307,-0.22047222448057646,0.5017670215724508,-0.037172325339413774,0.01656164534571133,0.008146765542444903,0.0226187721976647,0.02011071217025305,0.4863370283794425,-0.23525307029770237,0.09945961601976401
28.82,11.24314526376008,-5.097677562856486,2.227524744443581,2.7424086840717097,-0.4874351211979129,1.713715676675942,-0.2203680318817222,0.5018262211674651,-0.03727793761280234,0.016549184244092734,0.008143351139465174,0.02260103997314315,0.02009061081303693,0.48635165856501006,-0.23526680912193018,0.09946287295244631
28.830000000000002,11.248008780345732,-5.100030230947705,2.2285193731731052,2.7426677862616535,-0.4875979949749802,1.713515808850947,-0.22026389341554864,0.5018853301317016,-0.03738347910118078,0.016536732929308795,0.008139934808073632,0.02258331954145897,0.02007052986833785,0.4863662731292547,-0.2352805354220157,0.09946612422116628
28.84,11.252872443077024,-5.102383036301925,2.229514034415317,2.7429267436054845,-0.4877607226796884,1.7133160458139238,-0.22015980909680974,0.5019443485875501,-0.037488949827217816,0.016524291392531306,0.008136516555519323,0.02256561090019839,0.02005046931546376,0.4863808720889554,-0.23529424920858838,0.09946936983325687
28.85,11.257736251797914,-5.104735978794011,2.2305087281136493,2.743185556144574,-0.48792330443246534,1.7131163875606183,-0.2200557789401415,0.5020032766572703,-0.037594349813642895,0.016511859624943996,0.008133096389044105,0.02254791404693255,0.02003042913374332,0.4863954554608735,-0.23530795049226946,0.0994726097960436
28.86,11.262600206352522,-5.107089058298934,2.2315034542116097,2.7434442239203216,-0.48808574035367513,1.7129168340866832,-0.21995180296006225,0.502062114462991,-0.03769967908324603,0.016499437617742495,0.008129674315882632,0.022530228979217533,0.020010409302525678,0.48641002326175126,-0.23532163928367272,0.09947584411684499
28.87,11.26746430658514,-5.10944227469177,2.232498212652778,2.7437027469741566,-0.488248030563618,1.7127173853876778,-0.21984788117097295,0.5021208621267105,-0.03780493765887759,0.01648702536213431,0.008126250343262332,0.022512555694594417,0.019990409801180973,0.4864245755083133,-0.23533531559340393,0.09947907280297229
28.88,11.272328552340223,-5.111795627847704,2.233493003380808,2.743961125347537,-0.4884101751825302,1.7125180414590695,-0.21974401358715742,0.5021795197702965,-0.037910125563448104,0.016474622849338802,0.008122824478403378,0.02249489419058934,0.019970430609099785,0.4864391122172656,-0.23534897943206093,0.09948229586172957
28.89,11.277192943462396,-5.114149117642025,2.234487826339425,2.7442193590819492,-0.48857217433058436,1.7123188022962326,-0.2196402002227826,0.5022380875154864,-0.03801524281992807,0.016462230070587145,0.008119396728518677,0.022477244464713518,0.019950471705693498,0.4864536334052961,-0.2353626308102338,0.09948551330041375
28.900000000000002,11.282057479796448,-5.116502743950128,2.2354826814724293,2.7444774482189094,-0.48873402812788885,1.712119667894449,-0.21953644109189882,0.5022965654838869,-0.03812028945134774,0.01644984701712232,0.008115967100813842,0.022459606514463316,0.019930533070393847,0.48646813908907455,-0.23537626973850478,0.09948872512631458
28.91,11.286922161187338,-5.1188565066475125,2.2364775687236924,2.7447353927999623,-0.4888957366944882,1.7119206382489087,-0.2194327362084401,0.5023549537969746,-0.03822526548079695,0.016437473680199072,0.008112535602487175,0.02244198033732027,0.019910614682653288,0.48648262928525254,-0.23538989622744824,0.0994919313467147
28.92,11.29178698748019,-5.121210405609787,2.2374724880371595,2.7449931928666818,-0.48905730015036286,1.7117217133547094,-0.21932908558622435,0.5024132525760954,-0.03833017093142492,0.01642511005108388,0.008109102240729645,0.022424365930751165,0.0198907165219452,0.48649710401046325,-0.23540351028763085,0.09949513196888941
28.93,11.296651958520295,-5.123564440712664,2.238467439356848,2.7452508484606706,-0.48921871861542915,1.7115228932068565,-0.2192254892389537,0.502471461942465,-0.03843500582644004,0.016412756121054948,0.008105667022724864,0.02240676329220806,0.019870838567762655,0.48651156328132183,-0.23541711192961143,0.09949832700010697
28.94,11.301517074153107,-5.12591861183196,2.239462422626849,2.7455083596235603,-0.4893799922095393,1.7113241778002644,-0.21912194718021472,0.5025295820171688,-0.038539770189109715,0.016400411881402167,0.008102229955649074,0.022389172419128335,0.019850980799620176,0.4865260071144255,-0.2354307011639409,0.0995015164476286
28.95,11.306382334224251,-5.128272918843599,2.2404574377913256,2.7457657263970123,-0.4895411210524813,1.7111255671297556,-0.21901845942347864,0.5025876129211619,-0.03864446404276012,0.01638807732342708,0.00809879104667112,0.022371593308934744,0.019831143197052255,0.48654043552635307,-0.23544427800116235,0.09950470031870795
28.96,11.311247738579514,-5.130627361623611,2.2414524847945128,2.746022948822716,-0.489702105263979,1.710927061190061,-0.21891502598210175,0.5026455547752694,-0.03874908741077604,0.016375752438442876,0.008095350302952428,0.022354025959035465,0.019811325739613923,0.4865548485336654,-0.2354578424518114,0.09950787862059203
28.97,11.31611328706485,-5.132981940048129,2.242447563580719,2.7462800269423897,-0.4898629449636918,1.710728659975821,-0.2188116468693255,0.5027034077001858,-0.038853640316600685,0.016363437217774342,0.008091907731646995,0.022336470366824138,0.019791528406880792,0.48656924615290525,-0.23547139452641555,0.09951105136052063
28.98,11.320978979526378,-5.135336653993393,2.243442674094324,2.746536960797782,-0.49002364027121503,1.710530363481584,-0.2187083220982769,0.502761171816476,-0.03895812278373546,0.01635113165275785,0.008088463339901361,0.02231892652967991,0.01977175117844881,0.4865836284005973,-0.23548493423549452,0.09951421854572595
28.990000000000002,11.325844815810385,-5.137691503335748,2.244437816279781,2.7467937504306694,-0.4901841913060795,1.7103321717018083,-0.21860505168196864,0.5028188472445742,-0.03906253483573982,0.016338835734741326,0.008085017134854591,0.022301394444967492,0.019751994033934517,0.48659799529324843,-0.23549846158956056,0.09951738018343356
29.0,11.330710795763316,-5.140046487951644,2.2454329900816155,2.747050395882858,-0.4903445981877516,1.7101340846308608,-0.21850183563329947,0.5028764341047849,-0.03916687649623103,0.016326549455084226,0.008081569123638258,0.02228387411003719,0.019732256952974682,0.48661234684734705,-0.23551197659911788,0.09952053628086163
29.01,11.335576919231789,-5.142401607717636,2.246428195444424,2.7473068971961823,-0.4905048610356334,1.7099361022630184,-0.2183986739650544,0.5029339325172826,-0.03927114778888401,0.016314272805157508,0.008078119313376418,0.022266365522224968,0.019712539915226524,0.48662668307936396,-0.235525479274663,0.0995236868452212
29.02,11.340443186062583,-5.144756862510382,2.247423432312876,2.747563254412507,-0.49066497996906233,1.7097382245924675,-0.218295566689905,0.5029913426021118,-0.03937534873743112,0.016302005776343602,0.008074667711185599,0.02224886867885248,0.01969284290036747,0.48664100400575194,-0.2355389696266845,0.09952683188371615
29.03,11.34530959610264,-5.147112252206649,2.248418700631713,2.747819467573725,-0.49082495510731144,1.7095404516133041,-0.21819251382040955,0.5030486644791868,-0.03947947936566198,0.016289748360036393,0.008071214324174774,0.022231383577227124,0.019673165888095704,0.48665530964294584,-0.23555244766566358,0.0995299714035434
29.04,11.350176149199068,-5.149467776683306,2.2494140003457486,2.748075536721758,-0.4909847865695891,1.7093427833195345,-0.2180895153690135,0.5031058982682924,-0.03958353969742327,0.016277500547641186,0.008067759159445348,0.022213910214642085,0.019653508858129207,0.4866696000073623,-0.2355659134020734,0.09953310541189252
29.05,11.355042845199142,-5.1518234358173265,2.2504093313998674,2.748331461898558,-0.4911444744750391,1.7091452197050745,-0.21798657134804952,0.5031630440890833,-0.039687529756618566,0.016265262330574688,0.008064302224091135,0.022196448588376376,0.019633871790206574,0.4866838751154002,-0.23557936684637962,0.09953623391594625
29.060000000000002,11.359909683950296,-5.15417922948579,2.251404693739027,2.7485872431461047,-0.49130401894274056,1.7089477607637509,-0.21788368176973788,0.5032201020610845,-0.039791449567208106,0.01625303370026497,0.008060843525198343,0.02217899869569489,0.019614254664086648,0.4866981349834408,-0.23559280800903984,0.09953935692287987
29.07,11.36477666530013,-5.156535157565881,2.252400087308256,2.7488428805064076,-0.4914634200917079,1.7087504064893004,-0.21778084664618666,0.5032770723036911,-0.039895299153208635,0.016240814648151455,0.00805738306984555,0.02216156053384844,0.019594657459548533,0.4867123796278471,-0.23560623690050422,0.09954247443986182
29.080000000000002,11.36964378909641,-5.158891219934886,2.2533955120526543,2.7490983740215054,-0.4916226780408908,1.7085531568753707,-0.21767806598939204,0.5033339549361687,-0.0399990785386932,0.016228605165684883,0.008053920865103694,0.02214413410007382,0.019575080156391207,0.4867266090649645,-0.23561965353121508,0.09954558647405315
29.09,11.374511055187059,-5.161247416470198,2.254390967917395,2.7493537237334653,-0.4917817929091742,1.70835601191552,-0.2175753398112385,0.503390750077653,-0.040102787747790976,0.016216405244327287,0.00805045691803605,0.022126719391593823,0.01955552273443449,0.4867408233111202,-0.23563305791160702,0.0995486930326081
29.1,11.379378463420169,-5.163603747049314,2.255386454847721,2.7496089296843844,-0.491940764815378,1.7081589716032175,-0.21747266812349914,0.5034474578471502,-0.04020642680468705,0.016204214875551976,0.008046991235698206,0.022109316405617307,0.019535985173518067,0.4867550223826242,-0.2356464500521069,0.09955179412267358
29.11,11.384246013643995,-5.1659602115498355,2.256381972788948,2.749863991916388,-0.4920995938782576,1.707962035931844,-0.21737005093783587,0.5035040783635369,-0.04030999573362225,0.016192034050843497,0.008043523825138059,0.022091925139339236,0.019516467453501583,0.4867692062957683,-0.23565982996313398,0.09955488975138953
29.12,11.389113705706952,-5.1683168098494665,2.2573775216864616,2.7501189104716315,-0.49225828021650314,1.7077652048946905,-0.21726748826579978,0.5035606117455602,-0.040413494558892954,0.01617986276169761,0.008040054693395787,0.02207454558994072,0.01949696955426521,0.48678337506682645,-0.23567319765509967,0.09955797992588854
29.13,11.39398153945762,-5.170673541826018,2.2583731014857205,2.750373685392298,-0.49241682394874003,1.7075684784849607,-0.21716498011883123,0.5036170581118377,-0.04051692330485091,0.016167700999621278,0.008036583847503833,0.022057177754589062,0.019477491455708994,0.4867975287120551,-0.23568655313840786,0.0995610646532966
29.14,11.398849514744741,-5.173030407357402,2.2593687121322534,2.7506283167206016,-0.49257522519352853,1.7073718566957692,-0.21706252650826022,0.5036734175808573,-0.040620281995903035,0.01615554875613262,0.00803311129448689,0.02203982163043781,0.01945803313775331,0.48681166724769287,-0.2356998964234545,0.09956414394073204
29.150000000000002,11.403717631417218,-5.1753874063216365,2.260364353571661,2.7508828044987834,-0.49273348406936396,1.707175339520142,-0.21696012744530663,0.5037296902709778,-0.04072357065651123,0.016143406022760903,0.008029637041361885,0.022022477214626787,0.019438594580338454,0.4868257906899606,-0.2357132275206283,0.0995672177953066
29.16,11.408585889324117,-5.177744538596842,2.261360025749614,2.7511371487691156,-0.4928916006946766,1.706978926951018,-0.21685778294108043,0.5037858763004286,-0.040826789311192185,0.01613127279104651,0.008026161095137955,0.022005144504282155,0.01941917576342476,0.4868398990550614,-0.23572654644030971,0.09957028622412428
29.17,11.413454288314668,-5.180101804061246,2.262355728611855,2.751391349573898,-0.49304957518783143,1.7067826189812476,-0.216755493006582,0.5038419757873096,-0.040929937984517224,0.016119149052540915,0.008022683462816437,0.021987823496516432,0.01939977666699287,0.48685399235918103,-0.23573985319287188,0.09957334923428267
29.18,11.41832282823826,-5.182459202593174,2.263351462104198,2.7516454069554603,-0.4932074076671285,1.7065864156035935,-0.2166532576527023,0.5038979888495917,-0.041033016701112084,0.01610703479880666,0.00801920415139085,0.02197051418842857,0.019380397271043227,0.4868680706184871,-0.23575314778868037,0.09957640683287196
29.19,11.423191508944445,-5.1848167340710605,2.264347226172527,2.751899320956161,-0.4933650982508025,1.7063903168107308,-0.21655107689022318,0.5039539156051163,-0.041136025485656744,0.01609493002141732,0.008015723167846872,0.021953216577103977,0.019361037555596417,0.48688213384913,-0.2357664302380927,0.09957945902697521
29.2,11.428060330282936,-5.1871743983734415,2.2653430207627965,2.7521530916183883,-0.4935226470570229,1.7061943225952476,-0.21644895072981765,0.5040097561715958,-0.04123896436288523,0.016082834711957497,0.008012240519162335,0.02193593065961456,0.019341697500692798,0.48689618206724233,-0.23577970055145894,0.09958250582366847
29.21,11.432929292103609,-5.189532195378956,2.266338845821033,2.7524067189845582,-0.493680054203894,1.705998432949644,-0.21634687918205006,0.5040655106666136,-0.04134183335758545,0.01607074886202278,0.008008756212307197,0.02191865643301879,0.01932237708639292,0.4869102152889391,-0.23579295873912182,0.09958554723002089
29.22,11.437798394256498,-5.191890124966347,2.267334701293333,2.7526602030971175,-0.49383731980945467,1.7058026478663337,-0.21624486225737638,0.5041211792076238,-0.041444632494598975,0.016058672463219723,0.008005270254243533,0.021901393894361715,0.01930307629277725,0.4869242335303178,-0.23580620481141576,0.09958858325309412
29.23,11.442667636591802,-5.194248187014462,2.268330587125864,2.752913543998541,-0.4939944439916784,1.705606967337643,-0.2161428999661445,0.5041767619119515,-0.04154736179882089,0.016046605507165825,0.008001782651925516,0.021884143040675038,0.019283795099946006,0.48693823680745807,-0.23581943877866818,0.09959161389994313
29.240000000000002,11.447537018959876,-5.1966063814022485,2.2693265032648635,2.753166741731332,-0.4941514268684734,1.705411391355812,-0.2160409923185944,0.5042322588967929,-0.04165002129519958,0.016034547985489502,0.007998293412299405,0.02186690386897713,0.01926453348801969,0.48695222513642256,-0.23583266065119843,0.0995946391776158
29.25,11.452406541211241,-5.19896470800876,2.2703224496566397,2.753419796338025,-0.4943082685576824,1.7052159199129935,-0.21593913932485848,0.5042876702792153,-0.04175261100873657,0.01602249988983006,0.00799480254230352,0.021849676376273098,0.019245291437138167,0.4869661985332559,-0.23584587043931846,0.09959765909315274
29.26,11.457276203196573,-5.201323166713153,2.271318426247571,2.753672707861182,-0.49446496917708255,1.705020553001254,-0.21583734099496174,0.5043429961761571,-0.041855130964486315,0.01601046121183768,0.007991310048868237,0.021832460559554814,0.01922606892746149,0.4869801570139855,-0.2358590681533325,0.09960067365358756
29.27,11.462146004766712,-5.203681757394686,2.272314432984107,2.7539254763433942,-0.4946215288443856,1.7048252906125743,-0.21573559733882205,0.5043982367044277,-0.04195758118755604,0.01599843194317338,0.007987815938915966,0.02181525641580096,0.019206865939169815,0.48699410059462134,-0.2358722538035373,0.09960368286594692
29.28,11.467015945772658,-5.206040479932722,2.2733104698127664,2.7541781018272826,-0.4947779476772377,1.7046301327388484,-0.21563390836625046,0.5044533919807082,-0.042059961703105546,0.015986412075509,0.007984320219361138,0.021798063941977086,0.019187682452462367,0.4870080292911557,-0.23588542740022175,0.09960668673725037
29.29,11.47188602606557,-5.208399334206724,2.2743065366801387,2.754430584355497,-0.49493422579321944,1.7044350793718848,-0.21553227408695133,0.5045084621215503,-0.04216227253634703,0.01597440160052718,0.007980822897110188,0.021780883135035633,0.019168518447558996,0.4870219431195635,-0.23589858895366733,0.09960968527451028
29.3,11.476756245496766,-5.21075832009626,2.275302633532884,2.754682923970716,-0.4950903633098457,1.7042401305034058,-0.21543069451052269,0.5045634472433775,-0.04226451371254489,0.015962400509921326,0.007977323979061543,0.021763713991915987,0.019149373904698976,0.4870358420958023,-0.23591173847414787,0.09961267848473226
29.310000000000002,11.481626603917723,-5.213117437481001,2.276298760317731,2.754935120715647,-0.4952463603445657,1.7040452861250484,-0.21532916964645638,0.5046183474624846,-0.04236668525701556,0.015950408795395592,0.007973823472105603,0.021746556509544525,0.0191302488041412,0.48704972623581205,-0.2359248759719297,0.09961566637491474
29.32,11.486497101180081,-5.215476686240721,2.2772949169814805,2.755187174633028,-0.495402217014763,1.703850546228364,-0.21522769950413842,0.5046731628950377,-0.042468787195127325,0.015938426448664857,0.007970321383124727,0.021729410684834655,0.01911114312616465,0.4870635955555158,-0.2359380014572712,0.09961864895204897
29.330000000000002,11.491367737135636,-5.217836066255294,2.278291103471001,2.7554390857656244,-0.4955579334377554,1.7036559108048186,-0.2151262840928492,0.5047278936570745,-0.04257081955230012,0.015926453461454694,0.007966817718993222,0.021712276514686858,0.0190920568510677,0.4870774500708189,-0.2359511149404235,0.09962162622311925
29.34,11.496238511636344,-5.220195577404698,2.279287319733232,2.755690854156232,-0.4957135097307949,1.703461379845793,-0.21502492342176366,0.5047825398645042,-0.042672782354005366,0.01591448982550136,0.007963312486577324,0.021695153995988727,0.019072989959168667,0.48709128979760913,-0.2359642164316303,0.09962459819510289
29.35,11.50110942453432,-5.222555219569014,2.280283565715183,2.7559424798476746,-0.4958689460110677,1.703266953342583,-0.21492361749995162,0.5048371016331074,-0.0427746756257658,0.015902535532551755,0.007959805692735186,0.021678043125615026,0.019053942430805524,0.4871051147517573,-0.23597730594112723,0.0996275648749702
29.36,11.505980475681838,-5.224914992628426,2.281279841363933,2.7561939628828056,-0.49602424239569404,1.7030726312864,-0.21482236633637802,0.5048915790785367,-0.04287649939315526,0.01589059057436341,0.007956297344316863,0.021660943900427703,0.019034914246335684,0.48711892494911685,-0.23599038347914272,0.09963052626968447
29.37,11.510851664931328,-5.227274896463217,2.2822761466266295,2.7564453033045075,-0.49617939900172836,1.70287841366837,-0.21472116993990314,0.504945972316316,-0.042978253681798535,0.015878654942704462,0.007952787448164297,0.021643856317275972,0.019015905386136654,0.48713272040552397,-0.23600344905589765,0.09963348238620184
29.38,11.515722992135384,-5.229634930953776,2.2832724814504917,2.756696501155692,-0.4963344159461591,1.702684300479535,-0.21462002831928284,0.5050002814618413,-0.04307993851737118,0.015866728629353625,0.007949276011111304,0.021626780372996323,0.018996915830604946,0.4871465011367972,-0.236016502681605,0.09963643323147156
29.39,11.520594457146752,-5.231995095980592,2.2842688457828064,2.7569475564792993,-0.49648929334590886,1.7024902917108522,-0.2145189414831688,0.5050545066303801,-0.04318155392559931,0.01585481162610017,0.007945763039983563,0.02160971606441258,0.018977945560157493,0.4871602671587385,-0.23602954436647058,0.09963937881243572
29.400000000000002,11.525466059818338,-5.234355391424256,2.285265239570931,2.7571984693182996,-0.49664403131783397,1.702296387353195,-0.2144179094401088,0.5051086479370719,-0.04328309993225945,0.015842903924743905,0.007942248541598593,0.02159266338833594,0.018958994555230115,0.4871740184871321,-0.23604257412069243,0.0996423191360295
29.41,11.53033780000321,-5.2367158171654635,2.2862616627622914,2.7574492397156916,-0.4967986299787249,1.7021025873973528,-0.21431693219854692,0.5051627054969281,-0.04338457656317835,0.01583100551709514,0.00793873252276575,0.02157562234156502,0.018940062796278384,0.48718775513774526,-0.23605559195446096,0.099645254209181
29.42,11.535209677554587,-5.239076373085008,2.2872581153043834,2.7576998677145026,-0.4969530894453061,1.7019088918340304,-0.21421600976682384,0.505216679424832,-0.0434859838442328,0.01581911639497468,0.007935214990286205,0.021558592920885886,0.018921150263777702,0.48720147712632783,-0.2360685978779595,0.0996481840388114
29.43,11.54008169232585,-5.241437059063788,2.2882545971447716,2.7579503533577894,-0.4971074098342356,1.7017153006538495,-0.214115142153177,0.5052705698355389,-0.04358732180134944,0.015807236550213783,0.007931695950952939,0.02154157512307212,0.018902256938222506,0.48721518446861256,-0.23608159190136335,0.09965110863183504
29.44,11.544953844170537,-5.243797874982802,2.28925110823109,2.7582006966886383,-0.49726159126210556,1.701521813847348,-0.21401432936574097,0.5053243768436763,-0.04368859046050462,0.015795365974654155,0.00792817541155072,0.02152456894488483,0.018883382800127278,0.48722887718031516,-0.23609457403484052,0.09965402799515874
29.45,11.549826132942341,-5.24615882072315,2.2902476485110417,2.758450897750164,-0.4974156338454418,1.7013284314049806,-0.2139135714125475,0.5053781005637435,-0.043789789847724164,0.015783504660147916,0.0079246533788561,0.021507574383072724,0.018864527830025603,0.48724255527713417,-0.2361075442885514,0.09965694213568292
29.46,11.554698558495112,-5.2485198961660355,2.2912442179323986,2.75870095658551,-0.49756953770070395,1.7011351533171182,-0.21381286830152593,0.5054317411101126,-0.043890919989083246,0.01577165259855758,0.007921129859637393,0.02149059143437213,0.018845692008470635,0.4872562187747509,-0.23612050267264897,0.09965985106030054
29.47,11.55957112068286,-5.250881101192762,2.2922408164430017,2.75895087323785,-0.49772330294428535,1.700941979574049,-0.21371222004050341,0.5054852985970272,-0.043991980910706184,0.015759809781756028,0.007917604860654667,0.02147362009550704,0.018826875316035063,0.48726986768882974,-0.23613344919727863,0.09966275477589777
29.48,11.564443819359747,-5.253242435684735,2.2932374439907606,2.7592006477503856,-0.49787692969251307,1.7007489101659783,-0.21361162663720504,0.5055387731386035,-0.04409297263876627,0.015747976201626494,0.007914078388659733,0.021456660363189165,0.018808077733311057,0.48728350203501797,-0.23614638387257822,0.09966565328935376
29.490000000000002,11.569316654380097,-5.255603899523461,2.294234100523654,2.7594502801663476,-0.4980304180616478,1.7005559450830283,-0.2135110880992542,0.5055921648488302,-0.0441938951994856,0.01573615185006253,0.007910550450396125,0.021439712234117968,0.01878929924091003,0.4872971218289455,-0.23615930670867827,0.0996685466075408
29.5,11.574189625598386,-5.2579654925905475,2.2952307859897294,2.759699770528996,-0.49818376816788384,1.7003630843152386,-0.21341060443417276,0.5056454738415682,-0.04429474861913488,0.015724336718967998,0.007907021052599097,0.0214227757049807,0.018770539819462802,0.48731072708622564,-0.23617221771570174,0.09967143473732407
29.51,11.579062732869248,-5.260327214767704,2.2962275003371024,2.75994911888162,-0.4983369801273491,1.7001703278525666,-0.21331017564938132,0.505698700230551,-0.044395532924033254,0.015712530800257033,0.007903490201995602,0.021405850772452457,0.018751799449619678,0.4873243178224545,-0.23618511690376381,0.09967431768556179
29.52,11.583935976047472,-5.262689065936742,2.2972242435139583,2.760198325267537,-0.49849005405610514,1.699977675684887,-0.21320980175219947,0.5057518441293845,-0.04449624814054816,0.015700734085854026,0.007899957905304284,0.02138893743319621,0.018733078112050182,0.4873378940532111,-0.2361980042829726,0.09967719545910521
29.53,11.588809354988005,-5.265051045979572,2.2982210154685494,2.760447389730094,-0.4986429900701468,1.6997851278019924,-0.213109482749846,0.5058049056515471,-0.0445968942950951,0.015688946567693603,0.007896424169235465,0.021372035683862842,0.01871437578744308,0.48735145579405764,-0.2362108798634285,0.09968006806479857
29.54,11.593682869545946,-5.267413154778206,2.299217816149197,2.760696312312667,-0.4987957882854026,1.6995926841935936,-0.21300921864943914,0.5058578849103901,-0.044697471414137505,0.015677168237720602,0.007892889000491137,0.02135514552109121,0.018695692456507075,0.4873650030605392,-0.23622374365522464,0.09968293550947932
29.55,11.598556519576551,-5.269775392214758,2.3002146455042918,2.760945093058661,-0.4989484488177345,1.6994003448493191,-0.2129090094579968,0.5059107820191372,-0.04479797952418655,0.01566539908789005,0.007889352405764941,0.02133826694150816,0.01867702809996941,0.48737853586818397,-0.23623659566844624,0.09968579779997765
29.560000000000002,11.603430304935232,-5.272137758171442,2.3012115034822918,2.7611937320115096,-0.4991009717829377,1.6992081097587162,-0.21280885518243683,0.505963597090885,-0.04489841865180098,0.015653639110167133,0.007885814391742166,0.021321399941728585,0.018658382698576944,0.48739205423250337,-0.23624943591317157,0.09968865494311707
29.57,11.608304225477557,-5.274500252530574,2.3022083900317227,2.7614422292146754,-0.49925335729674103,1.6990159789112502,-0.21270875582957727,0.5060163302386029,-0.04499878882358692,0.01564188829652719,0.007882274965099727,0.021304544518355468,0.01863975623309574,0.4874055581689918,-0.23626226439947104,0.09969150694571395
29.580000000000002,11.613178281059247,-5.276862875174569,2.30320530510118,2.76169058471165,-0.49940560547480645,1.6988239522963051,-0.2126087114061365,0.5060689815751331,-0.04509909006619772,0.01563014663895568,0.007878734132506164,0.02128770066797991,0.018621148684311153,0.4874190476931265,-0.23627508113740794,0.09969435381457782
29.59,11.618052471536178,-5.2792256259859425,2.3042022486393257,2.761938798545954,-0.4995577164327293,1.6986320299031838,-0.21250872191873355,0.5061215512131909,-0.04519932240633379,0.015618414129448154,0.007875191900621619,0.02127086838718118,0.018602560033027647,0.48743252282036836,-0.2362878861370378,0.09969719555651115
29.6,11.622926796764382,-5.281588504847313,2.305199220594891,2.762186870761137,-0.4997096902860382,1.698440211721108,-0.21240878737388835,0.5061740392653643,-0.045299485870742395,0.015606690760010243,0.007871648276097834,0.021254047672526758,0.018583990260068857,0.48744598356616103,-0.23630067940840896,0.0997000321783096
29.61,11.627801256600044,-5.283951511641397,2.3061962209166738,2.7624348014007762,-0.49986152715019505,1.698248497739218,-0.21230890777802192,0.5062264458441145,-0.045399580486217506,0.015594976522657638,0.007868103265578135,0.021237238520572365,0.018565439346277874,0.4874594299459314,-0.23631346096156233,0.09970286368676193
29.62,11.632675850899503,-5.286314646251013,2.307193249553541,2.76268259050848,-0.5000132271405949,1.698056887946574,-0.2122090831374566,0.5062787710617758,-0.04549960627959961,0.015583271409416056,0.007864556875697426,0.021220440927862013,0.01854690727251668,0.4874728619750897,-0.23632623080653112,0.09970569008864963
29.63,11.637550579519253,-5.288677908559078,2.308190306454428,2.7629302381278844,-0.500164790372566,1.6978653823321552,-0.2121093134584163,0.5063310150305557,-0.04559956327777556,0.015571575412321228,0.007861009113082169,0.021203654890928045,0.018528394019666383,0.48748627966902924,-0.23633898895334124,0.09970851139074767
29.64,11.642425442315943,-5.291041298448611,2.309187391568335,2.763177744302654,-0.5003162169613697,1.6976739808848602,-0.2120095987470268,0.5063831778625347,-0.04569945150767839,0.015559888523418873,0.007857459984350385,0.021186880406291176,0.01850989956862731,0.4874996830431264,-0.2363517354120113,0.09971132759982368
29.650000000000002,11.647300439146374,-5.293404815802731,2.3101845048443335,2.7634251090764823,-0.5004675070222007,1.6974826835935075,-0.21190993900931585,0.506435259669667,-0.045799270996287125,0.015548210734764676,0.007853909496111632,0.021170117470460523,0.018491423900319052,0.48751307211274114,-0.2363644701925523,0.0997141387226387
29.66,11.6521755698675,-5.295768460504656,2.3111816462315597,2.7636723324930923,-0.5006186606701862,1.6972914904468352,-0.21181033425121354,0.5064872605637797,-0.04589902177062666,0.01553654203842427,0.007850357654967001,0.021153366079933657,0.01847296699568001,0.48752644689321645,-0.2363771933049681,0.0997169447659468
29.67,11.657050834336433,-5.298132232437706,2.312178815679219,2.763919414596235,-0.5007696780203871,1.6971004014335016,-0.21171078447855243,0.5065391806565736,-0.04599870385776752,0.015524882426473206,0.007846804467509107,0.021136626231196647,0.018454528835667592,0.4875398073998787,-0.23638990475925473,0.0997197457364949
29.68,11.661926232410432,-5.300496131485299,2.313176013136584,2.7641663554296914,-0.5009205591877969,1.6969094165420848,-0.21161128969706783,0.5065910200596228,-0.04609831728482575,0.015513231890996942,0.00784324994032207,0.021119897920724082,0.018436109401258685,0.4875531536480376,-0.23640260456540116,0.09972254164102325
29.69,11.666801763946912,-5.302860157530953,2.3141732385529945,2.7644131550372695,-0.5010713042873421,1.6967185357610834,-0.21151184991239805,0.5066427788843749,-0.04619786207896273,0.015501590424090814,0.007839694079981516,0.021103181144979128,0.018417708673448677,0.48756648565298577,-0.23641529273338893,0.09972533248626508
29.7,11.671677428803442,-5.305224310458287,2.3151704918778573,2.7646598134628078,-0.5012219134338824,1.6965277590789163,-0.21141246513008455,0.5066944572421513,-0.04629733826738496,0.015489958017860014,0.007836136893054556,0.021086475900413564,0.01839932663325236,0.4875798034299998,-0.23642796927319198,0.09972811827894665
29.71,11.676553226837742,-5.307588590151019,2.3161677730606467,2.764906330750173,-0.5013723867422103,1.696337086483923,-0.21131313535557228,0.5067460552441471,-0.04639674587734396,0.015478334664419575,0.007832578386099787,0.02106978218346781,0.018380963261703284,0.48759310699433933,-0.23644063419477696,0.09973089902578737
29.72,11.681429157907685,-5.309952996492966,2.3171650820509044,2.76515270694326,-0.5015227243270509,1.6961465179643633,-0.21121386059420985,0.5067975730014307,-0.04649608493613604,0.015466720355894342,0.007829018565667274,0.021053099990570992,0.018362618539853968,0.48760639636124736,-0.23645328750810327,0.09973367473349978
29.73,11.686305221871297,-5.312317529368047,2.3181624187982393,2.765398942085993,-0.5016729263030625,1.6959560535084188,-0.21111464085124976,0.5068490106249446,-0.04659535547110216,0.015455115084418956,0.007825457438298539,0.021036429318140953,0.018344292448776073,0.4876196715459502,-0.2364659292231228,0.09973644540878958
29.740000000000002,11.691181418586757,-5.314682188660279,2.319159783252327,2.765645036222325,-0.5018229927848361,1.6957656931041913,-0.21101547613184865,0.506900368225505,-0.046694557509627775,0.015443518842137832,0.00782189501052656,0.021019770162584314,0.01832598496956016,0.48763293256365764,-0.23647855934978004,0.0997392110583554
29.75,11.696057747912393,-5.317046974253777,2.3201571753629104,2.765890989396237,-0.5019729238868954,1.695575436739704,-0.2109163664410675,0.5069516459138022,-0.046793691079142635,0.015431931621205132,0.007818331288875753,0.0210031225202965,0.018307696083315332,0.48764617942956295,-0.23649117789801224,0.09974197168888906
29.76,11.70093420970669,-5.319411886032757,2.321154595079799,2.76613680165174,-0.5021227197236969,1.6953852844029014,-0.21081731178387195,0.5070028438004002,-0.04689275620712062,0.015420353413784754,0.00781476627986197,0.020986486387661794,0.018289425771170143,0.4876594121588429,-0.23650378487774917,0.09974472730707552
29.77,11.705810803828278,-5.321776923881535,2.32215204235287,2.7663824730328725,-0.50227238040963,1.6951952360816493,-0.21071831216513234,0.5070539619957372,-0.0469917529210796,0.015408784212050301,0.00781119998999248,0.020969861761053355,0.018271174014271415,0.4876726307666574,-0.23651638029891323,0.09974747791959276
29.78,11.710687530135944,-5.324142087684524,2.323149517132066,2.766628003583702,-0.5024219060590164,1.6950052917637355,-0.21061936758962416,0.5071050006101254,-0.04709068124858124,0.015397224008185066,0.00780763242576597,0.020953248636833285,0.018252940793785432,0.4876858352681503,-0.2365289641714196,0.09975022353311208
29.79,11.715564388488625,-5.326507377326238,2.324147019367397,2.766873393348325,-0.5025712967861108,1.6948154514368692,-0.21052047806202814,0.5071559597537514,-0.047189541217230846,0.01538567279438201,0.00780406359367253,0.020936647011352647,0.018234726090896856,0.4876990256784487,-0.23654153650517606,0.09975296415429771
29.8,11.72044137874541,-5.32887279269129,2.32514454900894,2.767118642370866,-0.5027205527051004,1.6946257150886817,-0.21042164358693052,0.5072068395366757,-0.04728833285467718,0.015374130562843737,0.0078004935001936455,0.020920056880951506,0.018216529886809395,0.4877122020126632,-0.2365540973100829,0.09975569978980714
29.810000000000002,11.725318500765535,-5.331238333664391,2.326142106006838,2.7673637506954787,-0.5028696739301051,1.6944360827067262,-0.2103228641688233,0.5072576400688332,-0.04738705618861232,0.015362597305782478,0.007796922151802187,0.02090347824195898,0.018198352162745467,0.4877253642858879,-0.23656664659603313,0.09975843044629076
29.82,11.730195754408394,-5.333604000130351,2.327139690311301,2.767608718366345,-0.5030186605751771,1.6942465542784784,-0.21022413981210436,0.5073083614600333,-0.04748571124677147,0.015351073015420071,0.007793349554962403,0.02088691109069327,0.01818019289994633,0.48773851251320083,-0.23657918437291262,0.09976115613039238
29.830000000000002,11.735073139533526,-5.3359697919740805,2.3281373018726046,2.767853545427676,-0.5031675127543014,1.6940571297913358,-0.21012547052107788,0.5073590038199597,-0.04758429805693282,0.015339557683987936,0.007789775716129913,0.0208703554234617,0.01816205207967178,0.487751646709663,-0.23659171065059967,0.09976387684874886
29.84,11.739950656000623,-5.338335709080586,2.329134940641092,2.768098231923711,-0.5033162305813954,1.6938678092326191,-0.21002685629995438,0.5074095672581704,-0.04768281664691734,0.015328051303727054,0.0077862006417516935,0.020853811236560757,0.018143929683200773,0.48776476689031945,-0.23660422543896528,0.09976659260798987
29.85,11.744828303669527,-5.340701751334976,2.330132606567172,2.7683427778987175,-0.503464814170309,1.693678592589571,-0.20992829715285102,0.5074600518840984,-0.04778126704458866,0.01531655386688795,0.007782624338266076,0.020837278526276124,0.018125825691830546,0.48777787307019876,-0.23661672874787334,0.09976930341473884
29.86,11.749706082400229,-5.343067918622454,2.3311302996013192,2.768587183396992,-0.5036132636348245,1.6934894798493574,-0.20982979308379185,0.5075104578070507,-0.04787964927785287,0.015305065365730671,0.0077790468121027335,0.020820757288882736,0.01810774008687735,0.48779096526431287,-0.2366292205871802,0.09977200927561189
29.87,11.754583992052872,-5.3454342108283255,2.3321280196940752,2.7688314484628593,-0.5037615790886567,1.6933004709990669,-0.20973134409670802,0.5075607851362096,-0.047977963374658365,0.015293585792524765,0.007775468069682676,0.020804247520644796,0.01808967284967606,0.48780404348765793,-0.23664170096673498,0.09977471019721838
29.88,11.759462032487749,-5.347800627837993,2.3331257667960474,2.769075573140673,-0.5039097606454528,1.6931115660257114,-0.20963295019543796,0.5076110339806318,-0.04807620936299569,0.01528211513954926,0.007771888117418239,0.02078774921781583,0.018071623961580095,0.48781710775521314,-0.23665416989637938,0.0997774061861608
29.89,11.7643402035653,-5.350167169536957,2.334123540857909,2.769319557474815,-0.5040578084187921,1.692922764916226,-0.2095346113837277,0.5076612044492488,-0.048174387270897366,0.015270653399092646,0.007768306961713079,0.02077126237663872,0.01805359340396154,0.4878301580819415,-0.23666662738594813,0.09978009724903501
29.900000000000002,11.76921850514612,-5.352533835810816,2.3351213418303995,2.769563401509696,-0.5042057225221867,1.6927340676574687,-0.20943632766523096,0.5077112966508671,-0.04827249712643773,0.015259200563452854,0.007764724608962161,0.020754786993345736,0.018035581158211224,0.48784319448279023,-0.23667907344526826,0.09978278339242969
29.91,11.774096937090947,-5.354900626545269,2.336119169664324,2.769807105289754,-0.5043535030690803,1.6925454742362218,-0.20933809904350953,0.5077613106941681,-0.04837053895773277,0.01524775662493723,0.007761141065551755,0.020738323064158595,0.01801758720573853,0.4878562169726895,-0.23669150808415979,0.0997854646229271
29.92,11.778975499260675,-5.35726754162611,2.3371170243105532,2.7700506688594566,-0.5045011501728497,1.6923569846391908,-0.20923992552203335,0.5078112466877083,-0.04846851279293996,0.015236321575862523,0.007757556337859427,0.020721870585288463,0.01799961152797138,0.48786922556655393,-0.23670393131243536,0.09978814094710235
29.93,11.78385419151634,-5.359634580939235,2.3381149057200243,2.7702940922633,-0.5046486639468033,1.692168598853005,-0.20914180710418082,0.5078611047399191,-0.04856641866025809,0.015224895408554862,0.007753970432254029,0.020705429552936035,0.017981654106356437,0.4878822202792815,-0.2367163431399002,0.09979081237152373
29.94,11.788733013719133,-5.362001744370634,2.3391128138437396,2.770537375545808,-0.504796044504182,1.691980316864218,-0.209043743793239,0.5079108849591072,-0.04866425658792713,0.015213478115349736,0.007750383355095697,0.020688999963291543,0.017963714922358542,0.48789520112575385,-0.23672874357635243,0.09979347890275282
29.95,11.79361196573039,-5.3643690318063975,2.340110748632767,2.7707805187515326,-0.5049432919581589,1.691792138659307,-0.20894573559240384,0.5079605874534545,-0.04876202660422802,0.015202069688591967,0.007746795112735837,0.020672581812534802,0.01794579395746149,0.48790816812083676,-0.23674113263158292,0.0997961405473444
29.96,11.798491047411598,-5.366736443132713,2.3411087100382404,2.771023521925055,-0.505090406421839,1.6916040642246741,-0.2088477825047804,0.5080102123310182,-0.04885972873748257,0.015190670120635703,0.007743205711517121,0.020656175096835257,0.01792789119316731,0.48792112127937975,-0.23675351031537512,0.09979879731184643
29.97,11.803370258624392,-5.3691039782358665,2.3421066980113587,2.7712663851109847,-0.5052373880082598,1.6914160935466451,-0.20874988453338303,0.5080597596997307,-0.048957363016053246,0.015179279403844389,0.007739615157773481,0.02063977981235201,0.017910006610996804,0.4879340606162158,-0.23676587663750542,0.09980144920280001
29.98,11.808249599230555,-5.371471637002242,2.343104712503387,2.7715091083539587,-0.5053842368303906,1.6912282266114709,-0.20865204168113566,0.5081092296674001,-0.04905492946834302,0.015167897530590748,0.007736023457830099,0.020623395955233857,0.017892140192488803,0.4879469861461623,-0.2367782316077427,0.09980409622673937
29.990000000000002,11.813129069092017,-5.373839419318319,2.344102753465654,2.7717516916986433,-0.5055309530011328,1.6910404634053269,-0.20855425395087196,0.5081586223417097,-0.04915242812279524,0.015156524493256765,0.007732430618003403,0.020607023521619333,0.017874291919201292,0.48795989788402033,-0.23679057523584857,0.09980673839019188
30.0,11.818008668070858,-5.376207325070678,2.3451008208495563,2.771994135189732,-0.50567753663332,1.6908528039143131,-0.2084565213453356,0.5082079378302186,-0.04924985900789341,0.01514516028423366,0.007728836644601056,0.020590662507636748,0.017856461772709935,0.48797279584457415,-0.2368029075315778,0.09980937569967849
