time,x,y,z,roll,pitch,yaw,u,v,w,p,q,r
0.0,0.0,0.0,0.0,0.0,0.0,0.0,0.0,0.0,0.0,0.0,0.0,0.0
0.01,0.0,0.0,0.0,0.0,0.0,0.0,0.008,0.0,0.0,0.0,0.0,0.0
0.02,8e-05,0.0,0.0,0.0,0.0,0.0,0.015993472,0.0,0.0,0.0,0.0,0.0
0.03,0.00023993472000000002,0.0,0.0,0.0,0.0,0.0,0.02398016564010677,0.0,0.0,0.0,0.0,0.0
0.04,0.00047973637640106773,0.0,0.0,0.0,0.0,0.0,0.03195983141090643,0.0,0.0,0.0,0.0,0.0
0.05,0.000799334690510132,0.0,0.0,0.0,0.0,0.0,0.039932220684130076,0.0,0.0,0.0,0.0,0.0
0.06,0.0011986568973514327,0.0,0.0,0.0,0.0,0.0,0.04789708574308524,0.0,0.0,0.0,0.0,0.0
0.07,0.0016776277547822852,0.0,0.0,0.0,0.0,0.0,0.055854179812845406,0.0,0.0,0.0,0.0,0.0
0.08,0.0022361695529107394,0.0,0.0,0.0,0.0,0.0,0.06380325709019,0.0,0.0,0.0,0.0,0.0
0.09,0.002874202123812639,0.0,0.0,0.0,0.0,0.0,0.0717440727732872,0.0,0.0,0.0,0.0,0.0
0.1,0.003591642851545511,0.0,0.0,0.0,0.0,0.0,0.07967638309111238,0.0,0.0,0.0,0.0,0.0
0.11,0.004388406682456635,0.0,0.0,0.0,0.0,0.0,0.08759994533259453,0.0,0.0,0.0,0.0,0.0
0.12,0.00526440613578258,0.0,0.0,0.0,0.0,0.0,0.09551451787548391,0.0,0.0,0.0,0.0,0.0
0.13,0.006219551314537419,0.0,0.0,0.0,0.0,0.0,0.10341986021493356,0.0,0.0,0.0,0.0,0.0
0.14,0.007253749916686755,0.0,0.0,0.0,0.0,0.0,0.11131573299178786,0.0,0.0,0.0,0.0,0.0
0.15,0.008366907246604632,0.0,0.0,0.0,0.0,0.0,0.11920189802057143,0.0,0.0,0.0,0.0,0.0
0.16,0.009558926226810347,0.0,0.0,0.0,0.0,0.0,0.12707811831717156,0.0,0.0,0.0,0.0,0.0
0.17,0.010829707409982063,0.0,0.0,0.0,0.0,0.0,0.13494415812620775,0.0,0.0,0.0,0.0,0.0
0.18,0.012179148991244141,0.0,0.0,0.0,0.0,0.0,0.142799782948082,0.0,0.0,0.0,0.0,0.0
0.19,0.01360714682072496,0.0,0.0,0.0,0.0,0.0,0.15064475956570347,0.0,0.0,0.0,0.0,0.0
0.2,0.015113594416381996,0.0,0.0,0.0,0.0,0.0,0.1584788560708817,0.0,0.0,0.0,0.0,0.0
0.21,0.016698382977090812,0.0,0.0,0.0,0.0,0.0,0.1663018418903819,0.0,0.0,0.0,0.0,0.0
0.22,0.018361401395994632,0.0,0.0,0.0,0.0,0.0,0.17411348781163735,0.0,0.0,0.0,0.0,0.0
0.23,0.020102536274111005,0.0,0.0,0.0,0.0,0.0,0.18191356600811218,0.0,0.0,0.0,0.0,0.0
0.24,0.021921671934192127,0.0,0.0,0.0,0.0,0.0,0.18970185006431012,0.0,0.0,0.0,0.0,0.0
0.25,0.023818690434835227,0.0,0.0,0.0,0.0,0.0,0.19747811500042303,0.0,0.0,0.0,0.0,0.0
0.26,0.025793471584839456,0.0,0.0,0.0,0.0,0.0,0.20524213729661445,0.0,0.0,0.0,0.0,0.0
0.27,0.027845892957805603,0.0,0.0,0.0,0.0,0.0,0.21299369491693299,0.0,0.0,0.0,0.0,0.0
0.28,0.02997582990697493,0.0,0.0,0.0,0.0,0.0,0.2207325673328507,0.0,0.0,0.0,0.0,0.0
0.29,0.032183155580303435,0.0,0.0,0.0,0.0,0.0,0.22845853554642173,0.0,0.0,0.0,0.0,0.0
0.3,0.034467740935767655,0.0,0.0,0.0,0.0,0.0,0.23617138211305658,0.0,0.0,0.0,0.0,0.0
0.31,0.03682945475689822,0.0,0.0,0.0,0.0,0.0,0.24387089116390775,0.0,0.0,0.0,0.0,0.0
0.32,0.0392681636685373,0.0,0.0,0.0,0.0,0.0,0.25155684842786247,0.0,0.0,0.0,0.0,0.0
0.33,0.041783732152815924,0.0,0.0,0.0,0.0,0.0,0.2592290412531383,0.0,0.0,0.0,0.0,0.0
0.34,0.044376022565347305,0.0,0.0,0.0,0.0,0.0,0.26688725862847773,0.0,0.0,0.0,0.0,0.0
0.35000000000000003,0.047044895151632085,0.0,0.0,0.0,0.0,0.0,0.2745312912039385,0.0,0.0,0.0,0.0,0.0
0.36,0.04979020806367147,0.0,0.0,0.0,0.0,0.0,0.2821609313112751,0.0,0.0,0.0,0.0,0.0
0.37,0.05261181737678423,0.0,0.0,0.0,0.0,0.0,0.2897759729839092,0.0,0.0,0.0,0.0,0.0
0.38,0.05550957710662332,0.0,0.0,0.0,0.0,0.0,0.29737621197648456,0.0,0.0,0.0,0.0,0.0
0.39,0.05848333922638817,0.0,0.0,0.0,0.0,0.0,0.3049614457840044,0.0,0.0,0.0,0.0,0.0
0.4,0.06153295368422821,0.0,0.0,0.0,0.0,0.0,0.3125314736605479,0.0,0.0,0.0,0.0,0.0
0.41000000000000003,0.06465826842083369,0.0,0.0,0.0,0.0,0.0,0.3200860966375626,0.0,0.0,0.0,0.0,0.0
0.42,0.06785912938720932,0.0,0.0,0.0,0.0,0.0,0.3276251175417312,0.0,0.0,0.0,0.0,0.0
0.43,0.07113538056262664,0.0,0.0,0.0,0.0,0.0,0.3351483410124093,0.0,0.0,0.0,0.0,0.0
0.44,0.07448686397275073,0.0,0.0,0.0,0.0,0.0,0.34265557351863263,0.0,0.0,0.0,0.0,0.0
0.45,0.07791341970793705,0.0,0.0,0.0,0.0,0.0,0.35014662337569097,0.0,0.0,0.0,0.0,0.0
0.46,0.08141488594169397,0.0,0.0,0.0,0.0,0.0,0.35762130076126764,0.0,0.0,0.0,0.0,0.0
0.47000000000000003,0.08499109894930665,0.0,0.0,0.0,0.0,0.0,0.3650794177311423,0.0,0.0,0.0,0.0,0.0
0.48,0.08864189312661808,0.0,0.0,0.0,0.0,0.0,0.37252078823445556,0.0,0.0,0.0,0.0,0.0
0.49,0.09236710100896263,0.0,0.0,0.0,0.0,0.0,0.3799452281285344,0.0,0.0,0.0,0.0,0.0
0.5,0.09616655329024798,0.0,0.0,0.0,0.0,0.0,0.38735255519327627,0.0,0.0,0.0,0.0,0.0
0.51,0.10004007884218075,0.0,0.0,0.0,0.0,0.0,0.39474258914509214,0.0,0.0,0.0,0.0,0.0
0.52,0.10398750473363166,0.0,0.0,0.0,0.0,0.0,0.4021151516504061,0.0,0.0,0.0,0.0,0.0
0.53,0.10800865625013573,0.0,0.0,0.0,0.0,0.0,0.40947006633871214,0.0,0.0,0.0,0.0,0.0
0.54,0.11210335691352284,0.0,0.0,0.0,0.0,0.0,0.4168071588151863,0.0,0.0,0.0,0.0,0.0
0.55,0.11627142850167471,0.0,0.0,0.0,0.0,0.0,0.424126256672855,0.0,0.0,0.0,0.0,0.0
0.56,0.12051269106840326,0.0,0.0,0.0,0.0,0.0,0.431427189504318,0.0,0.0,0.0,0.0,0.0
0.5700000000000001,0.12482696296344645,0.0,0.0,0.0,0.0,0.0,0.43870978891302737,0.0,0.0,0.0,0.0,0.0
0.58,0.12921406085257672,0.0,0.0,0.0,0.0,0.0,0.44597388852412073,0.0,0.0,0.0,0.0,0.0
0.59,0.13367379973781793,0.0,0.0,0.0,0.0,0.0,0.4532193239948108,0.0,0.0,0.0,0.0,0.0
0.6,0.13820599297776603,0.0,0.0,0.0,0.0,0.0,0.46044593302433034,0.0,0.0,0.0,0.0,0.0
0.61,0.14281045230800934,0.0,0.0,0.0,0.0,0.0,0.4676535553634336,0.0,0.0,0.0,0.0,0.0
0.62,0.1474869878616437,0.0,0.0,0.0,0.0,0.0,0.4748420328234548,0.0,0.0,0.0,0.0,0.0
0.63,0.15223540818987824,0.0,0.0,0.0,0.0,0.0,0.4820112092849242,0.0,0.0,0.0,0.0,0.0
0.64,0.15705552028272748,0.0,0.0,0.0,0.0,0.0,0.4891609307057436,0.0,0.0,0.0,0.0,0.0
0.65,0.1619471295897849,0.0,0.0,0.0,0.0,0.0,0.4962910451289212,0.0,0.0,0.0,0.0,0.0
0.66,0.16691004004107413,0.0,0.0,0.0,0.0,0.0,0.5034014026898678,0.0,0.0,0.0,0.0,0.0
0.67,0.1719440540679728,0.0,0.0,0.0,0.0,0.0,0.5104918556232556,0.0,0.0,0.0,0.0,0.0
0.68,0.17704897262420535,0.0,0.0,0.0,0.0,0.0,0.5175622582694417,0.0,0.0,0.0,0.0,0.0
0.6900000000000001,0.18222459520689976,0.0,0.0,0.0,0.0,0.0,0.5246124670804562,0.0,0.0,0.0,0.0,0.0
0.7000000000000001,0.18747071987770433,0.0,0.0,0.0,0.0,0.0,0.5316423406255593,0.0,0.0,0.0,0.0,0.0
0.71,0.19278714328395993,0.0,0.0,0.0,0.0,0.0,0.5386517395963671,0.0,0.0,0.0,0.0,0.0
0.72,0.1981736606799236,0.0,0.0,0.0,0.0,0.0,0.5456405268115496,0.0,0.0,0.0,0.0,0.0
0.73,0.2036300659480391,0.0,0.0,0.0,0.0,0.0,0.552608567221102,0.0,0.0,0.0,0.0,0.0
0.74,0.2091561516202501,0.0,0.0,0.0,0.0,0.0,0.5595557279101928,0.0,0.0,0.0,0.0,0.0
0.75,0.21475170889935205,0.0,0.0,0.0,0.0,0.0,0.5664818781025904,0.0,0.0,0.0,0.0,0.0
0.76,0.22041652768037795,0.0,0.0,0.0,0.0,0.0,0.5733868891636711,0.0,0.0,0.0,0.0,0.0
0.77,0.22615039657201466,0.0,0.0,0.0,0.0,0.0,0.5802706346030105,0.0,0.0,0.0,0.0,0.0
0.78,0.23195310291804477,0.0,0.0,0.0,0.0,0.0,0.5871329900765629,0.0,0.0,0.0,0.0,0.0
0.79,0.2378244328188104,0.0,0.0,0.0,0.0,0.0,0.5939738333884292,0.0,0.0,0.0,0.0,0.0
0.8,0.2437641711526947,0.0,0.0,0.0,0.0,0.0,0.6007930444922182,0.0,0.0,0.0,0.0,0.0
0.81,0.24977210159761687,0.0,0.0,0.0,0.0,0.0,0.6075905054920039,0.0,0.0,0.0,0.0,0.0
0.8200000000000001,0.25584800665253693,0.0,0.0,0.0,0.0,0.0,0.6143661006428822,0.0,0.0,0.0,0.0,0.0
0.8300000000000001,0.26199166765896575,0.0,0.0,0.0,0.0,0.0,0.6211197163511296,0.0,0.0,0.0,0.0,0.0
0.84,0.26820286482247707,0.0,0.0,0.0,0.0,0.0,0.6278512411739685,0.0,0.0,0.0,0.0,0.0
0.85,0.2744813772342168,0.0,0.0,0.0,0.0,0.0,0.6345605658189419,0.0,0.0,0.0,0.0,0.0
0.86,0.2808269828924062,0.0,0.0,0.0,0.0,0.0,0.6412475831429019,0.0,0.0,0.0,0.0,0.0
0.87,0.2872394587238352,0.0,0.0,0.0,0.0,0.0,0.6479121881506144,0.0,0.0,0.0,0.0,0.0
0.88,0.29371858060534134,0.0,0.0,0.0,0.0,0.0,0.6545542779929856,0.0,0.0,0.0,0.0,0.0
0.89,0.3002641233852712,0.0,0.0,0.0,0.0,0.0,0.6611737519649133,0.0,0.0,0.0,0.0,0.0
0.9,0.3068758609049203,0.0,0.0,0.0,0.0,0.0,0.6677705115027667,0.0,0.0,0.0,0.0,0.0
0.91,0.313553566019948,0.0,0.0,0.0,0.0,0.0,0.6743444601814991,0.0,0.0,0.0,0.0,0.0
0.92,0.32029701062176297,0.0,0.0,0.0,0.0,0.0,0.680895503711399,0.0,0.0,0.0,0.0,0.0
0.93,0.32710596565887695,0.0,0.0,0.0,0.0,0.0,0.6874235499344811,0.0,0.0,0.0,0.0,0.0
0.9400000000000001,0.33398020115822175,0.0,0.0,0.0,0.0,0.0,0.6939285088205245,0.0,0.0,0.0,0.0,0.0
0.9500000000000001,0.340919486246427,0.0,0.0,0.0,0.0,0.0,0.7004102924627603,0.0,0.0,0.0,0.0,0.0
0.96,0.3479235891710546,0.0,0.0,0.0,0.0,0.0,0.7068688150732145,0.0,0.0,0.0,0.0,0.0
0.97,0.35499227732178673,0.0,0.0,0.0,0.0,0.0,0.71330399297771,0.0,0.0,0.0,0.0,0.0
0.98,0.3621253172515638,0.0,0.0,0.0,0.0,0.0,0.7197157446105319,0.0,0.0,0.0,0.0,0.0
0.99,0.36932247469766916,0.0,0.0,0.0,0.0,0.0,0.7261039905087628,0.0,0.0,0.0,0.0,0.0
1.0,0.3765835146027568,0.0,0.0,0.0,0.0,0.0,0.7324686533062903,0.0,0.0,0.0,0.0,0.0
1.01,0.3839082011358197,0.0,0.0,0.0,0.0,0.0,0.7388096577274926,0.0,0.0,0.0,0.0,0.0
1.02,0.3912962977130946,0.0,0.0,0.0,0.0,0.0,0.7451269305806079,0.0,0.0,0.0,0.0,0.0
1.03,0.3987475670189007,0.0,0.0,0.0,0.0,0.0,0.7514204007507904,0.0,0.0,0.0,0.0,0.0
1.04,0.4062617710264086,0.0,0.0,0.0,0.0,0.0,0.7576899991928608,0.0,0.0,0.0,0.0,0.0
1.05,0.4138386710183372,0.0,0.0,0.0,0.0,0.0,0.7639356589237528,0.0,0.0,0.0,0.0,0.0
1.06,0.42147802760757475,0.0,0.0,0.0,0.0,0.0,0.7701573150146632,0.0,0.0,0.0,0.0,0.0
1.07,0.4291796007577214,0.0,0.0,0.0,0.0,0.0,0.7763549045829103,0.0,0.0,0.0,0.0,0.0
1.08,0.4369431498035505,0.0,0.0,0.0,0.0,0.0,0.7825283667835041,0.0,0.0,0.0,0.0,0.0
1.09,0.4447684334713855,0.0,0.0,0.0,0.0,0.0,0.7886776428004356,0.0,0.0,0.0,0.0,0.0
1.1,0.45265520989938984,0.0,0.0,0.0,0.0,0.0,0.7948026758376888,0.0,0.0,0.0,0.0,0.0
1.11,0.46060323665776676,0.0,0.0,0.0,0.0,0.0,0.8009034111099812,0.0,0.0,0.0,0.0,0.0
1.12,0.4686122707688666,0.0,0.0,0.0,0.0,0.0,0.806979795833238,0.0,0.0,0.0,0.0,0.0
1.1300000000000001,0.476682068727199,0.0,0.0,0.0,0.0,0.0,0.8130317792148053,0.0,0.0,0.0,0.0,0.0
1.1400000000000001,0.48481238651934705,0.0,0.0,0.0,0.0,0.0,0.819059312443407,0.0,0.0,0.0,0.0,0.0
1.1500000000000001,0.49300297964378115,0.0,0.0,0.0,0.0,0.0,0.8250623486788518,0.0,0.0,0.0,0.0,0.0
1.16,0.5012536031305697,0.0,0.0,0.0,0.0,0.0,0.8310408430414937,0.0,0.0,0.0,0.0,0.0
1.17,0.5095640115609846,0.0,0.0,0.0,0.0,0.0,0.8369947526014543,0.0,0.0,0.0,0.0,0.0
1.18,0.5179339590869991,0.0,0.0,0.0,0.0,0.0,0.8429240363676084,0.0,0.0,0.0,0.0,0.0
1.19,0.5263631994506752,0.0,0.0,0.0,0.0,0.0,0.8488286552763418,0.0,0.0,0.0,0.0,0.0
1.2,0.5348514860034387,0.0,0.0,0.0,0.0,0.0,0.8547085721800842,0.0,0.0,0.0,0.0,0.0
1.21,0.5433985717252395,0.0,0.0,0.0,0.0,0.0,0.860563751835624,0.0,0.0,0.0,0.0,0.0
1.22,0.5520042092435957,0.0,0.0,0.0,0.0,0.0,0.8663941608922087,0.0,0.0,0.0,0.0,0.0
1.23,0.5606681508525178,0.0,0.0,0.0,0.0,0.0,0.8721997678794386,0.0,0.0,0.0,0.0,0.0
1.24,0.5693901485313121,0.0,0.0,0.0,0.0,0.0,0.8779805431949572,0.0,0.0,0.0,0.0,0.0
1.25,0.5781699539632617,0.0,0.0,0.0,0.0,0.0,0.8837364590919434,0.0,0.0,0.0,0.0,0.0
1.26,0.5870073185541811,0.0,0.0,0.0,0.0,0.0,0.8894674896664131,0.0,0.0,0.0,0.0,0.0
1.27,0.5959019934508453,0.0,0.0,0.0,0.0,0.0,0.895173610844333,0.0,0.0,0.0,0.0,0.0
1.28,0.6048537295592886,0.0,0.0,0.0,0.0,0.0,0.9008548003685534,0.0,0.0,0.0,0.0,0.0
1.29,0.6138622775629742,0.0,0.0,0.0,0.0,0.0,0.9065110377855644,0.0,0.0,0.0,0.0,0.0
1.3,0.6229273879408298,0.0,0.0,0.0,0.0,0.0,0.9121423044320819,0.0,0.0,0.0,0.0,0.0
1.31,0.6320488109851506,0.0,0.0,0.0,0.0,0.0,0.9177485834214669,0.0,0.0,0.0,0.0,0.0
1.32,0.6412262968193653,0.0,0.0,0.0,0.0,0.0,0.9233298596299855,0.0,0.0,0.0,0.0,0.0
1.33,0.6504595954156651,0.0,0.0,0.0,0.0,0.0,0.9288861196829128,0.0,0.0,0.0,0.0,0.0
1.34,0.6597484566124943,0.0,0.0,0.0,0.0,0.0,0.9344173519404873,0.0,0.0,0.0,0.0,0.0
1.35,0.6690926301318991,0.0,0.0,0.0,0.0,0.0,0.9399235464837199,0.0,0.0,0.0,0.0,0.0
1.36,0.6784918655967364,0.0,0.0,0.0,0.0,0.0,0.9454046951000639,0.0,0.0,0.0,0.0,0.0
1.37,0.687945912547737,0.0,0.0,0.0,0.0,0.0,0.9508607912689493,0.0,0.0,0.0,0.0,0.0
1.3800000000000001,0.6974545204604264,0.0,0.0,0.0,0.0,0.0,0.9562918301471889,0.0,0.0,0.0,0.0,0.0
1.3900000000000001,0.7070174387618984,0.0,0.0,0.0,0.0,0.0,0.9616978085542586,0.0,0.0,0.0,0.0,0.0
1.4000000000000001,0.716634416847441,0.0,0.0,0.0,0.0,0.0,0.9670787249574591,0.0,0.0,0.0,0.0,0.0
1.41,0.7263052040970156,0.0,0.0,0.0,0.0,0.0,0.9724345794569624,0.0,0.0,0.0,0.0,0.0
1.42,0.7360295498915852,0.0,0.0,0.0,0.0,0.0,0.9777653737707496,0.0,0.0,0.0,0.0,0.0
1.43,0.7458072036292926,0.0,0.0,0.0,0.0,0.0,0.9830711112194429,0.0,0.0,0.0,0.0,0.0
1.44,0.7556379147414871,0.0,0.0,0.0,0.0,0.0,0.9883517967110389,0.0,0.0,0.0,0.0,0.0
1.45,0.7655214327085975,0.0,0.0,0.0,0.0,0.0,0.9936074367255462,0.0,0.0,0.0,0.0,0.0
1.46,0.7754575070758529,0.0,0.0,0.0,0.0,0.0,0.9988380392995331,0.0,0.0,0.0,0.0,0.0
1.47,0.7854458874688482,0.0,0.0,0.0,0.0,0.0,1.00404361401059,0.0,0.0,0.0,0.0,0.0
1.48,0.7954863236089541,0.0,0.0,0.0,0.0,0.0,1.0092241719617105,0.0,0.0,0.0,0.0,0.0
1.49,0.8055785653285712,0.0,0.0,0.0,0.0,0.0,1.0143797257655975,0.0,0.0,0.0,0.0,0.0
1.5,0.8157223625862272,0.0,0.0,0.0,0.0,0.0,1.0195102895288966,0.0,0.0,0.0,0.0,0.0
1.51,0.8259174654815162,0.0,0.0,0.0,0.0,0.0,1.0246158788363628,0.0,0.0,0.0,0.0,0.0
1.52,0.8361636242698799,0.0,0.0,0.0,0.0,0.0,1.0296965107349665,0.0,0.0,0.0,0.0,0.0
1.53,0.8464605893772296,0.0,0.0,0.0,0.0,0.0,1.034752203717939,0.0,0.0,0.0,0.0,0.0
1.54,0.8568081114144089,0.0,0.0,0.0,0.0,0.0,1.0397829777087664,0.0,0.0,0.0,0.0,0.0
1.55,0.8672059411914966,0.0,0.0,0.0,0.0,0.0,1.0447888540451336,0.0,0.0,0.0,0.0,0.0
1.56,0.8776538297319479,0.0,0.0,0.0,0.0,0.0,1.0497698554628236,0.0,0.0,0.0,0.0,0.0
1.57,0.8881515282865762,0.0,0.0,0.0,0.0,0.0,1.0547260060795765,0.0,0.0,0.0,0.0,0.0
1.58,0.8986987883473719,0.0,0.0,0.0,0.0,0.0,1.0596573313789117,0.0,0.0,0.0,0.0,0.0
1.59,0.9092953616611611,0.0,0.0,0.0,0.0,0.0,1.0645638581939185,0.0,0.0,0.0,0.0,0.0
1.6,0.9199410002431003,0.0,0.0,0.0,0.0,0.0,1.0694456146910178,0.0,0.0,0.0,0.0,0.0
1.61,0.9306354563900106,0.0,0.0,0.0,0.0,0.0,1.0743026303537013,0.0,0.0,0.0,0.0,0.0
1.62,0.9413784826935475,0.0,0.0,0.0,0.0,0.0,1.0791349359662485,0.0,0.0,0.0,0.0,0.0
1.6300000000000001,0.95216983205321,0.0,0.0,0.0,0.0,0.0,1.0839425635974298,0.0,0.0,0.0,0.0,0.0
1.6400000000000001,0.9630092576891843,0.0,0.0,0.0,0.0,0.0,1.0887255465841956,0.0,0.0,0.0,0.0,0.0
1.6500000000000001,0.9738965131550262,0.0,0.0,0.0,0.0,0.0,1.093483919515358,0.0,0.0,0.0,0.0,0.0
1.6600000000000001,0.9848313523501798,0.0,0.0,0.0,0.0,0.0,1.0982177182152684,0.0,0.0,0.0,0.0,0.0
1.67,0.9958135295323325,0.0,0.0,0.0,0.0,0.0,1.1029269797274923,0.0,0.0,0.0,0.0,0.0
1.68,1.0068427993296074,0.0,0.0,0.0,0.0,0.0,1.1076117422984888,0.0,0.0,0.0,0.0,0.0
1.69,1.0179189167525924,0.0,0.0,0.0,0.0,0.0,1.112272045361295,0.0,0.0,0.0,0.0,0.0
1.7,1.0290416372062052,0.0,0.0,0.0,0.0,0.0,1.1169079295192217,0.0,0.0,0.0,0.0,0.0
1.71,1.0402107165013974,0.0,0.0,0.0,0.0,0.0,1.1215194365295604,0.0,0.0,0.0,0.0,0.0
1.72,1.051425910866693,0.0,0.0,0.0,0.0,0.0,1.1261066092873095,0.0,0.0,0.0,0.0,0.0
1.73,1.0626869769595662,0.0,0.0,0.0,0.0,0.0,1.1306694918089186,0.0,0.0,0.0,0.0,0.0
1.74,1.0739936718776553,0.0,0.0,0.0,0.0,0.0,1.1352081292160565,0.0,0.0,0.0,0.0,0.0
1.75,1.0853457531698159,0.0,0.0,0.0,0.0,0.0,1.1397225677194072,0.0,0.0,0.0,0.0,0.0
1.76,1.09674297884701,0.0,0.0,0.0,0.0,0.0,1.144212854602494,0.0,0.0,0.0,0.0,0.0
1.77,1.1081851073930349,0.0,0.0,0.0,0.0,0.0,1.1486790382055367,0.0,0.0,0.0,0.0,0.0
1.78,1.1196718977750904,0.0,0.0,0.0,0.0,0.0,1.1531211679093467,0.0,0.0,0.0,0.0,0.0
1.79,1.131203109454184,0.0,0.0,0.0,0.0,0.0,1.157539294119258,0.0,0.0,0.0,0.0,0.0
1.8,1.1427785023953765,0.0,0.0,0.0,0.0,0.0,1.1619334682491023,0.0,0.0,0.0,0.0,0.0
1.81,1.1543978370778676,0.0,0.0,0.0,0.0,0.0,1.1663037427052283,0.0,0.0,0.0,0.0,0.0
1.82,1.16606087450492,0.0,0.0,0.0,0.0,0.0,1.1706501708705677,0.0,0.0,0.0,0.0,0.0
1.83,1.1777673762136256,0.0,0.0,0.0,0.0,0.0,1.1749728070887526,0.0,0.0,0.0,0.0,0.0
1.84,1.1895171042845132,0.0,0.0,0.0,0.0,0.0,1.1792717066482856,0.0,0.0,0.0,0.0,0.0
1.85,1.201309821350996,0.0,0.0,0.0,0.0,0.0,1.1835469257667646,0.0,0.0,0.0,0.0,0.0
1.86,1.2131452906086637,0.0,0.0,0.0,0.0,0.0,1.1877985215751672,0.0,0.0,0.0,0.0,0.0
1.87,1.2250232758244153,0.0,0.0,0.0,0.0,0.0,1.1920265521021947,0.0,0.0,0.0,0.0,0.0
1.8800000000000001,1.2369435413454373,0.0,0.0,0.0,0.0,0.0,1.1962310762586796,0.0,0.0,0.0,0.0,0.0
1.8900000000000001,1.248905852108024,0.0,0.0,0.0,0.0,0.0,1.2004121538220587,0.0,0.0,0.0,0.0,0.0
1.9000000000000001,1.2609099736462446,0.0,0.0,0.0,0.0,0.0,1.2045698454209135,0.0,0.0,0.0,0.0,0.0
1.9100000000000001,1.2729556721004538,0.0,0.0,0.0,0.0,0.0,1.208704212519582,0.0,0.0,0.0,0.0,0.0
1.92,1.2850427142256495,0.0,0.0,0.0,0.0,0.0,1.212815317402841,0.0,0.0,0.0,0.0,0.0
1.93,1.297170867399678,0.0,0.0,0.0,0.0,0.0,1.216903223160665,0.0,0.0,0.0,0.0,0.0
1.94,1.3093398996312846,0.0,0.0,0.0,0.0,0.0,1.2209679936730586,0.0,0.0,0.0,0.0,0.0
1.95,1.3215495795680152,0.0,0.0,0.0,0.0,0.0,1.2250096935949721,0.0,0.0,0.0,0.0,0.0
1.96,1.333799676503965,0.0,0.0,0.0,0.0,0.0,1.229028388341293,0.0,0.0,0.0,0.0,0.0
1.97,1.346089960387378,0.0,0.0,0.0,0.0,0.0,1.2330241440719223,0.0,0.0,0.0,0.0,0.0
1.98,1.358420201828097,0.0,0.0,0.0,0.0,0.0,1.2369970276769362,0.0,0.0,0.0,0.0,0.0
1.99,1.3707901721048665,0.0,0.0,0.0,0.0,0.0,1.2409471067618314,0.0,0.0,0.0,0.0,0.0
2.0,1.383199643172485,0.0,0.0,0.0,0.0,0.0,1.2448744496328608,0.0,0.0,0.0,0.0,0.0
2.0100000000000002,1.3956483876688135,0.0,0.0,0.0,0.0,0.0,1.248779125282457,0.0,0.0,0.0,0.0,0.0
2.02,1.408136178921638,0.0,0.0,0.0,0.0,0.0,1.2526612033747486,0.0,0.0,0.0,0.0,0.0
2.0300000000000002,1.4206627909553855,0.0,0.0,0.0,0.0,0.0,1.2565207542311683,0.0,0.0,0.0,0.0,0.0
2.04,1.4332279984976972,0.0,0.0,0.0,0.0,0.0,1.260357848816156,0.0,0.0,0.0,0.0,0.0
2.05,1.4458315769858587,0.0,0.0,0.0,0.0,0.0,1.264172558722958,0.0,0.0,0.0,0.0,0.0
2.06,1.4584733025730883,0.0,0.0,0.0,0.0,0.0,1.2679649561595232,0.0,0.0,0.0,0.0,0.0
2.07,1.4711529521346836,0.0,0.0,0.0,0.0,0.0,1.2717351139344983,0.0,0.0,0.0,0.0,0.0
2.08,1.4838703032740286,0.0,0.0,0.0,0.0,0.0,1.2754831054433227,0.0,0.0,0.0,0.0,0.0
2.09,1.4966251343284618,0.0,0.0,0.0,0.0,0.0,1.2792090046544253,0.0,0.0,0.0,0.0,0.0
2.1,1.5094172243750061,0.0,0.0,0.0,0.0,0.0,1.282912886095524,0.0,0.0,0.0,0.0,0.0
2.11,1.5222463532359614,0.0,0.0,0.0,0.0,0.0,1.2865948248400276,0.0,0.0,0.0,0.0,0.0
2.12,1.5351123014843617,0.0,0.0,0.0,0.0,0.0,1.2902548964935454,0.0,0.0,0.0,0.0,0.0
2.13,1.5480148504492972,0.0,0.0,0.0,0.0,0.0,1.2938931771804993,0.0,0.0,0.0,0.0,0.0
2.14,1.5609537822211021,0.0,0.0,0.0,0.0,0.0,1.2975097435308465,0.0,0.0,0.0,0.0,0.0
2.15,1.5739288796564106,0.0,0.0,0.0,0.0,0.0,1.3011046726669069,0.0,0.0,0.0,0.0,0.0
2.16,1.5869399263830797,0.0,0.0,0.0,0.0,0.0,1.3046780421903021,0.0,0.0,0.0,0.0,0.0
2.17,1.5999867068049827,0.0,0.0,0.0,0.0,0.0,1.3082299301690028,0.0,0.0,0.0,0.0,0.0
2.18,1.6130690061066728,0.0,0.0,0.0,0.0,0.0,1.3117604151244877,0.0,0.0,0.0,0.0,0.0
2.19,1.6261866102579177,0.0,0.0,0.0,0.0,0.0,1.315269576019013,0.0,0.0,0.0,0.0,0.0
2.2,1.6393393060181078,0.0,0.0,0.0,0.0,0.0,1.3187574922429952,0.0,0.0,0.0,0.0,0.0
2.21,1.6525268809405378,0.0,0.0,0.0,0.0,0.0,1.3222242436025067,0.0,0.0,0.0,0.0,0.0
2.22,1.665749123376563,0.0,0.0,0.0,0.0,0.0,1.3256699103068843,0.0,0.0,0.0,0.0,0.0
2.23,1.6790058224796318,0.0,0.0,0.0,0.0,0.0,1.3290945729564527,0.0,0.0,0.0,0.0,0.0
2.24,1.6922967682091963,0.0,0.0,0.0,0.0,0.0,1.3324983125303629,0.0,0.0,0.0,0.0,0.0
2.25,1.7056217513345,0.0,0.0,0.0,0.0,0.0,1.335881210374546,0.0,0.0,0.0,0.0,0.0
2.2600000000000002,1.7189805634382456,0.0,0.0,0.0,0.0,0.0,1.339243348189783,0.0,0.0,0.0,0.0,0.0
2.27,1.7323729969201433,0.0,0.0,0.0,0.0,0.0,1.3425848080198899,0.0,0.0,0.0,0.0,0.0
2.2800000000000002,1.7457988450003423,0.0,0.0,0.0,0.0,0.0,1.3459056722400224,0.0,0.0,0.0,0.0,0.0
2.29,1.7592579017227425,0.0,0.0,0.0,0.0,0.0,1.3492060235450947,0.0,0.0,0.0,0.0,0.0
2.3000000000000003,1.7727499619581935,0.0,0.0,0.0,0.0,0.0,1.3524859449383178,0.0,0.0,0.0,0.0,0.0
2.31,1.7862748214075765,0.0,0.0,0.0,0.0,0.0,1.3557455197198558,0.0,0.0,0.0,0.0,0.0
2.32,1.7998322766047752,0.0,0.0,0.0,0.0,0.0,1.358984831475599,0.0,0.0,0.0,0.0,0.0
2.33,1.8134221249195313,0.0,0.0,0.0,0.0,0.0,1.362203964066057,0.0,0.0,0.0,0.0,0.0
2.34,1.8270441645601918,0.0,0.0,0.0,0.0,0.0,1.3654030016153695,0.0,0.0,0.0,0.0,0.0
2.35,1.8406981945763454,0.0,0.0,0.0,0.0,0.0,1.3685820285004366,0.0,0.0,0.0,0.0,0.0
2.36,1.8543840148613497,0.0,0.0,0.0,0.0,0.0,1.3717411293401676,0.0,0.0,0.0,0.0,0.0
2.37,1.8681014261547515,0.0,0.0,0.0,0.0,0.0,1.3748803889848487,0.0,0.0,0.0,0.0,0.0
2.38,1.8818502300446,0.0,0.0,0.0,0.0,0.0,1.3779998925056305,0.0,0.0,0.0,0.0,0.0
2.39,1.8956302289696563,0.0,0.0,0.0,0.0,0.0,1.3810997251841348,0.0,0.0,0.0,0.0,0.0
2.4,1.9094412262214977,0.0,0.0,0.0,0.0,0.0,1.3841799725021802,0.0,0.0,0.0,0.0,0.0
2.41,1.9232830259465195,0.0,0.0,0.0,0.0,0.0,1.3872407201316261,0.0,0.0,0.0,0.0,0.0
2.42,1.9371554331478358,0.0,0.0,0.0,0.0,0.0,1.3902820539243381,0.0,0.0,0.0,0.0,0.0
2.43,1.951058253687079,0.0,0.0,0.0,0.0,0.0,1.3933040599022706,0.0,0.0,0.0,0.0,0.0
2.44,1.9649912942861019,0.0,0.0,0.0,0.0,0.0,1.3963068242476684,0.0,0.0,0.0,0.0,0.0
2.45,1.9789543625285786,0.0,0.0,0.0,0.0,0.0,1.399290433293389,0.0,0.0,0.0,0.0,0.0
2.46,1.9929472668615125,0.0,0.0,0.0,0.0,0.0,1.4022549735133416,0.0,0.0,0.0,0.0,0.0
2.47,2.006969816596646,0.0,0.0,0.0,0.0,0.0,1.4052005315130451,0.0,0.0,0.0,0.0,0.0
2.48,2.0210218219117766,0.0,0.0,0.0,0.0,0.0,1.4081271940203055,0.0,0.0,0.0,0.0,0.0
2.49,2.03510309385198,0.0,0.0,0.0,0.0,0.0,1.4110350478760103,0.0,0.0,0.0,0.0,0.0
2.5,2.04921344433074,0.0,0.0,0.0,0.0,0.0,1.4139241800250406,0.0,0.0,0.0,0.0,0.0
2.5100000000000002,2.0633526861309908,0.0,0.0,0.0,0.0,0.0,1.4167946775073017,0.0,0.0,0.0,0.0,0.0
2.52,2.077520632906064,0.0,0.0,0.0,0.0,0.0,1.4196466274488697,0.0,0.0,0.0,0.0,0.0
2.5300000000000002,2.0917170991805527,0.0,0.0,0.0,0.0,0.0,1.4224801170532566,0.0,0.0,0.0,0.0,0.0
2.54,2.1059419003510853,0.0,0.0,0.0,0.0,0.0,1.4252952335927902,0.0,0.0,0.0,0.0,0.0
2.5500000000000003,2.120194852687013,0.0,0.0,0.0,0.0,0.0,1.4280920644001114,0.0,0.0,0.0,0.0,0.0
2.56,2.1344757733310145,0.0,0.0,0.0,0.0,0.0,1.4308706968597862,0.0,0.0,0.0,0.0,0.0
2.57,2.148784480299612,0.0,0.0,0.0,0.0,0.0,1.4336312184000344,0.0,0.0,0.0,0.0,0.0
2.58,2.1631207924836127,0.0,0.0,0.0,0.0,0.0,1.436373716484572,0.0,0.0,0.0,0.0,0.0
2.59,2.177484529648458,0.0,0.0,0.0,0.0,0.0,1.439098278604569,0.0,0.0,0.0,0.0,0.0
2.6,2.1918755124345037,0.0,0.0,0.0,0.0,0.0,1.4418049922707201,0.0,0.0,0.0,0.0,0.0
2.61,2.206293562357211,0.0,0.0,0.0,0.0,0.0,1.44449394500543,0.0,0.0,0.0,0.0,0.0
2.62,2.2207385018072654,0.0,0.0,0.0,0.0,0.0,1.447165224335111,0.0,0.0,0.0,0.0,0.0
2.63,2.2352101540506166,0.0,0.0,0.0,0.0,0.0,1.449818917782593,0.0,0.0,0.0,0.0,0.0
2.64,2.2497083432284426,0.0,0.0,0.0,0.0,0.0,1.4524551128596463,0.0,0.0,0.0,0.0,0.0
2.65,2.264232894357039,0.0,0.0,0.0,0.0,0.0,1.4550738970596144,0.0,0.0,0.0,0.0,0.0
2.66,2.278783633327635,0.0,0.0,0.0,0.0,0.0,1.4576753578501582,0.0,0.0,0.0,0.0,0.0
2.67,2.2933603869061367,0.0,0.0,0.0,0.0,0.0,1.460259582666111,0.0,0.0,0.0,0.0,0.0
2.68,2.3079629827327977,0.0,0.0,0.0,0.0,0.0,1.4628266589024417,0.0,0.0,0.0,0.0,0.0
2.69,2.322591249321822,0.0,0.0,0.0,0.0,0.0,1.4653766739073284,0.0,0.0,0.0,0.0,0.0
2.7,2.337245016060895,0.0,0.0,0.0,0.0,0.0,1.467909714975339,0.0,0.0,0.0,0.0,0.0
2.71,2.3519241132106483,0.0,0.0,0.0,0.0,0.0,1.4704258693407208,0.0,0.0,0.0,0.0,0.0
2.72,2.3666283719040555,0.0,0.0,0.0,0.0,0.0,1.4729252241707955,0.0,0.0,0.0,0.0,0.0
2.73,2.3813576241457635,0.0,0.0,0.0,0.0,0.0,1.4754078665594617,0.0,0.0,0.0,0.0,0.0
2.74,2.396111702811358,0.0,0.0,0.0,0.0,0.0,1.477873883520803,0.0,0.0,0.0,0.0,0.0
2.75,2.4108904416465657,0.0,0.0,0.0,0.0,0.0,1.4803233619828007,0.0,0.0,0.0,0.0,0.0
2.7600000000000002,2.425693675266394,0.0,0.0,0.0,0.0,0.0,1.4827563887811503,0.0,0.0,0.0,0.0,0.0
2.77,2.4405212391542053,0.0,0.0,0.0,0.0,0.0,1.4851730506531828,0.0,0.0,0.0,0.0,0.0
2.7800000000000002,2.455372969660737,0.0,0.0,0.0,0.0,0.0,1.4875734342318874,0.0,0.0,0.0,0.0,0.0
2.79,2.470248704003056,0.0,0.0,0.0,0.0,0.0,1.489957626040037,0.0,0.0,0.0,0.0,0.0
2.8000000000000003,2.4851482802634566,0.0,0.0,0.0,0.0,0.0,1.4923257124844151,0.0,0.0,0.0,0.0,0.0
2.81,2.5000715373883007,0.0,0.0,0.0,0.0,0.0,1.4946777798501434,0.0,0.0,0.0,0.0,0.0
2.82,2.515018315186802,0.0,0.0,0.0,0.0,0.0,1.4970139142951078,0.0,0.0,0.0,0.0,0.0
2.83,2.529988454329753,0.0,0.0,0.0,0.0,0.0,1.4993342018444853,0.0,0.0,0.0,0.0,0.0
2.84,2.5449817963481975,0.0,0.0,0.0,0.0,0.0,1.5016387283853685,0.0,0.0,0.0,0.0,0.0
2.85,2.559998183632051,0.0,0.0,0.0,0.0,0.0,1.5039275796614866,0.0,0.0,0.0,0.0,0.0
2.86,2.575037459428666,0.0,0.0,0.0,0.0,0.0,1.5062008412680246,0.0,0.0,0.0,0.0,0.0
2.87,2.590099467841346,0.0,0.0,0.0,0.0,0.0,1.508458598646537,0.0,0.0,0.0,0.0,0.0
2.88,2.6051840538278115,0.0,0.0,0.0,0.0,0.0,1.5107009370799585,0.0,0.0,0.0,0.0,0.0
2.89,2.620291063198611,0.0,0.0,0.0,0.0,0.0,1.512927941687706,0.0,0.0,0.0,0.0,0.0
2.9,2.6354203426154883,0.0,0.0,0.0,0.0,0.0,1.515139697420877,0.0,0.0,0.0,0.0,0.0
2.91,2.6505717395896973,0.0,0.0,0.0,0.0,0.0,1.517336289057539,0.0,0.0,0.0,0.0,0.0
2.92,2.6657451024802725,0.0,0.0,0.0,0.0,0.0,1.5195178011981112,0.0,0.0,0.0,0.0,0.0
2.93,2.6809402804922535,0.0,0.0,0.0,0.0,0.0,1.5216843182608368,0.0,0.0,0.0,0.0,0.0
2.94,2.696157123674862,0.0,0.0,0.0,0.0,0.0,1.5238359244773463,0.0,0.0,0.0,0.0,0.0
2.95,2.7113954829196354,0.0,0.0,0.0,0.0,0.0,1.5259727038883089,0.0,0.0,0.0,0.0,0.0
2.96,2.7266552099585186,0.0,0.0,0.0,0.0,0.0,1.5280947403391738,0.0,0.0,0.0,0.0,0.0
2.97,2.7419361573619105,0.0,0.0,0.0,0.0,0.0,1.5302021174759979,0.0,0.0,0.0,0.0,0.0
2.98,2.7572381785366704,0.0,0.0,0.0,0.0,0.0,1.532294918741361,0.0,0.0,0.0,0.0,0.0
2.99,2.772561127724084,0.0,0.0,0.0,0.0,0.0,1.5343732273703667,0.0,0.0,0.0,0.0,0.0
3.0,2.7879048599977874,0.0,0.0,0.0,0.0,0.0,1.5364371263867285,0.0,0.0,0.0,0.0,0.0
3.0100000000000002,2.8032692312616545,0.0,0.0,0.0,0.0,0.0,1.53848669859894,0.0,0.0,0.0,0.0,0.0
3.02,2.818654098247644,0.0,0.0,0.0,0.0,0.0,1.5405220265965291,0.0,0.0,0.0,0.0,0.0
3.0300000000000002,2.834059318513609,0.0,0.0,0.0,0.0,0.0,1.5425431927463937,0.0,0.0,0.0,0.0,0.0
3.04,2.849484750441073,0.0,0.0,0.0,0.0,0.0,1.54455027918922,0.0,0.0,0.0,0.0,0.0
3.0500000000000003,2.8649302532329655,0.0,0.0,0.0,0.0,0.0,1.5465433678359817,0.0,0.0,0.0,0.0,0.0
3.06,2.880395686911325,0.0,0.0,0.0,0.0,0.0,1.548522540364518,0.0,0.0,0.0,0.0,0.0
3.0700000000000003,2.8958809123149702,0.0,0.0,0.0,0.0,0.0,1.5504878782161924,0.0,0.0,0.0,0.0,0.0
3.08,2.9113857910971324,0.0,0.0,0.0,0.0,0.0,1.5524394625926288,0.0,0.0,0.0,0.0,0.0
3.09,2.9269101857230586,0.0,0.0,0.0,0.0,0.0,1.5543773744525249,0.0,0.0,0.0,0.0,0.0
3.1,2.942453959467584,0.0,0.0,0.0,0.0,0.0,1.556301694508543,0.0,0.0,0.0,0.0,0.0
3.11,2.9580169764126696,0.0,0.0,0.0,0.0,0.0,1.558212503224276,0.0,0.0,0.0,0.0,0.0
3.12,2.973599101444912,0.0,0.0,0.0,0.0,0.0,1.5601098808112877,0.0,0.0,0.0,0.0,0.0
3.13,2.989200200253025,0.0,0.0,0.0,0.0,0.0,1.5619939072262286,0.0,0.0,0.0,0.0,0.0
3.14,3.0048201393252874,0.0,0.0,0.0,0.0,0.0,1.563864662168024,0.0,0.0,0.0,0.0,0.0
3.15,3.0204587859469676,0.0,0.0,0.0,0.0,0.0,1.5657222250751337,0.0,0.0,0.0,0.0,0.0
3.16,3.0361160081977188,0.0,0.0,0.0,0.0,0.0,1.5675666751228852,0.0,0.0,0.0,0.0,0.0
3.17,3.0517916749489475,0.0,0.0,0.0,0.0,0.0,1.5693980912208751,0.0,0.0,0.0,0.0,0.0
3.18,3.0674856558611565,0.0,0.0,0.0,0.0,0.0,1.571216552010443,0.0,0.0,0.0,0.0,0.0
3.19,3.083197821381261,0.0,0.0,0.0,0.0,0.0,1.5730221358622116,0.0,0.0,0.0,0.0,0.0
3.2,3.098928042739883,0.0,0.0,0.0,0.0,0.0,1.5748149208736968,0.0,0.0,0.0,0.0,0.0
3.21,3.11467619194862,0.0,0.0,0.0,0.0,0.0,1.576594984866985,0.0,0.0,0.0,0.0,0.0
3.22,3.13044214179729,0.0,0.0,0.0,0.0,0.0,1.5783624053864758,0.0,0.0,0.0,0.0,0.0
3.23,3.1462257658511548,0.0,0.0,0.0,0.0,0.0,1.580117259696692,0.0,0.0,0.0,0.0,0.0
3.24,3.162026938448122,0.0,0.0,0.0,0.0,0.0,1.5818596247801517,0.0,0.0,0.0,0.0,0.0
3.25,3.1778455346959236,0.0,0.0,0.0,0.0,0.0,1.5835895773353084,0.0,0.0,0.0,0.0,0.0
3.2600000000000002,3.1936814304692764,0.0,0.0,0.0,0.0,0.0,1.58530719377455,0.0,0.0,0.0,0.0,0.0
3.27,3.209534502407022,0.0,0.0,0.0,0.0,0.0,1.5870125502222636,0.0,0.0,0.0,0.0,0.0
3.2800000000000002,3.2254046279092443,0.0,0.0,0.0,0.0,0.0,1.58870572251296,0.0,0.0,0.0,0.0,0.0
3.29,3.241291685134374,0.0,0.0,0.0,0.0,0.0,1.5903867861894587,0.0,0.0,0.0,0.0,0.0
3.3000000000000003,3.2571955529962686,0.0,0.0,0.0,0.0,0.0,1.5920558165011351,0.0,0.0,0.0,0.0,0.0
3.31,3.27311611116128,0.0,0.0,0.0,0.0,0.0,1.593712888402224,0.0,0.0,0.0,0.0,0.0
3.3200000000000003,3.2890532400453023,0.0,0.0,0.0,0.0,0.0,1.5953580765501836,0.0,0.0,0.0,0.0,0.0
3.33,3.3050068208108043,0.0,0.0,0.0,0.0,0.0,1.5969914553041156,0.0,0.0,0.0,0.0,0.0
3.34,3.3209767353638453,0.0,0.0,0.0,0.0,0.0,1.5986130987232436,0.0,0.0,0.0,0.0,0.0
3.35,3.3369628663510777,0.0,0.0,0.0,0.0,0.0,1.600223080565446,0.0,0.0,0.0,0.0,0.0
3.36,3.352965097156732,0.0,0.0,0.0,0.0,0.0,1.601821474285845,0.0,0.0,0.0,0.0,0.0
3.37,3.3689833118995907,0.0,0.0,0.0,0.0,0.0,1.6034083530354497,0.0,0.0,0.0,0.0,0.0
3.38,3.385017395429945,0.0,0.0,0.0,0.0,0.0,1.6049837896598536,0.0,0.0,0.0,0.0,0.0
3.39,3.4010672333265437,0.0,0.0,0.0,0.0,0.0,1.6065478566979838,0.0,0.0,0.0,0.0,0.0
3.4,3.4171327118935237,0.0,0.0,0.0,0.0,0.0,1.6081006263809037,0.0,0.0,0.0,0.0,0.0
3.41,3.4332137181573326,0.0,0.0,0.0,0.0,0.0,1.6096421706306656,0.0,0.0,0.0,0.0,0.0
3.42,3.4493101398636394,0.0,0.0,0.0,0.0,0.0,1.6111725610592158,0.0,0.0,0.0,0.0,0.0
3.43,3.4654218654742315,0.0,0.0,0.0,0.0,0.0,1.6126918689673482,0.0,0.0,0.0,0.0,0.0
3.44,3.481548784163905,0.0,0.0,0.0,0.0,0.0,1.6142001653437075,0.0,0.0,0.0,0.0,0.0
3.45,3.4976907858173423,0.0,0.0,0.0,0.0,0.0,1.615697520863841,0.0,0.0,0.0,0.0,0.0
3.46,3.5138477610259806,0.0,0.0,0.0,0.0,0.0,1.617184005889299,0.0,0.0,0.0,0.0,0.0
3.47,3.5300196010848737,0.0,0.0,0.0,0.0,0.0,1.6186596904667792,0.0,0.0,0.0,0.0,0.0
3.48,3.5462061979895414,0.0,0.0,0.0,0.0,0.0,1.6201246443273216,0.0,0.0,0.0,0.0,0.0
3.49,3.5624074444328144,0.0,0.0,0.0,0.0,0.0,1.6215789368855462,0.0,0.0,0.0,0.0,0.0
3.5,3.57862323380167,0.0,0.0,0.0,0.0,0.0,1.623022637238936,0.0,0.0,0.0,0.0,0.0
3.5100000000000002,3.5948534601740594,0.0,0.0,0.0,0.0,0.0,1.6244558141671648,0.0,0.0,0.0,0.0,0.0
3.52,3.611098018315731,0.0,0.0,0.0,0.0,0.0,1.625878536131468,0.0,0.0,0.0,0.0,0.0
3.5300000000000002,3.6273568036770456,0.0,0.0,0.0,0.0,0.0,1.6272908712740568,0.0,0.0,0.0,0.0,0.0
3.54,3.643629712389786,0.0,0.0,0.0,0.0,0.0,1.628692887417574,0.0,0.0,0.0,0.0,0.0
3.5500000000000003,3.659916641263962,0.0,0.0,0.0,0.0,0.0,1.6300846520645906,0.0,0.0,0.0,0.0,0.0
3.56,3.6762174877846077,0.0,0.0,0.0,0.0,0.0,1.6314662323971458,0.0,0.0,0.0,0.0,0.0
3.5700000000000003,3.6925321501085793,0.0,0.0,0.0,0.0,0.0,1.632837695276324,0.0,0.0,0.0,0.0,0.0
3.58,3.7088605270613426,0.0,0.0,0.0,0.0,0.0,1.6341991072418722,0.0,0.0,0.0,0.0,0.0
3.59,3.725202518133761,0.0,0.0,0.0,0.0,0.0,1.6355505345118584,0.0,0.0,0.0,0.0,0.0
3.6,3.7415580234788797,0.0,0.0,0.0,0.0,0.0,1.6368920429823648,0.0,0.0,0.0,0.0,0.0
3.61,3.7579269439087035,0.0,0.0,0.0,0.0,0.0,1.638223698227221,0.0,0.0,0.0,0.0,0.0
3.62,3.7743091808909757,0.0,0.0,0.0,0.0,0.0,1.6395455654977726,0.0,0.0,0.0,0.0,0.0
3.63,3.7907046365459536,0.0,0.0,0.0,0.0,0.0,1.6408577097226875,0.0,0.0,0.0,0.0,0.0
3.64,3.8071132136431807,0.0,0.0,0.0,0.0,0.0,1.6421601955077967,0.0,0.0,0.0,0.0,0.0
3.65,3.8235348155982587,0.0,0.0,0.0,0.0,0.0,1.64345308713597,0.0,0.0,0.0,0.0,0.0
3.66,3.8399693464696183,0.0,0.0,0.0,0.0,0.0,1.6447364485670277,0.0,0.0,0.0,0.0,0.0
3.67,3.8564167109552887,0.0,0.0,0.0,0.0,0.0,1.6460103434376843,0.0,0.0,0.0,0.0,0.0
3.68,3.8728768143896657,0.0,0.0,0.0,0.0,0.0,1.6472748350615265,0.0,0.0,0.0,0.0,0.0
3.69,3.8893495627402808,0.0,0.0,0.0,0.0,0.0,1.6485299864290233,0.0,0.0,0.0,0.0,0.0
3.7,3.905834862604571,0.0,0.0,0.0,0.0,0.0,1.6497758602075687,0.0,0.0,0.0,0.0,0.0
3.71,3.9223326212066465,0.0,0.0,0.0,0.0,0.0,1.6510125187415554,0.0,0.0,0.0,0.0,0.0
3.72,3.938842746394062,0.0,0.0,0.0,0.0,0.0,1.6522400240524795,0.0,0.0,0.0,0.0,0.0
3.73,3.9553651466345867,0.0,0.0,0.0,0.0,0.0,1.6534584378390755,0.0,0.0,0.0,0.0,0.0
3.74,3.9718997310129773,0.0,0.0,0.0,0.0,0.0,1.6546678214774817,0.0,0.0,0.0,0.0,0.0
3.75,3.9884464092277523,0.0,0.0,0.0,0.0,0.0,1.6558682360214336,0.0,0.0,0.0,0.0,0.0
3.7600000000000002,4.005005091587966,0.0,0.0,0.0,0.0,0.0,1.657059742202487,0.0,0.0,0.0,0.0,0.0
3.77,4.021575689009991,0.0,0.0,0.0,0.0,0.0,1.6582424004302687,0.0,0.0,0.0,0.0,0.0
3.7800000000000002,4.038158113014293,0.0,0.0,0.0,0.0,0.0,1.659416270792755,0.0,0.0,0.0,0.0,0.0
3.79,4.054752275722221,0.0,0.0,0.0,0.0,0.0,1.6605814130565775,0.0,0.0,0.0,0.0,0.0
3.8000000000000003,4.071358089852787,0.0,0.0,0.0,0.0,0.0,1.6617378866673542,0.0,0.0,0.0,0.0,0.0
3.81,4.08797546871946,0.0,0.0,0.0,0.0,0.0,1.662885750750049,0.0,0.0,0.0,0.0,0.0
3.8200000000000003,4.10460432622696,0.0,0.0,0.0,0.0,0.0,1.664025064109354,0.0,0.0,0.0,0.0,0.0
3.83,4.121244576868054,0.0,0.0,0.0,0.0,0.0,1.665155885230098,0.0,0.0,0.0,0.0,0.0
3.84,4.1378961357203545,0.0,0.0,0.0,0.0,0.0,1.6662782722776812,0.0,0.0,0.0,0.0,0.0
3.85,4.154558918443131,0.0,0.0,0.0,0.0,0.0,1.6673922830985297,0.0,0.0,0.0,0.0,0.0
3.86,4.171232841274116,0.0,0.0,0.0,0.0,0.0,1.6684979752205777,0.0,0.0,0.0,0.0,0.0
3.87,4.187917821026322,0.0,0.0,0.0,0.0,0.0,1.669595405853771,0.0,0.0,0.0,0.0,0.0
3.88,4.20461377508486,0.0,0.0,0.0,0.0,0.0,1.670684631890592,0.0,0.0,0.0,0.0,0.0
3.89,4.221320621403765,0.0,0.0,0.0,0.0,0.0,1.6717657099066086,0.0,0.0,0.0,0.0,0.0
3.9,4.238038278502831,0.0,0.0,0.0,0.0,0.0,1.6728386961610442,0.0,0.0,0.0,0.0,0.0
3.91,4.254766665464442,0.0,0.0,0.0,0.0,0.0,1.6739036465973678,0.0,0.0,0.0,0.0,0.0
3.92,4.2715057019304155,0.0,0.0,0.0,0.0,0.0,1.674960616843906,0.0,0.0,0.0,0.0,0.0
3.93,4.288255308098854,0.0,0.0,0.0,0.0,0.0,1.6760096622144747,0.0,0.0,0.0,0.0,0.0
3.94,4.305015404720999,0.0,0.0,0.0,0.0,0.0,1.6770508377090305,0.0,0.0,0.0,0.0,0.0
3.95,4.321785913098089,0.0,0.0,0.0,0.0,0.0,1.6780841980143422,0.0,0.0,0.0,0.0,0.0
3.96,4.338566755078232,0.0,0.0,0.0,0.0,0.0,1.6791097975046798,0.0,0.0,0.0,0.0,0.0
3.97,4.355357853053279,0.0,0.0,0.0,0.0,0.0,1.6801276902425237,0.0,0.0,0.0,0.0,0.0
3.98,4.372159129955705,0.0,0.0,0.0,0.0,0.0,1.6811379299792903,0.0,0.0,0.0,0.0,0.0
3.99,4.388970509255498,0.0,0.0,0.0,0.0,0.0,1.6821405701560768,0.0,0.0,0.0,0.0,0.0
4.0,4.405791914957058,0.0,0.0,0.0,0.0,0.0,1.683135663904422,0.0,0.0,0.0,0.0,0.0
4.01,4.422623271596103,0.0,0.0,0.0,0.0,0.0,1.6841232640470845,0.0,0.0,0.0,0.0,0.0
4.0200000000000005,4.4394645042365735,0.0,0.0,0.0,0.0,0.0,1.6851034230988375,0.0,0.0,0.0,0.0,0.0
4.03,4.456315538467562,0.0,0.0,0.0,0.0,0.0,1.6860761932672796,0.0,0.0,0.0,0.0,0.0
4.04,4.473176300400235,0.0,0.0,0.0,0.0,0.0,1.6870416264536605,0.0,0.0,0.0,0.0,0.0
4.05,4.4900467166647715,0.0,0.0,0.0,0.0,0.0,1.6879997742537227,0.0,0.0,0.0,0.0,0.0
4.0600000000000005,4.506926714407308,0.0,0.0,0.0,0.0,0.0,1.6889506879585585,0.0,0.0,0.0,0.0,0.0
4.07,4.523816221286894,0.0,0.0,0.0,0.0,0.0,1.6898944185554803,0.0,0.0,0.0,0.0,0.0
4.08,4.540715165472449,0.0,0.0,0.0,0.0,0.0,1.690831016728906,0.0,0.0,0.0,0.0,0.0
4.09,4.557623475639738,0.0,0.0,0.0,0.0,0.0,1.691760532861258,0.0,0.0,0.0,0.0,0.0
4.1,4.57454108096835,0.0,0.0,0.0,0.0,0.0,1.692683017033875,0.0,0.0,0.0,0.0,0.0
4.11,4.591467911138689,0.0,0.0,0.0,0.0,0.0,1.6935985190279381,0.0,0.0,0.0,0.0,0.0
4.12,4.608403896328968,0.0,0.0,0.0,0.0,0.0,1.6945070883254085,0.0,0.0,0.0,0.0,0.0
4.13,4.625348967212222,0.0,0.0,0.0,0.0,0.0,1.6954087741099781,0.0,0.0,0.0,0.0,0.0
4.14,4.642303054953322,0.0,0.0,0.0,0.0,0.0,1.696303625268032,0.0,0.0,0.0,0.0,0.0
4.15,4.659266091206002,0.0,0.0,0.0,0.0,0.0,1.6971916903896225,0.0,0.0,0.0,0.0,0.0
4.16,4.676238008109899,0.0,0.0,0.0,0.0,0.0,1.6980730177694556,0.0,0.0,0.0,0.0,0.0
4.17,4.693218738287594,0.0,0.0,0.0,0.0,0.0,1.6989476554078868,0.0,0.0,0.0,0.0,0.0
4.18,4.710208214841672,0.0,0.0,0.0,0.0,0.0,1.6998156510119287,0.0,0.0,0.0,0.0,0.0
4.19,4.727206371351792,0.0,0.0,0.0,0.0,0.0,1.7006770519962688,0.0,0.0,0.0,0.0,0.0
4.2,4.744213141871755,0.0,0.0,0.0,0.0,0.0,1.7015319054842983,0.0,0.0,0.0,0.0,0.0
4.21,4.761228460926597,0.0,0.0,0.0,0.0,0.0,1.7023802583091487,0.0,0.0,0.0,0.0,0.0
4.22,4.778252263509689,0.0,0.0,0.0,0.0,0.0,1.70322215701474,0.0,0.0,0.0,0.0,0.0
4.23,4.795284485079836,0.0,0.0,0.0,0.0,0.0,1.704057647856836,0.0,0.0,0.0,0.0,0.0
4.24,4.812325061558405,0.0,0.0,0.0,0.0,0.0,1.7048867768041118,0.0,0.0,0.0,0.0,0.0
4.25,4.829373929326446,0.0,0.0,0.0,0.0,0.0,1.7057095895392256,0.0,0.0,0.0,0.0,0.0
4.26,4.846431025221839,0.0,0.0,0.0,0.0,0.0,1.706526131459902,0.0,0.0,0.0,0.0,0.0
4.2700000000000005,4.863496286536438,0.0,0.0,0.0,0.0,0.0,1.7073364476800232,0.0,0.0,0.0,0.0,0.0
4.28,4.880569651013238,0.0,0.0,0.0,0.0,0.0,1.708140583030726,0.0,0.0,0.0,0.0,0.0
4.29,4.897651056843546,0.0,0.0,0.0,0.0,0.0,1.7089385820615082,0.0,0.0,0.0,0.0,0.0
4.3,4.9147404426641605,0.0,0.0,0.0,0.0,0.0,1.709730489041342,0.0,0.0,0.0,0.0,0.0
4.3100000000000005,4.931837747554574,0.0,0.0,0.0,0.0,0.0,1.7105163479597938,0.0,0.0,0.0,0.0,0.0
4.32,4.948942911034171,0.0,0.0,0.0,0.0,0.0,1.7112962025281506,0.0,0.0,0.0,0.0,0.0
4.33,4.966055873059453,0.0,0.0,0.0,0.0,0.0,1.7120700961805535,0.0,0.0,0.0,0.0,0.0
4.34,4.983176574021258,0.0,0.0,0.0,0.0,0.0,1.7128380720751377,0.0,0.0,0.0,0.0,0.0
4.3500000000000005,5.00030495474201,0.0,0.0,0.0,0.0,0.0,1.7136001730951775,0.0,0.0,0.0,0.0,0.0
4.36,5.017440956472962,0.0,0.0,0.0,0.0,0.0,1.7143564418502377,0.0,0.0,0.0,0.0,0.0
4.37,5.034584520891464,0.0,0.0,0.0,0.0,0.0,1.7151069206773306,0.0,0.0,0.0,0.0,0.0
4.38,5.051735590098237,0.0,0.0,0.0,0.0,0.0,1.715851651642078,0.0,0.0,0.0,0.0,0.0
4.39,5.068894106614658,0.0,0.0,0.0,0.0,0.0,1.7165906765398786,0.0,0.0,0.0,0.0,0.0
4.4,5.086060013380057,0.0,0.0,0.0,0.0,0.0,1.7173240368970795,0.0,0.0,0.0,0.0,0.0
4.41,5.1032332537490275,0.0,0.0,0.0,0.0,0.0,1.7180517739721528,0.0,0.0,0.0,0.0,0.0
4.42,5.120413771488749,0.0,0.0,0.0,0.0,0.0,1.7187739287568773,0.0,0.0,0.0,0.0,0.0
4.43,5.137601510776318,0.0,0.0,0.0,0.0,0.0,1.719490541977523,0.0,0.0,0.0,0.0,0.0
4.44,5.154796416196094,0.0,0.0,0.0,0.0,0.0,1.7202016540960408,0.0,0.0,0.0,0.0,0.0
4.45,5.1719984327370545,0.0,0.0,0.0,0.0,0.0,1.7209073053112545,0.0,0.0,0.0,0.0,0.0
4.46,5.189207505790167,0.0,0.0,0.0,0.0,0.0,1.7216075355600582,0.0,0.0,0.0,0.0,0.0
4.47,5.206423581145767,0.0,0.0,0.0,0.0,0.0,1.7223023845186158,0.0,0.0,0.0,0.0,0.0
4.48,5.223646604990953,0.0,0.0,0.0,0.0,0.0,1.722991891603564,0.0,0.0,0.0,0.0,0.0
4.49,5.240876523906988,0.0,0.0,0.0,0.0,0.0,1.723676095973218,0.0,0.0,0.0,0.0,0.0
4.5,5.25811328486672,0.0,0.0,0.0,0.0,0.0,1.7243550365287805,0.0,0.0,0.0,0.0,0.0
4.51,5.275356835232008,0.0,0.0,0.0,0.0,0.0,1.7250287519155532,0.0,0.0,0.0,0.0,0.0
4.5200000000000005,5.292607122751164,0.0,0.0,0.0,0.0,0.0,1.72569728052415,0.0,0.0,0.0,0.0,0.0
4.53,5.309864095556406,0.0,0.0,0.0,0.0,0.0,1.7263606604917137,0.0,0.0,0.0,0.0,0.0
4.54,5.327127702161323,0.0,0.0,0.0,0.0,0.0,1.7270189297031335,0.0,0.0,0.0,0.0,0.0
4.55,5.344397891458354,0.0,0.0,0.0,0.0,0.0,1.7276721257922651,0.0,0.0,0.0,0.0,0.0
4.5600000000000005,5.361674612716277,0.0,0.0,0.0,0.0,0.0,1.7283202861431521,0.0,0.0,0.0,0.0,0.0
4.57,5.378957815577708,0.0,0.0,0.0,0.0,0.0,1.7289634478912497,0.0,0.0,0.0,0.0,0.0
4.58,5.396247450056621,0.0,0.0,0.0,0.0,0.0,1.7296016479246488,0.0,0.0,0.0,0.0,0.0
4.59,5.4135434665358675,0.0,0.0,0.0,0.0,0.0,1.7302349228853018,0.0,0.0,0.0,0.0,0.0
4.6000000000000005,5.43084581576472,0.0,0.0,0.0,0.0,0.0,1.7308633091702497,0.0,0.0,0.0,0.0,0.0
4.61,5.448154448856423,0.0,0.0,0.0,0.0,0.0,1.7314868429328498,0.0,0.0,0.0,0.0,0.0
4.62,5.465469317285751,0.0,0.0,0.0,0.0,0.0,1.7321055600840045,0.0,0.0,0.0,0.0,0.0
4.63,5.482790372886591,0.0,0.0,0.0,0.0,0.0,1.7327194962933894,0.0,0.0,0.0,0.0,0.0
4.64,5.500117567849525,0.0,0.0,0.0,0.0,0.0,1.7333286869906843,0.0,0.0,0.0,0.0,0.0
4.65,5.517450854719432,0.0,0.0,0.0,0.0,0.0,1.7339331673668021,0.0,0.0,0.0,0.0,0.0
4.66,5.5347901863931,0.0,0.0,0.0,0.0,0.0,1.7345329723751193,0.0,0.0,0.0,0.0,0.0
4.67,5.552135516116851,0.0,0.0,0.0,0.0,0.0,1.7351281367327063,0.0,0.0,0.0,0.0,0.0
4.68,5.569486797484179,0.0,0.0,0.0,0.0,0.0,1.735718694921557,0.0,0.0,0.0,0.0,0.0
4.69,5.586843984433394,0.0,0.0,0.0,0.0,0.0,1.7363046811898195,0.0,0.0,0.0,0.0,0.0
4.7,5.604207031245292,0.0,0.0,0.0,0.0,0.0,1.7368861295530242,0.0,0.0,0.0,0.0,0.0
4.71,5.621575892540823,0.0,0.0,0.0,0.0,0.0,1.7374630737953145,0.0,0.0,0.0,0.0,0.0
4.72,5.638950523278775,0.0,0.0,0.0,0.0,0.0,1.7380355474706737,0.0,0.0,0.0,0.0,0.0
4.73,5.656330878753482,0.0,0.0,0.0,0.0,0.0,1.7386035839041538,0.0,0.0,0.0,0.0,0.0
4.74,5.673716914592523,0.0,0.0,0.0,0.0,0.0,1.7391672161931018,0.0,0.0,0.0,0.0,0.0
4.75,5.691108586754455,0.0,0.0,0.0,0.0,0.0,1.7397264772083856,0.0,0.0,0.0,0.0,0.0
4.76,5.708505851526539,0.0,0.0,0.0,0.0,0.0,1.740281399595619,0.0,0.0,0.0,0.0,0.0
4.7700000000000005,5.725908665522495,0.0,0.0,0.0,0.0,0.0,1.7408320157763855,0.0,0.0,0.0,0.0,0.0
4.78,5.743316985680259,0.0,0.0,0.0,0.0,0.0,1.7413783579494602,0.0,0.0,0.0,0.0,0.0
4.79,5.760730769259754,0.0,0.0,0.0,0.0,0.0,1.741920458092031,0.0,0.0,0.0,0.0,0.0
4.8,5.778149973840675,0.0,0.0,0.0,0.0,0.0,1.7424583479609184,0.0,0.0,0.0,0.0,0.0
4.8100000000000005,5.795574557320284,0.0,0.0,0.0,0.0,0.0,1.7429920590937922,0.0,0.0,0.0,0.0,0.0
4.82,5.813004477911222,0.0,0.0,0.0,0.0,0.0,1.7435216228103891,0.0,0.0,0.0,0.0,0.0
4.83,5.830439694139326,0.0,0.0,0.0,0.0,0.0,1.744047070213726,0.0,0.0,0.0,0.0,0.0
4.84,5.847880164841463,0.0,0.0,0.0,0.0,0.0,1.7445684321913129,0.0,0.0,0.0,0.0,0.0
4.8500000000000005,5.865325849163376,0.0,0.0,0.0,0.0,0.0,1.7450857394163628,0.0,0.0,0.0,0.0,0.0
4.86,5.88277670655754,0.0,0.0,0.0,0.0,0.0,1.745599022349001,0.0,0.0,0.0,0.0,0.0
4.87,5.90023269678103,0.0,0.0,0.0,0.0,0.0,1.7461083112374702,0.0,0.0,0.0,0.0,0.0
4.88,5.917693779893405,0.0,0.0,0.0,0.0,0.0,1.7466136361193352,0.0,0.0,0.0,0.0,0.0
4.89,5.935159916254598,0.0,0.0,0.0,0.0,0.0,1.7471150268226836,0.0,0.0,0.0,0.0,0.0
4.9,5.952631066522825,0.0,0.0,0.0,0.0,0.0,1.7476125129673261,0.0,0.0,0.0,0.0,0.0
4.91,5.970107191652498,0.0,0.0,0.0,0.0,0.0,1.7481061239659923,0.0,0.0,0.0,0.0,0.0
4.92,5.987588252892158,0.0,0.0,0.0,0.0,0.0,1.7485958890255247,0.0,0.0,0.0,0.0,0.0
4.93,6.0050742117824125,0.0,0.0,0.0,0.0,0.0,1.7490818371480703,0.0,0.0,0.0,0.0,0.0
4.94,6.022565030153893,0.0,0.0,0.0,0.0,0.0,1.7495639971322694,0.0,0.0,0.0,0.0,0.0
4.95,6.040060670125215,0.0,0.0,0.0,0.0,0.0,1.7500423975744408,0.0,0.0,0.0,0.0,0.0
4.96,6.05756109410096,0.0,0.0,0.0,0.0,0.0,1.7505170668697652,0.0,0.0,0.0,0.0,0.0
4.97,6.075066264769657,0.0,0.0,0.0,0.0,0.0,1.7509880332134646,0.0,0.0,0.0,0.0,0.0
4.98,6.092576145101792,0.0,0.0,0.0,0.0,0.0,1.7514553246019804,0.0,0.0,0.0,0.0,0.0
4.99,6.110090698347812,0.0,0.0,0.0,0.0,0.0,1.7519189688341454,0.0,0.0,0.0,0.0,0.0
5.0,6.127609888036154,0.0,0.0,0.0,0.0,0.0,1.7523789935123564,0.0,0.0,0.0,0.0,0.0
5.01,6.145133677971277,0.0,0.0,0.0,0.0,0.0,1.7528354260437398,0.0,0.0,0.0,0.0,0.0
5.0200000000000005,6.162662032231714,0.0,0.0,0.0,0.0,0.0,1.753288293641317,0.0,0.0,0.0,0.0,0.0
5.03,6.180194915168127,0.0,0.0,0.0,0.0,0.0,1.7537376233251645,0.0,0.0,0.0,0.0,0.0
5.04,6.197732291401379,0.0,0.0,0.0,0.0,0.0,1.754183441923572,0.0,0.0,0.0,0.0,0.0
5.05,6.215274125820614,0.0,0.0,0.0,0.0,0.0,1.7546257760741955,0.0,0.0,0.0,0.0,0.0
5.0600000000000005,6.232820383581356,0.0,0.0,0.0,0.0,0.0,1.7550646522252082,0.0,0.0,0.0,0.0,0.0
5.07,6.250371030103608,0.0,0.0,0.0,0.0,0.0,1.7555000966364473,0.0,0.0,0.0,0.0,0.0
5.08,6.2679260310699725,0.0,0.0,0.0,0.0,0.0,1.755932135380557,0.0,0.0,0.0,0.0,0.0
5.09,6.285485352423778,0.0,0.0,0.0,0.0,0.0,1.7563607943441284,0.0,0.0,0.0,0.0,0.0
5.1000000000000005,6.303048960367219,0.0,0.0,0.0,0.0,0.0,1.7567860992288349,0.0,0.0,0.0,0.0,0.0
5.11,6.320616821359508,0.0,0.0,0.0,0.0,0.0,1.7572080755525645,0.0,0.0,0.0,0.0,0.0
5.12,6.338188902115033,0.0,0.0,0.0,0.0,0.0,1.7576267486505481,0.0,0.0,0.0,0.0,0.0
5.13,6.355765169601539,0.0,0.0,0.0,0.0,0.0,1.758042143676484,0.0,0.0,0.0,0.0,0.0
5.14,6.373345591038304,0.0,0.0,0.0,0.0,0.0,1.7584542856036576,0.0,0.0,0.0,0.0,0.0
5.15,6.390930133894341,0.0,0.0,0.0,0.0,0.0,1.7588631992260588,0.0,0.0,0.0,0.0,0.0
5.16,6.408518765886601,0.0,0.0,0.0,0.0,0.0,1.7592689091594946,0.0,0.0,0.0,0.0,0.0
5.17,6.426111454978196,0.0,0.0,0.0,0.0,0.0,1.7596714398426965,0.0,0.0,0.0,0.0,0.0
5.18,6.443708169376623,0.0,0.0,0.0,0.0,0.0,1.7600708155384261,0.0,0.0,0.0,0.0,0.0
5.19,6.461308877532007,0.0,0.0,0.0,0.0,0.0,1.7604670603345751,0.0,0.0,0.0,0.0,0.0
5.2,6.478913548135353,0.0,0.0,0.0,0.0,0.0,1.7608601981452614,0.0,0.0,0.0,0.0,0.0
5.21,6.496522150116805,0.0,0.0,0.0,0.0,0.0,1.761250252711921,0.0,0.0,0.0,0.0,0.0
5.22,6.514134652643924,0.0,0.0,0.0,0.0,0.0,1.7616372476043958,0.0,0.0,0.0,0.0,0.0
5.23,6.531751025119968,0.0,0.0,0.0,0.0,0.0,1.762021206222018,0.0,0.0,0.0,0.0,0.0
5.24,6.549371237182188,0.0,0.0,0.0,0.0,0.0,1.7624021517946882,0.0,0.0,0.0,0.0,0.0
5.25,6.5669952587001355,0.0,0.0,0.0,0.0,0.0,1.7627801073839513,0.0,0.0,0.0,0.0,0.0
5.26,6.584623059773975,0.0,0.0,0.0,0.0,0.0,1.763155095884067,0.0,0.0,0.0,0.0,0.0
5.2700000000000005,6.602254610732816,0.0,0.0,0.0,0.0,0.0,1.7635271400230759,0.0,0.0,0.0,0.0,0.0
5.28,6.619889882133046,0.0,0.0,0.0,0.0,0.0,1.7638962623638614,0.0,0.0,0.0,0.0,0.0
5.29,6.637528844756685,0.0,0.0,0.0,0.0,0.0,1.764262485305208,0.0,0.0,0.0,0.0,0.0
5.3,6.655171469609737,0.0,0.0,0.0,0.0,0.0,1.7646258310828533,0.0,0.0,0.0,0.0,0.0
5.3100000000000005,6.672817727920566,0.0,0.0,0.0,0.0,0.0,1.7649863217705373,0.0,0.0,0.0,0.0,0.0
5.32,6.690467591138272,0.0,0.0,0.0,0.0,0.0,1.7653439792810466,0.0,0.0,0.0,0.0,0.0
5.33,6.708121030931082,0.0,0.0,0.0,0.0,0.0,1.765698825367254,0.0,0.0,0.0,0.0,0.0
5.34,6.725778019184754,0.0,0.0,0.0,0.0,0.0,1.7660508816231537,0.0,0.0,0.0,0.0,0.0
5.3500000000000005,6.743438528000985,0.0,0.0,0.0,0.0,0.0,1.7664001694848914,0.0,0.0,0.0,0.0,0.0
5.36,6.761102529695834,0.0,0.0,0.0,0.0,0.0,1.766746710231791,0.0,0.0,0.0,0.0,0.0
5.37,6.778769996798152,0.0,0.0,0.0,0.0,0.0,1.7670905249873758,0.0,0.0,0.0,0.0,0.0
5.38,6.796440902048026,0.0,0.0,0.0,0.0,0.0,1.7674316347203856,0.0,0.0,0.0,0.0,0.0
5.39,6.81411521839523,0.0,0.0,0.0,0.0,0.0,1.7677700602457884,0.0,0.0,0.0,0.0,0.0
5.4,6.831792918997688,0.0,0.0,0.0,0.0,0.0,1.768105822225789,0.0,0.0,0.0,0.0,0.0
5.41,6.8494739772199456,0.0,0.0,0.0,0.0,0.0,1.768438941170831,0.0,0.0,0.0,0.0,0.0
5.42,6.867158366631654,0.0,0.0,0.0,0.0,0.0,1.7687694374405956,0.0,0.0,0.0,0.0,0.0
5.43,6.884846061006059,0.0,0.0,0.0,0.0,0.0,1.7690973312449954,0.0,0.0,0.0,0.0,0.0
5.44,6.9025370343185095,0.0,0.0,0.0,0.0,0.0,1.7694226426451631,0.0,0.0,0.0,0.0,0.0
5.45,6.920231260744961,0.0,0.0,0.0,0.0,0.0,1.769745391554436,0.0,0.0,0.0,0.0,0.0
5.46,6.937928714660505,0.0,0.0,0.0,0.0,0.0,1.7700655977393362,0.0,0.0,0.0,0.0,0.0
5.47,6.955629370637899,0.0,0.0,0.0,0.0,0.0,1.7703832808205442,0.0,0.0,0.0,0.0,0.0
5.48,6.973333203446105,0.0,0.0,0.0,0.0,0.0,1.77069846027387,0.0,0.0,0.0,0.0,0.0
5.49,6.991040188048843,0.0,0.0,0.0,0.0,0.0,1.7710111554312185,0.0,0.0,0.0,0.0,0.0
5.5,7.008750299603156,0.0,0.0,0.0,0.0,0.0,1.77132138548155,0.0,0.0,0.0,0.0,0.0
5.51,7.026463513457971,0.0,0.0,0.0,0.0,0.0,1.7716291694718362,0.0,0.0,0.0,0.0,0.0
5.5200000000000005,7.044179805152689,0.0,0.0,0.0,0.0,0.0,1.7719345263080117,0.0,0.0,0.0,0.0,0.0
5.53,7.061899150415769,0.0,0.0,0.0,0.0,0.0,1.7722374747559206,0.0,0.0,0.0,0.0,0.0
5.54,7.079621525163328,0.0,0.0,0.0,0.0,0.0,1.7725380334422574,0.0,0.0,0.0,0.0,0.0
5.55,7.0973469054977505,0.0,0.0,0.0,0.0,0.0,1.7728362208555049,0.0,0.0,0.0,0.0,0.0
5.5600000000000005,7.115075267706305,0.0,0.0,0.0,0.0,0.0,1.773132055346866,0.0,0.0,0.0,0.0,0.0
5.57,7.132806588259774,0.0,0.0,0.0,0.0,0.0,1.7734255551311913,0.0,0.0,0.0,0.0,0.0
5.58,7.150540843811085,0.0,0.0,0.0,0.0,0.0,1.7737167382879016,0.0,0.0,0.0,0.0,0.0
5.59,7.168278011193965,0.0,0.0,0.0,0.0,0.0,1.7740056227619059,0.0,0.0,0.0,0.0,0.0
5.6000000000000005,7.186018067421584,0.0,0.0,0.0,0.0,0.0,1.7742922263645147,0.0,0.0,0.0,0.0,0.0
5.61,7.203760989685229,0.0,0.0,0.0,0.0,0.0,1.774576566774348,0.0,0.0,0.0,0.0,0.0
5.62,7.221506755352972,0.0,0.0,0.0,0.0,0.0,1.7748586615382393,0.0,0.0,0.0,0.0,0.0
5.63,7.239255341968354,0.0,0.0,0.0,0.0,0.0,1.7751385280721341,0.0,0.0,0.0,0.0,0.0
5.64,7.257006727249076,0.0,0.0,0.0,0.0,0.0,1.7754161836619842,0.0,0.0,0.0,0.0,0.0
5.65,7.274760889085695,0.0,0.0,0.0,0.0,0.0,1.7756916454646368,0.0,0.0,0.0,0.0,0.0
5.66,7.292517805540342,0.0,0.0,0.0,0.0,0.0,1.7759649305087193,0.0,0.0,0.0,0.0,0.0
5.67,7.310277454845429,0.0,0.0,0.0,0.0,0.0,1.7762360556955186,0.0,0.0,0.0,0.0,0.0
5.68,7.328039815402384,0.0,0.0,0.0,0.0,0.0,1.7765050377998566,0.0,0.0,0.0,0.0,0.0
5.69,7.345804865780383,0.0,0.0,0.0,0.0,0.0,1.7767718934709602,0.0,0.0,0.0,0.0,0.0
5.7,7.363572584715092,0.0,0.0,0.0,0.0,0.0,1.7770366392333268,0.0,0.0,0.0,0.0,0.0
5.71,7.381342951107425,0.0,0.0,0.0,0.0,0.0,1.7772992914875847,0.0,0.0,0.0,0.0,0.0
5.72,7.3991159440223,0.0,0.0,0.0,0.0,0.0,1.7775598665113501,0.0,0.0,0.0,0.0,0.0
5.73,7.416891542687414,0.0,0.0,0.0,0.0,0.0,1.7778183804600773,0.0,0.0,0.0,0.0,0.0
5.74,7.4346697264920145,0.0,0.0,0.0,0.0,0.0,1.778074849367906,0.0,0.0,0.0,0.0,0.0
5.75,7.452450474985693,0.0,0.0,0.0,0.0,0.0,1.7783292891485023,0.0,0.0,0.0,0.0,0.0
5.76,7.470233767877178,0.0,0.0,0.0,0.0,0.0,1.7785817155958967,0.0,0.0,0.0,0.0,0.0
5.7700000000000005,7.488019585033137,0.0,0.0,0.0,0.0,0.0,1.778832144385316,0.0,0.0,0.0,0.0,0.0
5.78,7.50580790647699,0.0,0.0,0.0,0.0,0.0,1.7790805910740106,0.0,0.0,0.0,0.0,0.0
5.79,7.52359871238773,0.0,0.0,0.0,0.0,0.0,1.779327071102079,0.0,0.0,0.0,0.0,0.0
5.8,7.541391983098751,0.0,0.0,0.0,0.0,0.0,1.779571599793284,0.0,0.0,0.0,0.0,0.0
5.8100000000000005,7.559187699096683,0.0,0.0,0.0,0.0,0.0,1.7798141923558677,0.0,0.0,0.0,0.0,0.0
5.82,7.576985841020242,0.0,0.0,0.0,0.0,0.0,1.7800548638833602,0.0,0.0,0.0,0.0,0.0
5.83,7.594786389659076,0.0,0.0,0.0,0.0,0.0,1.780293629355384,0.0,0.0,0.0,0.0,0.0
5.84,7.612589325952629,0.0,0.0,0.0,0.0,0.0,1.7805305036384529,0.0,0.0,0.0,0.0,0.0
5.8500000000000005,7.630394630989014,0.0,0.0,0.0,0.0,0.0,1.780765501486768,0.0,0.0,0.0,0.0,0.0
5.86,7.648202286003881,0.0,0.0,0.0,0.0,0.0,1.7809986375430078,0.0,0.0,0.0,0.0,0.0
5.87,7.666012272379311,0.0,0.0,0.0,0.0,0.0,1.7812299263391134,0.0,0.0,0.0,0.0,0.0
5.88,7.6838245716427025,0.0,0.0,0.0,0.0,0.0,1.78145938229707,0.0,0.0,0.0,0.0,0.0
5.89,7.701639165465673,0.0,0.0,0.0,0.0,0.0,1.7816870197296837,0.0,0.0,0.0,0.0,0.0
5.9,7.7194560356629705,0.0,0.0,0.0,0.0,0.0,1.7819128528413535,0.0,0.0,0.0,0.0,0.0
5.91,7.737275164191384,0.0,0.0,0.0,0.0,0.0,1.782136895728838,0.0,0.0,0.0,0.0,0.0
5.92,7.755096533148673,0.0,0.0,0.0,0.0,0.0,1.7823591623820187,0.0,0.0,0.0,0.0,0.0
5.93,7.772920124772493,0.0,0.0,0.0,0.0,0.0,1.782579666684659,0.0,0.0,0.0,0.0,0.0
5.94,7.790745921439339,0.0,0.0,0.0,0.0,0.0,1.782798422415156,0.0,0.0,0.0,0.0,0.0
5.95,7.808573905663491,0.0,0.0,0.0,0.0,0.0,1.783015443247292,0.0,0.0,0.0,0.0,0.0
5.96,7.826404060095964,0.0,0.0,0.0,0.0,0.0,1.7832307427509775,0.0,0.0,0.0,0.0,0.0
5.97,7.844236367523473,0.0,0.0,0.0,0.0,0.0,1.7834443343929922,0.0,0.0,0.0,0.0,0.0
5.98,7.862070810867404,0.0,0.0,0.0,0.0,0.0,1.783656231537721,0.0,0.0,0.0,0.0,0.0
5.99,7.879907373182781,0.0,0.0,0.0,0.0,0.0,1.783866447447884,0.0,0.0,0.0,0.0,0.0
6.0,7.89774603765726,0.0,0.0,0.0,0.0,0.0,1.784074995285265,0.0,0.0,0.0,0.0,0.0
6.01,7.9155867876101125,0.0,0.0,0.0,0.0,0.0,1.7842818881114326,0.0,0.0,0.0,0.0,0.0
6.0200000000000005,7.933429606491226,0.0,0.0,0.0,0.0,0.0,1.7844871388884584,0.0,0.0,0.0,0.0,0.0
6.03,7.951274477880111,0.0,0.0,0.0,0.0,0.0,1.7846907604796312,0.0,0.0,0.0,0.0,0.0
6.04,7.9691213854849074,0.0,0.0,0.0,0.0,0.0,1.7848927656501647,0.0,0.0,0.0,0.0,0.0
6.05,7.986970313141409,0.0,0.0,0.0,0.0,0.0,1.785093167067904,0.0,0.0,0.0,0.0,0.0
6.0600000000000005,8.004821244812089,0.0,0.0,0.0,0.0,0.0,1.7852919773040246,0.0,0.0,0.0,0.0,0.0
6.07,8.022674164585128,0.0,0.0,0.0,0.0,0.0,1.785489208833729,0.0,0.0,0.0,0.0,0.0
6.08,8.040529056673465,0.0,0.0,0.0,0.0,0.0,1.7856848740369387,0.0,0.0,0.0,0.0,0.0
6.09,8.058385905413834,0.0,0.0,0.0,0.0,0.0,1.7858789851989805,0.0,0.0,0.0,0.0,0.0
6.1000000000000005,8.076244695265824,0.0,0.0,0.0,0.0,0.0,1.7860715545112706,0.0,0.0,0.0,0.0,0.0
6.11,8.094105410810938,0.0,0.0,0.0,0.0,0.0,1.786262594071993,0.0,0.0,0.0,0.0,0.0
6.12,8.111968036751659,0.0,0.0,0.0,0.0,0.0,1.7864521158867737,0.0,0.0,0.0,0.0,0.0
6.13,8.129832557910527,0.0,0.0,0.0,0.0,0.0,1.7866401318693517,0.0,0.0,0.0,0.0,0.0
6.140000000000001,8.14769895922922,0.0,0.0,0.0,0.0,0.0,1.786826653842244,0.0,0.0,0.0,0.0,0.0
6.15,8.165567225767642,0.0,0.0,0.0,0.0,0.0,1.787011693537408,0.0,0.0,0.0,0.0,0.0
6.16,8.183437342703016,0.0,0.0,0.0,0.0,0.0,1.7871952625968992,0.0,0.0,0.0,0.0,0.0
6.17,8.201309295328985,0.0,0.0,0.0,0.0,0.0,1.787377372573524,0.0,0.0,0.0,0.0,0.0
6.18,8.21918306905472,0.0,0.0,0.0,0.0,0.0,1.7875580349314895,0.0,0.0,0.0,0.0,0.0
6.19,8.237058649404036,0.0,0.0,0.0,0.0,0.0,1.787737261047048,0.0,0.0,0.0,0.0,0.0
6.2,8.254936022014506,0.0,0.0,0.0,0.0,0.0,1.7879150622091384,0.0,0.0,0.0,0.0,0.0
6.21,8.272815172636598,0.0,0.0,0.0,0.0,0.0,1.7880914496200224,0.0,0.0,0.0,0.0,0.0
6.22,8.290696087132797,0.0,0.0,0.0,0.0,0.0,1.788266434395918,0.0,0.0,0.0,0.0,0.0
6.23,8.308578751476757,0.0,0.0,0.0,0.0,0.0,1.788440027567627,0.0,0.0,0.0,0.0,0.0
6.24,8.326463151752433,0.0,0.0,0.0,0.0,0.0,1.7886122400811608,0.0,0.0,0.0,0.0,0.0
6.25,8.344349274153245,0.0,0.0,0.0,0.0,0.0,1.7887830827983595,0.0,0.0,0.0,0.0,0.0
6.26,8.36223710498123,0.0,0.0,0.0,0.0,0.0,1.7889525664975097,0.0,0.0,0.0,0.0,0.0
6.2700000000000005,8.380126630646204,0.0,0.0,0.0,0.0,0.0,1.7891207018739557,0.0,0.0,0.0,0.0,0.0
6.28,8.398017837664943,0.0,0.0,0.0,0.0,0.0,1.7892874995407086,0.0,0.0,0.0,0.0,0.0
6.29,8.41591071266035,0.0,0.0,0.0,0.0,0.0,1.789452970029051,0.0,0.0,0.0,0.0,0.0
6.3,8.433805242360641,0.0,0.0,0.0,0.0,0.0,1.789617123789136,0.0,0.0,0.0,0.0,0.0
6.3100000000000005,8.451701413598533,0.0,0.0,0.0,0.0,0.0,1.7897799711905862,0.0,0.0,0.0,0.0,0.0
6.32,8.469599213310438,0.0,0.0,0.0,0.0,0.0,1.7899415225230837,0.0,0.0,0.0,0.0,0.0
6.33,8.487498628535668,0.0,0.0,0.0,0.0,0.0,1.7901017879969607,0.0,0.0,0.0,0.0,0.0
6.34,8.505399646415638,0.0,0.0,0.0,0.0,0.0,1.7902607777437833,0.0,0.0,0.0,0.0,0.0
6.3500000000000005,8.523302254193077,0.0,0.0,0.0,0.0,0.0,1.7904185018169327,0.0,0.0,0.0,0.0,0.0
6.36,8.541206439211246,0.0,0.0,0.0,0.0,0.0,1.7905749701921825,0.0,0.0,0.0,0.0,0.0
6.37,8.559112188913168,0.0,0.0,0.0,0.0,0.0,1.7907301927682713,0.0,0.0,0.0,0.0,0.0
6.38,8.57701949084085,0.0,0.0,0.0,0.0,0.0,1.7908841793674728,0.0,0.0,0.0,0.0,0.0
6.390000000000001,8.594928332634526,0.0,0.0,0.0,0.0,0.0,1.7910369397361614,0.0,0.0,0.0,0.0,0.0
6.4,8.612838702031887,0.0,0.0,0.0,0.0,0.0,1.7911884835453735,0.0,0.0,0.0,0.0,0.0
6.41,8.630750586867341,0.0,0.0,0.0,0.0,0.0,1.791338820391366,0.0,0.0,0.0,0.0,0.0
6.42,8.648663975071255,0.0,0.0,0.0,0.0,0.0,1.7914879597961706,0.0,0.0,0.0,0.0,0.0
6.43,8.666578854669217,0.0,0.0,0.0,0.0,0.0,1.7916359112081444,0.0,0.0,0.0,0.0,0.0
6.44,8.684495213781299,0.0,0.0,0.0,0.0,0.0,1.7917826840025166,0.0,0.0,0.0,0.0,0.0
6.45,8.702413040621323,0.0,0.0,0.0,0.0,0.0,1.791928287481932,0.0,0.0,0.0,0.0,0.0
6.46,8.720332323496143,0.0,0.0,0.0,0.0,0.0,1.7920727308769906,0.0,0.0,0.0,0.0,0.0
6.47,8.738253050804913,0.0,0.0,0.0,0.0,0.0,1.7922160233467832,0.0,0.0,0.0,0.0,0.0
6.48,8.75617521103838,0.0,0.0,0.0,0.0,0.0,1.7923581739794239,0.0,0.0,0.0,0.0,0.0
6.49,8.774098792778174,0.0,0.0,0.0,0.0,0.0,1.7924991917925786,0.0,0.0,0.0,0.0,0.0
6.5,8.7920237846961,0.0,0.0,0.0,0.0,0.0,1.7926390857339904,0.0,0.0,0.0,0.0,0.0
6.51,8.80995017555344,0.0,0.0,0.0,0.0,0.0,1.792777864682001,0.0,0.0,0.0,0.0,0.0
6.5200000000000005,8.827877954200261,0.0,0.0,0.0,0.0,0.0,1.792915537446068,0.0,0.0,0.0,0.0,0.0
6.53,8.845807109574721,0.0,0.0,0.0,0.0,0.0,1.79305211276728,0.0,0.0,0.0,0.0,0.0
6.54,8.863737630702394,0.0,0.0,0.0,0.0,0.0,1.7931875993188677,0.0,0.0,0.0,0.0,0.0
6.55,8.881669506695582,0.0,0.0,0.0,0.0,0.0,1.7933220057067107,0.0,0.0,0.0,0.0,0.0
6.5600000000000005,8.899602726752649,0.0,0.0,0.0,0.0,0.0,1.7934553404698415,0.0,0.0,0.0,0.0,0.0
6.57,8.917537280157347,0.0,0.0,0.0,0.0,0.0,1.793587612080946,0.0,0.0,0.0,0.0,0.0
6.58,8.935473156278157,0.0,0.0,0.0,0.0,0.0,1.7937188289468609,0.0,0.0,0.0,0.0,0.0
6.59,8.953410344567626,0.0,0.0,0.0,0.0,0.0,1.7938489994090663,0.0,0.0,0.0,0.0,0.0
6.6000000000000005,8.971348834561717,0.0,0.0,0.0,0.0,0.0,1.7939781317441772,0.0,0.0,0.0,0.0,0.0
6.61,8.989288615879158,0.0,0.0,0.0,0.0,0.0,1.7941062341644292,0.0,0.0,0.0,0.0,0.0
6.62,9.007229678220803,0.0,0.0,0.0,0.0,0.0,1.7942333148181622,0.0,0.0,0.0,0.0,0.0
6.63,9.025172011368985,0.0,0.0,0.0,0.0,0.0,1.794359381790301,0.0,0.0,0.0,0.0,0.0
6.640000000000001,9.043115605186888,0.0,0.0,0.0,0.0,0.0,1.794484443102831,0.0,0.0,0.0,0.0,0.0
6.65,9.061060449617916,0.0,0.0,0.0,0.0,0.0,1.7946085067152726,0.0,0.0,0.0,0.0,0.0
6.66,9.07900653468507,0.0,0.0,0.0,0.0,0.0,1.7947315805251507,0.0,0.0,0.0,0.0,0.0
6.67,9.096953850490321,0.0,0.0,0.0,0.0,0.0,1.794853672368462,0.0,0.0,0.0,0.0,0.0
6.68,9.114902387214006,0.0,0.0,0.0,0.0,0.0,1.7949747900201383,0.0,0.0,0.0,0.0,0.0
6.69,9.132852135114208,0.0,0.0,0.0,0.0,0.0,1.7950949411945065,0.0,0.0,0.0,0.0,0.0
6.7,9.150803084526153,0.0,0.0,0.0,0.0,0.0,1.7952141335457468,0.0,0.0,0.0,0.0,0.0
6.71,9.168755225861611,0.0,0.0,0.0,0.0,0.0,1.7953323746683454,0.0,0.0,0.0,0.0,0.0
6.72,9.186708549608294,0.0,0.0,0.0,0.0,0.0,1.7954496720975461,0.0,0.0,0.0,0.0,0.0
6.73,9.20466304632927,0.0,0.0,0.0,0.0,0.0,1.7955660333097978,0.0,0.0,0.0,0.0,0.0
6.74,9.222618706662367,0.0,0.0,0.0,0.0,0.0,1.7956814657231983,0.0,0.0,0.0,0.0,0.0
6.75,9.240575521319599,0.0,0.0,0.0,0.0,0.0,1.7957959766979361,0.0,0.0,0.0,0.0,0.0
6.76,9.258533481086578,0.0,0.0,0.0,0.0,0.0,1.7959095735367288,0.0,0.0,0.0,0.0,0.0
6.7700000000000005,9.276492576821946,0.0,0.0,0.0,0.0,0.0,1.7960222634852576,0.0,0.0,0.0,0.0,0.0
6.78,9.2944527994568,0.0,0.0,0.0,0.0,0.0,1.7961340537326,0.0,0.0,0.0,0.0,0.0
6.79,9.312414139994125,0.0,0.0,0.0,0.0,0.0,1.796244951411658,0.0,0.0,0.0,0.0,0.0
6.8,9.330376589508242,0.0,0.0,0.0,0.0,0.0,1.796354963599585,0.0,0.0,0.0,0.0,0.0
6.8100000000000005,9.348340139144238,0.0,0.0,0.0,0.0,0.0,1.7964640973182076,0.0,0.0,0.0,0.0,0.0
6.82,9.366304780117419,0.0,0.0,0.0,0.0,0.0,1.7965723595344463,0.0,0.0,0.0,0.0,0.0
6.83,9.384270503712763,0.0,0.0,0.0,0.0,0.0,1.7966797571607325,0.0,0.0,0.0,0.0,0.0
6.84,9.40223730128437,0.0,0.0,0.0,0.0,0.0,1.7967862970554216,0.0,0.0,0.0,0.0,0.0
6.8500000000000005,9.420205164254924,0.0,0.0,0.0,0.0,0.0,1.7968919860232049,0.0,0.0,0.0,0.0,0.0
6.86,9.438174084115156,0.0,0.0,0.0,0.0,0.0,1.7969968308155175,0.0,0.0,0.0,0.0,0.0
6.87,9.45614405242331,0.0,0.0,0.0,0.0,0.0,1.797100838130943,0.0,0.0,0.0,0.0,0.0
6.88,9.47411506080462,0.0,0.0,0.0,0.0,0.0,1.7972040146156163,0.0,0.0,0.0,0.0,0.0
6.890000000000001,9.492087100950776,0.0,0.0,0.0,0.0,0.0,1.7973063668636229,0.0,0.0,0.0,0.0,0.0
6.9,9.510060164619413,0.0,0.0,0.0,0.0,0.0,1.797407901417395,0.0,0.0,0.0,0.0,0.0
6.91,9.528034243633586,0.0,0.0,0.0,0.0,0.0,1.7975086247681056,0.0,0.0,0.0,0.0,0.0
6.92,9.546009329881267,0.0,0.0,0.0,0.0,0.0,1.7976085433560596,0.0,0.0,0.0,0.0,0.0
6.93,9.563985415314827,0.0,0.0,0.0,0.0,0.0,1.7977076635710814,0.0,0.0,0.0,0.0,0.0
6.94,9.581962491950538,0.0,0.0,0.0,0.0,0.0,1.7978059917529001,0.0,0.0,0.0,0.0,0.0
6.95,9.599940551868068,0.0,0.0,0.0,0.0,0.0,1.7979035341915326,0.0,0.0,0.0,0.0,0.0
6.96,9.617919587209983,0.0,0.0,0.0,0.0,0.0,1.7980002971276625,0.0,0.0,0.0,0.0,0.0
6.97,9.635899590181259,0.0,0.0,0.0,0.0,0.0,1.7980962867530181,0.0,0.0,0.0,0.0,0.0
6.98,9.653880553048788,0.0,0.0,0.0,0.0,0.0,1.7981915092107457,0.0,0.0,0.0,0.0,0.0
6.99,9.671862468140896,0.0,0.0,0.0,0.0,0.0,1.7982859705957819,0.0,0.0,0.0,0.0,0.0
7.0,9.689845327846854,0.0,0.0,0.0,0.0,0.0,1.798379676955222,0.0,0.0,0.0,0.0,0.0
7.01,9.707829124616406,0.0,0.0,0.0,0.0,0.0,1.7984726342886868,0.0,0.0,0.0,0.0,0.0
7.0200000000000005,9.725813850959293,0.0,0.0,0.0,0.0,0.0,1.7985648485486851,0.0,0.0,0.0,0.0,0.0
7.03,9.74379949944478,0.0,0.0,0.0,0.0,0.0,1.7986563256409762,0.0,0.0,0.0,0.0,0.0
7.04,9.761786062701189,0.0,0.0,0.0,0.0,0.0,1.7987470714249267,0.0,0.0,0.0,0.0,0.0
7.05,9.779773533415439,0.0,0.0,0.0,0.0,0.0,1.7988370917138672,0.0,0.0,0.0,0.0,0.0
7.0600000000000005,9.797761904332576,0.0,0.0,0.0,0.0,0.0,1.7989263922754448,0.0,0.0,0.0,0.0,0.0
7.07,9.81575116825533,0.0,0.0,0.0,0.0,0.0,1.7990149788319743,0.0,0.0,0.0,0.0,0.0
7.08,9.83374131804365,0.0,0.0,0.0,0.0,0.0,1.799102857060785,0.0,0.0,0.0,0.0,0.0
7.09,9.851732346614257,0.0,0.0,0.0,0.0,0.0,1.7991900325945678,0.0,0.0,0.0,0.0,0.0
7.1000000000000005,9.869724246940203,0.0,0.0,0.0,0.0,0.0,1.7992765110217168,0.0,0.0,0.0,0.0,0.0
7.11,9.88771701205042,0.0,0.0,0.0,0.0,0.0,1.7993622978866706,0.0,0.0,0.0,0.0,0.0
7.12,9.905710635029287,0.0,0.0,0.0,0.0,0.0,1.7994473986902493,0.0,0.0,0.0,0.0,0.0
7.13,9.92370510901619,0.0,0.0,0.0,0.0,0.0,1.799531818889991,0.0,0.0,0.0,0.0,0.0
7.140000000000001,9.94170042720509,0.0,0.0,0.0,0.0,0.0,1.7996155639004838,0.0,0.0,0.0,0.0,0.0
7.15,9.959696582844094,0.0,0.0,0.0,0.0,0.0,1.7996986390936978,0.0,0.0,0.0,0.0,0.0
7.16,9.977693569235031,0.0,0.0,0.0,0.0,0.0,1.7997810497993114,0.0,0.0,0.0,0.0,0.0
7.17,9.995691379733024,0.0,0.0,0.0,0.0,0.0,1.7998628013050386,0.0,0.0,0.0,0.0,0.0
7.18,10.013690007746074,0.0,0.0,0.0,0.0,0.0,1.7999438988569514,0.0,0.0,0.0,0.0,0.0
7.19,10.031689446734644,0.0,0.0,0.0,0.0,0.0,1.800024347659801,0.0,0.0,0.0,0.0,0.0
7.2,10.049689690211242,0.0,0.0,0.0,0.0,0.0,1.800104152877337,0.0,0.0,0.0,0.0,0.0
7.21,10.067690731740015,0.0,0.0,0.0,0.0,0.0,1.8001833196326227,0.0,0.0,0.0,0.0,0.0
7.22,10.085692564936341,0.0,0.0,0.0,0.0,0.0,1.8002618530083496,0.0,0.0,0.0,0.0,0.0
7.23,10.103695183466424,0.0,0.0,0.0,0.0,0.0,1.8003397580471487,0.0,0.0,0.0,0.0,0.0
7.24,10.121698581046896,0.0,0.0,0.0,0.0,0.0,1.8004170397519006,0.0,0.0,0.0,0.0,0.0
7.25,10.139702751444416,0.0,0.0,0.0,0.0,0.0,1.800493703086041,0.0,0.0,0.0,0.0,0.0
7.26,10.157707688475277,0.0,0.0,0.0,0.0,0.0,1.8005697529738673,0.0,0.0,0.0,0.0,0.0
7.2700000000000005,10.175713386005016,0.0,0.0,0.0,0.0,0.0,1.8006451943008395,0.0,0.0,0.0,0.0,0.0
7.28,10.193719837948025,0.0,0.0,0.0,0.0,0.0,1.8007200319138814,0.0,0.0,0.0,0.0,0.0
7.29,10.211727038267163,0.0,0.0,0.0,0.0,0.0,1.8007942706216784,0.0,0.0,0.0,0.0,0.0
7.3,10.22973498097338,0.0,0.0,0.0,0.0,0.0,1.8008679151949734,0.0,0.0,0.0,0.0,0.0
7.3100000000000005,10.247743660125328,0.0,0.0,0.0,0.0,0.0,1.80094097036686,0.0,0.0,0.0,0.0,0.0
7.32,10.265753069828998,0.0,0.0,0.0,0.0,0.0,1.8010134408330747,0.0,0.0,0.0,0.0,0.0
7.33,10.283763204237328,0.0,0.0,0.0,0.0,0.0,1.8010853312522854,0.0,0.0,0.0,0.0,0.0
7.34,10.301774057549851,0.0,0.0,0.0,0.0,0.0,1.8011566462463793,0.0,0.0,0.0,0.0,0.0
7.3500000000000005,10.319785624012315,0.0,0.0,0.0,0.0,0.0,1.8012273904007472,0.0,0.0,0.0,0.0,0.0
7.36,10.337797897916323,0.0,0.0,0.0,0.0,0.0,1.8012975682645669,0.0,0.0,0.0,0.0,0.0
7.37,10.35581087359897,0.0,0.0,0.0,0.0,0.0,1.8013671843510835,0.0,0.0,0.0,0.0,0.0
7.38,10.37382454544248,0.0,0.0,0.0,0.0,0.0,1.8014362431378887,0.0,0.0,0.0,0.0,0.0
7.390000000000001,10.391838907873858,0.0,0.0,0.0,0.0,0.0,1.801504749067197,0.0,0.0,0.0,0.0,0.0
7.4,10.40985395536453,0.0,0.0,0.0,0.0,0.0,1.8015727065461198,0.0,0.0,0.0,0.0,0.0
7.41,10.427869682429991,0.0,0.0,0.0,0.0,0.0,1.801640119946939,0.0,0.0,0.0,0.0,0.0
7.42,10.44588608362946,0.0,0.0,0.0,0.0,0.0,1.8017069936073766,0.0,0.0,0.0,0.0,0.0
7.43,10.463903153565534,0.0,0.0,0.0,0.0,0.0,1.8017733318308633,0.0,0.0,0.0,0.0,0.0
7.44,10.481920886883842,0.0,0.0,0.0,0.0,0.0,1.801839138886805,0.0,0.0,0.0,0.0,0.0
7.45,10.49993927827271,0.0,0.0,0.0,0.0,0.0,1.8019044190108469,0.0,0.0,0.0,0.0,0.0
7.46,10.517958322462817,0.0,0.0,0.0,0.0,0.0,1.8019691764051367,0.0,0.0,0.0,0.0,0.0
7.47,10.535978014226869,0.0,0.0,0.0,0.0,0.0,1.8020334152385842,0.0,0.0,0.0,0.0,0.0
7.48,10.553998348379254,0.0,0.0,0.0,0.0,0.0,1.8020971396471204,0.0,0.0,0.0,0.0,0.0
7.49,10.572019319775725,0.0,0.0,0.0,0.0,0.0,1.8021603537339541,0.0,0.0,0.0,0.0,0.0
7.5,10.590040923313065,0.0,0.0,0.0,0.0,0.0,1.802223061569826,0.0,0.0,0.0,0.0,0.0
7.51,10.608063153928763,0.0,0.0,0.0,0.0,0.0,1.8022852671932619,0.0,0.0,0.0,0.0,0.0
7.5200000000000005,10.626086006600696,0.0,0.0,0.0,0.0,0.0,1.8023469746108234,0.0,0.0,0.0,0.0,0.0
7.53,10.644109476346804,0.0,0.0,0.0,0.0,0.0,1.8024081877973572,0.0,0.0,0.0,0.0,0.0
7.54,10.662133558224777,0.0,0.0,0.0,0.0,0.0,1.8024689106962415,0.0,0.0,0.0,0.0,0.0
7.55,10.68015824733174,0.0,0.0,0.0,0.0,0.0,1.8025291472196314,0.0,0.0,0.0,0.0,0.0
7.5600000000000005,10.698183538803935,0.0,0.0,0.0,0.0,0.0,1.802588901248703,0.0,0.0,0.0,0.0,0.0
7.57,10.716209427816421,0.0,0.0,0.0,0.0,0.0,1.8026481766338942,0.0,0.0,0.0,0.0,0.0
7.58,10.734235909582761,0.0,0.0,0.0,0.0,0.0,1.802706977195144,0.0,0.0,0.0,0.0,0.0
7.59,10.752262979354713,0.0,0.0,0.0,0.0,0.0,1.8027653067221319,0.0,0.0,0.0,0.0,0.0
7.6000000000000005,10.770290632421935,0.0,0.0,0.0,0.0,0.0,1.8028231689745122,0.0,0.0,0.0,0.0,0.0
7.61,10.78831886411168,0.0,0.0,0.0,0.0,0.0,1.80288056768215,0.0,0.0,0.0,0.0,0.0
7.62,10.806347669788503,0.0,0.0,0.0,0.0,0.0,1.8029375065453523,0.0,0.0,0.0,0.0,0.0
7.63,10.824377044853955,0.0,0.0,0.0,0.0,0.0,1.8029939892351001,0.0,0.0,0.0,0.0,0.0
7.640000000000001,10.842406984746306,0.0,0.0,0.0,0.0,0.0,1.8030500193932761,0.0,0.0,0.0,0.0,0.0
7.65,10.860437484940238,0.0,0.0,0.0,0.0,0.0,1.8031056006328934,0.0,0.0,0.0,0.0,0.0
7.66,10.878468540946567,0.0,0.0,0.0,0.0,0.0,1.8031607365383195,0.0,0.0,0.0,0.0,0.0
7.67,10.89650014831195,0.0,0.0,0.0,0.0,0.0,1.8032154306655022,0.0,0.0,0.0,0.0,0.0
7.68,10.914532302618605,0.0,0.0,0.0,0.0,0.0,1.8032696865421893,0.0,0.0,0.0,0.0,0.0
7.69,10.932564999484027,0.0,0.0,0.0,0.0,0.0,1.8033235076681517,0.0,0.0,0.0,0.0,0.0
7.7,10.950598234560708,0.0,0.0,0.0,0.0,0.0,1.8033768975154,0.0,0.0,0.0,0.0,0.0
7.71,10.968632003535863,0.0,0.0,0.0,0.0,0.0,1.8034298595284033,0.0,0.0,0.0,0.0,0.0
7.72,10.986666302131146,0.0,0.0,0.0,0.0,0.0,1.8034823971243032,0.0,0.0,0.0,0.0,0.0
7.73,11.00470112610239,0.0,0.0,0.0,0.0,0.0,1.8035345136931293,0.0,0.0,0.0,0.0,0.0
7.74,11.022736471239321,0.0,0.0,0.0,0.0,0.0,1.8035862125980102,0.0,0.0,0.0,0.0,0.0
7.75,11.040772333365302,0.0,0.0,0.0,0.0,0.0,1.8036374971753846,0.0,0.0,0.0,0.0,0.0
7.76,11.058808708337056,0.0,0.0,0.0,0.0,0.0,1.80368837073521,0.0,0.0,0.0,0.0,0.0
7.7700000000000005,11.076845592044407,0.0,0.0,0.0,0.0,0.0,1.803738836561171,0.0,0.0,0.0,0.0,0.0
7.78,11.094882980410018,0.0,0.0,0.0,0.0,0.0,1.803788897910884,0.0,0.0,0.0,0.0,0.0
7.79,11.112920869389127,0.0,0.0,0.0,0.0,0.0,1.8038385580161023,0.0,0.0,0.0,0.0,0.0
7.8,11.130959254969287,0.0,0.0,0.0,0.0,0.0,1.8038878200829183,0.0,0.0,0.0,0.0,0.0
7.8100000000000005,11.148998133170117,0.0,0.0,0.0,0.0,0.0,1.8039366872919649,0.0,0.0,0.0,0.0,0.0
7.82,11.167037500043037,0.0,0.0,0.0,0.0,0.0,1.8039851627986154,0.0,0.0,0.0,0.0,0.0
7.83,11.185077351671023,0.0,0.0,0.0,0.0,0.0,1.8040332497331815,0.0,0.0,0.0,0.0,0.0
7.84,11.203117684168355,0.0,0.0,0.0,0.0,0.0,1.8040809512011091,0.0,0.0,0.0,0.0,0.0
7.8500000000000005,11.221158493680365,0.0,0.0,0.0,0.0,0.0,1.804128270283175,0.0,0.0,0.0,0.0,0.0
7.86,11.239199776383197,0.0,0.0,0.0,0.0,0.0,1.8041752100356785,0.0,0.0,0.0,0.0,0.0
7.87,11.257241528483554,0.0,0.0,0.0,0.0,0.0,1.8042217734906354,0.0,0.0,0.0,0.0,0.0
7.88,11.275283746218461,0.0,0.0,0.0,0.0,0.0,1.8042679636559675,0.0,0.0,0.0,0.0,0.0
7.890000000000001,11.293326425855021,0.0,0.0,0.0,0.0,0.0,1.8043137835156922,0.0,0.0,0.0,0.0,0.0
7.9,11.311369563690178,0.0,0.0,0.0,0.0,0.0,1.8043592360301102,0.0,0.0,0.0,0.0,0.0
7.91,11.32941315605048,0.0,0.0,0.0,0.0,0.0,1.8044043241359917,0.0,0.0,0.0,0.0,0.0
7.92,11.34745719929184,0.0,0.0,0.0,0.0,0.0,1.8044490507467617,0.0,0.0,0.0,0.0,0.0
7.930000000000001,11.365501689799308,0.0,0.0,0.0,0.0,0.0,1.8044934187526824,0.0,0.0,0.0,0.0,0.0
7.94,11.383546623986835,0.0,0.0,0.0,0.0,0.0,1.8045374310210367,0.0,0.0,0.0,0.0,0.0
7.95,11.401591998297045,0.0,0.0,0.0,0.0,0.0,1.8045810903963078,0.0,0.0,0.0,0.0,0.0
7.96,11.419637809201008,0.0,0.0,0.0,0.0,0.0,1.8046243997003588,0.0,0.0,0.0,0.0,0.0
7.97,11.437684053198012,0.0,0.0,0.0,0.0,0.0,1.8046673617326108,0.0,0.0,0.0,0.0,0.0
7.98,11.455730726815338,0.0,0.0,0.0,0.0,0.0,1.8047099792702188,0.0,0.0,0.0,0.0,0.0
7.99,11.473777826608039,0.0,0.0,0.0,0.0,0.0,1.8047522550682475,0.0,0.0,0.0,0.0,0.0
8.0,11.491825349158722,0.0,0.0,0.0,0.0,0.0,1.8047941918598451,0.0,0.0,0.0,0.0,0.0
8.01,11.509873291077321,0.0,0.0,0.0,0.0,0.0,1.8048357923564151,0.0,0.0,0.0,0.0,0.0
8.02,11.527921649000886,0.0,0.0,0.0,0.0,0.0,1.8048770592477883,0.0,0.0,0.0,0.0,0.0
8.03,11.545970419593363,0.0,0.0,0.0,0.0,0.0,1.8049179952023922,0.0,0.0,0.0,0.0,0.0
8.040000000000001,11.564019599545388,0.0,0.0,0.0,0.0,0.0,1.8049586028674194,0.0,0.0,0.0,0.0,0.0
8.05,11.582069185574062,0.0,0.0,0.0,0.0,0.0,1.8049988848689953,0.0,0.0,0.0,0.0,0.0
8.06,11.600119174422751,0.0,0.0,0.0,0.0,0.0,1.8050388438123435,0.0,0.0,0.0,0.0,0.0
8.07,11.618169562860874,0.0,0.0,0.0,0.0,0.0,1.8050784822819508,0.0,0.0,0.0,0.0,0.0
8.08,11.636220347683693,0.0,0.0,0.0,0.0,0.0,1.8051178028417305,0.0,0.0,0.0,0.0,0.0
8.09,11.65427152571211,0.0,0.0,0.0,0.0,0.0,1.8051568080351847,0.0,0.0,0.0,0.0,0.0
8.1,11.672323093792462,0.0,0.0,0.0,0.0,0.0,1.805195500385565,0.0,0.0,0.0,0.0,0.0
8.11,11.690375048796318,0.0,0.0,0.0,0.0,0.0,1.805233882396032,0.0,0.0,0.0,0.0,0.0
8.120000000000001,11.708427387620278,0.0,0.0,0.0,0.0,0.0,1.8052719565498139,0.0,0.0,0.0,0.0,0.0
8.13,11.726480107185775,0.0,0.0,0.0,0.0,0.0,1.8053097253103636,0.0,0.0,0.0,0.0,0.0
8.14,11.744533204438879,0.0,0.0,0.0,0.0,0.0,1.8053471911215149,0.0,0.0,0.0,0.0,0.0
8.15,11.762586676350095,0.0,0.0,0.0,0.0,0.0,1.805384356407637,0.0,0.0,0.0,0.0,0.0
8.16,11.78064051991417,0.0,0.0,0.0,0.0,0.0,1.805421223573788,0.0,0.0,0.0,0.0,0.0
8.17,11.798694732149908,0.0,0.0,0.0,0.0,0.0,1.8054577950058677,0.0,0.0,0.0,0.0,0.0
8.18,11.816749310099967,0.0,0.0,0.0,0.0,0.0,1.805494073070768,0.0,0.0,0.0,0.0,0.0
8.19,11.834804250830674,0.0,0.0,0.0,0.0,0.0,1.805530060116524,0.0,0.0,0.0,0.0,0.0
8.2,11.85285955143184,0.0,0.0,0.0,0.0,0.0,1.805565758472462,0.0,0.0,0.0,0.0,0.0
8.21,11.870915209016564,0.0,0.0,0.0,0.0,0.0,1.8056011704493475,0.0,0.0,0.0,0.0,0.0
8.22,11.888971220721057,0.0,0.0,0.0,0.0,0.0,1.805636298339532,0.0,0.0,0.0,0.0,0.0
8.23,11.907027583704453,0.0,0.0,0.0,0.0,0.0,1.8056711444170979,0.0,0.0,0.0,0.0,0.0
8.24,11.925084295148624,0.0,0.0,0.0,0.0,0.0,1.805705710938003,0.0,0.0,0.0,0.0,0.0
8.25,11.943141352258003,0.0,0.0,0.0,0.0,0.0,1.8057400001402244,0.0,0.0,0.0,0.0,0.0
8.26,11.961198752259405,0.0,0.0,0.0,0.0,0.0,1.8057740142438994,0.0,0.0,0.0,0.0,0.0
8.27,11.979256492401843,0.0,0.0,0.0,0.0,0.0,1.805807755451467,0.0,0.0,0.0,0.0,0.0
8.28,11.997314569956357,0.0,0.0,0.0,0.0,0.0,1.8058412259478085,0.0,0.0,0.0,0.0,0.0
8.290000000000001,12.015372982215835,0.0,0.0,0.0,0.0,0.0,1.8058744279003849,0.0,0.0,0.0,0.0,0.0
8.3,12.03343172649484,0.0,0.0,0.0,0.0,0.0,1.8059073634593754,0.0,0.0,0.0,0.0,0.0
8.31,12.051490800129434,0.0,0.0,0.0,0.0,0.0,1.8059400347578143,0.0,0.0,0.0,0.0,0.0
8.32,12.069550200477012,0.0,0.0,0.0,0.0,0.0,1.805972443911726,0.0,0.0,0.0,0.0,0.0
8.33,12.08760992491613,0.0,0.0,0.0,0.0,0.0,1.8060045930202595,0.0,0.0,0.0,0.0,0.0
8.34,12.105669970846332,0.0,0.0,0.0,0.0,0.0,1.8060364841658227,0.0,0.0,0.0,0.0,0.0
8.35,12.12373033568799,0.0,0.0,0.0,0.0,0.0,1.806068119414214,0.0,0.0,0.0,0.0,0.0
8.36,12.14179101688213,0.0,0.0,0.0,0.0,0.0,1.806099500814754,0.0,0.0,0.0,0.0,0.0
8.370000000000001,12.159852011890278,0.0,0.0,0.0,0.0,0.0,1.8061306304004157,0.0,0.0,0.0,0.0,0.0
8.38,12.177913318194282,0.0,0.0,0.0,0.0,0.0,1.8061615101879542,0.0,0.0,0.0,0.0,0.0
8.39,12.195974933296162,0.0,0.0,0.0,0.0,0.0,1.806192142178035,0.0,0.0,0.0,0.0,0.0
8.4,12.214036854717943,0.0,0.0,0.0,0.0,0.0,1.8062225283553612,0.0,0.0,0.0,0.0,0.0
8.41,12.232099080001497,0.0,0.0,0.0,0.0,0.0,1.8062526706888,0.0,0.0,0.0,0.0,0.0
8.42,12.250161606708385,0.0,0.0,0.0,0.0,0.0,1.806282571131508,0.0,0.0,0.0,0.0,0.0
8.43,12.2682244324197,0.0,0.0,0.0,0.0,0.0,1.806312231621056,0.0,0.0,0.0,0.0,0.0
8.44,12.28628755473591,0.0,0.0,0.0,0.0,0.0,1.8063416540795516,0.0,0.0,0.0,0.0,0.0
8.45,12.304350971276707,0.0,0.0,0.0,0.0,0.0,1.8063708404137622,0.0,0.0,0.0,0.0,0.0
8.46,12.322414679680843,0.0,0.0,0.0,0.0,0.0,1.8063997925152369,0.0,0.0,0.0,0.0,0.0
8.47,12.340478677605995,0.0,0.0,0.0,0.0,0.0,1.8064285122604264,0.0,0.0,0.0,0.0,0.0
8.48,12.358542962728599,0.0,0.0,0.0,0.0,0.0,1.8064570015108032,0.0,0.0,0.0,0.0,0.0
8.49,12.376607532743707,0.0,0.0,0.0,0.0,0.0,1.8064852621129799,0.0,0.0,0.0,0.0,0.0
8.5,12.394672385364837,0.0,0.0,0.0,0.0,0.0,1.8065132958988266,0.0,0.0,0.0,0.0,0.0
8.51,12.412737518323825,0.0,0.0,0.0,0.0,0.0,1.806541104685589,0.0,0.0,0.0,0.0,0.0
8.52,12.43080292937068,0.0,0.0,0.0,0.0,0.0,1.8065686902760034,0.0,0.0,0.0,0.0,0.0
8.53,12.44886861627344,0.0,0.0,0.0,0.0,0.0,1.8065960544584114,0.0,0.0,0.0,0.0,0.0
8.540000000000001,12.466934576818025,0.0,0.0,0.0,0.0,0.0,1.8066231990068753,0.0,0.0,0.0,0.0,0.0
8.55,12.485000808808094,0.0,0.0,0.0,0.0,0.0,1.8066501256812901,0.0,0.0,0.0,0.0,0.0
8.56,12.503067310064907,0.0,0.0,0.0,0.0,0.0,1.8066768362274968,0.0,0.0,0.0,0.0,0.0
8.57,12.521134078427181,0.0,0.0,0.0,0.0,0.0,1.8067033323773927,0.0,0.0,0.0,0.0,0.0
8.58,12.539201111750955,0.0,0.0,0.0,0.0,0.0,1.8067296158490436,0.0,0.0,0.0,0.0,0.0
8.59,12.557268407909445,0.0,0.0,0.0,0.0,0.0,1.8067556883467923,0.0,0.0,0.0,0.0,0.0
8.6,12.575335964792913,0.0,0.0,0.0,0.0,0.0,1.8067815515613679,0.0,0.0,0.0,0.0,0.0
8.61,12.593403780308527,0.0,0.0,0.0,0.0,0.0,1.8068072071699939,0.0,0.0,0.0,0.0,0.0
8.620000000000001,12.611471852380227,0.0,0.0,0.0,0.0,0.0,1.806832656836495,0.0,0.0,0.0,0.0,0.0
8.63,12.629540178948591,0.0,0.0,0.0,0.0,0.0,1.8068579022114042,0.0,0.0,0.0,0.0,0.0
8.64,12.647608757970705,0.0,0.0,0.0,0.0,0.0,1.8068829449320676,0.0,0.0,0.0,0.0,0.0
8.65,12.665677587420026,0.0,0.0,0.0,0.0,0.0,1.8069077866227492,0.0,0.0,0.0,0.0,0.0
8.66,12.683746665286254,0.0,0.0,0.0,0.0,0.0,1.8069324288947353,0.0,0.0,0.0,0.0,0.0
8.67,12.7018159895752,0.0,0.0,0.0,0.0,0.0,1.8069568733464367,0.0,0.0,0.0,0.0,0.0
8.68,12.719885558308665,0.0,0.0,0.0,0.0,0.0,1.8069811215634917,0.0,0.0,0.0,0.0,0.0
8.69,12.7379553695243,0.0,0.0,0.0,0.0,0.0,1.8070051751188672,0.0,0.0,0.0,0.0,0.0
8.700000000000001,12.756025421275488,0.0,0.0,0.0,0.0,0.0,1.8070290355729592,0.0,0.0,0.0,0.0,0.0
8.71,12.774095711631219,0.0,0.0,0.0,0.0,0.0,1.8070527044736935,0.0,0.0,0.0,0.0,0.0
8.72,12.792166238675955,0.0,0.0,0.0,0.0,0.0,1.8070761833566231,0.0,0.0,0.0,0.0,0.0
8.73,12.810237000509522,0.0,0.0,0.0,0.0,0.0,1.8070994737450283,0.0,0.0,0.0,0.0,0.0
8.74,12.828307995246972,0.0,0.0,0.0,0.0,0.0,1.8071225771500132,0.0,0.0,0.0,0.0,0.0
8.75,12.846379221018472,0.0,0.0,0.0,0.0,0.0,1.8071454950706025,0.0,0.0,0.0,0.0,0.0
8.76,12.864450675969177,0.0,0.0,0.0,0.0,0.0,1.807168228993838,0.0,0.0,0.0,0.0,0.0
8.77,12.882522358259116,0.0,0.0,0.0,0.0,0.0,1.8071907803948735,0.0,0.0,0.0,0.0,0.0
8.78,12.900594266063065,0.0,0.0,0.0,0.0,0.0,1.807213150737069,0.0,0.0,0.0,0.0,0.0
8.790000000000001,12.918666397570435,0.0,0.0,0.0,0.0,0.0,1.8072353414720854,0.0,0.0,0.0,0.0,0.0
8.8,12.936738750985157,0.0,0.0,0.0,0.0,0.0,1.8072573540399763,0.0,0.0,0.0,0.0,0.0
8.81,12.954811324525556,0.0,0.0,0.0,0.0,0.0,1.8072791898692813,0.0,0.0,0.0,0.0,0.0
8.82,12.972884116424249,0.0,0.0,0.0,0.0,0.0,1.8073008503771166,0.0,0.0,0.0,0.0,0.0
8.83,12.99095712492802,0.0,0.0,0.0,0.0,0.0,1.8073223369692673,0.0,0.0,0.0,0.0,0.0
8.84,13.009030348297712,0.0,0.0,0.0,0.0,0.0,1.8073436510402758,0.0,0.0,0.0,0.0,0.0
8.85,13.027103784808114,0.0,0.0,0.0,0.0,0.0,1.8073647939735324,0.0,0.0,0.0,0.0,0.0
8.86,13.045177432747849,0.0,0.0,0.0,0.0,0.0,1.8073857671413636,0.0,0.0,0.0,0.0,0.0
8.870000000000001,13.063251290419263,0.0,0.0,0.0,0.0,0.0,1.8074065719051202,0.0,0.0,0.0,0.0,0.0
8.88,13.081325356138315,0.0,0.0,0.0,0.0,0.0,1.8074272096152646,0.0,0.0,0.0,0.0,0.0
8.89,13.099399628234467,0.0,0.0,0.0,0.0,0.0,1.807447681611457,0.0,0.0,0.0,0.0,0.0
8.9,13.117474105050581,0.0,0.0,0.0,0.0,0.0,1.8074679892226426,0.0,0.0,0.0,0.0,0.0
8.91,13.135548784942808,0.0,0.0,0.0,0.0,0.0,1.8074881337671354,0.0,0.0,0.0,0.0,0.0
8.92,13.15362366628048,0.0,0.0,0.0,0.0,0.0,1.8075081165527036,0.0,0.0,0.0,0.0,0.0
8.93,13.171698747446007,0.0,0.0,0.0,0.0,0.0,1.8075279388766536,0.0,0.0,0.0,0.0,0.0
8.94,13.189774026834773,0.0,0.0,0.0,0.0,0.0,1.807547602025913,0.0,0.0,0.0,0.0,0.0
8.950000000000001,13.207849502855032,0.0,0.0,0.0,0.0,0.0,1.807567107277113,0.0,0.0,0.0,0.0,0.0
8.96,13.225925173927802,0.0,0.0,0.0,0.0,0.0,1.807586455896671,0.0,0.0,0.0,0.0,0.0
8.97,13.244001038486768,0.0,0.0,0.0,0.0,0.0,1.8076056491408714,0.0,0.0,0.0,0.0,0.0
8.98,13.262077094978178,0.0,0.0,0.0,0.0,0.0,1.8076246882559468,0.0,0.0,0.0,0.0,0.0
8.99,13.280153341860737,0.0,0.0,0.0,0.0,0.0,1.8076435744781572,0.0,0.0,0.0,0.0,0.0
9.0,13.298229777605519,0.0,0.0,0.0,0.0,0.0,1.8076623090338704,0.0,0.0,0.0,0.0,0.0
9.01,13.316306400695858,0.0,0.0,0.0,0.0,0.0,1.80768089313964,0.0,0.0,0.0,0.0,0.0
9.02,13.334383209627255,0.0,0.0,0.0,0.0,0.0,1.807699328002284,0.0,0.0,0.0,0.0,0.0
9.03,13.352460202907277,0.0,0.0,0.0,0.0,0.0,1.8077176148189622,0.0,0.0,0.0,0.0,0.0
9.040000000000001,13.370537379055467,0.0,0.0,0.0,0.0,0.0,1.8077357547772535,0.0,0.0,0.0,0.0,0.0
9.05,13.38861473660324,0.0,0.0,0.0,0.0,0.0,1.8077537490552316,0.0,0.0,0.0,0.0,0.0
9.06,13.40669227409379,0.0,0.0,0.0,0.0,0.0,1.8077715988215408,0.0,0.0,0.0,0.0,0.0
9.07,13.424769990082007,0.0,0.0,0.0,0.0,0.0,1.807789305235472,0.0,0.0,0.0,0.0,0.0
9.08,13.442847883134363,0.0,0.0,0.0,0.0,0.0,1.8078068694470362,0.0,0.0,0.0,0.0,0.0
9.09,13.460925951828832,0.0,0.0,0.0,0.0,0.0,1.8078242925970387,0.0,0.0,0.0,0.0,0.0
9.1,13.479004194754802,0.0,0.0,0.0,0.0,0.0,1.807841575817153,0.0,0.0,0.0,0.0,0.0
9.11,13.497082610512974,0.0,0.0,0.0,0.0,0.0,1.8078587202299934,0.0,0.0,0.0,0.0,0.0
9.120000000000001,13.515161197715274,0.0,0.0,0.0,0.0,0.0,1.807875726949186,0.0,0.0,0.0,0.0,0.0
9.13,13.533239954984767,0.0,0.0,0.0,0.0,0.0,1.8078925970794426,0.0,0.0,0.0,0.0,0.0
9.14,13.551318880955561,0.0,0.0,0.0,0.0,0.0,1.8079093317166297,0.0,0.0,0.0,0.0,0.0
9.15,13.569397974272727,0.0,0.0,0.0,0.0,0.0,1.8079259319478402,0.0,0.0,0.0,0.0,0.0
9.16,13.587477233592205,0.0,0.0,0.0,0.0,0.0,1.8079423988514631,0.0,0.0,0.0,0.0,0.0
9.17,13.605556657580719,0.0,0.0,0.0,0.0,0.0,1.8079587334972524,0.0,0.0,0.0,0.0,0.0
9.18,13.62363624491569,0.0,0.0,0.0,0.0,0.0,1.8079749369463967,0.0,0.0,0.0,0.0,0.0
9.19,13.641715994285155,0.0,0.0,0.0,0.0,0.0,1.8079910102515868,0.0,0.0,0.0,0.0,0.0
9.200000000000001,13.659795904387671,0.0,0.0,0.0,0.0,0.0,1.8080069544570845,0.0,0.0,0.0,0.0,0.0
9.21,13.677875973932242,0.0,0.0,0.0,0.0,0.0,1.8080227705987884,0.0,0.0,0.0,0.0,0.0
9.22,13.69595620163823,0.0,0.0,0.0,0.0,0.0,1.808038459704302,0.0,0.0,0.0,0.0,0.0
9.23,13.714036586235274,0.0,0.0,0.0,0.0,0.0,1.8080540227929986,0.0,0.0,0.0,0.0,0.0
9.24,13.732117126463203,0.0,0.0,0.0,0.0,0.0,1.8080694608760883,0.0,0.0,0.0,0.0,0.0
9.25,13.750197821071964,0.0,0.0,0.0,0.0,0.0,1.808084774956682,0.0,0.0,0.0,0.0,0.0
9.26,13.76827866882153,0.0,0.0,0.0,0.0,0.0,1.8080999660298562,0.0,0.0,0.0,0.0,0.0
9.27,13.786359668481829,0.0,0.0,0.0,0.0,0.0,1.808115035082718,0.0,0.0,0.0,0.0,0.0
9.28,13.804440818832656,0.0,0.0,0.0,0.0,0.0,1.8081299830944675,0.0,0.0,0.0,0.0,0.0
9.290000000000001,13.822522118663601,0.0,0.0,0.0,0.0,0.0,1.8081448110364615,0.0,0.0,0.0,0.0,0.0
9.3,13.840603566773966,0.0,0.0,0.0,0.0,0.0,1.8081595198722762,0.0,0.0,0.0,0.0,0.0
9.31,13.858685161972689,0.0,0.0,0.0,0.0,0.0,1.8081741105577689,0.0,0.0,0.0,0.0,0.0
9.32,13.876766903078266,0.0,0.0,0.0,0.0,0.0,1.80818858404114,0.0,0.0,0.0,0.0,0.0
9.33,13.894848788918678,0.0,0.0,0.0,0.0,0.0,1.8082029412629936,0.0,0.0,0.0,0.0,0.0
9.34,13.912930818331308,0.0,0.0,0.0,0.0,0.0,1.808217183156399,0.0,0.0,0.0,0.0,0.0
9.35,13.931012990162872,0.0,0.0,0.0,0.0,0.0,1.8082313106469496,0.0,0.0,0.0,0.0,0.0
9.36,13.949095303269342,0.0,0.0,0.0,0.0,0.0,1.808245324652824,0.0,0.0,0.0,0.0,0.0
9.370000000000001,13.96717775651587,0.0,0.0,0.0,0.0,0.0,1.8082592260848442,0.0,0.0,0.0,0.0,0.0
9.38,13.985260348776718,0.0,0.0,0.0,0.0,0.0,1.8082730158465345,0.0,0.0,0.0,0.0,0.0
9.39,14.003343078935183,0.0,0.0,0.0,0.0,0.0,1.8082866948341798,0.0,0.0,0.0,0.0,0.0
9.4,14.021425945883525,0.0,0.0,0.0,0.0,0.0,1.808300263936884,0.0,0.0,0.0,0.0,0.0
9.41,14.039508948522894,0.0,0.0,0.0,0.0,0.0,1.808313724036626,0.0,0.0,0.0,0.0,0.0
9.42,14.05759208576326,0.0,0.0,0.0,0.0,0.0,1.8083270760083183,0.0,0.0,0.0,0.0,0.0
9.43,14.075675356523343,0.0,0.0,0.0,0.0,0.0,1.808340320719862,0.0,0.0,0.0,0.0,0.0
9.44,14.093758759730541,0.0,0.0,0.0,0.0,0.0,1.8083534590322037,0.0,0.0,0.0,0.0,0.0
9.450000000000001,14.111842294320862,0.0,0.0,0.0,0.0,0.0,1.8083664917993905,0.0,0.0,0.0,0.0,0.0
9.46,14.129925959238856,0.0,0.0,0.0,0.0,0.0,1.8083794198686254,0.0,0.0,0.0,0.0,0.0
9.47,14.148009753437542,0.0,0.0,0.0,0.0,0.0,1.8083922440803217,0.0,0.0,0.0,0.0,0.0
9.48,14.166093675878345,0.0,0.0,0.0,0.0,0.0,1.8084049652681577,0.0,0.0,0.0,0.0,0.0
9.49,14.184177725531027,0.0,0.0,0.0,0.0,0.0,1.8084175842591301,0.0,0.0,0.0,0.0,0.0
9.5,14.20226190137362,0.0,0.0,0.0,0.0,0.0,1.8084301018736075,0.0,0.0,0.0,0.0,0.0
9.51,14.220346202392355,0.0,0.0,0.0,0.0,0.0,1.8084425189253834,0.0,0.0,0.0,0.0,0.0
9.52,14.238430627581609,0.0,0.0,0.0,0.0,0.0,1.8084548362217288,0.0,0.0,0.0,0.0,0.0
9.53,14.256515175943827,0.0,0.0,0.0,0.0,0.0,1.8084670545634438,0.0,0.0,0.0,0.0,0.0
9.540000000000001,14.274599846489462,0.0,0.0,0.0,0.0,0.0,1.8084791747449103,0.0,0.0,0.0,0.0,0.0
9.55,14.292684638236912,0.0,0.0,0.0,0.0,0.0,1.8084911975541422,0.0,0.0,0.0,0.0,0.0
9.56,14.310769550212454,0.0,0.0,0.0,0.0,0.0,1.8085031237728373,0.0,0.0,0.0,0.0,0.0
9.57,14.328854581450182,0.0,0.0,0.0,0.0,0.0,1.8085149541764267,0.0,0.0,0.0,0.0,0.0
9.58,14.346939730991947,0.0,0.0,0.0,0.0,0.0,1.808526689534126,0.0,0.0,0.0,0.0,0.0
9.59,14.365024997887287,0.0,0.0,0.0,0.0,0.0,1.8085383306089842,0.0,0.0,0.0,0.0,0.0
9.6,14.383110381193378,0.0,0.0,0.0,0.0,0.0,1.8085498781579332,0.0,0.0,0.0,0.0,0.0
9.61,14.401195879974956,0.0,0.0,0.0,0.0,0.0,1.8085613329318366,0.0,0.0,0.0,0.0,0.0
9.620000000000001,14.419281493304275,0.0,0.0,0.0,0.0,0.0,1.8085726956755388,0.0,0.0,0.0,0.0,0.0
9.63,14.43736722026103,0.0,0.0,0.0,0.0,0.0,1.8085839671279123,0.0,0.0,0.0,0.0,0.0
9.64,14.45545305993231,0.0,0.0,0.0,0.0,0.0,1.8085951480219056,0.0,0.0,0.0,0.0,0.0
9.65,14.473539011412528,0.0,0.0,0.0,0.0,0.0,1.8086062390845914,0.0,0.0,0.0,0.0,0.0
9.66,14.491625073803375,0.0,0.0,0.0,0.0,0.0,1.8086172410372123,0.0,0.0,0.0,0.0,0.0
9.67,14.509711246213747,0.0,0.0,0.0,0.0,0.0,1.8086281545952285,0.0,0.0,0.0,0.0,0.0
9.68,14.5277975277597,0.0,0.0,0.0,0.0,0.0,1.8086389804683634,0.0,0.0,0.0,0.0,0.0
9.69,14.545883917564383,0.0,0.0,0.0,0.0,0.0,1.8086497193606494,0.0,0.0,0.0,0.0,0.0
9.700000000000001,14.56397041475799,0.0,0.0,0.0,0.0,0.0,1.8086603719704741,0.0,0.0,0.0,0.0,0.0
9.71,14.582057018477695,0.0,0.0,0.0,0.0,0.0,1.808670938990625,0.0,0.0,0.0,0.0,0.0
9.72,14.600143727867602,0.0,0.0,0.0,0.0,0.0,1.808681421108334,0.0,0.0,0.0,0.0,0.0
9.73,14.618230542078685,0.0,0.0,0.0,0.0,0.0,1.8086918190053223,0.0,0.0,0.0,0.0,0.0
9.74,14.636317460268739,0.0,0.0,0.0,0.0,0.0,1.8087021333578444,0.0,0.0,0.0,0.0,0.0
9.75,14.654404481602317,0.0,0.0,0.0,0.0,0.0,1.8087123648367316,0.0,0.0,0.0,0.0,0.0
9.76,14.672491605250684,0.0,0.0,0.0,0.0,0.0,1.8087225141074357,0.0,0.0,0.0,0.0,0.0
9.77,14.69057883039176,0.0,0.0,0.0,0.0,0.0,1.8087325818300715,0.0,0.0,0.0,0.0,0.0
9.78,14.70866615621006,0.0,0.0,0.0,0.0,0.0,1.80874256865946,0.0,0.0,0.0,0.0,0.0
9.790000000000001,14.726753581896654,0.0,0.0,0.0,0.0,0.0,1.808752475245171,0.0,0.0,0.0,0.0,0.0
9.8,14.744841106649107,0.0,0.0,0.0,0.0,0.0,1.8087623022315638,0.0,0.0,0.0,0.0,0.0
9.81,14.762928729671422,0.0,0.0,0.0,0.0,0.0,1.8087720502578304,0.0,0.0,0.0,0.0,0.0
9.82,14.781016450174,0.0,0.0,0.0,0.0,0.0,1.8087817199580363,0.0,0.0,0.0,0.0,0.0
9.83,14.79910426737358,0.0,0.0,0.0,0.0,0.0,1.8087913119611612,0.0,0.0,0.0,0.0,0.0
9.84,14.817192180493192,0.0,0.0,0.0,0.0,0.0,1.80880082689114,0.0,0.0,0.0,0.0,0.0
9.85,14.835280188762104,0.0,0.0,0.0,0.0,0.0,1.808810265366903,0.0,0.0,0.0,0.0,0.0
9.86,14.853368291415773,0.0,0.0,0.0,0.0,0.0,1.808819628002416,0.0,0.0,0.0,0.0,0.0
9.870000000000001,14.871456487695797,0.0,0.0,0.0,0.0,0.0,1.8088289154067205,0.0,0.0,0.0,0.0,0.0
9.88,14.889544776849863,0.0,0.0,0.0,0.0,0.0,1.8088381281839723,0.0,0.0,0.0,0.0,0.0
9.89,14.907633158131704,0.0,0.0,0.0,0.0,0.0,1.808847266933481,0.0,0.0,0.0,0.0,0.0
9.9,14.92572163080104,0.0,0.0,0.0,0.0,0.0,1.8088563322497488,0.0,0.0,0.0,0.0,0.0
9.91,14.943810194123536,0.0,0.0,0.0,0.0,0.0,1.808865324722509,0.0,0.0,0.0,0.0,0.0
9.92,14.961898847370762,0.0,0.0,0.0,0.0,0.0,1.808874244936764,0.0,0.0,0.0,0.0,0.0
9.93,14.97998758982013,0.0,0.0,0.0,0.0,0.0,1.8088830934728235,0.0,0.0,0.0,0.0,0.0
9.94,14.998076420754858,0.0,0.0,0.0,0.0,0.0,1.8088918709063415,0.0,0.0,0.0,0.0,0.0
9.950000000000001,15.016165339463921,0.0,0.0,0.0,0.0,0.0,1.8089005778083544,0.0,0.0,0.0,0.0,0.0
9.96,15.034254345242005,0.0,0.0,0.0,0.0,0.0,1.808909214745317,0.0,0.0,0.0,0.0,0.0
9.97,15.052343437389458,0.0,0.0,0.0,0.0,0.0,1.8089177822791396,0.0,0.0,0.0,0.0,0.0
9.98,15.07043261521225,0.0,0.0,0.0,0.0,0.0,1.8089262809672249,0.0,0.0,0.0,0.0,0.0
9.99,15.088521878021922,0.0,0.0,0.0,0.0,0.0,1.8089347113625032,0.0,0.0,0.0,0.0,0.0
10.0,15.106611225135547,0.0,0.0,0.0,0.0,0.0,1.8089430740134689,0.0,0.0,0.0,0.0,0.0
10.01,15.124700655875682,0.0,0.0,0.0,0.0,0.0,1.8089513694642154,0.0,0.0,0.0,0.0,0.0
10.02,15.142790169570324,0.0,0.0,0.0,0.0,0.0,1.808959598254471,0.0,0.0,0.0,0.0,0.0
10.03,15.160879765552869,0.0,0.0,0.0,0.0,0.0,1.8089677609196335,0.0,0.0,0.0,0.0,0.0
10.040000000000001,15.178969443162066,0.0,0.0,0.0,0.0,0.0,1.8089758579908046,0.0,0.0,0.0,0.0,0.0
10.05,15.197059201741974,0.0,0.0,0.0,0.0,0.0,1.808983889994825,0.0,0.0,0.0,0.0,0.0
10.06,15.215149040641922,0.0,0.0,0.0,0.0,0.0,1.8089918574543076,0.0,0.0,0.0,0.0,0.0
10.07,15.233238959216465,0.0,0.0,0.0,0.0,0.0,1.8089997608876722,0.0,0.0,0.0,0.0,0.0
10.08,15.251328956825342,0.0,0.0,0.0,0.0,0.0,1.8090076008091789,0.0,0.0,0.0,0.0,0.0
10.09,15.269419032833433,0.0,0.0,0.0,0.0,0.0,1.8090153777289608,0.0,0.0,0.0,0.0,0.0
10.1,15.287509186610723,0.0,0.0,0.0,0.0,0.0,1.809023092153058,0.0,0.0,0.0,0.0,0.0
10.11,15.305599417532253,0.0,0.0,0.0,0.0,0.0,1.8090307445834495,0.0,0.0,0.0,0.0,0.0
10.120000000000001,15.323689724978088,0.0,0.0,0.0,0.0,0.0,1.8090383355180863,0.0,0.0,0.0,0.0,0.0
10.13,15.34178010833327,0.0,0.0,0.0,0.0,0.0,1.8090458654509238,0.0,0.0,0.0,0.0,0.0
10.14,15.359870566987778,0.0,0.0,0.0,0.0,0.0,1.8090533348719529,0.0,0.0,0.0,0.0,0.0
10.15,15.377961100336497,0.0,0.0,0.0,0.0,0.0,1.8090607442672326,0.0,0.0,0.0,0.0,0.0
10.16,15.39605170777917,0.0,0.0,0.0,0.0,0.0,1.8090680941189214,0.0,0.0,0.0,0.0,0.0
10.17,15.414142388720359,0.0,0.0,0.0,0.0,0.0,1.8090753849053083,0.0,0.0,0.0,0.0,0.0
10.18,15.432233142569412,0.0,0.0,0.0,0.0,0.0,1.8090826171008434,0.0,0.0,0.0,0.0,0.0
10.19,15.45032396874042,0.0,0.0,0.0,0.0,0.0,1.8090897911761699,0.0,0.0,0.0,0.0,0.0
10.200000000000001,15.468414866652182,0.0,0.0,0.0,0.0,0.0,1.8090969075981533,0.0,0.0,0.0,0.0,0.0
10.21,15.486505835728163,0.0,0.0,0.0,0.0,0.0,1.8091039668299125,0.0,0.0,0.0,0.0,0.0
10.22,15.504596875396462,0.0,0.0,0.0,0.0,0.0,1.8091109693308491,0.0,0.0,0.0,0.0,0.0
10.23,15.522687985089771,0.0,0.0,0.0,0.0,0.0,1.8091179155566781,0.0,0.0,0.0,0.0,0.0
10.24,15.540779164245338,0.0,0.0,0.0,0.0,0.0,1.8091248059594565,0.0,0.0,0.0,0.0,0.0
10.25,15.558870412304932,0.0,0.0,0.0,0.0,0.0,1.8091316409876133,0.0,0.0,0.0,0.0,0.0
10.26,15.576961728714808,0.0,0.0,0.0,0.0,0.0,1.809138421085978,0.0,0.0,0.0,0.0,0.0
10.27,15.595053112925669,0.0,0.0,0.0,0.0,0.0,1.8091451466958104,0.0,0.0,0.0,0.0,0.0
10.28,15.613144564392627,0.0,0.0,0.0,0.0,0.0,1.8091518182548276,0.0,0.0,0.0,0.0,0.0
10.290000000000001,15.631236082575175,0.0,0.0,0.0,0.0,0.0,1.8091584361972344,0.0,0.0,0.0,0.0,0.0
10.3,15.649327666937147,0.0,0.0,0.0,0.0,0.0,1.8091650009537494,0.0,0.0,0.0,0.0,0.0
10.31,15.667419316946685,0.0,0.0,0.0,0.0,0.0,1.8091715129516346,0.0,0.0,0.0,0.0,0.0
10.32,15.685511032076201,0.0,0.0,0.0,0.0,0.0,1.809177972614722,0.0,0.0,0.0,0.0,0.0
10.33,15.703602811802348,0.0,0.0,0.0,0.0,0.0,1.8091843803634415,0.0,0.0,0.0,0.0,0.0
10.34,15.721694655605983,0.0,0.0,0.0,0.0,0.0,1.8091907366148487,0.0,0.0,0.0,0.0,0.0
10.35,15.739786562972132,0.0,0.0,0.0,0.0,0.0,1.8091970417826508,0.0,0.0,0.0,0.0,0.0
10.36,15.757878533389958,0.0,0.0,0.0,0.0,0.0,1.8092032962772344,0.0,0.0,0.0,0.0,0.0
10.370000000000001,15.775970566352731,0.0,0.0,0.0,0.0,0.0,1.8092095005056918,0.0,0.0,0.0,0.0,0.0
10.38,15.794062661357788,0.0,0.0,0.0,0.0,0.0,1.8092156548718472,0.0,0.0,0.0,0.0,0.0
10.39,15.812154817906507,0.0,0.0,0.0,0.0,0.0,1.809221759776283,0.0,0.0,0.0,0.0,0.0
10.4,15.83024703550427,0.0,0.0,0.0,0.0,0.0,1.809227815616366,0.0,0.0,0.0,0.0,0.0
10.41,15.848339313660434,0.0,0.0,0.0,0.0,0.0,1.809233822786273,0.0,0.0,0.0,0.0,0.0
10.42,15.866431651888297,0.0,0.0,0.0,0.0,0.0,1.8092397816770163,0.0,0.0,0.0,0.0,0.0
10.43,15.884524049705067,0.0,0.0,0.0,0.0,0.0,1.8092456926764693,0.0,0.0,0.0,0.0,0.0
10.44,15.902616506631832,0.0,0.0,0.0,0.0,0.0,1.8092515561693914,0.0,0.0,0.0,0.0,0.0
10.450000000000001,15.920709022193526,0.0,0.0,0.0,0.0,0.0,1.8092573725374532,0.0,0.0,0.0,0.0,0.0
10.46,15.9388015959189,0.0,0.0,0.0,0.0,0.0,1.809263142159261,0.0,0.0,0.0,0.0,0.0
10.47,15.956894227340493,0.0,0.0,0.0,0.0,0.0,1.8092688654103817,0.0,0.0,0.0,0.0,0.0
10.48,15.974986915994597,0.0,0.0,0.0,0.0,0.0,1.8092745426633667,0.0,0.0,0.0,0.0,0.0
10.49,15.99307966142123,0.0,0.0,0.0,0.0,0.0,1.8092801742877767,0.0,0.0,0.0,0.0,0.0
10.5,16.011172463164108,0.0,0.0,0.0,0.0,0.0,1.8092857606502049,0.0,0.0,0.0,0.0,0.0
10.51,16.02926532077061,0.0,0.0,0.0,0.0,0.0,1.8092913021143016,0.0,0.0,0.0,0.0,0.0
10.52,16.04735823379175,0.0,0.0,0.0,0.0,0.0,1.809296799040797,0.0,0.0,0.0,0.0,0.0
10.53,16.06545120178216,0.0,0.0,0.0,0.0,0.0,1.809302251787526,0.0,0.0,0.0,0.0,0.0
10.540000000000001,16.083544224300034,0.0,0.0,0.0,0.0,0.0,1.8093076607094492,0.0,0.0,0.0,0.0,0.0
10.55,16.10163730090713,0.0,0.0,0.0,0.0,0.0,1.8093130261586778,0.0,0.0,0.0,0.0,0.0
10.56,16.119730431168716,0.0,0.0,0.0,0.0,0.0,1.809318348484496,0.0,0.0,0.0,0.0,0.0
10.57,16.13782361465356,0.0,0.0,0.0,0.0,0.0,1.809323628033383,0.0,0.0,0.0,0.0,0.0
10.58,16.15591685093389,0.0,0.0,0.0,0.0,0.0,1.8093288651490367,0.0,0.0,0.0,0.0,0.0
10.59,16.17401013958538,0.0,0.0,0.0,0.0,0.0,1.8093340601723944,0.0,0.0,0.0,0.0,0.0
10.6,16.192103480187104,0.0,0.0,0.0,0.0,0.0,1.8093392134416566,0.0,0.0,0.0,0.0,0.0
10.61,16.21019687232152,0.0,0.0,0.0,0.0,0.0,1.809344325292308,0.0,0.0,0.0,0.0,0.0
10.620000000000001,16.228290315574444,0.0,0.0,0.0,0.0,0.0,1.8093493960571392,0.0,0.0,0.0,0.0,0.0
10.63,16.246383809535015,0.0,0.0,0.0,0.0,0.0,1.8093544260662688,0.0,0.0,0.0,0.0,0.0
10.64,16.264477353795677,0.0,0.0,0.0,0.0,0.0,1.8093594156471646,0.0,0.0,0.0,0.0,0.0
10.65,16.28257094795215,0.0,0.0,0.0,0.0,0.0,1.8093643651246647,0.0,0.0,0.0,0.0,0.0
10.66,16.300664591603397,0.0,0.0,0.0,0.0,0.0,1.809369274820999,0.0,0.0,0.0,0.0,0.0
10.67,16.318758284351606,0.0,0.0,0.0,0.0,0.0,1.8093741450558098,0.0,0.0,0.0,0.0,0.0
10.68,16.336852025802163,0.0,0.0,0.0,0.0,0.0,1.8093789761461723,0.0,0.0,0.0,0.0,0.0
10.69,16.354945815563624,0.0,0.0,0.0,0.0,0.0,1.8093837684066159,0.0,0.0,0.0,0.0,0.0
10.700000000000001,16.37303965324769,0.0,0.0,0.0,0.0,0.0,1.809388522149144,0.0,0.0,0.0,0.0,0.0
10.71,16.391133538469184,0.0,0.0,0.0,0.0,0.0,1.8093932376832544,0.0,0.0,0.0,0.0,0.0
10.72,16.409227470846016,0.0,0.0,0.0,0.0,0.0,1.80939791531596,0.0,0.0,0.0,0.0,0.0
10.73,16.427321449999177,0.0,0.0,0.0,0.0,0.0,1.8094025553518078,0.0,0.0,0.0,0.0,0.0
10.74,16.445415475552696,0.0,0.0,0.0,0.0,0.0,1.809407158092899,0.0,0.0,0.0,0.0,0.0
10.75,16.463509547133626,0.0,0.0,0.0,0.0,0.0,1.809411723838909,0.0,0.0,0.0,0.0,0.0
10.76,16.481603664372013,0.0,0.0,0.0,0.0,0.0,1.8094162528871065,0.0,0.0,0.0,0.0,0.0
10.77,16.499697826900885,0.0,0.0,0.0,0.0,0.0,1.8094207455323728,0.0,0.0,0.0,0.0,0.0
10.78,16.51779203435621,0.0,0.0,0.0,0.0,0.0,1.809425202067221,0.0,0.0,0.0,0.0,0.0
10.790000000000001,16.53588628637688,0.0,0.0,0.0,0.0,0.0,1.8094296227818152,0.0,0.0,0.0,0.0,0.0
10.8,16.553980582604698,0.0,0.0,0.0,0.0,0.0,1.809434007963989,0.0,0.0,0.0,0.0,0.0
10.81,16.572074922684337,0.0,0.0,0.0,0.0,0.0,1.8094383578992645,0.0,0.0,0.0,0.0,0.0
10.82,16.59016930626333,0.0,0.0,0.0,0.0,0.0,1.8094426728708708,0.0,0.0,0.0,0.0,0.0
10.83,16.60826373299204,0.0,0.0,0.0,0.0,0.0,1.809446953159762,0.0,0.0,0.0,0.0,0.0
10.84,16.626358202523637,0.0,0.0,0.0,0.0,0.0,1.8094511990446358,0.0,0.0,0.0,0.0,0.0
10.85,16.644452714514085,0.0,0.0,0.0,0.0,0.0,1.809455410801952,0.0,0.0,0.0,0.0,0.0
10.86,16.662547268622102,0.0,0.0,0.0,0.0,0.0,1.8094595887059495,0.0,0.0,0.0,0.0,0.0
10.870000000000001,16.680641864509163,0.0,0.0,0.0,0.0,0.0,1.809463733028665,0.0,0.0,0.0,0.0,0.0
10.88,16.69873650183945,0.0,0.0,0.0,0.0,0.0,1.8094678440399499,0.0,0.0,0.0,0.0,0.0
10.89,16.716831180279847,0.0,0.0,0.0,0.0,0.0,1.8094719220074886,0.0,0.0,0.0,0.0,0.0
10.9,16.73492589949992,0.0,0.0,0.0,0.0,0.0,1.8094759671968157,0.0,0.0,0.0,0.0,0.0
10.91,16.753020659171888,0.0,0.0,0.0,0.0,0.0,1.8094799798713326,0.0,0.0,0.0,0.0,0.0
10.92,16.771115458970602,0.0,0.0,0.0,0.0,0.0,1.8094839602923252,0.0,0.0,0.0,0.0,0.0
10.93,16.789210298573526,0.0,0.0,0.0,0.0,0.0,1.809487908718981,0.0,0.0,0.0,0.0,0.0
10.94,16.807305177660716,0.0,0.0,0.0,0.0,0.0,1.8094918254084054,0.0,0.0,0.0,0.0,0.0
10.950000000000001,16.8254000959148,0.0,0.0,0.0,0.0,0.0,1.8094957106156389,0.0,0.0,0.0,0.0,0.0
10.96,16.84349505302096,0.0,0.0,0.0,0.0,0.0,1.8094995645936736,0.0,0.0,0.0,0.0,0.0
10.97,16.861590048666894,0.0,0.0,0.0,0.0,0.0,1.8095033875934692,0.0,0.0,0.0,0.0,0.0
10.98,16.879685082542828,0.0,0.0,0.0,0.0,0.0,1.80950717986397,0.0,0.0,0.0,0.0,0.0
10.99,16.89778015434147,0.0,0.0,0.0,0.0,0.0,1.8095109416521202,0.0,0.0,0.0,0.0,0.0
11.0,16.91587526375799,0.0,0.0,0.0,0.0,0.0,1.809514673202881,0.0,0.0,0.0,0.0,0.0
11.01,16.93397041049002,0.0,0.0,0.0,0.0,0.0,1.8095183747592456,0.0,0.0,0.0,0.0,0.0
11.02,16.952065594237613,0.0,0.0,0.0,0.0,0.0,1.8095220465622555,0.0,0.0,0.0,0.0,0.0
11.03,16.970160814703235,0.0,0.0,0.0,0.0,0.0,1.809525688851016,0.0,0.0,0.0,0.0,0.0
11.040000000000001,16.988256071591746,0.0,0.0,0.0,0.0,0.0,1.8095293018627117,0.0,0.0,0.0,0.0,0.0
11.05,17.006351364610374,0.0,0.0,0.0,0.0,0.0,1.809532885832622,0.0,0.0,0.0,0.0,0.0
11.06,17.0244466934687,0.0,0.0,0.0,0.0,0.0,1.8095364409941366,0.0,0.0,0.0,0.0,0.0
11.07,17.04254205787864,0.0,0.0,0.0,0.0,0.0,1.8095399675787698,0.0,0.0,0.0,0.0,0.0
11.08,17.060637457554428,0.0,0.0,0.0,0.0,0.0,1.8095434658161769,0.0,0.0,0.0,0.0,0.0
11.09,17.07873289221259,0.0,0.0,0.0,0.0,0.0,1.8095469359341678,0.0,0.0,0.0,0.0,0.0
11.1,17.09682836157193,0.0,0.0,0.0,0.0,0.0,1.809550378158723,0.0,0.0,0.0,0.0,0.0
11.11,17.114923865353518,0.0,0.0,0.0,0.0,0.0,1.8095537927140073,0.0,0.0,0.0,0.0,0.0
11.120000000000001,17.13301940328066,0.0,0.0,0.0,0.0,0.0,1.8095571798223848,0.0,0.0,0.0,0.0,0.0
11.13,17.151114975078883,0.0,0.0,0.0,0.0,0.0,1.8095605397044334,0.0,0.0,0.0,0.0,0.0
11.14,17.169210580475927,0.0,0.0,0.0,0.0,0.0,1.8095638725789591,0.0,0.0,0.0,0.0,0.0
11.15,17.187306219201716,0.0,0.0,0.0,0.0,0.0,1.80956717866301,0.0,0.0,0.0,0.0,0.0
11.16,17.205401890988345,0.0,0.0,0.0,0.0,0.0,1.8095704581718908,0.0,0.0,0.0,0.0,0.0
11.17,17.223497595570063,0.0,0.0,0.0,0.0,0.0,1.8095737113191763,0.0,0.0,0.0,0.0,0.0
11.18,17.241593332683255,0.0,0.0,0.0,0.0,0.0,1.8095769383167262,0.0,0.0,0.0,0.0,0.0
11.19,17.25968910206642,0.0,0.0,0.0,0.0,0.0,1.8095801393746973,0.0,0.0,0.0,0.0,0.0
11.200000000000001,17.27778490346017,0.0,0.0,0.0,0.0,0.0,1.8095833147015588,0.0,0.0,0.0,0.0,0.0
11.21,17.295880736607185,0.0,0.0,0.0,0.0,0.0,1.8095864645041049,0.0,0.0,0.0,0.0,0.0
11.22,17.313976601252225,0.0,0.0,0.0,0.0,0.0,1.8095895889874687,0.0,0.0,0.0,0.0,0.0
11.23,17.3320724971421,0.0,0.0,0.0,0.0,0.0,1.809592688355135,0.0,0.0,0.0,0.0,0.0
11.24,17.35016842402565,0.0,0.0,0.0,0.0,0.0,1.809595762808954,0.0,0.0,0.0,0.0,0.0
11.25,17.36826438165374,0.0,0.0,0.0,0.0,0.0,1.8095988125491547,0.0,0.0,0.0,0.0,0.0
11.26,17.386360369779233,0.0,0.0,0.0,0.0,0.0,1.8096018377743568,0.0,0.0,0.0,0.0,0.0
11.27,17.404456388156976,0.0,0.0,0.0,0.0,0.0,1.8096048386815846,0.0,0.0,0.0,0.0,0.0
11.28,17.422552436543793,0.0,0.0,0.0,0.0,0.0,1.8096078154662798,0.0,0.0,0.0,0.0,0.0
11.290000000000001,17.440648514698456,0.0,0.0,0.0,0.0,0.0,1.8096107683223135,0.0,0.0,0.0,0.0,0.0
11.3,17.45874462238168,0.0,0.0,0.0,0.0,0.0,1.8096136974419994,0.0,0.0,0.0,0.0,0.0
11.31,17.4768407593561,0.0,0.0,0.0,0.0,0.0,1.8096166030161065,0.0,0.0,0.0,0.0,0.0
11.32,17.494936925386263,0.0,0.0,0.0,0.0,0.0,1.8096194852338705,0.0,0.0,0.0,0.0,0.0
11.33,17.513033120238603,0.0,0.0,0.0,0.0,0.0,1.8096223442830073,0.0,0.0,0.0,0.0,0.0
11.34,17.53112934368143,0.0,0.0,0.0,0.0,0.0,1.8096251803497243,0.0,0.0,0.0,0.0,0.0
11.35,17.54922559548493,0.0,0.0,0.0,0.0,0.0,1.809627993618733,0.0,0.0,0.0,0.0,0.0
11.36,17.56732187542112,0.0,0.0,0.0,0.0,0.0,1.8096307842732609,0.0,0.0,0.0,0.0,0.0
11.370000000000001,17.58541818326385,0.0,0.0,0.0,0.0,0.0,1.8096335524950633,0.0,0.0,0.0,0.0,0.0
11.38,17.603514518788803,0.0,0.0,0.0,0.0,0.0,1.8096362984644354,0.0,0.0,0.0,0.0,0.0
11.39,17.621610881773446,0.0,0.0,0.0,0.0,0.0,1.8096390223602237,0.0,0.0,0.0,0.0,0.0
11.4,17.639707271997047,0.0,0.0,0.0,0.0,0.0,1.8096417243598377,0.0,0.0,0.0,0.0,0.0
11.41,17.657803689240644,0.0,0.0,0.0,0.0,0.0,1.8096444046392617,0.0,0.0,0.0,0.0,0.0
11.42,17.675900133287037,0.0,0.0,0.0,0.0,0.0,1.809647063373066,0.0,0.0,0.0,0.0,0.0
11.43,17.693996603920766,0.0,0.0,0.0,0.0,0.0,1.8096497007344179,0.0,0.0,0.0,0.0,0.0
11.44,17.71209310092811,0.0,0.0,0.0,0.0,0.0,1.809652316895094,0.0,0.0,0.0,0.0,0.0
11.450000000000001,17.73018962409706,0.0,0.0,0.0,0.0,0.0,1.8096549120254903,0.0,0.0,0.0,0.0,0.0
11.46,17.748286173217316,0.0,0.0,0.0,0.0,0.0,1.809657486294634,0.0,0.0,0.0,0.0,0.0
11.47,17.76638274808026,0.0,0.0,0.0,0.0,0.0,1.8096600398701939,0.0,0.0,0.0,0.0,0.0
11.48,17.784479348478964,0.0,0.0,0.0,0.0,0.0,1.8096625729184916,0.0,0.0,0.0,0.0,0.0
11.49,17.80257597420815,0.0,0.0,0.0,0.0,0.0,1.809665085604513,0.0,0.0,0.0,0.0,0.0
11.5,17.820672625064194,0.0,0.0,0.0,0.0,0.0,1.8096675780919174,0.0,0.0,0.0,0.0,0.0
11.51,17.838769300845115,0.0,0.0,0.0,0.0,0.0,1.8096700505430496,0.0,0.0,0.0,0.0,0.0
11.52,17.856866001350546,0.0,0.0,0.0,0.0,0.0,1.8096725031189502,0.0,0.0,0.0,0.0,0.0
11.53,17.874962726381735,0.0,0.0,0.0,0.0,0.0,1.8096749359793654,0.0,0.0,0.0,0.0,0.0
11.540000000000001,17.893059475741527,0.0,0.0,0.0,0.0,0.0,1.809677349282758,0.0,0.0,0.0,0.0,0.0
11.55,17.911156249234356,0.0,0.0,0.0,0.0,0.0,1.8096797431863176,0.0,0.0,0.0,0.0,0.0
11.56,17.92925304666622,0.0,0.0,0.0,0.0,0.0,1.8096821178459708,0.0,0.0,0.0,0.0,0.0
11.57,17.94734986784468,0.0,0.0,0.0,0.0,0.0,1.809684473416391,0.0,0.0,0.0,0.0,0.0
11.58,17.965446712578842,0.0,0.0,0.0,0.0,0.0,1.8096868100510093,0.0,0.0,0.0,0.0,0.0
11.59,17.983543580679353,0.0,0.0,0.0,0.0,0.0,1.8096891279020233,0.0,0.0,0.0,0.0,0.0
11.6,18.00164047195837,0.0,0.0,0.0,0.0,0.0,1.809691427120408,0.0,0.0,0.0,0.0,0.0
11.61,18.019737386229576,0.0,0.0,0.0,0.0,0.0,1.8096937078559256,0.0,0.0,0.0,0.0,0.0
11.620000000000001,18.037834323308136,0.0,0.0,0.0,0.0,0.0,1.8096959702571342,0.0,0.0,0.0,0.0,0.0
11.63,18.055931283010707,0.0,0.0,0.0,0.0,0.0,1.8096982144713987,0.0,0.0,0.0,0.0,0.0
11.64,18.074028265155423,0.0,0.0,0.0,0.0,0.0,1.8097004406448995,0.0,0.0,0.0,0.0,0.0
11.65,18.092125269561873,0.0,0.0,0.0,0.0,0.0,1.8097026489226429,0.0,0.0,0.0,0.0,0.0
11.66,18.1102222960511,0.0,0.0,0.0,0.0,0.0,1.8097048394484696,0.0,0.0,0.0,0.0,0.0
11.67,18.128319344445583,0.0,0.0,0.0,0.0,0.0,1.8097070123650645,0.0,0.0,0.0,0.0,0.0
11.68,18.146416414569234,0.0,0.0,0.0,0.0,0.0,1.8097091678139658,0.0,0.0,0.0,0.0,0.0
11.69,18.164513506247374,0.0,0.0,0.0,0.0,0.0,1.809711305935575,0.0,0.0,0.0,0.0,0.0
11.700000000000001,18.18261061930673,0.0,0.0,0.0,0.0,0.0,1.8097134268691644,0.0,0.0,0.0,0.0,0.0
11.71,18.200707753575422,0.0,0.0,0.0,0.0,0.0,1.809715530752888,0.0,0.0,0.0,0.0,0.0
11.72,18.21880490888295,0.0,0.0,0.0,0.0,0.0,1.8097176177237893,0.0,0.0,0.0,0.0,0.0
11.73,18.23690208506019,0.0,0.0,0.0,0.0,0.0,1.8097196879178106,0.0,0.0,0.0,0.0,0.0
11.74,18.25499928193937,0.0,0.0,0.0,0.0,0.0,1.8097217414698017,0.0,0.0,0.0,0.0,0.0
11.75,18.273096499354068,0.0,0.0,0.0,0.0,0.0,1.809723778513529,0.0,0.0,0.0,0.0,0.0
11.76,18.291193737139203,0.0,0.0,0.0,0.0,0.0,1.8097257991816835,0.0,0.0,0.0,0.0,0.0
11.77,18.30929099513102,0.0,0.0,0.0,0.0,0.0,1.8097278036058906,0.0,0.0,0.0,0.0,0.0
11.78,18.327388273167077,0.0,0.0,0.0,0.0,0.0,1.8097297919167175,0.0,0.0,0.0,0.0,0.0
11.790000000000001,18.345485571086243,0.0,0.0,0.0,0.0,0.0,1.8097317642436823,0.0,0.0,0.0,0.0,0.0
11.8,18.36358288872868,0.0,0.0,0.0,0.0,0.0,1.8097337207152622,0.0,0.0,0.0,0.0,0.0
11.81,18.38168022593583,0.0,0.0,0.0,0.0,0.0,1.8097356614589022,0.0,0.0,0.0,0.0,0.0
11.82,18.39977758255042,0.0,0.0,0.0,0.0,0.0,1.8097375866010228,0.0,0.0,0.0,0.0,0.0
11.83,18.41787495841643,0.0,0.0,0.0,0.0,0.0,1.809739496267029,0.0,0.0,0.0,0.0,0.0
11.84,18.4359723533791,0.0,0.0,0.0,0.0,0.0,1.8097413905813178,0.0,0.0,0.0,0.0,0.0
11.85,18.454069767284913,0.0,0.0,0.0,0.0,0.0,1.8097432696672864,0.0,0.0,0.0,0.0,0.0
11.86,18.472167199981588,0.0,0.0,0.0,0.0,0.0,1.8097451336473405,0.0,0.0,0.0,0.0,0.0
11.870000000000001,18.49026465131806,0.0,0.0,0.0,0.0,0.0,1.8097469826429022,0.0,0.0,0.0,0.0,0.0
11.88,18.50836212114449,0.0,0.0,0.0,0.0,0.0,1.8097488167744178,0.0,0.0,0.0,0.0,0.0
11.89,18.526459609312234,0.0,0.0,0.0,0.0,0.0,1.8097506361613656,0.0,0.0,0.0,0.0,0.0
11.9,18.544557115673847,0.0,0.0,0.0,0.0,0.0,1.8097524409222636,0.0,0.0,0.0,0.0,0.0
11.91,18.562654640083068,0.0,0.0,0.0,0.0,0.0,1.8097542311746777,0.0,0.0,0.0,0.0,0.0
11.92,18.580752182394814,0.0,0.0,0.0,0.0,0.0,1.8097560070352288,0.0,0.0,0.0,0.0,0.0
11.93,18.598849742465166,0.0,0.0,0.0,0.0,0.0,1.8097577686196005,0.0,0.0,0.0,0.0,0.0
11.94,18.61694732015136,0.0,0.0,0.0,0.0,0.0,1.8097595160425468,0.0,0.0,0.0,0.0,0.0
11.950000000000001,18.635044915311788,0.0,0.0,0.0,0.0,0.0,1.8097612494178996,0.0,0.0,0.0,0.0,0.0
11.96,18.65314252780597,0.0,0.0,0.0,0.0,0.0,1.8097629688585761,0.0,0.0,0.0,0.0,0.0
11.97,18.671240157494555,0.0,0.0,0.0,0.0,0.0,1.8097646744765856,0.0,0.0,0.0,0.0,0.0
11.98,18.689337804239322,0.0,0.0,0.0,0.0,0.0,1.8097663663830377,0.0,0.0,0.0,0.0,0.0
11.99,18.707435467903153,0.0,0.0,0.0,0.0,0.0,1.8097680446881488,0.0,0.0,0.0,0.0,0.0
12.0,18.725533148350035,0.0,0.0,0.0,0.0,0.0,1.8097697095012495,0.0,0.0,0.0,0.0,0.0
12.01,18.743630845445047,0.0,0.0,0.0,0.0,0.0,1.809771360930792,0.0,0.0,0.0,0.0,0.0
12.02,18.761728559054355,0.0,0.0,0.0,0.0,0.0,1.8097729990843567,0.0,0.0,0.0,0.0,0.0
12.030000000000001,18.779826289045197,0.0,0.0,0.0,0.0,0.0,1.8097746240686596,0.0,0.0,0.0,0.0,0.0
12.040000000000001,18.797924035285885,0.0,0.0,0.0,0.0,0.0,1.809776235989559,0.0,0.0,0.0,0.0,0.0
12.05,18.81602179764578,0.0,0.0,0.0,0.0,0.0,1.8097778349520623,0.0,0.0,0.0,0.0,0.0
12.06,18.834119575995302,0.0,0.0,0.0,0.0,0.0,1.809779421060333,0.0,0.0,0.0,0.0,0.0
12.07,18.852217370205906,0.0,0.0,0.0,0.0,0.0,1.809780994417698,0.0,0.0,0.0,0.0,0.0
12.08,18.870315180150083,0.0,0.0,0.0,0.0,0.0,1.8097825551266526,0.0,0.0,0.0,0.0,0.0
12.09,18.88841300570135,0.0,0.0,0.0,0.0,0.0,1.8097841032888697,0.0,0.0,0.0,0.0,0.0
12.1,18.90651084673424,0.0,0.0,0.0,0.0,0.0,1.8097856390052045,0.0,0.0,0.0,0.0,0.0
12.11,18.924608703124292,0.0,0.0,0.0,0.0,0.0,1.8097871623757014,0.0,0.0,0.0,0.0,0.0
12.120000000000001,18.942706574748048,0.0,0.0,0.0,0.0,0.0,1.809788673499601,0.0,0.0,0.0,0.0,0.0
12.13,18.960804461483043,0.0,0.0,0.0,0.0,0.0,1.8097901724753465,0.0,0.0,0.0,0.0,0.0
12.14,18.978902363207798,0.0,0.0,0.0,0.0,0.0,1.8097916594005894,0.0,0.0,0.0,0.0,0.0
12.15,18.997000279801803,0.0,0.0,0.0,0.0,0.0,1.8097931343721971,0.0,0.0,0.0,0.0,0.0
12.16,19.015098211145524,0.0,0.0,0.0,0.0,0.0,1.809794597486258,0.0,0.0,0.0,0.0,0.0
12.17,19.033196157120386,0.0,0.0,0.0,0.0,0.0,1.809796048838088,0.0,0.0,0.0,0.0,0.0
12.18,19.051294117608766,0.0,0.0,0.0,0.0,0.0,1.8097974885222377,0.0,0.0,0.0,0.0,0.0
12.19,19.069392092493988,0.0,0.0,0.0,0.0,0.0,1.809798916632497,0.0,0.0,0.0,0.0,0.0
12.200000000000001,19.087490081660313,0.0,0.0,0.0,0.0,0.0,1.8098003332619028,0.0,0.0,0.0,0.0,0.0
12.21,19.10558808499293,0.0,0.0,0.0,0.0,0.0,1.8098017385027434,0.0,0.0,0.0,0.0,0.0
12.22,19.12368610237796,0.0,0.0,0.0,0.0,0.0,1.809803132446566,0.0,0.0,0.0,0.0,0.0
12.23,19.141784133702426,0.0,0.0,0.0,0.0,0.0,1.809804515184182,0.0,0.0,0.0,0.0,0.0
12.24,19.159882178854268,0.0,0.0,0.0,0.0,0.0,1.8098058868056726,0.0,0.0,0.0,0.0,0.0
12.25,19.177980237722323,0.0,0.0,0.0,0.0,0.0,1.809807247400395,0.0,0.0,0.0,0.0,0.0
12.26,19.196078310196327,0.0,0.0,0.0,0.0,0.0,1.8098085970569886,0.0,0.0,0.0,0.0,0.0
12.27,19.2141763961669,0.0,0.0,0.0,0.0,0.0,1.8098099358633803,0.0,0.0,0.0,0.0,0.0
12.280000000000001,19.232274495525534,0.0,0.0,0.0,0.0,0.0,1.80981126390679,0.0,0.0,0.0,0.0,0.0
12.290000000000001,19.2503726081646,0.0,0.0,0.0,0.0,0.0,1.809812581273737,0.0,0.0,0.0,0.0,0.0
12.3,19.26847073397734,0.0,0.0,0.0,0.0,0.0,1.8098138880500445,0.0,0.0,0.0,0.0,0.0
12.31,19.28656887285784,0.0,0.0,0.0,0.0,0.0,1.8098151843208468,0.0,0.0,0.0,0.0,0.0
12.32,19.304667024701047,0.0,0.0,0.0,0.0,0.0,1.8098164701705934,0.0,0.0,0.0,0.0,0.0
12.33,19.32276518940275,0.0,0.0,0.0,0.0,0.0,1.8098177456830555,0.0,0.0,0.0,0.0,0.0
12.34,19.340863366859583,0.0,0.0,0.0,0.0,0.0,1.8098190109413306,0.0,0.0,0.0,0.0,0.0
12.35,19.358961556968996,0.0,0.0,0.0,0.0,0.0,1.8098202660278482,0.0,0.0,0.0,0.0,0.0
12.36,19.377059759629276,0.0,0.0,0.0,0.0,0.0,1.8098215110243756,0.0,0.0,0.0,0.0,0.0
12.370000000000001,19.39515797473952,0.0,0.0,0.0,0.0,0.0,1.809822746012023,0.0,0.0,0.0,0.0,0.0
12.38,19.413256202199637,0.0,0.0,0.0,0.0,0.0,1.8098239710712485,0.0,0.0,0.0,0.0,0.0
12.39,19.43135444191035,0.0,0.0,0.0,0.0,0.0,1.8098251862818633,0.0,0.0,0.0,0.0,0.0
12.4,19.449452693773168,0.0,0.0,0.0,0.0,0.0,1.8098263917230375,0.0,0.0,0.0,0.0,0.0
12.41,19.4675509576904,0.0,0.0,0.0,0.0,0.0,1.8098275874733045,0.0,0.0,0.0,0.0,0.0
12.42,19.485649233565134,0.0,0.0,0.0,0.0,0.0,1.809828773610567,0.0,0.0,0.0,0.0,0.0
12.43,19.50374752130124,0.0,0.0,0.0,0.0,0.0,1.809829950212101,0.0,0.0,0.0,0.0,0.0
12.44,19.52184582080336,0.0,0.0,0.0,0.0,0.0,1.8098311173545618,0.0,0.0,0.0,0.0,0.0
12.450000000000001,19.539944131976906,0.0,0.0,0.0,0.0,0.0,1.8098322751139884,0.0,0.0,0.0,0.0,0.0
12.46,19.558042454728046,0.0,0.0,0.0,0.0,0.0,1.8098334235658087,0.0,0.0,0.0,0.0,0.0
12.47,19.576140788963706,0.0,0.0,0.0,0.0,0.0,1.8098345627848442,0.0,0.0,0.0,0.0,0.0
12.48,19.594239134591554,0.0,0.0,0.0,0.0,0.0,1.8098356928453152,0.0,0.0,0.0,0.0,0.0
12.49,19.612337491520005,0.0,0.0,0.0,0.0,0.0,1.8098368138208452,0.0,0.0,0.0,0.0,0.0
12.5,19.630435859658213,0.0,0.0,0.0,0.0,0.0,1.8098379257844661,0.0,0.0,0.0,0.0,0.0
12.51,19.648534238916056,0.0,0.0,0.0,0.0,0.0,1.8098390288086228,0.0,0.0,0.0,0.0,0.0
12.52,19.66663262920414,0.0,0.0,0.0,0.0,0.0,1.809840122965178,0.0,0.0,0.0,0.0,0.0
12.530000000000001,19.68473103043379,0.0,0.0,0.0,0.0,0.0,1.8098412083254165,0.0,0.0,0.0,0.0,0.0
12.540000000000001,19.702829442517046,0.0,0.0,0.0,0.0,0.0,1.8098422849600506,0.0,0.0,0.0,0.0,0.0
12.55,19.720927865366647,0.0,0.0,0.0,0.0,0.0,1.8098433529392237,0.0,0.0,0.0,0.0,0.0
12.56,19.73902629889604,0.0,0.0,0.0,0.0,0.0,1.8098444123325157,0.0,0.0,0.0,0.0,0.0
12.57,19.757124743019364,0.0,0.0,0.0,0.0,0.0,1.8098454632089471,0.0,0.0,0.0,0.0,0.0
12.58,19.775223197651453,0.0,0.0,0.0,0.0,0.0,1.809846505636984,0.0,0.0,0.0,0.0,0.0
12.59,19.79332166270782,0.0,0.0,0.0,0.0,0.0,1.8098475396845415,0.0,0.0,0.0,0.0,0.0
12.6,19.811420138104666,0.0,0.0,0.0,0.0,0.0,1.8098485654189895,0.0,0.0,0.0,0.0,0.0
12.61,19.829518623758855,0.0,0.0,0.0,0.0,0.0,1.809849582907156,0.0,0.0,0.0,0.0,0.0
12.620000000000001,19.847617119587927,0.0,0.0,0.0,0.0,0.0,1.8098505922153318,0.0,0.0,0.0,0.0,0.0
12.63,19.86571562551008,0.0,0.0,0.0,0.0,0.0,1.8098515934092752,0.0,0.0,0.0,0.0,0.0
12.64,19.883814141444173,0.0,0.0,0.0,0.0,0.0,1.8098525865542154,0.0,0.0,0.0,0.0,0.0
12.65,19.901912667309716,0.0,0.0,0.0,0.0,0.0,1.809853571714858,0.0,0.0,0.0,0.0,0.0
12.66,19.920011203026863,0.0,0.0,0.0,0.0,0.0,1.809854548955388,0.0,0.0,0.0,0.0,0.0
12.67,19.938109748516418,0.0,0.0,0.0,0.0,0.0,1.8098555183394747,0.0,0.0,0.0,0.0,0.0
12.68,19.956208303699814,0.0,0.0,0.0,0.0,0.0,1.8098564799302754,0.0,0.0,0.0,0.0,0.0
12.69,19.974306868499117,0.0,0.0,0.0,0.0,0.0,1.80985743379044,0.0,0.0,0.0,0.0,0.0
12.700000000000001,19.992405442837022,0.0,0.0,0.0,0.0,0.0,1.8098583799821146,0.0,0.0,0.0,0.0,0.0
12.71,20.010504026636845,0.0,0.0,0.0,0.0,0.0,1.809859318566946,0.0,0.0,0.0,0.0,0.0
12.72,20.028602619822514,0.0,0.0,0.0,0.0,0.0,1.8098602496060852,0.0,0.0,0.0,0.0,0.0
12.73,20.046701222318575,0.0,0.0,0.0,0.0,0.0,1.809861173160192,0.0,0.0,0.0,0.0,0.0
12.74,20.064799834050177,0.0,0.0,0.0,0.0,0.0,1.8098620892894381,0.0,0.0,0.0,0.0,0.0
12.75,20.08289845494307,0.0,0.0,0.0,0.0,0.0,1.8098629980535124,0.0,0.0,0.0,0.0,0.0
12.76,20.100997084923605,0.0,0.0,0.0,0.0,0.0,1.809863899511623,0.0,0.0,0.0,0.0,0.0
12.77,20.119095723918722,0.0,0.0,0.0,0.0,0.0,1.8098647937225028,0.0,0.0,0.0,0.0,0.0
12.780000000000001,20.137194371855948,0.0,0.0,0.0,0.0,0.0,1.8098656807444125,0.0,0.0,0.0,0.0,0.0
12.790000000000001,20.15529302866339,0.0,0.0,0.0,0.0,0.0,1.809866560635144,0.0,0.0,0.0,0.0,0.0
12.8,20.173391694269743,0.0,0.0,0.0,0.0,0.0,1.8098674334520253,0.0,0.0,0.0,0.0,0.0
12.81,20.191490368604263,0.0,0.0,0.0,0.0,0.0,1.8098682992519233,0.0,0.0,0.0,0.0,0.0
12.82,20.209589051596783,0.0,0.0,0.0,0.0,0.0,1.8098691580912476,0.0,0.0,0.0,0.0,0.0
12.83,20.227687743177697,0.0,0.0,0.0,0.0,0.0,1.8098700100259548,0.0,0.0,0.0,0.0,0.0
12.84,20.245786443277957,0.0,0.0,0.0,0.0,0.0,1.8098708551115514,0.0,0.0,0.0,0.0,0.0
12.85,20.263885151829072,0.0,0.0,0.0,0.0,0.0,1.8098716934030978,0.0,0.0,0.0,0.0,0.0
12.86,20.281983868763103,0.0,0.0,0.0,0.0,0.0,1.8098725249552117,0.0,0.0,0.0,0.0,0.0
12.870000000000001,20.300082594012654,0.0,0.0,0.0,0.0,0.0,1.809873349822072,0.0,0.0,0.0,0.0,0.0
12.88,20.318181327510874,0.0,0.0,0.0,0.0,0.0,1.809874168057422,0.0,0.0,0.0,0.0,0.0
12.89,20.33628006919145,0.0,0.0,0.0,0.0,0.0,1.809874979714573,0.0,0.0,0.0,0.0,0.0
12.9,20.354378818988597,0.0,0.0,0.0,0.0,0.0,1.8098757848464078,0.0,0.0,0.0,0.0,0.0
12.91,20.37247757683706,0.0,0.0,0.0,0.0,0.0,1.8098765835053838,0.0,0.0,0.0,0.0,0.0
12.92,20.390576342672112,0.0,0.0,0.0,0.0,0.0,1.8098773757435374,0.0,0.0,0.0,0.0,0.0
12.93,20.40867511642955,0.0,0.0,0.0,0.0,0.0,1.809878161612486,0.0,0.0,0.0,0.0,0.0
12.94,20.426773898045674,0.0,0.0,0.0,0.0,0.0,1.8098789411634324,0.0,0.0,0.0,0.0,0.0
12.950000000000001,20.44487268745731,0.0,0.0,0.0,0.0,0.0,1.8098797144471679,0.0,0.0,0.0,0.0,0.0
12.96,20.46297148460178,0.0,0.0,0.0,0.0,0.0,1.8098804815140754,0.0,0.0,0.0,0.0,0.0
12.97,20.48107028941692,0.0,0.0,0.0,0.0,0.0,1.8098812424141328,0.0,0.0,0.0,0.0,0.0
12.98,20.499169101841062,0.0,0.0,0.0,0.0,0.0,1.8098819971969164,0.0,0.0,0.0,0.0,0.0
12.99,20.51726792181303,0.0,0.0,0.0,0.0,0.0,1.8098827459116038,0.0,0.0,0.0,0.0,0.0
13.0,20.535366749272146,0.0,0.0,0.0,0.0,0.0,1.8098834886069775,0.0,0.0,0.0,0.0,0.0
13.01,20.553465584158214,0.0,0.0,0.0,0.0,0.0,1.8098842253314276,0.0,0.0,0.0,0.0,0.0
13.02,20.571564426411527,0.0,0.0,0.0,0.0,0.0,1.8098849561329553,0.0,0.0,0.0,0.0,0.0
13.030000000000001,20.589663275972857,0.0,0.0,0.0,0.0,0.0,1.8098856810591761,0.0,0.0,0.0,0.0,0.0
13.040000000000001,20.60776213278345,0.0,0.0,0.0,0.0,0.0,1.8098864001573227,0.0,0.0,0.0,0.0,0.0
13.05,20.625860996785022,0.0,0.0,0.0,0.0,0.0,1.809887113474248,0.0,0.0,0.0,0.0,0.0
13.06,20.643959867919765,0.0,0.0,0.0,0.0,0.0,1.8098878210564284,0.0,0.0,0.0,0.0,0.0
13.07,20.66205874613033,0.0,0.0,0.0,0.0,0.0,1.8098885229499666,0.0,0.0,0.0,0.0,0.0
13.08,20.68015763135983,0.0,0.0,0.0,0.0,0.0,1.8098892192005946,0.0,0.0,0.0,0.0,0.0
13.09,20.698256523551837,0.0,0.0,0.0,0.0,0.0,1.8098899098536771,0.0,0.0,0.0,0.0,0.0
13.1,20.716355422650373,0.0,0.0,0.0,0.0,0.0,1.809890594954214,0.0,0.0,0.0,0.0,0.0
13.11,20.734454328599917,0.0,0.0,0.0,0.0,0.0,1.8098912745468432,0.0,0.0,0.0,0.0,0.0
13.120000000000001,20.752553241345385,0.0,0.0,0.0,0.0,0.0,1.809891948675844,0.0,0.0,0.0,0.0,0.0
13.13,20.770652160832142,0.0,0.0,0.0,0.0,0.0,1.80989261738514,0.0,0.0,0.0,0.0,0.0
13.14,20.788751087005995,0.0,0.0,0.0,0.0,0.0,1.8098932807183015,0.0,0.0,0.0,0.0,0.0
13.15,20.80685001981318,0.0,0.0,0.0,0.0,0.0,1.8098939387185484,0.0,0.0,0.0,0.0,0.0
13.16,20.824948959200366,0.0,0.0,0.0,0.0,0.0,1.8098945914287532,0.0,0.0,0.0,0.0,0.0
13.17,20.843047905114656,0.0,0.0,0.0,0.0,0.0,1.809895238891444,0.0,0.0,0.0,0.0,0.0
13.18,20.86114685750357,0.0,0.0,0.0,0.0,0.0,1.809895881148807,0.0,0.0,0.0,0.0,0.0
13.19,20.87924581631506,0.0,0.0,0.0,0.0,0.0,1.8098965182426892,0.0,0.0,0.0,0.0,0.0
13.200000000000001,20.897344781497488,0.0,0.0,0.0,0.0,0.0,1.809897150214601,0.0,0.0,0.0,0.0,0.0
13.21,20.915443752999632,0.0,0.0,0.0,0.0,0.0,1.8098977771057194,0.0,0.0,0.0,0.0,0.0
13.22,20.93354273077069,0.0,0.0,0.0,0.0,0.0,1.8098983989568904,0.0,0.0,0.0,0.0,0.0
13.23,20.951641714760257,0.0,0.0,0.0,0.0,0.0,1.8098990158086314,0.0,0.0,0.0,0.0,0.0
13.24,20.969740704918344,0.0,0.0,0.0,0.0,0.0,1.8098996277011343,0.0,0.0,0.0,0.0,0.0
13.25,20.987839701195355,0.0,0.0,0.0,0.0,0.0,1.809900234674268,0.0,0.0,0.0,0.0,0.0
13.26,21.0059387035421,0.0,0.0,0.0,0.0,0.0,1.8099008367675806,0.0,0.0,0.0,0.0,0.0
13.27,21.024037711909777,0.0,0.0,0.0,0.0,0.0,1.8099014340203026,0.0,0.0,0.0,0.0,0.0
13.280000000000001,21.04213672624998,0.0,0.0,0.0,0.0,0.0,1.8099020264713488,0.0,0.0,0.0,0.0,0.0
13.290000000000001,21.060235746514692,0.0,0.0,0.0,0.0,0.0,1.8099026141593215,0.0,0.0,0.0,0.0,0.0
13.3,21.078334772656287,0.0,0.0,0.0,0.0,0.0,1.8099031971225126,0.0,0.0,0.0,0.0,0.0
13.31,21.096433804627512,0.0,0.0,0.0,0.0,0.0,1.809903775398906,0.0,0.0,0.0,0.0,0.0
13.32,21.1145328423815,0.0,0.0,0.0,0.0,0.0,1.8099043490261804,0.0,0.0,0.0,0.0,0.0
13.33,21.132631885871763,0.0,0.0,0.0,0.0,0.0,1.8099049180417117,0.0,0.0,0.0,0.0,0.0
13.34,21.15073093505218,0.0,0.0,0.0,0.0,0.0,1.809905482482575,0.0,0.0,0.0,0.0,0.0
13.35,21.168829989877008,0.0,0.0,0.0,0.0,0.0,1.809906042385548,0.0,0.0,0.0,0.0,0.0
13.36,21.18692905030086,0.0,0.0,0.0,0.0,0.0,1.809906597787112,0.0,0.0,0.0,0.0,0.0
13.370000000000001,21.205028116278733,0.0,0.0,0.0,0.0,0.0,1.8099071487234557,0.0,0.0,0.0,0.0,0.0
13.38,21.223127187765968,0.0,0.0,0.0,0.0,0.0,1.8099076952304765,0.0,0.0,0.0,0.0,0.0
13.39,21.24122626471827,0.0,0.0,0.0,0.0,0.0,1.8099082373437831,0.0,0.0,0.0,0.0,0.0
13.4,21.25932534709171,0.0,0.0,0.0,0.0,0.0,1.8099087750986984,0.0,0.0,0.0,0.0,0.0
13.41,21.277424434842697,0.0,0.0,0.0,0.0,0.0,1.8099093085302609,0.0,0.0,0.0,0.0,0.0
13.42,21.295523527928,0.0,0.0,0.0,0.0,0.0,1.8099098376732277,0.0,0.0,0.0,0.0,0.0
13.43,21.313622626304735,0.0,0.0,0.0,0.0,0.0,1.8099103625620765,0.0,0.0,0.0,0.0,0.0
13.44,21.331721729930354,0.0,0.0,0.0,0.0,0.0,1.8099108832310076,0.0,0.0,0.0,0.0,0.0
13.450000000000001,21.349820838762664,0.0,0.0,0.0,0.0,0.0,1.8099113997139467,0.0,0.0,0.0,0.0,0.0
13.46,21.367919952759802,0.0,0.0,0.0,0.0,0.0,1.8099119120445466,0.0,0.0,0.0,0.0,0.0
13.47,21.38601907188025,0.0,0.0,0.0,0.0,0.0,1.8099124202561894,0.0,0.0,0.0,0.0,0.0
13.48,21.40411819608281,0.0,0.0,0.0,0.0,0.0,1.8099129243819891,0.0,0.0,0.0,0.0,0.0
13.49,21.422217325326628,0.0,0.0,0.0,0.0,0.0,1.8099134244547936,0.0,0.0,0.0,0.0,0.0
13.5,21.440316459571175,0.0,0.0,0.0,0.0,0.0,1.8099139205071864,0.0,0.0,0.0,0.0,0.0
13.51,21.45841559877625,0.0,0.0,0.0,0.0,0.0,1.8099144125714892,0.0,0.0,0.0,0.0,0.0
13.52,21.476514742901962,0.0,0.0,0.0,0.0,0.0,1.8099149006797641,0.0,0.0,0.0,0.0,0.0
13.530000000000001,21.49461389190876,0.0,0.0,0.0,0.0,0.0,1.809915384863815,0.0,0.0,0.0,0.0,0.0
13.540000000000001,21.512713045757398,0.0,0.0,0.0,0.0,0.0,1.8099158651551905,0.0,0.0,0.0,0.0,0.0
13.55,21.53081220440895,0.0,0.0,0.0,0.0,0.0,1.8099163415851856,0.0,0.0,0.0,0.0,0.0
13.56,21.5489113678248,0.0,0.0,0.0,0.0,0.0,1.8099168141848432,0.0,0.0,0.0,0.0,0.0
13.57,21.56701053596665,0.0,0.0,0.0,0.0,0.0,1.8099172829849572,0.0,0.0,0.0,0.0,0.0
13.58,21.585109708796498,0.0,0.0,0.0,0.0,0.0,1.809917748016074,0.0,0.0,0.0,0.0,0.0
13.59,21.603208886276658,0.0,0.0,0.0,0.0,0.0,1.809918209308494,0.0,0.0,0.0,0.0,0.0
13.6,21.621308068369743,0.0,0.0,0.0,0.0,0.0,1.8099186668922742,0.0,0.0,0.0,0.0,0.0
13.61,21.639407255038666,0.0,0.0,0.0,0.0,0.0,1.8099191207972303,0.0,0.0,0.0,0.0,0.0
13.620000000000001,21.65750644624664,0.0,0.0,0.0,0.0,0.0,1.8099195710529377,0.0,0.0,0.0,0.0,0.0
13.63,21.67560564195717,0.0,0.0,0.0,0.0,0.0,1.8099200176887345,0.0,0.0,0.0,0.0,0.0
13.64,21.693704842134057,0.0,0.0,0.0,0.0,0.0,1.8099204607337227,0.0,0.0,0.0,0.0,0.0
13.65,21.711804046741396,0.0,0.0,0.0,0.0,0.0,1.8099209002167707,0.0,0.0,0.0,0.0,0.0
13.66,21.72990325574356,0.0,0.0,0.0,0.0,0.0,1.8099213361665143,0.0,0.0,0.0,0.0,0.0
13.67,21.748002469105227,0.0,0.0,0.0,0.0,0.0,1.8099217686113596,0.0,0.0,0.0,0.0,0.0
13.68,21.76610168679134,0.0,0.0,0.0,0.0,0.0,1.809922197579484,0.0,0.0,0.0,0.0,0.0
13.69,21.784200908767136,0.0,0.0,0.0,0.0,0.0,1.8099226230988383,0.0,0.0,0.0,0.0,0.0
13.700000000000001,21.802300134998124,0.0,0.0,0.0,0.0,0.0,1.8099230451971493,0.0,0.0,0.0,0.0,0.0
13.71,21.820399365450093,0.0,0.0,0.0,0.0,0.0,1.8099234639019202,0.0,0.0,0.0,0.0,0.0
13.72,21.838498600089114,0.0,0.0,0.0,0.0,0.0,1.809923879240433,0.0,0.0,0.0,0.0,0.0
13.73,21.85659783888152,0.0,0.0,0.0,0.0,0.0,1.8099242912397513,0.0,0.0,0.0,0.0,0.0
13.74,21.87469708179392,0.0,0.0,0.0,0.0,0.0,1.80992469992672,0.0,0.0,0.0,0.0,0.0
13.75,21.892796328793185,0.0,0.0,0.0,0.0,0.0,1.809925105327969,0.0,0.0,0.0,0.0,0.0
13.76,21.910895579846464,0.0,0.0,0.0,0.0,0.0,1.8099255074699137,0.0,0.0,0.0,0.0,0.0
13.77,21.928994834921163,0.0,0.0,0.0,0.0,0.0,1.8099259063787572,0.0,0.0,0.0,0.0,0.0
13.780000000000001,21.94709409398495,0.0,0.0,0.0,0.0,0.0,1.8099263020804923,0.0,0.0,0.0,0.0,0.0
13.790000000000001,21.965193357005756,0.0,0.0,0.0,0.0,0.0,1.8099266946009025,0.0,0.0,0.0,0.0,0.0
13.8,21.983292623951765,0.0,0.0,0.0,0.0,0.0,1.809927083965564,0.0,0.0,0.0,0.0,0.0
13.81,22.00139189479142,0.0,0.0,0.0,0.0,0.0,1.8099274701998473,0.0,0.0,0.0,0.0,0.0
13.82,22.01949116949342,0.0,0.0,0.0,0.0,0.0,1.8099278533289194,0.0,0.0,0.0,0.0,0.0
13.83,22.03759044802671,0.0,0.0,0.0,0.0,0.0,1.8099282333777447,0.0,0.0,0.0,0.0,0.0
13.84,22.055689730360488,0.0,0.0,0.0,0.0,0.0,1.8099286103710868,0.0,0.0,0.0,0.0,0.0
13.85,22.0737890164642,0.0,0.0,0.0,0.0,0.0,1.8099289843335102,0.0,0.0,0.0,0.0,0.0
13.86,22.091888306307535,0.0,0.0,0.0,0.0,0.0,1.8099293552893823,0.0,0.0,0.0,0.0,0.0
13.870000000000001,22.10998759986043,0.0,0.0,0.0,0.0,0.0,1.8099297232628744,0.0,0.0,0.0,0.0,0.0
13.88,22.128086897093056,0.0,0.0,0.0,0.0,0.0,1.8099300882779632,0.0,0.0,0.0,0.0,0.0
13.89,22.146186197975837,0.0,0.0,0.0,0.0,0.0,1.809930450358433,0.0,0.0,0.0,0.0,0.0
13.9,22.16428550247942,0.0,0.0,0.0,0.0,0.0,1.809930809527877,0.0,0.0,0.0,0.0,0.0
13.91,22.1823848105747,0.0,0.0,0.0,0.0,0.0,1.8099311658096982,0.0,0.0,0.0,0.0,0.0
13.92,22.200484122232798,0.0,0.0,0.0,0.0,0.0,1.809931519227112,0.0,0.0,0.0,0.0,0.0
13.93,22.218583437425067,0.0,0.0,0.0,0.0,0.0,1.8099318698031468,0.0,0.0,0.0,0.0,0.0
13.94,22.2366827561231,0.0,0.0,0.0,0.0,0.0,1.809932217560646,0.0,0.0,0.0,0.0,0.0
13.950000000000001,22.254782078298703,0.0,0.0,0.0,0.0,0.0,1.8099325625222695,0.0,0.0,0.0,0.0,0.0
13.96,22.272881403923925,0.0,0.0,0.0,0.0,0.0,1.8099329047104948,0.0,0.0,0.0,0.0,0.0
13.97,22.29098073297103,0.0,0.0,0.0,0.0,0.0,1.8099332441476188,0.0,0.0,0.0,0.0,0.0
13.98,22.309080065412505,0.0,0.0,0.0,0.0,0.0,1.8099335808557593,0.0,0.0,0.0,0.0,0.0
13.99,22.327179401221063,0.0,0.0,0.0,0.0,0.0,1.809933914856856,0.0,0.0,0.0,0.0,0.0
14.0,22.345278740369633,0.0,0.0,0.0,0.0,0.0,1.8099342461726724,0.0,0.0,0.0,0.0,0.0
14.01,22.36337808283136,0.0,0.0,0.0,0.0,0.0,1.809934574824797,0.0,0.0,0.0,0.0,0.0
14.02,22.381477428579608,0.0,0.0,0.0,0.0,0.0,1.8099349008346448,0.0,0.0,0.0,0.0,0.0
14.030000000000001,22.399576777587953,0.0,0.0,0.0,0.0,0.0,1.8099352242234585,0.0,0.0,0.0,0.0,0.0
14.040000000000001,22.417676129830188,0.0,0.0,0.0,0.0,0.0,1.80993554501231,0.0,0.0,0.0,0.0,0.0
14.05,22.43577548528031,0.0,0.0,0.0,0.0,0.0,1.809935863222102,0.0,0.0,0.0,0.0,0.0
14.06,22.45387484391253,0.0,0.0,0.0,0.0,0.0,1.8099361788735693,0.0,0.0,0.0,0.0,0.0
14.07,22.471974205701265,0.0,0.0,0.0,0.0,0.0,1.8099364919872796,0.0,0.0,0.0,0.0,0.0
14.08,22.49007357062114,0.0,0.0,0.0,0.0,0.0,1.8099368025836353,0.0,0.0,0.0,0.0,0.0
14.09,22.508172938646975,0.0,0.0,0.0,0.0,0.0,1.809937110682875,0.0,0.0,0.0,0.0,0.0
14.1,22.526272309753804,0.0,0.0,0.0,0.0,0.0,1.8099374163050745,0.0,0.0,0.0,0.0,0.0
14.11,22.544371683916854,0.0,0.0,0.0,0.0,0.0,1.8099377194701483,0.0,0.0,0.0,0.0,0.0
14.120000000000001,22.562471061111555,0.0,0.0,0.0,0.0,0.0,1.8099380201978506,0.0,0.0,0.0,0.0,0.0
14.13,22.580570441313533,0.0,0.0,0.0,0.0,0.0,1.8099383185077769,0.0,0.0,0.0,0.0,0.0
14.14,22.59866982449861,0.0,0.0,0.0,0.0,0.0,1.8099386144193652,0.0,0.0,0.0,0.0,0.0
14.15,22.616769210642804,0.0,0.0,0.0,0.0,0.0,1.809938907951897,0.0,0.0,0.0,0.0,0.0
14.16,22.634868599722324,0.0,0.0,0.0,0.0,0.0,1.8099391991244993,0.0,0.0,0.0,0.0,0.0
14.17,22.65296799171357,0.0,0.0,0.0,0.0,0.0,1.8099394879561448,0.0,0.0,0.0,0.0,0.0
14.18,22.671067386593133,0.0,0.0,0.0,0.0,0.0,1.809939774465654,0.0,0.0,0.0,0.0,0.0
14.19,22.68916678433779,0.0,0.0,0.0,0.0,0.0,1.8099400586716958,0.0,0.0,0.0,0.0,0.0
14.200000000000001,22.707266184924507,0.0,0.0,0.0,0.0,0.0,1.8099403405927894,0.0,0.0,0.0,0.0,0.0
14.21,22.725365588330433,0.0,0.0,0.0,0.0,0.0,1.809940620247305,0.0,0.0,0.0,0.0,0.0
14.22,22.743464994532907,0.0,0.0,0.0,0.0,0.0,1.8099408976534648,0.0,0.0,0.0,0.0,0.0
14.23,22.761564403509443,0.0,0.0,0.0,0.0,0.0,1.8099411728293446,0.0,0.0,0.0,0.0,0.0
14.24,22.779663815237736,0.0,0.0,0.0,0.0,0.0,1.8099414457928755,0.0,0.0,0.0,0.0,0.0
14.25,22.797763229695665,0.0,0.0,0.0,0.0,0.0,1.8099417165618437,0.0,0.0,0.0,0.0,0.0
14.26,22.815862646861284,0.0,0.0,0.0,0.0,0.0,1.8099419851538925,0.0,0.0,0.0,0.0,0.0
14.27,22.83396206671282,0.0,0.0,0.0,0.0,0.0,1.8099422515865238,0.0,0.0,0.0,0.0,0.0
14.280000000000001,22.852061489228685,0.0,0.0,0.0,0.0,0.0,1.8099425158770983,0.0,0.0,0.0,0.0,0.0
14.290000000000001,22.870160914387455,0.0,0.0,0.0,0.0,0.0,1.8099427780428377,0.0,0.0,0.0,0.0,0.0
14.3,22.888260342167882,0.0,0.0,0.0,0.0,0.0,1.8099430381008246,0.0,0.0,0.0,0.0,0.0
14.31,22.90635977254889,0.0,0.0,0.0,0.0,0.0,1.8099432960680046,0.0,0.0,0.0,0.0,0.0
14.32,22.924459205509567,0.0,0.0,0.0,0.0,0.0,1.8099435519611873,0.0,0.0,0.0,0.0,0.0
14.33,22.94255864102918,0.0,0.0,0.0,0.0,0.0,1.8099438057970465,0.0,0.0,0.0,0.0,0.0
14.34,22.96065807908715,0.0,0.0,0.0,0.0,0.0,1.8099440575921226,0.0,0.0,0.0,0.0,0.0
14.35,22.97875751966307,0.0,0.0,0.0,0.0,0.0,1.8099443073628227,0.0,0.0,0.0,0.0,0.0
14.36,22.996856962736697,0.0,0.0,0.0,0.0,0.0,1.8099445551254223,0.0,0.0,0.0,0.0,0.0
14.370000000000001,23.01495640828795,0.0,0.0,0.0,0.0,0.0,1.8099448008960657,0.0,0.0,0.0,0.0,0.0
14.38,23.03305585629691,0.0,0.0,0.0,0.0,0.0,1.8099450446907674,0.0,0.0,0.0,0.0,0.0
14.39,23.05115530674382,0.0,0.0,0.0,0.0,0.0,1.8099452865254135,0.0,0.0,0.0,0.0,0.0
14.4,23.069254759609073,0.0,0.0,0.0,0.0,0.0,1.809945526415762,0.0,0.0,0.0,0.0,0.0
14.41,23.08735421487323,0.0,0.0,0.0,0.0,0.0,1.8099457643774446,0.0,0.0,0.0,0.0,0.0
14.42,23.105453672517005,0.0,0.0,0.0,0.0,0.0,1.8099460004259669,0.0,0.0,0.0,0.0,0.0
14.43,23.123553132521263,0.0,0.0,0.0,0.0,0.0,1.8099462345767101,0.0,0.0,0.0,0.0,0.0
14.44,23.14165259486703,0.0,0.0,0.0,0.0,0.0,1.8099464668449319,0.0,0.0,0.0,0.0,0.0
14.450000000000001,23.159752059535478,0.0,0.0,0.0,0.0,0.0,1.809946697245767,0.0,0.0,0.0,0.0,0.0
14.46,23.177851526507936,0.0,0.0,0.0,0.0,0.0,1.8099469257942287,0.0,0.0,0.0,0.0,0.0
14.47,23.19595099576588,0.0,0.0,0.0,0.0,0.0,1.8099471525052093,0.0,0.0,0.0,0.0,0.0
14.48,23.21405046729093,0.0,0.0,0.0,0.0,0.0,1.8099473773934818,0.0,0.0,0.0,0.0,0.0
14.49,23.232149941064865,0.0,0.0,0.0,0.0,0.0,1.8099476004736998,0.0,0.0,0.0,0.0,0.0
14.5,23.2502494170696,0.0,0.0,0.0,0.0,0.0,1.8099478217604,0.0,0.0,0.0,0.0,0.0
14.51,23.268348895287204,0.0,0.0,0.0,0.0,0.0,1.8099480412680011,0.0,0.0,0.0,0.0,0.0
14.52,23.286448375699884,0.0,0.0,0.0,0.0,0.0,1.809948259010807,0.0,0.0,0.0,0.0,0.0
14.530000000000001,23.304547858289993,0.0,0.0,0.0,0.0,0.0,1.8099484750030057,0.0,0.0,0.0,0.0,0.0
14.540000000000001,23.322647343040025,0.0,0.0,0.0,0.0,0.0,1.8099486892586718,0.0,0.0,0.0,0.0,0.0
14.55,23.340746829932613,0.0,0.0,0.0,0.0,0.0,1.8099489017917665,0.0,0.0,0.0,0.0,0.0
14.56,23.35884631895053,0.0,0.0,0.0,0.0,0.0,1.8099491126161387,0.0,0.0,0.0,0.0,0.0
14.57,23.37694581007669,0.0,0.0,0.0,0.0,0.0,1.8099493217455258,0.0,0.0,0.0,0.0,0.0
14.58,23.395045303294147,0.0,0.0,0.0,0.0,0.0,1.8099495291935552,0.0,0.0,0.0,0.0,0.0
14.59,23.41314479858608,0.0,0.0,0.0,0.0,0.0,1.8099497349737443,0.0,0.0,0.0,0.0,0.0
14.6,23.43124429593582,0.0,0.0,0.0,0.0,0.0,1.8099499390995022,0.0,0.0,0.0,0.0,0.0
14.61,23.449343795326815,0.0,0.0,0.0,0.0,0.0,1.80995014158413,0.0,0.0,0.0,0.0,0.0
14.620000000000001,23.467443296742655,0.0,0.0,0.0,0.0,0.0,1.8099503424408219,0.0,0.0,0.0,0.0,0.0
14.63,23.485542800167064,0.0,0.0,0.0,0.0,0.0,1.809950541682666,0.0,0.0,0.0,0.0,0.0
14.64,23.50364230558389,0.0,0.0,0.0,0.0,0.0,1.809950739322645,0.0,0.0,0.0,0.0,0.0
14.65,23.52174181297712,0.0,0.0,0.0,0.0,0.0,1.8099509353736378,0.0,0.0,0.0,0.0,0.0
14.66,23.539841322330854,0.0,0.0,0.0,0.0,0.0,1.809951129848419,0.0,0.0,0.0,0.0,0.0
14.67,23.55794083362934,0.0,0.0,0.0,0.0,0.0,1.809951322759661,0.0,0.0,0.0,0.0,0.0
14.68,23.576040346856935,0.0,0.0,0.0,0.0,0.0,1.8099515141199345,0.0,0.0,0.0,0.0,0.0
14.69,23.594139861998134,0.0,0.0,0.0,0.0,0.0,1.8099517039417086,0.0,0.0,0.0,0.0,0.0
14.700000000000001,23.61223937903755,0.0,0.0,0.0,0.0,0.0,1.8099518922373523,0.0,0.0,0.0,0.0,0.0
14.71,23.630338897959923,0.0,0.0,0.0,0.0,0.0,1.8099520790191352,0.0,0.0,0.0,0.0,0.0
14.72,23.648438418750114,0.0,0.0,0.0,0.0,0.0,1.8099522642992285,0.0,0.0,0.0,0.0,0.0
14.73,23.666537941393106,0.0,0.0,0.0,0.0,0.0,1.8099524480897053,0.0,0.0,0.0,0.0,0.0
14.74,23.684637465874,0.0,0.0,0.0,0.0,0.0,1.8099526304025417,0.0,0.0,0.0,0.0,0.0
14.75,23.702736992178025,0.0,0.0,0.0,0.0,0.0,1.8099528112496175,0.0,0.0,0.0,0.0,0.0
14.76,23.720836520290522,0.0,0.0,0.0,0.0,0.0,1.809952990642717,0.0,0.0,0.0,0.0,0.0
14.77,23.738936050196948,0.0,0.0,0.0,0.0,0.0,1.8099531685935297,0.0,0.0,0.0,0.0,0.0
14.780000000000001,23.75703558188288,0.0,0.0,0.0,0.0,0.0,1.8099533451136514,0.0,0.0,0.0,0.0,0.0
14.790000000000001,23.775135115334017,0.0,0.0,0.0,0.0,0.0,1.8099535202145842,0.0,0.0,0.0,0.0,0.0
14.8,23.793234650536164,0.0,0.0,0.0,0.0,0.0,1.8099536939077383,0.0,0.0,0.0,0.0,0.0
14.81,23.81133418747524,0.0,0.0,0.0,0.0,0.0,1.8099538662044317,0.0,0.0,0.0,0.0,0.0
14.82,23.829433726137285,0.0,0.0,0.0,0.0,0.0,1.8099540371158913,0.0,0.0,0.0,0.0,0.0
14.83,23.847533266508446,0.0,0.0,0.0,0.0,0.0,1.8099542066532543,0.0,0.0,0.0,0.0,0.0
14.84,23.86563280857498,0.0,0.0,0.0,0.0,0.0,1.8099543748275682,0.0,0.0,0.0,0.0,0.0
14.85,23.883732352323253,0.0,0.0,0.0,0.0,0.0,1.8099545416497913,0.0,0.0,0.0,0.0,0.0
14.86,23.90183189773975,0.0,0.0,0.0,0.0,0.0,1.809954707130794,0.0,0.0,0.0,0.0,0.0
14.870000000000001,23.91993144481106,0.0,0.0,0.0,0.0,0.0,1.8099548712813596,0.0,0.0,0.0,0.0,0.0
14.88,23.938030993523874,0.0,0.0,0.0,0.0,0.0,1.8099550341121842,0.0,0.0,0.0,0.0,0.0
14.89,23.956130543864997,0.0,0.0,0.0,0.0,0.0,1.8099551956338784,0.0,0.0,0.0,0.0,0.0
14.9,23.974230095821337,0.0,0.0,0.0,0.0,0.0,1.8099553558569672,0.0,0.0,0.0,0.0,0.0
14.91,23.992329649379908,0.0,0.0,0.0,0.0,0.0,1.809955514791891,0.0,0.0,0.0,0.0,0.0
14.92,24.010429204527828,0.0,0.0,0.0,0.0,0.0,1.8099556724490065,0.0,0.0,0.0,0.0,0.0
14.93,24.028528761252318,0.0,0.0,0.0,0.0,0.0,1.8099558288385866,0.0,0.0,0.0,0.0,0.0
14.94,24.046628319540705,0.0,0.0,0.0,0.0,0.0,1.8099559839708221,0.0,0.0,0.0,0.0,0.0
14.950000000000001,24.064727879380413,0.0,0.0,0.0,0.0,0.0,1.809956137855822,0.0,0.0,0.0,0.0,0.0
14.96,24.082827440758972,0.0,0.0,0.0,0.0,0.0,1.8099562905036135,0.0,0.0,0.0,0.0,0.0
14.97,24.100927003664008,0.0,0.0,0.0,0.0,0.0,1.8099564419241434,0.0,0.0,0.0,0.0,0.0
14.98,24.11902656808325,0.0,0.0,0.0,0.0,0.0,1.8099565921272787,0.0,0.0,0.0,0.0,0.0
14.99,24.13712613400452,0.0,0.0,0.0,0.0,0.0,1.8099567411228068,0.0,0.0,0.0,0.0,0.0
15.0,24.15522570141575,0.0,0.0,0.0,0.0,0.0,1.8099568889204367,0.0,0.0,0.0,0.0,0.0
15.01,24.173325270304954,0.0,0.0,0.0,0.0,0.0,1.8099570355297994,0.0,0.0,0.0,0.0,0.0
15.02,24.19142484066025,0.0,0.0,0.0,0.0,0.0,1.8099571809604478,0.0,0.0,0.0,0.0,0.0
15.030000000000001,24.209524412469854,0.0,0.0,0.0,0.0,0.0,1.8099573252218588,0.0,0.0,0.0,0.0,0.0
15.040000000000001,24.227623985722072,0.0,0.0,0.0,0.0,0.0,1.8099574683234327,0.0,0.0,0.0,0.0,0.0
15.05,24.245723560405306,0.0,0.0,0.0,0.0,0.0,1.8099576102744945,0.0,0.0,0.0,0.0,0.0
15.06,24.26382313650805,0.0,0.0,0.0,0.0,0.0,1.809957751084294,0.0,0.0,0.0,0.0,0.0
15.07,24.281922714018894,0.0,0.0,0.0,0.0,0.0,1.8099578907620062,0.0,0.0,0.0,0.0,0.0
15.08,24.300022292926514,0.0,0.0,0.0,0.0,0.0,1.8099580293167332,0.0,0.0,0.0,0.0,0.0
15.09,24.31812187321968,0.0,0.0,0.0,0.0,0.0,1.8099581667575035,0.0,0.0,0.0,0.0,0.0
15.1,24.336221454887255,0.0,0.0,0.0,0.0,0.0,1.809958303093273,0.0,0.0,0.0,0.0,0.0
15.11,24.354321037918186,0.0,0.0,0.0,0.0,0.0,1.809958438332926,0.0,0.0,0.0,0.0,0.0
15.120000000000001,24.372420622301515,0.0,0.0,0.0,0.0,0.0,1.8099585724852745,0.0,0.0,0.0,0.0,0.0
15.13,24.390520208026366,0.0,0.0,0.0,0.0,0.0,1.8099587055590605,0.0,0.0,0.0,0.0,0.0
15.14,24.408619795081957,0.0,0.0,0.0,0.0,0.0,1.8099588375629552,0.0,0.0,0.0,0.0,0.0
15.15,24.426719383457588,0.0,0.0,0.0,0.0,0.0,1.8099589685055604,0.0,0.0,0.0,0.0,0.0
15.16,24.44481897314264,0.0,0.0,0.0,0.0,0.0,1.8099590983954086,0.0,0.0,0.0,0.0,0.0
15.17,24.462918564126596,0.0,0.0,0.0,0.0,0.0,1.8099592272409637,0.0,0.0,0.0,0.0,0.0
15.18,24.481018156399006,0.0,0.0,0.0,0.0,0.0,1.8099593550506214,0.0,0.0,0.0,0.0,0.0
15.19,24.499117749949512,0.0,0.0,0.0,0.0,0.0,1.8099594818327105,0.0,0.0,0.0,0.0,0.0
15.200000000000001,24.51721734476784,0.0,0.0,0.0,0.0,0.0,1.809959607595492,0.0,0.0,0.0,0.0,0.0
15.21,24.535316940843796,0.0,0.0,0.0,0.0,0.0,1.8099597323471612,0.0,0.0,0.0,0.0,0.0
15.22,24.553416538167266,0.0,0.0,0.0,0.0,0.0,1.8099598560958472,0.0,0.0,0.0,0.0,0.0
15.23,24.571516136728224,0.0,0.0,0.0,0.0,0.0,1.8099599788496135,0.0,0.0,0.0,0.0,0.0
15.24,24.58961573651672,0.0,0.0,0.0,0.0,0.0,1.8099601006164592,0.0,0.0,0.0,0.0,0.0
15.25,24.607715337522883,0.0,0.0,0.0,0.0,0.0,1.809960221404319,0.0,0.0,0.0,0.0,0.0
15.26,24.625814939736927,0.0,0.0,0.0,0.0,0.0,1.8099603412210634,0.0,0.0,0.0,0.0,0.0
15.27,24.643914543149137,0.0,0.0,0.0,0.0,0.0,1.8099604600745005,0.0,0.0,0.0,0.0,0.0
15.280000000000001,24.662014147749883,0.0,0.0,0.0,0.0,0.0,1.8099605779723746,0.0,0.0,0.0,0.0,0.0
15.290000000000001,24.680113753529607,0.0,0.0,0.0,0.0,0.0,1.8099606949223686,0.0,0.0,0.0,0.0,0.0
15.3,24.69821336047883,0.0,0.0,0.0,0.0,0.0,1.809960810932103,0.0,0.0,0.0,0.0,0.0
15.31,24.716312968588152,0.0,0.0,0.0,0.0,0.0,1.8099609260091374,0.0,0.0,0.0,0.0,0.0
15.32,24.734412577848243,0.0,0.0,0.0,0.0,0.0,1.8099610401609703,0.0,0.0,0.0,0.0,0.0
15.33,24.752512188249852,0.0,0.0,0.0,0.0,0.0,1.8099611533950404,0.0,0.0,0.0,0.0,0.0
15.34,24.770611799783804,0.0,0.0,0.0,0.0,0.0,1.809961265718726,0.0,0.0,0.0,0.0,0.0
15.35,24.788711412440993,0.0,0.0,0.0,0.0,0.0,1.8099613771393468,0.0,0.0,0.0,0.0,0.0
15.36,24.806811026212387,0.0,0.0,0.0,0.0,0.0,1.809961487664163,0.0,0.0,0.0,0.0,0.0
15.370000000000001,24.82491064108903,0.0,0.0,0.0,0.0,0.0,1.8099615973003766,0.0,0.0,0.0,0.0,0.0
15.38,24.843010257062033,0.0,0.0,0.0,0.0,0.0,1.809961706055132,0.0,0.0,0.0,0.0,0.0
15.39,24.861109874122583,0.0,0.0,0.0,0.0,0.0,1.809961813935516,0.0,0.0,0.0,0.0,0.0
15.4,24.87920949226194,0.0,0.0,0.0,0.0,0.0,1.8099619209485582,0.0,0.0,0.0,0.0,0.0
15.41,24.897309111471426,0.0,0.0,0.0,0.0,0.0,1.8099620271012318,0.0,0.0,0.0,0.0,0.0
15.42,24.91540873174244,0.0,0.0,0.0,0.0,0.0,1.809962132400454,0.0,0.0,0.0,0.0,0.0
15.43,24.933508353066443,0.0,0.0,0.0,0.0,0.0,1.8099622368530865,0.0,0.0,0.0,0.0,0.0
15.44,24.951607975434975,0.0,0.0,0.0,0.0,0.0,1.8099623404659355,0.0,0.0,0.0,0.0,0.0
15.450000000000001,24.969707598839634,0.0,0.0,0.0,0.0,0.0,1.8099624432457528,0.0,0.0,0.0,0.0,0.0
15.46,24.987807223272092,0.0,0.0,0.0,0.0,0.0,1.809962545199236,0.0,0.0,0.0,0.0,0.0
15.47,25.005906848724084,0.0,0.0,0.0,0.0,0.0,1.8099626463330285,0.0,0.0,0.0,0.0,0.0
15.48,25.024006475187413,0.0,0.0,0.0,0.0,0.0,1.8099627466537203,0.0,0.0,0.0,0.0,0.0
15.49,25.04210610265395,0.0,0.0,0.0,0.0,0.0,1.8099628461678487,0.0,0.0,0.0,0.0,0.0
15.5,25.060205731115627,0.0,0.0,0.0,0.0,0.0,1.8099629448818984,0.0,0.0,0.0,0.0,0.0
15.51,25.078305360564446,0.0,0.0,0.0,0.0,0.0,1.8099630428023017,0.0,0.0,0.0,0.0,0.0
15.52,25.09640499099247,0.0,0.0,0.0,0.0,0.0,1.8099631399354394,0.0,0.0,0.0,0.0,0.0
15.530000000000001,25.114504622391824,0.0,0.0,0.0,0.0,0.0,1.8099632362876412,0.0,0.0,0.0,0.0,0.0
15.540000000000001,25.1326042547547,0.0,0.0,0.0,0.0,0.0,1.8099633318651855,0.0,0.0,0.0,0.0,0.0
15.55,25.150703888073352,0.0,0.0,0.0,0.0,0.0,1.8099634266743003,0.0,0.0,0.0,0.0,0.0
15.56,25.168803522340095,0.0,0.0,0.0,0.0,0.0,1.8099635207211637,0.0,0.0,0.0,0.0,0.0
15.57,25.186903157547306,0.0,0.0,0.0,0.0,0.0,1.8099636140119042,0.0,0.0,0.0,0.0,0.0
15.58,25.205002793687424,0.0,0.0,0.0,0.0,0.0,1.8099637065526006,0.0,0.0,0.0,0.0,0.0
15.59,25.22310243075295,0.0,0.0,0.0,0.0,0.0,1.8099637983492833,0.0,0.0,0.0,0.0,0.0
15.6,25.241202068736442,0.0,0.0,0.0,0.0,0.0,1.809963889407934,0.0,0.0,0.0,0.0,0.0
15.610000000000001,25.25930170763052,0.0,0.0,0.0,0.0,0.0,1.8099639797344862,0.0,0.0,0.0,0.0,0.0
15.620000000000001,25.277401347427865,0.0,0.0,0.0,0.0,0.0,1.809964069334826,0.0,0.0,0.0,0.0,0.0
15.63,25.295500988121212,0.0,0.0,0.0,0.0,0.0,1.809964158214792,0.0,0.0,0.0,0.0,0.0
15.64,25.31360062970336,0.0,0.0,0.0,0.0,0.0,1.809964246380176,0.0,0.0,0.0,0.0,0.0
15.65,25.33170027216716,0.0,0.0,0.0,0.0,0.0,1.8099643338367226,0.0,0.0,0.0,0.0,0.0
15.66,25.34979991550553,0.0,0.0,0.0,0.0,0.0,1.8099644205901313,0.0,0.0,0.0,0.0,0.0
15.67,25.36789955971143,0.0,0.0,0.0,0.0,0.0,1.8099645066460548,0.0,0.0,0.0,0.0,0.0
15.68,25.38599920477789,0.0,0.0,0.0,0.0,0.0,1.8099645920101008,0.0,0.0,0.0,0.0,0.0
15.69,25.40409885069799,0.0,0.0,0.0,0.0,0.0,1.8099646766878321,0.0,0.0,0.0,0.0,0.0
15.700000000000001,25.42219849746487,0.0,0.0,0.0,0.0,0.0,1.8099647606847664,0.0,0.0,0.0,0.0,0.0
15.71,25.44029814507172,0.0,0.0,0.0,0.0,0.0,1.8099648440063774,0.0,0.0,0.0,0.0,0.0
15.72,25.458397793511782,0.0,0.0,0.0,0.0,0.0,1.8099649266580942,0.0,0.0,0.0,0.0,0.0
15.73,25.476497442778363,0.0,0.0,0.0,0.0,0.0,1.8099650086453027,0.0,0.0,0.0,0.0,0.0
15.74,25.494597092864815,0.0,0.0,0.0,0.0,0.0,1.8099650899733457,0.0,0.0,0.0,0.0,0.0
15.75,25.512696743764547,0.0,0.0,0.0,0.0,0.0,1.8099651706475226,0.0,0.0,0.0,0.0,0.0
15.76,25.53079639547102,0.0,0.0,0.0,0.0,0.0,1.8099652506730903,0.0,0.0,0.0,0.0,0.0
15.77,25.548896047977752,0.0,0.0,0.0,0.0,0.0,1.8099653300552636,0.0,0.0,0.0,0.0,0.0
15.780000000000001,25.566995701278305,0.0,0.0,0.0,0.0,0.0,1.8099654087992152,0.0,0.0,0.0,0.0,0.0
15.790000000000001,25.5850953553663,0.0,0.0,0.0,0.0,0.0,1.8099654869100763,0.0,0.0,0.0,0.0,0.0
15.8,25.6031950102354,0.0,0.0,0.0,0.0,0.0,1.8099655643929369,0.0,0.0,0.0,0.0,0.0
15.81,25.62129466587933,0.0,0.0,0.0,0.0,0.0,1.809965641252846,0.0,0.0,0.0,0.0,0.0
15.82,25.639394322291857,0.0,0.0,0.0,0.0,0.0,1.809965717494812,0.0,0.0,0.0,0.0,0.0
15.83,25.657493979466803,0.0,0.0,0.0,0.0,0.0,1.8099657931238031,0.0,0.0,0.0,0.0,0.0
15.84,25.67559363739804,0.0,0.0,0.0,0.0,0.0,1.8099658681447475,0.0,0.0,0.0,0.0,0.0
15.85,25.693693296079488,0.0,0.0,0.0,0.0,0.0,1.8099659425625336,0.0,0.0,0.0,0.0,0.0
15.860000000000001,25.711792955505114,0.0,0.0,0.0,0.0,0.0,1.809966016382011,0.0,0.0,0.0,0.0,0.0
15.870000000000001,25.729892615668934,0.0,0.0,0.0,0.0,0.0,1.8099660896079899,0.0,0.0,0.0,0.0,0.0
15.88,25.747992276565014,0.0,0.0,0.0,0.0,0.0,1.8099661622452419,0.0,0.0,0.0,0.0,0.0
15.89,25.76609193818747,0.0,0.0,0.0,0.0,0.0,1.8099662342985001,0.0,0.0,0.0,0.0,0.0
15.9,25.784191600530452,0.0,0.0,0.0,0.0,0.0,1.80996630577246,0.0,0.0,0.0,0.0,0.0
15.91,25.802291263588177,0.0,0.0,0.0,0.0,0.0,1.8099663766717788,0.0,0.0,0.0,0.0,0.0
15.92,25.820390927354897,0.0,0.0,0.0,0.0,0.0,1.8099664470010768,0.0,0.0,0.0,0.0,0.0
15.93,25.838490591824907,0.0,0.0,0.0,0.0,0.0,1.8099665167649366,0.0,0.0,0.0,0.0,0.0
15.94,25.856590256992558,0.0,0.0,0.0,0.0,0.0,1.8099665859679042,0.0,0.0,0.0,0.0,0.0
15.950000000000001,25.874689922852237,0.0,0.0,0.0,0.0,0.0,1.8099666546144892,0.0,0.0,0.0,0.0,0.0
15.96,25.892789589398383,0.0,0.0,0.0,0.0,0.0,1.809966722709165,0.0,0.0,0.0,0.0,0.0
15.97,25.910889256625474,0.0,0.0,0.0,0.0,0.0,1.8099667902563685,0.0,0.0,0.0,0.0,0.0
15.98,25.92898892452804,0.0,0.0,0.0,0.0,0.0,1.8099668572605017,0.0,0.0,0.0,0.0,0.0
15.99,25.947088593100645,0.0,0.0,0.0,0.0,0.0,1.8099669237259304,0.0,0.0,0.0,0.0,0.0
16.0,25.965188262337904,0.0,0.0,0.0,0.0,0.0,1.8099669896569859,0.0,0.0,0.0,0.0,0.0
16.01,25.983287932234475,0.0,0.0,0.0,0.0,0.0,1.8099670550579643,0.0,0.0,0.0,0.0,0.0
16.02,26.001387602785055,0.0,0.0,0.0,0.0,0.0,1.8099671199331275,0.0,0.0,0.0,0.0,0.0
16.03,26.019487273984385,0.0,0.0,0.0,0.0,0.0,1.809967184286703,0.0,0.0,0.0,0.0,0.0
16.04,26.037586945827254,0.0,0.0,0.0,0.0,0.0,1.8099672481228841,0.0,0.0,0.0,0.0,0.0
16.05,26.05568661830848,0.0,0.0,0.0,0.0,0.0,1.8099673114458308,0.0,0.0,0.0,0.0,0.0
16.06,26.07378629142294,0.0,0.0,0.0,0.0,0.0,1.8099673742596691,0.0,0.0,0.0,0.0,0.0
16.07,26.091885965165538,0.0,0.0,0.0,0.0,0.0,1.8099674365684926,0.0,0.0,0.0,0.0,0.0
16.080000000000002,26.109985639531224,0.0,0.0,0.0,0.0,0.0,1.8099674983763612,0.0,0.0,0.0,0.0,0.0
16.09,26.128085314514987,0.0,0.0,0.0,0.0,0.0,1.8099675596873026,0.0,0.0,0.0,0.0,0.0
16.1,26.14618499011186,0.0,0.0,0.0,0.0,0.0,1.809967620505312,0.0,0.0,0.0,0.0,0.0
16.11,26.164284666316913,0.0,0.0,0.0,0.0,0.0,1.8099676808343523,0.0,0.0,0.0,0.0,0.0
16.12,26.182384343125257,0.0,0.0,0.0,0.0,0.0,1.809967740678355,0.0,0.0,0.0,0.0,0.0
16.13,26.20048402053204,0.0,0.0,0.0,0.0,0.0,1.8099678000412196,0.0,0.0,0.0,0.0,0.0
16.14,26.218583698532452,0.0,0.0,0.0,0.0,0.0,1.8099678589268144,0.0,0.0,0.0,0.0,0.0
16.15,26.23668337712172,0.0,0.0,0.0,0.0,0.0,1.8099679173389767,0.0,0.0,0.0,0.0,0.0
16.16,26.25478305629511,0.0,0.0,0.0,0.0,0.0,1.8099679752815128,0.0,0.0,0.0,0.0,0.0
16.17,26.272882736047926,0.0,0.0,0.0,0.0,0.0,1.8099680327581982,0.0,0.0,0.0,0.0,0.0
16.18,26.290982416375506,0.0,0.0,0.0,0.0,0.0,1.8099680897727783,0.0,0.0,0.0,0.0,0.0
16.19,26.309082097273233,0.0,0.0,0.0,0.0,0.0,1.8099681463289687,0.0,0.0,0.0,0.0,0.0
16.2,26.327181778736524,0.0,0.0,0.0,0.0,0.0,1.8099682024304544,0.0,0.0,0.0,0.0,0.0
16.21,26.345281460760827,0.0,0.0,0.0,0.0,0.0,1.8099682580808913,0.0,0.0,0.0,0.0,0.0
16.22,26.363381143341634,0.0,0.0,0.0,0.0,0.0,1.809968313283906,0.0,0.0,0.0,0.0,0.0
16.23,26.381480826474473,0.0,0.0,0.0,0.0,0.0,1.8099683680430954,0.0,0.0,0.0,0.0,0.0
16.240000000000002,26.399580510154905,0.0,0.0,0.0,0.0,0.0,1.8099684223620278,0.0,0.0,0.0,0.0,0.0
16.25,26.417680194378526,0.0,0.0,0.0,0.0,0.0,1.8099684762442427,0.0,0.0,0.0,0.0,0.0
16.26,26.43577987914097,0.0,0.0,0.0,0.0,0.0,1.8099685296932515,0.0,0.0,0.0,0.0,0.0
16.27,26.4538795644379,0.0,0.0,0.0,0.0,0.0,1.809968582712537,0.0,0.0,0.0,0.0,0.0
16.28,26.471979250265026,0.0,0.0,0.0,0.0,0.0,1.809968635305554,0.0,0.0,0.0,0.0,0.0
16.29,26.49007893661808,0.0,0.0,0.0,0.0,0.0,1.80996868747573,0.0,0.0,0.0,0.0,0.0
16.3,26.508178623492835,0.0,0.0,0.0,0.0,0.0,1.809968739226464,0.0,0.0,0.0,0.0,0.0
16.31,26.5262783108851,0.0,0.0,0.0,0.0,0.0,1.8099687905611288,0.0,0.0,0.0,0.0,0.0
16.32,26.54437799879071,0.0,0.0,0.0,0.0,0.0,1.8099688414830692,0.0,0.0,0.0,0.0,0.0
16.330000000000002,26.562477687205543,0.0,0.0,0.0,0.0,0.0,1.8099688919956036,0.0,0.0,0.0,0.0,0.0
16.34,26.5805773761255,0.0,0.0,0.0,0.0,0.0,1.8099689421020235,0.0,0.0,0.0,0.0,0.0
16.35,26.59867706554652,0.0,0.0,0.0,0.0,0.0,1.8099689918055941,0.0,0.0,0.0,0.0,0.0
16.36,26.616776755464578,0.0,0.0,0.0,0.0,0.0,1.8099690411095541,0.0,0.0,0.0,0.0,0.0
16.37,26.634876445875673,0.0,0.0,0.0,0.0,0.0,1.8099690900171164,0.0,0.0,0.0,0.0,0.0
16.38,26.652976136775845,0.0,0.0,0.0,0.0,0.0,1.8099691385314678,0.0,0.0,0.0,0.0,0.0
16.39,26.67107582816116,0.0,0.0,0.0,0.0,0.0,1.80996918665577,0.0,0.0,0.0,0.0,0.0
16.4,26.689175520027717,0.0,0.0,0.0,0.0,0.0,1.8099692343931586,0.0,0.0,0.0,0.0,0.0
16.41,26.70727521237165,0.0,0.0,0.0,0.0,0.0,1.8099692817467445,0.0,0.0,0.0,0.0,0.0
16.42,26.725374905189117,0.0,0.0,0.0,0.0,0.0,1.8099693287196135,0.0,0.0,0.0,0.0,0.0
16.43,26.743474598476315,0.0,0.0,0.0,0.0,0.0,1.8099693753148263,0.0,0.0,0.0,0.0,0.0
16.44,26.76157429222946,0.0,0.0,0.0,0.0,0.0,1.8099694215354194,0.0,0.0,0.0,0.0,0.0
16.45,26.779673986444816,0.0,0.0,0.0,0.0,0.0,1.8099694673844045,0.0,0.0,0.0,0.0,0.0
16.46,26.79777368111866,0.0,0.0,0.0,0.0,0.0,1.8099695128647693,0.0,0.0,0.0,0.0,0.0
16.47,26.815873376247307,0.0,0.0,0.0,0.0,0.0,1.8099695579794777,0.0,0.0,0.0,0.0,0.0
16.48,26.833973071827103,0.0,0.0,0.0,0.0,0.0,1.8099696027314693,0.0,0.0,0.0,0.0,0.0
16.490000000000002,26.852072767854416,0.0,0.0,0.0,0.0,0.0,1.8099696471236604,0.0,0.0,0.0,0.0,0.0
16.5,26.870172464325652,0.0,0.0,0.0,0.0,0.0,1.8099696911589436,0.0,0.0,0.0,0.0,0.0
16.51,26.888272161237243,0.0,0.0,0.0,0.0,0.0,1.8099697348401884,0.0,0.0,0.0,0.0,0.0
16.52,26.906371858585644,0.0,0.0,0.0,0.0,0.0,1.8099697781702413,0.0,0.0,0.0,0.0,0.0
16.53,26.924471556367347,0.0,0.0,0.0,0.0,0.0,1.8099698211519257,0.0,0.0,0.0,0.0,0.0
16.54,26.942571254578866,0.0,0.0,0.0,0.0,0.0,1.8099698637880428,0.0,0.0,0.0,0.0,0.0
16.55,26.960670953216745,0.0,0.0,0.0,0.0,0.0,1.8099699060813705,0.0,0.0,0.0,0.0,0.0
16.56,26.978770652277557,0.0,0.0,0.0,0.0,0.0,1.809969948034665,0.0,0.0,0.0,0.0,0.0
16.57,26.996870351757902,0.0,0.0,0.0,0.0,0.0,1.80996998965066,0.0,0.0,0.0,0.0,0.0
16.580000000000002,27.01497005165441,0.0,0.0,0.0,0.0,0.0,1.8099700309320674,0.0,0.0,0.0,0.0,0.0
16.59,27.03306975196373,0.0,0.0,0.0,0.0,0.0,1.8099700718815772,0.0,0.0,0.0,0.0,0.0
16.6,27.051169452682547,0.0,0.0,0.0,0.0,0.0,1.809970112501858,0.0,0.0,0.0,0.0,0.0
16.61,27.069269153807564,0.0,0.0,0.0,0.0,0.0,1.8099701527955565,0.0,0.0,0.0,0.0,0.0
16.62,27.08736885533552,0.0,0.0,0.0,0.0,0.0,1.8099701927652985,0.0,0.0,0.0,0.0,0.0
16.63,27.105468557263173,0.0,0.0,0.0,0.0,0.0,1.8099702324136886,0.0,0.0,0.0,0.0,0.0
16.64,27.12356825958731,0.0,0.0,0.0,0.0,0.0,1.8099702717433104,0.0,0.0,0.0,0.0,0.0
16.65,27.14166796230474,0.0,0.0,0.0,0.0,0.0,1.8099703107567267,0.0,0.0,0.0,0.0,0.0
16.66,27.159767665412307,0.0,0.0,0.0,0.0,0.0,1.8099703494564796,0.0,0.0,0.0,0.0,0.0
16.67,27.17786736890687,0.0,0.0,0.0,0.0,0.0,1.8099703878450912,0.0,0.0,0.0,0.0,0.0
16.68,27.195967072785322,0.0,0.0,0.0,0.0,0.0,1.8099704259250629,0.0,0.0,0.0,0.0,0.0
16.69,27.21406677704457,0.0,0.0,0.0,0.0,0.0,1.809970463698876,0.0,0.0,0.0,0.0,0.0
16.7,27.23216648168156,0.0,0.0,0.0,0.0,0.0,1.8099705011689924,0.0,0.0,0.0,0.0,0.0
16.71,27.25026618669325,0.0,0.0,0.0,0.0,0.0,1.8099705383378533,0.0,0.0,0.0,0.0,0.0
16.72,27.268365892076627,0.0,0.0,0.0,0.0,0.0,1.809970575207881,0.0,0.0,0.0,0.0,0.0
16.73,27.286465597828705,0.0,0.0,0.0,0.0,0.0,1.809970611781478,0.0,0.0,0.0,0.0,0.0
16.740000000000002,27.30456530394652,0.0,0.0,0.0,0.0,0.0,1.8099706480610276,0.0,0.0,0.0,0.0,0.0
16.75,27.32266501042713,0.0,0.0,0.0,0.0,0.0,1.8099706840488938,0.0,0.0,0.0,0.0,0.0
16.76,27.340764717267618,0.0,0.0,0.0,0.0,0.0,1.809970719747422,0.0,0.0,0.0,0.0,0.0
16.77,27.358864424465093,0.0,0.0,0.0,0.0,0.0,1.8099707551589381,0.0,0.0,0.0,0.0,0.0
16.78,27.37696413201668,0.0,0.0,0.0,0.0,0.0,1.8099707902857498,0.0,0.0,0.0,0.0,0.0
16.79,27.395063839919537,0.0,0.0,0.0,0.0,0.0,1.809970825130146,0.0,0.0,0.0,0.0,0.0
16.8,27.41316354817084,0.0,0.0,0.0,0.0,0.0,1.8099708596943973,0.0,0.0,0.0,0.0,0.0
16.81,27.43126325676778,0.0,0.0,0.0,0.0,0.0,1.809970893980756,0.0,0.0,0.0,0.0,0.0
16.82,27.44936296570759,0.0,0.0,0.0,0.0,0.0,1.8099709279914564,0.0,0.0,0.0,0.0,0.0
16.830000000000002,27.467462674987505,0.0,0.0,0.0,0.0,0.0,1.8099709617287147,0.0,0.0,0.0,0.0,0.0
16.84,27.485562384604794,0.0,0.0,0.0,0.0,0.0,1.8099709951947294,0.0,0.0,0.0,0.0,0.0
16.85,27.50366209455674,0.0,0.0,0.0,0.0,0.0,1.8099710283916812,0.0,0.0,0.0,0.0,0.0
16.86,27.521761804840658,0.0,0.0,0.0,0.0,0.0,1.8099710613217335,0.0,0.0,0.0,0.0,0.0
16.87,27.539861515453875,0.0,0.0,0.0,0.0,0.0,1.809971093987032,0.0,0.0,0.0,0.0,0.0
16.88,27.557961226393747,0.0,0.0,0.0,0.0,0.0,1.8099711263897051,0.0,0.0,0.0,0.0,0.0
16.89,27.576060937657644,0.0,0.0,0.0,0.0,0.0,1.8099711585318645,0.0,0.0,0.0,0.0,0.0
16.9,27.594160649242962,0.0,0.0,0.0,0.0,0.0,1.8099711904156046,0.0,0.0,0.0,0.0,0.0
16.91,27.61226036114712,0.0,0.0,0.0,0.0,0.0,1.809971222043003,0.0,0.0,0.0,0.0,0.0
16.92,27.630360073367548,0.0,0.0,0.0,0.0,0.0,1.809971253416121,0.0,0.0,0.0,0.0,0.0
16.93,27.64845978590171,0.0,0.0,0.0,0.0,0.0,1.8099712845370026,0.0,0.0,0.0,0.0,0.0
16.94,27.66655949874708,0.0,0.0,0.0,0.0,0.0,1.809971315407676,0.0,0.0,0.0,0.0,0.0
16.95,27.684659211901156,0.0,0.0,0.0,0.0,0.0,1.8099713460301528,0.0,0.0,0.0,0.0,0.0
16.96,27.702758925361458,0.0,0.0,0.0,0.0,0.0,1.8099713764064282,0.0,0.0,0.0,0.0,0.0
16.97,27.720858639125524,0.0,0.0,0.0,0.0,0.0,1.809971406538482,0.0,0.0,0.0,0.0,0.0
16.98,27.73895835319091,0.0,0.0,0.0,0.0,0.0,1.8099714364282775,0.0,0.0,0.0,0.0,0.0
16.990000000000002,27.757058067555192,0.0,0.0,0.0,0.0,0.0,1.8099714660777624,0.0,0.0,0.0,0.0,0.0
17.0,27.77515778221597,0.0,0.0,0.0,0.0,0.0,1.8099714954888688,0.0,0.0,0.0,0.0,0.0
17.01,27.79325749717086,0.0,0.0,0.0,0.0,0.0,1.8099715246635133,0.0,0.0,0.0,0.0,0.0
17.02,27.811357212417494,0.0,0.0,0.0,0.0,0.0,1.809971553603597,0.0,0.0,0.0,0.0,0.0
17.03,27.82945692795353,0.0,0.0,0.0,0.0,0.0,1.8099715823110056,0.0,0.0,0.0,0.0,0.0
17.04,27.847556643776638,0.0,0.0,0.0,0.0,0.0,1.80997161078761,0.0,0.0,0.0,0.0,0.0
17.05,27.865656359884515,0.0,0.0,0.0,0.0,0.0,1.8099716390352658,0.0,0.0,0.0,0.0,0.0
17.06,27.883756076274867,0.0,0.0,0.0,0.0,0.0,1.8099716670558137,0.0,0.0,0.0,0.0,0.0
17.07,27.901855792945426,0.0,0.0,0.0,0.0,0.0,1.8099716948510793,0.0,0.0,0.0,0.0,0.0
17.080000000000002,27.91995550989394,0.0,0.0,0.0,0.0,0.0,1.8099717224228744,0.0,0.0,0.0,0.0,0.0
17.09,27.938055227118166,0.0,0.0,0.0,0.0,0.0,1.8099717497729952,0.0,0.0,0.0,0.0,0.0
17.1,27.956154944615896,0.0,0.0,0.0,0.0,0.0,1.8099717769032242,0.0,0.0,0.0,0.0,0.0
17.11,27.97425466238493,0.0,0.0,0.0,0.0,0.0,1.8099718038153292,0.0,0.0,0.0,0.0,0.0
17.12,27.992354380423084,0.0,0.0,0.0,0.0,0.0,1.809971830511064,0.0,0.0,0.0,0.0,0.0
17.13,28.010454098728193,0.0,0.0,0.0,0.0,0.0,1.809971856992168,0.0,0.0,0.0,0.0,0.0
17.14,28.028553817298114,0.0,0.0,0.0,0.0,0.0,1.8099718832603668,0.0,0.0,0.0,0.0,0.0
17.150000000000002,28.04665353613072,0.0,0.0,0.0,0.0,0.0,1.8099719093173723,0.0,0.0,0.0,0.0,0.0
17.16,28.06475325522389,0.0,0.0,0.0,0.0,0.0,1.8099719351648824,0.0,0.0,0.0,0.0,0.0
17.17,28.08285297457554,0.0,0.0,0.0,0.0,0.0,1.8099719608045814,0.0,0.0,0.0,0.0,0.0
17.18,28.100952694183587,0.0,0.0,0.0,0.0,0.0,1.8099719862381403,0.0,0.0,0.0,0.0,0.0
17.19,28.119052414045967,0.0,0.0,0.0,0.0,0.0,1.809972011467216,0.0,0.0,0.0,0.0,0.0
17.2,28.13715213416064,0.0,0.0,0.0,0.0,0.0,1.8099720364934528,0.0,0.0,0.0,0.0,0.0
17.21,28.155251854525574,0.0,0.0,0.0,0.0,0.0,1.8099720613184815,0.0,0.0,0.0,0.0,0.0
17.22,28.17335157513876,0.0,0.0,0.0,0.0,0.0,1.80997208594392,0.0,0.0,0.0,0.0,0.0
17.23,28.1914512959982,0.0,0.0,0.0,0.0,0.0,1.8099721103713724,0.0,0.0,0.0,0.0,0.0
17.240000000000002,28.209551017101912,0.0,0.0,0.0,0.0,0.0,1.809972134602431,0.0,0.0,0.0,0.0,0.0
17.25,28.227650738447938,0.0,0.0,0.0,0.0,0.0,1.8099721586386743,0.0,0.0,0.0,0.0,0.0
17.26,28.245750460034326,0.0,0.0,0.0,0.0,0.0,1.809972182481669,0.0,0.0,0.0,0.0,0.0
17.27,28.263850181859144,0.0,0.0,0.0,0.0,0.0,1.8099722061329688,0.0,0.0,0.0,0.0,0.0
17.28,28.281949903920474,0.0,0.0,0.0,0.0,0.0,1.8099722295941147,0.0,0.0,0.0,0.0,0.0
17.29,28.300049626216413,0.0,0.0,0.0,0.0,0.0,1.8099722528666358,0.0,0.0,0.0,0.0,0.0
17.3,28.31814934874508,0.0,0.0,0.0,0.0,0.0,1.8099722759520482,0.0,0.0,0.0,0.0,0.0
17.31,28.3362490715046,0.0,0.0,0.0,0.0,0.0,1.8099722988518565,0.0,0.0,0.0,0.0,0.0
17.32,28.35434879449312,0.0,0.0,0.0,0.0,0.0,1.809972321567553,0.0,0.0,0.0,0.0,0.0
17.330000000000002,28.372448517708797,0.0,0.0,0.0,0.0,0.0,1.8099723441006177,0.0,0.0,0.0,0.0,0.0
17.34,28.390548241149805,0.0,0.0,0.0,0.0,0.0,1.8099723664525191,0.0,0.0,0.0,0.0,0.0
17.35,28.40864796481433,0.0,0.0,0.0,0.0,0.0,1.8099723886247137,0.0,0.0,0.0,0.0,0.0
17.36,28.42674768870058,0.0,0.0,0.0,0.0,0.0,1.809972410618646,0.0,0.0,0.0,0.0,0.0
17.37,28.444847412806766,0.0,0.0,0.0,0.0,0.0,1.8099724324357498,0.0,0.0,0.0,0.0,0.0
17.38,28.462947137131124,0.0,0.0,0.0,0.0,0.0,1.8099724540774464,0.0,0.0,0.0,0.0,0.0
17.39,28.4810468616719,0.0,0.0,0.0,0.0,0.0,1.8099724755451463,0.0,0.0,0.0,0.0,0.0
17.400000000000002,28.49914658642735,0.0,0.0,0.0,0.0,0.0,1.8099724968402482,0.0,0.0,0.0,0.0,0.0
17.41,28.517246311395752,0.0,0.0,0.0,0.0,0.0,1.8099725179641397,0.0,0.0,0.0,0.0,0.0
17.42,28.535346036575394,0.0,0.0,0.0,0.0,0.0,1.8099725389181975,0.0,0.0,0.0,0.0,0.0
17.43,28.553445761964575,0.0,0.0,0.0,0.0,0.0,1.809972559703787,0.0,0.0,0.0,0.0,0.0
17.44,28.57154548756161,0.0,0.0,0.0,0.0,0.0,1.8099725803222626,0.0,0.0,0.0,0.0,0.0
17.45,28.589645213364832,0.0,0.0,0.0,0.0,0.0,1.809972600774968,0.0,0.0,0.0,0.0,0.0
17.46,28.607744939372584,0.0,0.0,0.0,0.0,0.0,1.8099726210632356,0.0,0.0,0.0,0.0,0.0
17.47,28.625844665583216,0.0,0.0,0.0,0.0,0.0,1.809972641188388,0.0,0.0,0.0,0.0,0.0
17.48,28.6439443919951,0.0,0.0,0.0,0.0,0.0,1.8099726611517364,0.0,0.0,0.0,0.0,0.0
17.490000000000002,28.662044118606616,0.0,0.0,0.0,0.0,0.0,1.8099726809545815,0.0,0.0,0.0,0.0,0.0
17.5,28.68014384541616,0.0,0.0,0.0,0.0,0.0,1.809972700598214,0.0,0.0,0.0,0.0,0.0
17.51,28.698243572422143,0.0,0.0,0.0,0.0,0.0,1.809972720083914,0.0,0.0,0.0,0.0,0.0
17.52,28.71634329962298,0.0,0.0,0.0,0.0,0.0,1.809972739412951,0.0,0.0,0.0,0.0,0.0
17.53,28.73444302701711,0.0,0.0,0.0,0.0,0.0,1.8099727585865846,0.0,0.0,0.0,0.0,0.0
17.54,28.752542754602977,0.0,0.0,0.0,0.0,0.0,1.8099727776060643,0.0,0.0,0.0,0.0,0.0
17.55,28.77064248237904,0.0,0.0,0.0,0.0,0.0,1.8099727964726295,0.0,0.0,0.0,0.0,0.0
17.56,28.788742210343766,0.0,0.0,0.0,0.0,0.0,1.8099728151875096,0.0,0.0,0.0,0.0,0.0
17.57,28.80684193849564,0.0,0.0,0.0,0.0,0.0,1.809972833751924,0.0,0.0,0.0,0.0,0.0
17.580000000000002,28.82494166683316,0.0,0.0,0.0,0.0,0.0,1.8099728521670826,0.0,0.0,0.0,0.0,0.0
17.59,28.843041395354827,0.0,0.0,0.0,0.0,0.0,1.8099728704341853,0.0,0.0,0.0,0.0,0.0
17.6,28.86114112405917,0.0,0.0,0.0,0.0,0.0,1.8099728885544224,0.0,0.0,0.0,0.0,0.0
17.61,28.879240852944715,0.0,0.0,0.0,0.0,0.0,1.8099729065289747,0.0,0.0,0.0,0.0,0.0
17.62,28.897340582010006,0.0,0.0,0.0,0.0,0.0,1.8099729243590137,0.0,0.0,0.0,0.0,0.0
17.63,28.915440311253597,0.0,0.0,0.0,0.0,0.0,1.8099729420457011,0.0,0.0,0.0,0.0,0.0
17.64,28.933540040674053,0.0,0.0,0.0,0.0,0.0,1.8099729595901894,0.0,0.0,0.0,0.0,0.0
17.650000000000002,28.951639770269956,0.0,0.0,0.0,0.0,0.0,1.809972976993622,0.0,0.0,0.0,0.0,0.0
17.66,28.969739500039893,0.0,0.0,0.0,0.0,0.0,1.8099729942571328,0.0,0.0,0.0,0.0,0.0
17.67,28.987839229982463,0.0,0.0,0.0,0.0,0.0,1.8099730113818469,0.0,0.0,0.0,0.0,0.0
17.68,29.00593896009628,0.0,0.0,0.0,0.0,0.0,1.80997302836888,0.0,0.0,0.0,0.0,0.0
17.69,29.024038690379967,0.0,0.0,0.0,0.0,0.0,1.8099730452193392,0.0,0.0,0.0,0.0,0.0
17.7,29.04213842083216,0.0,0.0,0.0,0.0,0.0,1.8099730619343226,0.0,0.0,0.0,0.0,0.0
17.71,29.060238151451504,0.0,0.0,0.0,0.0,0.0,1.8099730785149193,0.0,0.0,0.0,0.0,0.0
17.72,29.078337882236653,0.0,0.0,0.0,0.0,0.0,1.8099730949622097,0.0,0.0,0.0,0.0,0.0
17.73,29.096437613186275,0.0,0.0,0.0,0.0,0.0,1.8099731112772657,0.0,0.0,0.0,0.0,0.0
17.740000000000002,29.11453734429905,0.0,0.0,0.0,0.0,0.0,1.8099731274611504,0.0,0.0,0.0,0.0,0.0
17.75,29.13263707557366,0.0,0.0,0.0,0.0,0.0,1.8099731435149184,0.0,0.0,0.0,0.0,0.0
17.76,29.15073680700881,0.0,0.0,0.0,0.0,0.0,1.809973159439616,0.0,0.0,0.0,0.0,0.0
17.77,29.168836538603205,0.0,0.0,0.0,0.0,0.0,1.8099731752362807,0.0,0.0,0.0,0.0,0.0
17.78,29.186936270355567,0.0,0.0,0.0,0.0,0.0,1.8099731909059418,0.0,0.0,0.0,0.0,0.0
17.79,29.205036002264627,0.0,0.0,0.0,0.0,0.0,1.8099732064496206,0.0,0.0,0.0,0.0,0.0
17.8,29.223135734329123,0.0,0.0,0.0,0.0,0.0,1.8099732218683298,0.0,0.0,0.0,0.0,0.0
17.81,29.241235466547806,0.0,0.0,0.0,0.0,0.0,1.8099732371630743,0.0,0.0,0.0,0.0,0.0
17.82,29.259335198919437,0.0,0.0,0.0,0.0,0.0,1.8099732523348506,0.0,0.0,0.0,0.0,0.0
17.830000000000002,29.277434931442787,0.0,0.0,0.0,0.0,0.0,1.8099732673846476,0.0,0.0,0.0,0.0,0.0
17.84,29.295534664116634,0.0,0.0,0.0,0.0,0.0,1.8099732823134458,0.0,0.0,0.0,0.0,0.0
17.85,29.31363439693977,0.0,0.0,0.0,0.0,0.0,1.809973297122218,0.0,0.0,0.0,0.0,0.0
17.86,29.33173412991099,0.0,0.0,0.0,0.0,0.0,1.8099733118119292,0.0,0.0,0.0,0.0,0.0
17.87,29.34983386302911,0.0,0.0,0.0,0.0,0.0,1.8099733263835367,0.0,0.0,0.0,0.0,0.0
17.88,29.367933596292946,0.0,0.0,0.0,0.0,0.0,1.80997334083799,0.0,0.0,0.0,0.0,0.0
17.89,29.386033329701327,0.0,0.0,0.0,0.0,0.0,1.8099733551762311,0.0,0.0,0.0,0.0,0.0
17.900000000000002,29.404133063253088,0.0,0.0,0.0,0.0,0.0,1.8099733693991944,0.0,0.0,0.0,0.0,0.0
17.91,29.42223279694708,0.0,0.0,0.0,0.0,0.0,1.8099733835078065,0.0,0.0,0.0,0.0,0.0
17.92,29.440332530782158,0.0,0.0,0.0,0.0,0.0,1.8099733975029868,0.0,0.0,0.0,0.0,0.0
17.93,29.45843226475719,0.0,0.0,0.0,0.0,0.0,1.8099734113856474,0.0,0.0,0.0,0.0,0.0
17.94,29.476531998871046,0.0,0.0,0.0,0.0,0.0,1.8099734251566928,0.0,0.0,0.0,0.0,0.0
17.95,29.494631733122613,0.0,0.0,0.0,0.0,0.0,1.8099734388170206,0.0,0.0,0.0,0.0,0.0
17.96,29.512731467510783,0.0,0.0,0.0,0.0,0.0,1.8099734523675206,0.0,0.0,0.0,0.0,0.0
17.97,29.53083120203446,0.0,0.0,0.0,0.0,0.0,1.8099734658090763,0.0,0.0,0.0,0.0,0.0
17.98,29.54893093669255,0.0,0.0,0.0,0.0,0.0,1.8099734791425632,0.0,0.0,0.0,0.0,0.0
17.990000000000002,29.567030671483977,0.0,0.0,0.0,0.0,0.0,1.8099734923688504,0.0,0.0,0.0,0.0,0.0
18.0,29.585130406407664,0.0,0.0,0.0,0.0,0.0,1.8099735054887995,0.0,0.0,0.0,0.0,0.0
18.01,29.603230141462554,0.0,0.0,0.0,0.0,0.0,1.8099735185032657,0.0,0.0,0.0,0.0,0.0
18.02,29.621329876647586,0.0,0.0,0.0,0.0,0.0,1.809973531413097,0.0,0.0,0.0,0.0,0.0
18.03,29.639429611961717,0.0,0.0,0.0,0.0,0.0,1.8099735442191345,0.0,0.0,0.0,0.0,0.0
18.04,29.65752934740391,0.0,0.0,0.0,0.0,0.0,1.8099735569222128,0.0,0.0,0.0,0.0,0.0
18.05,29.67562908297313,0.0,0.0,0.0,0.0,0.0,1.8099735695231598,0.0,0.0,0.0,0.0,0.0
18.06,29.69372881866836,0.0,0.0,0.0,0.0,0.0,1.8099735820227965,0.0,0.0,0.0,0.0,0.0
18.07,29.71182855448859,0.0,0.0,0.0,0.0,0.0,1.8099735944219373,0.0,0.0,0.0,0.0,0.0
18.080000000000002,29.72992829043281,0.0,0.0,0.0,0.0,0.0,1.8099736067213903,0.0,0.0,0.0,0.0,0.0
18.09,29.748028026500023,0.0,0.0,0.0,0.0,0.0,1.809973618921957,0.0,0.0,0.0,0.0,0.0
18.1,29.766127762689244,0.0,0.0,0.0,0.0,0.0,1.8099736310244325,0.0,0.0,0.0,0.0,0.0
18.11,29.78422749899949,0.0,0.0,0.0,0.0,0.0,1.8099736430296054,0.0,0.0,0.0,0.0,0.0
18.12,29.802327235429786,0.0,0.0,0.0,0.0,0.0,1.809973654938258,0.0,0.0,0.0,0.0,0.0
18.13,29.820426971979167,0.0,0.0,0.0,0.0,0.0,1.809973666751166,0.0,0.0,0.0,0.0,0.0
18.14,29.83852670864668,0.0,0.0,0.0,0.0,0.0,1.8099736784690998,0.0,0.0,0.0,0.0,0.0
18.150000000000002,29.85662644543137,0.0,0.0,0.0,0.0,0.0,1.8099736900928227,0.0,0.0,0.0,0.0,0.0
18.16,29.8747261823323,0.0,0.0,0.0,0.0,0.0,1.809973701623092,0.0,0.0,0.0,0.0,0.0
18.17,29.89282591934853,0.0,0.0,0.0,0.0,0.0,1.809973713060659,0.0,0.0,0.0,0.0,0.0
18.18,29.910925656479137,0.0,0.0,0.0,0.0,0.0,1.8099737244062692,0.0,0.0,0.0,0.0,0.0
18.19,29.9290253937232,0.0,0.0,0.0,0.0,0.0,1.809973735660662,0.0,0.0,0.0,0.0,0.0
18.2,29.947125131079808,0.0,0.0,0.0,0.0,0.0,1.8099737468245707,0.0,0.0,0.0,0.0,0.0
18.21,29.965224868548052,0.0,0.0,0.0,0.0,0.0,1.8099737578987227,0.0,0.0,0.0,0.0,0.0
18.22,29.983324606127038,0.0,0.0,0.0,0.0,0.0,1.8099737688838398,0.0,0.0,0.0,0.0,0.0
18.23,30.001424343815877,0.0,0.0,0.0,0.0,0.0,1.8099737797806374,0.0,0.0,0.0,0.0,0.0
18.240000000000002,30.019524081613685,0.0,0.0,0.0,0.0,0.0,1.809973790589826,0.0,0.0,0.0,0.0,0.0
18.25,30.037623819519585,0.0,0.0,0.0,0.0,0.0,1.80997380131211,0.0,0.0,0.0,0.0,0.0
18.26,30.055723557532705,0.0,0.0,0.0,0.0,0.0,1.8099738119481878,0.0,0.0,0.0,0.0,0.0
18.27,30.073823295652186,0.0,0.0,0.0,0.0,0.0,1.8099738224987527,0.0,0.0,0.0,0.0,0.0
18.28,30.091923033877173,0.0,0.0,0.0,0.0,0.0,1.8099738329644923,0.0,0.0,0.0,0.0,0.0
18.29,30.11002277220682,0.0,0.0,0.0,0.0,0.0,1.8099738433460884,0.0,0.0,0.0,0.0,0.0
18.3,30.128122510640278,0.0,0.0,0.0,0.0,0.0,1.8099738536442174,0.0,0.0,0.0,0.0,0.0
18.31,30.14622224917672,0.0,0.0,0.0,0.0,0.0,1.8099738638595506,0.0,0.0,0.0,0.0,0.0
18.32,30.164321987815317,0.0,0.0,0.0,0.0,0.0,1.8099738739927536,0.0,0.0,0.0,0.0,0.0
18.330000000000002,30.182421726555244,0.0,0.0,0.0,0.0,0.0,1.8099738840444868,0.0,0.0,0.0,0.0,0.0
18.34,30.20052146539569,0.0,0.0,0.0,0.0,0.0,1.809973894015405,0.0,0.0,0.0,0.0,0.0
18.35,30.218621204335843,0.0,0.0,0.0,0.0,0.0,1.8099739039061582,0.0,0.0,0.0,0.0,0.0
18.36,30.236720943374905,0.0,0.0,0.0,0.0,0.0,1.8099739137173907,0.0,0.0,0.0,0.0,0.0
18.37,30.25482068251208,0.0,0.0,0.0,0.0,0.0,1.8099739234497418,0.0,0.0,0.0,0.0,0.0
18.38,30.272920421746576,0.0,0.0,0.0,0.0,0.0,1.809973933103846,0.0,0.0,0.0,0.0,0.0
18.39,30.291020161077615,0.0,0.0,0.0,0.0,0.0,1.809973942680332,0.0,0.0,0.0,0.0,0.0
18.400000000000002,30.309119900504417,0.0,0.0,0.0,0.0,0.0,1.8099739521798242,0.0,0.0,0.0,0.0,0.0
18.41,30.327219640026215,0.0,0.0,0.0,0.0,0.0,1.8099739616029413,0.0,0.0,0.0,0.0,0.0
18.42,30.345319379642245,0.0,0.0,0.0,0.0,0.0,1.8099739709502978,0.0,0.0,0.0,0.0,0.0
18.43,30.363419119351747,0.0,0.0,0.0,0.0,0.0,1.8099739802225023,0.0,0.0,0.0,0.0,0.0
18.44,30.38151885915397,0.0,0.0,0.0,0.0,0.0,1.8099739894201594,0.0,0.0,0.0,0.0,0.0
18.45,30.39961859904817,0.0,0.0,0.0,0.0,0.0,1.8099739985438683,0.0,0.0,0.0,0.0,0.0
18.46,30.41771833903361,0.0,0.0,0.0,0.0,0.0,1.8099740075942234,0.0,0.0,0.0,0.0,0.0
18.47,30.435818079109552,0.0,0.0,0.0,0.0,0.0,1.8099740165718148,0.0,0.0,0.0,0.0,0.0
18.48,30.45391781927527,0.0,0.0,0.0,0.0,0.0,1.8099740254772272,0.0,0.0,0.0,0.0,0.0
18.490000000000002,30.47201755953004,0.0,0.0,0.0,0.0,0.0,1.8099740343110409,0.0,0.0,0.0,0.0,0.0
18.5,30.490117299873152,0.0,0.0,0.0,0.0,0.0,1.8099740430738316,0.0,0.0,0.0,0.0,0.0
18.51,30.50821704030389,0.0,0.0,0.0,0.0,0.0,1.8099740517661704,0.0,0.0,0.0,0.0,0.0
18.52,30.526316780821553,0.0,0.0,0.0,0.0,0.0,1.8099740603886239,0.0,0.0,0.0,0.0,0.0
18.53,30.54441652142544,0.0,0.0,0.0,0.0,0.0,1.8099740689417536,0.0,0.0,0.0,0.0,0.0
18.54,30.56251626211486,0.0,0.0,0.0,0.0,0.0,1.809974077426117,0.0,0.0,0.0,0.0,0.0
18.55,30.58061600288912,0.0,0.0,0.0,0.0,0.0,1.809974085842267,0.0,0.0,0.0,0.0,0.0
18.56,30.59871574374754,0.0,0.0,0.0,0.0,0.0,1.809974094190752,0.0,0.0,0.0,0.0,0.0
18.57,30.616815484689447,0.0,0.0,0.0,0.0,0.0,1.809974102472116,0.0,0.0,0.0,0.0,0.0
18.580000000000002,30.634915225714167,0.0,0.0,0.0,0.0,0.0,1.809974110686899,0.0,0.0,0.0,0.0,0.0
18.59,30.653014966821036,0.0,0.0,0.0,0.0,0.0,1.8099741188356357,0.0,0.0,0.0,0.0,0.0
18.6,30.671114708009394,0.0,0.0,0.0,0.0,0.0,1.8099741269188576,0.0,0.0,0.0,0.0,0.0
18.61,30.689214449278584,0.0,0.0,0.0,0.0,0.0,1.8099741349370913,0.0,0.0,0.0,0.0,0.0
18.62,30.707314190627955,0.0,0.0,0.0,0.0,0.0,1.8099741428908591,0.0,0.0,0.0,0.0,0.0
18.63,30.725413932056863,0.0,0.0,0.0,0.0,0.0,1.8099741507806795,0.0,0.0,0.0,0.0,0.0
18.64,30.74351367356467,0.0,0.0,0.0,0.0,0.0,1.8099741586070663,0.0,0.0,0.0,0.0,0.0
18.650000000000002,30.76161341515074,0.0,0.0,0.0,0.0,0.0,1.80997416637053,0.0,0.0,0.0,0.0,0.0
18.66,30.779713156814445,0.0,0.0,0.0,0.0,0.0,1.8099741740715762,0.0,0.0,0.0,0.0,0.0
18.67,30.79781289855516,0.0,0.0,0.0,0.0,0.0,1.809974181710707,0.0,0.0,0.0,0.0,0.0
18.68,30.815912640372268,0.0,0.0,0.0,0.0,0.0,1.8099741892884196,0.0,0.0,0.0,0.0,0.0
18.69,30.83401238226515,0.0,0.0,0.0,0.0,0.0,1.8099741968052083,0.0,0.0,0.0,0.0,0.0
18.7,30.8521121242332,0.0,0.0,0.0,0.0,0.0,1.8099742042615627,0.0,0.0,0.0,0.0,0.0
18.71,30.870211866275817,0.0,0.0,0.0,0.0,0.0,1.809974211657969,0.0,0.0,0.0,0.0,0.0
18.72,30.888311608392396,0.0,0.0,0.0,0.0,0.0,1.8099742189949088,0.0,0.0,0.0,0.0,0.0
18.73,30.906411350582346,0.0,0.0,0.0,0.0,0.0,1.8099742262728604,0.0,0.0,0.0,0.0,0.0
18.740000000000002,30.924511092845073,0.0,0.0,0.0,0.0,0.0,1.8099742334922981,0.0,0.0,0.0,0.0,0.0
18.75,30.942610835179995,0.0,0.0,0.0,0.0,0.0,1.8099742406536923,0.0,0.0,0.0,0.0,0.0
18.76,30.960710577586532,0.0,0.0,0.0,0.0,0.0,1.8099742477575096,0.0,0.0,0.0,0.0,0.0
18.77,30.978810320064106,0.0,0.0,0.0,0.0,0.0,1.8099742548042128,0.0,0.0,0.0,0.0,0.0
18.78,30.996910062612148,0.0,0.0,0.0,0.0,0.0,1.8099742617942614,0.0,0.0,0.0,0.0,0.0
18.79,31.01500980523009,0.0,0.0,0.0,0.0,0.0,1.8099742687281106,0.0,0.0,0.0,0.0,0.0
18.8,31.03310954791737,0.0,0.0,0.0,0.0,0.0,1.8099742756062125,0.0,0.0,0.0,0.0,0.0
18.81,31.05120929067343,0.0,0.0,0.0,0.0,0.0,1.809974282429015,0.0,0.0,0.0,0.0,0.0
18.82,31.06930903349772,0.0,0.0,0.0,0.0,0.0,1.809974289196963,0.0,0.0,0.0,0.0,0.0
18.830000000000002,31.08740877638969,0.0,0.0,0.0,0.0,0.0,1.8099742959104974,0.0,0.0,0.0,0.0,0.0
18.84,31.105508519348795,0.0,0.0,0.0,0.0,0.0,1.8099743025700556,0.0,0.0,0.0,0.0,0.0
18.85,31.123608262374496,0.0,0.0,0.0,0.0,0.0,1.8099743091760716,0.0,0.0,0.0,0.0,0.0
18.86,31.141708005466256,0.0,0.0,0.0,0.0,0.0,1.809974315728976,0.0,0.0,0.0,0.0,0.0
18.87,31.159807748623546,0.0,0.0,0.0,0.0,0.0,1.8099743222291957,0.0,0.0,0.0,0.0,0.0
18.88,31.177907491845836,0.0,0.0,0.0,0.0,0.0,1.8099743286771544,0.0,0.0,0.0,0.0,0.0
18.89,31.19600723513261,0.0,0.0,0.0,0.0,0.0,1.809974335073272,0.0,0.0,0.0,0.0,0.0
18.900000000000002,31.21410697848334,0.0,0.0,0.0,0.0,0.0,1.8099743414179654,0.0,0.0,0.0,0.0,0.0
18.91,31.23220672189752,0.0,0.0,0.0,0.0,0.0,1.8099743477116483,0.0,0.0,0.0,0.0,0.0
18.92,31.250306465374635,0.0,0.0,0.0,0.0,0.0,1.8099743539547306,0.0,0.0,0.0,0.0,0.0
18.93,31.268406208914183,0.0,0.0,0.0,0.0,0.0,1.809974360147619,0.0,0.0,0.0,0.0,0.0
18.94,31.286505952515657,0.0,0.0,0.0,0.0,0.0,1.8099743662907173,0.0,0.0,0.0,0.0,0.0
18.95,31.304605696178566,0.0,0.0,0.0,0.0,0.0,1.8099743723844257,0.0,0.0,0.0,0.0,0.0
18.96,31.32270543990241,0.0,0.0,0.0,0.0,0.0,1.8099743784291413,0.0,0.0,0.0,0.0,0.0
18.97,31.3408051836867,0.0,0.0,0.0,0.0,0.0,1.809974384425258,0.0,0.0,0.0,0.0,0.0
18.98,31.358904927530954,0.0,0.0,0.0,0.0,0.0,1.8099743903731667,0.0,0.0,0.0,0.0,0.0
18.990000000000002,31.377004671434687,0.0,0.0,0.0,0.0,0.0,1.8099743962732546,0.0,0.0,0.0,0.0,0.0
19.0,31.39510441539742,0.0,0.0,0.0,0.0,0.0,1.8099744021259065,0.0,0.0,0.0,0.0,0.0
19.01,31.41320415941868,0.0,0.0,0.0,0.0,0.0,1.8099744079315037,0.0,0.0,0.0,0.0,0.0
19.02,31.431303903497994,0.0,0.0,0.0,0.0,0.0,1.8099744136904246,0.0,0.0,0.0,0.0,0.0
19.03,31.4494036476349,0.0,0.0,0.0,0.0,0.0,1.8099744194030443,0.0,0.0,0.0,0.0,0.0
19.04,31.46750339182893,0.0,0.0,0.0,0.0,0.0,1.8099744250697352,0.0,0.0,0.0,0.0,0.0
19.05,31.48560313607963,0.0,0.0,0.0,0.0,0.0,1.8099744306908663,0.0,0.0,0.0,0.0,0.0
19.06,31.503702880386538,0.0,0.0,0.0,0.0,0.0,1.8099744362668042,0.0,0.0,0.0,0.0,0.0
19.07,31.521802624749206,0.0,0.0,0.0,0.0,0.0,1.809974441797912,0.0,0.0,0.0,0.0,0.0
19.080000000000002,31.539902369167184,0.0,0.0,0.0,0.0,0.0,1.8099744472845503,0.0,0.0,0.0,0.0,0.0
19.09,31.55800211364003,0.0,0.0,0.0,0.0,0.0,1.8099744527270767,0.0,0.0,0.0,0.0,0.0
19.1,31.5761018581673,0.0,0.0,0.0,0.0,0.0,1.8099744581258457,0.0,0.0,0.0,0.0,0.0
19.11,31.59420160274856,0.0,0.0,0.0,0.0,0.0,1.8099744634812092,0.0,0.0,0.0,0.0,0.0
19.12,31.612301347383372,0.0,0.0,0.0,0.0,0.0,1.809974468793516,0.0,0.0,0.0,0.0,0.0
19.13,31.630401092071306,0.0,0.0,0.0,0.0,0.0,1.8099744740631125,0.0,0.0,0.0,0.0,0.0
19.14,31.648500836811937,0.0,0.0,0.0,0.0,0.0,1.809974479290342,0.0,0.0,0.0,0.0,0.0
19.150000000000002,31.66660058160484,0.0,0.0,0.0,0.0,0.0,1.809974484475545,0.0,0.0,0.0,0.0,0.0
19.16,31.684700326449594,0.0,0.0,0.0,0.0,0.0,1.8099744896190595,0.0,0.0,0.0,0.0,0.0
19.17,31.702800071345784,0.0,0.0,0.0,0.0,0.0,1.8099744947212206,0.0,0.0,0.0,0.0,0.0
19.18,31.720899816292995,0.0,0.0,0.0,0.0,0.0,1.809974499782361,0.0,0.0,0.0,0.0,0.0
19.19,31.738999561290818,0.0,0.0,0.0,0.0,0.0,1.8099745048028104,0.0,0.0,0.0,0.0,0.0
19.2,31.757099306338848,0.0,0.0,0.0,0.0,0.0,1.8099745097828959,0.0,0.0,0.0,0.0,0.0
19.21,31.775199051436676,0.0,0.0,0.0,0.0,0.0,1.8099745147229418,0.0,0.0,0.0,0.0,0.0
19.22,31.793298796583905,0.0,0.0,0.0,0.0,0.0,1.8099745196232704,0.0,0.0,0.0,0.0,0.0
19.23,31.811398541780136,0.0,0.0,0.0,0.0,0.0,1.8099745244842007,0.0,0.0,0.0,0.0,0.0
19.240000000000002,31.82949828702498,0.0,0.0,0.0,0.0,0.0,1.8099745293060496,0.0,0.0,0.0,0.0,0.0
19.25,31.84759803231804,0.0,0.0,0.0,0.0,0.0,1.8099745340891316,0.0,0.0,0.0,0.0,0.0
19.26,31.86569777765893,0.0,0.0,0.0,0.0,0.0,1.8099745388337578,0.0,0.0,0.0,0.0,0.0
19.27,31.883797523047267,0.0,0.0,0.0,0.0,0.0,1.809974543540238,0.0,0.0,0.0,0.0,0.0
19.28,31.90189726848267,0.0,0.0,0.0,0.0,0.0,1.8099745482088783,0.0,0.0,0.0,0.0,0.0
19.29,31.91999701396476,0.0,0.0,0.0,0.0,0.0,1.8099745528399833,0.0,0.0,0.0,0.0,0.0
19.3,31.93809675949316,0.0,0.0,0.0,0.0,0.0,1.8099745574338548,0.0,0.0,0.0,0.0,0.0
19.31,31.9561965050675,0.0,0.0,0.0,0.0,0.0,1.8099745619907919,0.0,0.0,0.0,0.0,0.0
19.32,31.974296250687406,0.0,0.0,0.0,0.0,0.0,1.8099745665110918,0.0,0.0,0.0,0.0,0.0
19.330000000000002,31.992395996352517,0.0,0.0,0.0,0.0,0.0,1.809974570995049,0.0,0.0,0.0,0.0,0.0
19.34,32.01049574206247,0.0,0.0,0.0,0.0,0.0,1.8099745754429555,0.0,0.0,0.0,0.0,0.0
19.35,32.028595487816894,0.0,0.0,0.0,0.0,0.0,1.8099745798551012,0.0,0.0,0.0,0.0,0.0
19.36,32.046695233615445,0.0,0.0,0.0,0.0,0.0,1.8099745842317738,0.0,0.0,0.0,0.0,0.0
19.37,32.064794979457766,0.0,0.0,0.0,0.0,0.0,1.8099745885732583,0.0,0.0,0.0,0.0,0.0
19.38,32.0828947253435,0.0,0.0,0.0,0.0,0.0,1.8099745928798379,0.0,0.0,0.0,0.0,0.0
19.39,32.1009944712723,0.0,0.0,0.0,0.0,0.0,1.8099745971517929,0.0,0.0,0.0,0.0,0.0
19.400000000000002,32.11909421724382,0.0,0.0,0.0,0.0,0.0,1.8099746013894018,0.0,0.0,0.0,0.0,0.0
19.41,32.137193963257715,0.0,0.0,0.0,0.0,0.0,1.8099746055929409,0.0,0.0,0.0,0.0,0.0
19.42,32.155293709313646,0.0,0.0,0.0,0.0,0.0,1.8099746097626839,0.0,0.0,0.0,0.0,0.0
19.43,32.17339345541127,0.0,0.0,0.0,0.0,0.0,1.8099746138989026,0.0,0.0,0.0,0.0,0.0
19.44,32.19149320155026,0.0,0.0,0.0,0.0,0.0,1.8099746180018665,0.0,0.0,0.0,0.0,0.0
19.45,32.20959294773028,0.0,0.0,0.0,0.0,0.0,1.8099746220718431,0.0,0.0,0.0,0.0,0.0
19.46,32.227692693951,0.0,0.0,0.0,0.0,0.0,1.8099746261090974,0.0,0.0,0.0,0.0,0.0
19.47,32.24579244021209,0.0,0.0,0.0,0.0,0.0,1.8099746301138926,0.0,0.0,0.0,0.0,0.0
19.48,32.26389218651323,0.0,0.0,0.0,0.0,0.0,1.8099746340864897,0.0,0.0,0.0,0.0,0.0
19.490000000000002,32.2819919328541,0.0,0.0,0.0,0.0,0.0,1.8099746380271475,0.0,0.0,0.0,0.0,0.0
19.5,32.30009167923437,0.0,0.0,0.0,0.0,0.0,1.809974641936123,0.0,0.0,0.0,0.0,0.0
19.51,32.31819142565373,0.0,0.0,0.0,0.0,0.0,1.8099746458136705,0.0,0.0,0.0,0.0,0.0
19.52,32.33629117211186,0.0,0.0,0.0,0.0,0.0,1.8099746496600428,0.0,0.0,0.0,0.0,0.0
19.53,32.354390918608466,0.0,0.0,0.0,0.0,0.0,1.8099746534754908,0.0,0.0,0.0,0.0,0.0
19.54,32.37249066514322,0.0,0.0,0.0,0.0,0.0,1.8099746572602629,0.0,0.0,0.0,0.0,0.0
19.55,32.39059041171582,0.0,0.0,0.0,0.0,0.0,1.809974661014606,0.0,0.0,0.0,0.0,0.0
19.56,32.40869015832597,0.0,0.0,0.0,0.0,0.0,1.8099746647387644,0.0,0.0,0.0,0.0,0.0
19.57,32.426789904973354,0.0,0.0,0.0,0.0,0.0,1.809974668432981,0.0,0.0,0.0,0.0,0.0
19.580000000000002,32.44488965165768,0.0,0.0,0.0,0.0,0.0,1.8099746720974963,0.0,0.0,0.0,0.0,0.0
19.59,32.46298939837866,0.0,0.0,0.0,0.0,0.0,1.8099746757325494,0.0,0.0,0.0,0.0,0.0
19.6,32.48108914513598,0.0,0.0,0.0,0.0,0.0,1.809974679338377,0.0,0.0,0.0,0.0,0.0
19.61,32.499188891929364,0.0,0.0,0.0,0.0,0.0,1.8099746829152144,0.0,0.0,0.0,0.0,0.0
19.62,32.517288638758515,0.0,0.0,0.0,0.0,0.0,1.8099746864632942,0.0,0.0,0.0,0.0,0.0
19.63,32.53538838562315,0.0,0.0,0.0,0.0,0.0,1.8099746899828477,0.0,0.0,0.0,0.0,0.0
19.64,32.55348813252298,0.0,0.0,0.0,0.0,0.0,1.8099746934741043,0.0,0.0,0.0,0.0,0.0
19.650000000000002,32.571587879457724,0.0,0.0,0.0,0.0,0.0,1.8099746969372916,0.0,0.0,0.0,0.0,0.0
19.66,32.5896876264271,0.0,0.0,0.0,0.0,0.0,1.8099747003726354,0.0,0.0,0.0,0.0,0.0
19.67,32.607787373430824,0.0,0.0,0.0,0.0,0.0,1.8099747037803593,0.0,0.0,0.0,0.0,0.0
19.68,32.625887120468626,0.0,0.0,0.0,0.0,0.0,1.8099747071606853,0.0,0.0,0.0,0.0,0.0
19.69,32.643986867540235,0.0,0.0,0.0,0.0,0.0,1.809974710513834,0.0,0.0,0.0,0.0,0.0
19.7,32.662086614645375,0.0,0.0,0.0,0.0,0.0,1.8099747138400237,0.0,0.0,0.0,0.0,0.0
19.71,32.680186361783775,0.0,0.0,0.0,0.0,0.0,1.8099747171394711,0.0,0.0,0.0,0.0,0.0
19.72,32.69828610895517,0.0,0.0,0.0,0.0,0.0,1.8099747204123913,0.0,0.0,0.0,0.0,0.0
19.73,32.7163858561593,0.0,0.0,0.0,0.0,0.0,1.8099747236589976,0.0,0.0,0.0,0.0,0.0
19.740000000000002,32.73448560339589,0.0,0.0,0.0,0.0,0.0,1.8099747268795014,0.0,0.0,0.0,0.0,0.0
19.75,32.75258535066468,0.0,0.0,0.0,0.0,0.0,1.8099747300741127,0.0,0.0,0.0,0.0,0.0
19.76,32.77068509796542,0.0,0.0,0.0,0.0,0.0,1.8099747332430396,0.0,0.0,0.0,0.0,0.0
19.77,32.78878484529785,0.0,0.0,0.0,0.0,0.0,1.8099747363864886,0.0,0.0,0.0,0.0,0.0
19.78,32.80688459266171,0.0,0.0,0.0,0.0,0.0,1.8099747395046648,0.0,0.0,0.0,0.0,0.0
19.79,32.82498434005676,0.0,0.0,0.0,0.0,0.0,1.809974742597771,0.0,0.0,0.0,0.0,0.0
19.8,32.84308408748274,0.0,0.0,0.0,0.0,0.0,1.8099747456660091,0.0,0.0,0.0,0.0,0.0
19.81,32.861183834939396,0.0,0.0,0.0,0.0,0.0,1.8099747487095788,0.0,0.0,0.0,0.0,0.0
19.82,32.879283582426496,0.0,0.0,0.0,0.0,0.0,1.8099747517286784,0.0,0.0,0.0,0.0,0.0
19.830000000000002,32.897383329943786,0.0,0.0,0.0,0.0,0.0,1.8099747547235048,0.0,0.0,0.0,0.0,0.0
19.84,32.91548307749102,0.0,0.0,0.0,0.0,0.0,1.809974757694253,0.0,0.0,0.0,0.0,0.0
19.85,32.93358282506796,0.0,0.0,0.0,0.0,0.0,1.809974760641117,0.0,0.0,0.0,0.0,0.0
19.86,32.95168257267437,0.0,0.0,0.0,0.0,0.0,1.8099747635642882,0.0,0.0,0.0,0.0,0.0
19.87,32.96978232031002,0.0,0.0,0.0,0.0,0.0,1.8099747664639576,0.0,0.0,0.0,0.0,0.0
19.88,32.98788206797466,0.0,0.0,0.0,0.0,0.0,1.8099747693403139,0.0,0.0,0.0,0.0,0.0
19.89,33.005981815668065,0.0,0.0,0.0,0.0,0.0,1.8099747721935446,0.0,0.0,0.0,0.0,0.0
19.900000000000002,33.02408156339,0.0,0.0,0.0,0.0,0.0,1.8099747750238357,0.0,0.0,0.0,0.0,0.0
19.91,33.04218131114024,0.0,0.0,0.0,0.0,0.0,1.8099747778313715,0.0,0.0,0.0,0.0,0.0
19.92,33.060281058918555,0.0,0.0,0.0,0.0,0.0,1.8099747806163349,0.0,0.0,0.0,0.0,0.0
19.93,33.07838080672472,0.0,0.0,0.0,0.0,0.0,1.8099747833789075,0.0,0.0,0.0,0.0,0.0
19.94,33.096480554558504,0.0,0.0,0.0,0.0,0.0,1.8099747861192694,0.0,0.0,0.0,0.0,0.0
19.95,33.1145803024197,0.0,0.0,0.0,0.0,0.0,1.809974788837599,0.0,0.0,0.0,0.0,0.0
19.96,33.132680050308075,0.0,0.0,0.0,0.0,0.0,1.8099747915340736,0.0,0.0,0.0,0.0,0.0
19.97,33.15077979822342,0.0,0.0,0.0,0.0,0.0,1.8099747942088686,0.0,0.0,0.0,0.0,0.0
19.98,33.168879546165506,0.0,0.0,0.0,0.0,0.0,1.8099747968621587,0.0,0.0,0.0,0.0,0.0
19.990000000000002,33.186979294134126,0.0,0.0,0.0,0.0,0.0,1.8099747994941164,0.0,0.0,0.0,0.0,0.0
20.0,33.205079042129064,0.0,0.0,0.0,0.0,0.0,1.8099748021049136,0.0,0.0,0.0,0.0,0.0
