time,x,y,z,roll,pitch,yaw,u,v,w,p,q,r,roll_deg,roll_rate,roll_mechanical_energy
0.0,0.0,0.0,0.0,0.2617993877991494,0.0,0.0,0.0,0.0,0.0,0.0,0.0,0.0,14.999999999999998,0.0,0.3342676441042399
0.01,0.0,0.0,0.0,0.2617993877991494,0.0,0.0,0.0,0.0,0.0,-0.018135820231826638,0.0,0.0,14.999999999999998,-0.018135820231826638,0.3344978796870767
0.02,0.0,0.0,0.0,0.2616180295968311,0.0,0.0,0.0,0.0,0.0,-0.03625798150354023,0.0,0.0,14.98960894042708,-0.03625798150354023,0.33472757762918554
0.03,0.0,0.0,0.0,0.2612554497817957,0.0,0.0,0.0,0.0,0.0,-0.05435281077787706,0.0,0.0,14.968834647288919,-0.05435281077787706,0.3349559388916047
0.04,0.0,0.0,0.0,0.26071192167401697,0.0,0.0,0.0,0.0,0.0,-0.07240665861032203,0.0,0.0,14.937692780666465,-0.07240665861032203,0.3351820618921418
0.05,0.0,0.0,0.0,0.2599878550879137,0.0,0.0,0.0,0.0,0.0,-0.09040591083973132,0.0,0.0,14.896206821196303,-0.09040591083973132,0.3354049463148404
0.06,0.0,0.0,0.0,0.2590837959795164,0.0,0.0,0.0,0.0,0.0,-0.10833700024645594,0.0,0.0,14.844408049854778,-0.10833700024645594,0.3356234976886654
0.07,0.0,0.0,0.0,0.25800042597705186,0.0,0.0,0.0,0.0,0.0,-0.12618641816932216,0.0,0.0,14.78233552106248,-0.12618641816932216,0.33583653271037306
0.08,0.0,0.0,0.0,0.25673856179535864,0.0,0.0,0.0,0.0,0.0,-0.1439407260727583,0.0,0.0,14.71003602913273,-0.1439407260727583,0.3360427852812014
0.09,0.0,0.0,0.0,0.25529915453463103,0.0,0.0,0.0,0.0,0.0,-0.1615865670552581,0.0,0.0,14.627564068092552,-0.1615865670552581,0.3362409132218717
0.1,0.0,0.0,0.0,0.2536832888640784,0.0,0.0,0.0,0.0,0.0,-0.17911067729024122,0.0,0.0,14.53498178490981,-0.17911067729024122,0.33642950562551166
0.11,0.0,0.0,0.0,0.25189218209117603,0.0,0.0,0.0,0.0,0.0,-0.1964998973902121,0.0,0.0,14.432358926165206,-0.1964998973902121,0.3366070908034313
0.12,0.0,0.0,0.0,0.2499271831172739,0.0,0.0,0.0,0.0,0.0,-0.21374118368493353,0.0,0.0,14.319772778213077,-0.21374118368493353,0.3367721447744082
0.13,0.0,0.0,0.0,0.24778977128042456,0.0,0.0,0.0,0.0,0.0,-0.23082161940412232,0.0,0.0,14.197308100880305,-0.23082161940412232,0.3369231002441018
0.14,0.0,0.0,0.0,0.24548155508638334,0.0,0.0,0.0,0.0,0.0,-0.24772842575494552,0.0,0.0,14.065057054757991,-0.24772842575494552,0.3370583560176106
0.15,0.0,0.0,0.0,0.24300427082883388,0.0,0.0,0.0,0.0,0.0,-0.2644489728843499,0.0,0.0,13.92311912214621,-0.2644489728843499,0.3371762867849366
0.16,0.0,0.0,0.0,0.2403597810999904,0.0,0.0,0.0,0.0,0.0,-0.28097079071599823,0.0,0.0,13.771601021717782,-0.28097079071599823,0.337275253216306
0.17,0.0,0.0,0.0,0.23755007319283042,0.0,0.0,0.0,0.0,0.0,-0.29728157965131924,0.0,0.0,13.61061661697298,-0.29728157965131924,0.3373536123019032
0.18,0.0,0.0,0.0,0.23457725739631724,0.0,0.0,0.0,0.0,0.0,-0.31336922112390475,0.0,0.0,13.440286818562953,-0.31336922112390475,0.33740972786864415
0.19,0.0,0.0,0.0,0.2314435651850782,0.0,0.0,0.0,0.0,0.0,-0.329221787996217,0.0,0.0,13.260739480565936,-0.329221787996217,0.33744198120515745
0.2,0.0,0.0,0.0,0.22815134730511602,0.0,0.0,0.0,0.0,0.0,-0.34482755478730115,0.0,0.0,13.072109290806596,-0.34482755478730115,0.3374487817251379
0.21,0.0,0.0,0.0,0.22470307175724302,0.0,0.0,0.0,0.0,0.0,-0.36017500771994065,0.0,0.0,12.874537655315311,-0.36017500771994065,0.33742857759876665
0.22,0.0,0.0,0.0,0.22110132168004362,0.0,0.0,0.0,0.0,0.0,-0.3752528545754496,0.0,0.0,12.668172577030868,-0.3752528545754496,0.33737986628187216
0.23,0.0,0.0,0.0,0.21734879313428912,0.0,0.0,0.0,0.0,0.0,-0.3900500343440734,0.0,0.0,12.45316852885677,-0.3900500343440734,0.33730120487298954
0.24,0.0,0.0,0.0,0.2134482927908484,0.0,0.0,0.0,0.0,0.0,-0.4045557266587688,0.0,0.0,12.22968632118829,-0.4045557266587688,0.33719122022947134
0.25,0.0,0.0,0.0,0.2094027355242607,0.0,0.0,0.0,0.0,0.0,-0.4187593609999634,0.0,0.0,11.997892964034332,-0.4187593609999634,0.3370486187752514
0.26,0.0,0.0,0.0,0.20521514191426107,0.0,0.0,0.0,0.0,0.0,-0.4326506256587595,0.0,0.0,11.7579615238654,-0.4326506256587595,0.33687219593479334
0.27,0.0,0.0,0.0,0.20088863565767348,0.0,0.0,0.0,0.0,0.0,-0.44621947644594706,0.0,0.0,11.510070975325988,-0.44621947644594706,0.33666084513017025
0.28,0.0,0.0,0.0,0.196426440893214,0.0,0.0,0.0,0.0,0.0,-0.4594561451341354,0.0,0.0,11.254406047957087,-0.4594561451341354,0.33641356628103114
0.29,0.0,0.0,0.0,0.19183187944187266,0.0,0.0,0.0,0.0,0.0,-0.47235114762030395,0.0,0.0,10.991157068081726,-0.47235114762030395,0.33612947375048574
0.3,0.0,0.0,0.0,0.18710836796566963,0.0,0.0,0.0,0.0,0.0,-0.4848952917961129,0.0,0.0,10.720519796013683,-0.4848952917961129,0.3358078036835861
0.31,0.0,0.0,0.0,0.18225941504770848,0.0,0.0,0.0,0.0,0.0,-0.49707968511341083,0.0,0.0,10.442695258756864,-0.49707968511341083,0.33544792068911844
0.32,0.0,0.0,0.0,0.17728861819657438,0.0,0.0,0.0,0.0,0.0,-0.5088957418325262,0.0,0.0,10.15788957836996,-0.5088957418325262,0.3350493238197664
0.33,0.0,0.0,0.0,0.1721996607782491,0.0,0.0,0.0,0.0,0.0,-0.5203351899411437,0.0,0.0,9.866313796178131,-0.5203351899411437,0.3346116518104161
0.34,0.0,0.0,0.0,0.16699630887883768,0.0,0.0,0.0,0.0,0.0,-0.5313900777318373,0.0,0.0,9.568183693020476,-0.5313900777318373,0.3341346875392892
0.35000000000000003,0.0,0.0,0.0,0.1616824081015193,0.0,0.0,0.0,0.0,0.0,-0.54205278002667,0.0,0.0,9.263719605728845,-0.54205278002667,0.3336183616818049
0.36,0.0,0.0,0.0,0.1562618803012526,0.0,0.0,0.0,0.0,0.0,-0.5523160040376713,0.0,0.0,8.953146240040232,-0.5523160040376713,0.3330627555324415
0.37,0.0,0.0,0.0,0.1507387202608759,0.0,0.0,0.0,0.0,0.0,-0.562172794852471,0.0,0.0,8.636692480151341,-0.562172794852471,0.3324681029754386
0.38,0.0,0.0,0.0,0.1451169923123512,0.0,0.0,0.0,0.0,0.0,-0.571616540534899,0.0,0.0,8.314591195130136,-0.571616540534899,0.3318347915908135
0.39,0.0,0.0,0.0,0.1394008269070022,0.0,0.0,0.0,0.0,0.0,-0.5806409768309619,0.0,0.0,7.987079042404952,-0.5806409768309619,0.3311633628879237
0.4,0.0,0.0,0.0,0.13359441713869258,0.0,0.0,0.0,0.0,0.0,-0.5892401914712663,0.0,0.0,7.654396268557276,-0.5892401914712663,0.33045451166458334
0.41000000000000003,0.0,0.0,0.0,0.12770201522397992,0.0,0.0,0.0,0.0,0.0,-0.5974086280616845,0.0,0.0,7.316786507649436,-0.5974086280616845,0.32970908449549297
0.42,0.0,0.0,0.0,0.12172792894336308,0.0,0.0,0.0,0.0,0.0,-0.6051410895548489,0.0,0.0,6.974496577323083,-0.6051410895548489,0.3289280773594415
0.43,0.0,0.0,0.0,0.11567651804781459,0.0,0.0,0.0,0.0,0.0,-0.6124327412958989,0.0,0.0,6.627776272908672,-0.6124327412958989,0.3281126324203848
0.44,0.0,0.0,0.0,0.1095521906348556,0.0,0.0,0.0,0.0,0.0,-0.6192791136368102,0.0,0.0,6.276878159789849,-0.6192791136368102,0.32726403398295023
0.45,0.0,0.0,0.0,0.1033593994984875,0.0,0.0,0.0,0.0,0.0,-0.6256761041145855,0.0,0.0,5.922057364269932,-0.6256761041145855,0.3263837036482309
0.46,0.0,0.0,0.0,0.09710263845734166,0.0,0.0,0.0,0.0,0.0,-0.6316199791895833,0.0,0.0,5.563571363190396,-0.6316199791895833,0.32547319470083697
0.47000000000000003,0.0,0.0,0.0,0.09078643866544582,0.0,0.0,0.0,0.0,0.0,-0.6371073755413079,0.0,0.0,5.201679772553356,-0.6371073755413079,0.3245341857629777
0.48,0.0,0.0,0.0,0.08441536491003274,0.0,0.0,0.0,0.0,0.0,-0.6421353009200593,0.0,0.0,4.836644135401622,-0.6421353009200593,0.32356847375594616
0.49,0.0,0.0,0.0,0.07799401190083215,0.0,0.0,0.0,0.0,0.0,-0.6467011345539596,0.0,0.0,4.468727709210797,-0.6467011345539596,0.3225779662135686
0.5,0.0,0.0,0.0,0.07152700055529256,0.0,0.0,0.0,0.0,0.0,-0.6508026271120079,0.0,0.0,4.098195253048159,-0.6508026271120079,0.3215646729961281
0.51,0.0,0.0,0.0,0.06501897428417247,0.0,0.0,0.0,0.0,0.0,-0.6544379002249815,0.0,0.0,3.7253128147527153,-0.6544379002249815,0.32053069745676294
0.52,0.0,0.0,0.0,0.058474595281922656,0.0,0.0,0.0,0.0,0.0,-0.6576054455671739,0.0,0.0,3.350347518389764,-0.6576054455671739,0.31947822711548807
0.53,0.0,0.0,0.0,0.051898540826250915,0.0,0.0,0.0,0.0,0.0,-0.6603041235031469,0.0,0.0,2.9735673522315738,-0.6603041235031469,0.31840952389873267
0.54,0.0,0.0,0.0,0.045295499591219444,0.0,0.0,0.0,0.0,0.0,-0.6625331613048585,0.0,0.0,2.5952409575134197,-0.6625331613048585,0.31732691400455
0.55,0.0,0.0,0.0,0.03867016797817086,0.0,0.0,0.0,0.0,0.0,-0.6642921509457123,0.0,0.0,2.2156374182111342,-0.6642921509457123,0.3162327774555658
0.56,0.0,0.0,0.0,0.03202724646871374,0.0,0.0,0.0,0.0,0.0,-0.6655810464792413,0.0,0.0,1.8350260520825667,-0.6655810464792413,0.31512953740311556
0.5700000000000001,0.0,0.0,0.0,0.025371436003921322,0.0,0.0,0.0,0.0,0.0,-0.6664001610112927,0.0,0.0,1.4536762032109545,-0.6664001610112927,0.3140196492470132
0.58,0.0,0.0,0.0,0.018707434393808394,0.0,0.0,0.0,0.0,0.0,-0.6667501632757056,0.0,0.0,1.0718570362830986,-0.6667501632757056,0.31290558963590304
0.59,0.0,0.0,0.0,0.012039932761051338,0.0,0.0,0.0,0.0,0.0,-0.666632073824569,0.0,0.0,0.689837332829534,-0.666632073824569,0.31178984541323645
0.6,0.0,0.0,0.0,0.005373612022805648,0.0,0.0,0.0,0.0,0.0,-0.6660472608452074,0.0,0.0,0.3078852896475207,-0.6660472608452074,0.31067490257353597
0.61,0.0,0.0,0.0,-0.0012868605856464262,0.0,0.0,0.0,0.0,0.0,-0.6649974356170499,0.0,0.0,-0.07373168037927363,-0.6649974356170499,0.309563235292824
0.62,0.0,0.0,0.0,-0.007936834941816927,0.0,0.0,0.0,0.0,0.0,-0.6634846476225085,0.0,0.0,-0.4547471448580702,-0.6634846476225085,0.30845729509587516
0.63,0.0,0.0,0.0,-0.014571681418042012,0.0,0.0,0.0,0.0,0.0,-0.6615112793268949,0.0,0.0,-0.8348958456630139,-0.6615112793268949,0.3073595002213573
0.64,0.0,0.0,0.0,-0.02118679421131096,0.0,0.0,0.0,0.0,0.0,-0.6590800406432582,0.0,0.0,-1.2139138897203217,-0.6590800406432582,0.3062722252439085
0.65,0.0,0.0,0.0,-0.027777594617743543,0.0,0.0,0.0,0.0,0.0,-0.6561939630988056,0.0,0.0,-1.5915389366220163,-0.6561939630988056,0.30519779100988015
0.66,0.0,0.0,0.0,-0.034339534248731596,0.0,0.0,0.0,0.0,0.0,-0.6528563937202843,0.0,0.0,-1.9675103828972644,-0.6528563937202843,0.304138454940754
0.67,0.0,0.0,0.0,-0.04086809818593444,0.0,0.0,0.0,0.0,0.0,-0.6490709886563426,0.0,0.0,-2.341569542780299,-0.6490709886563426,0.3030964017552782
0.68,0.0,0.0,0.0,-0.047358808072497864,0.0,0.0,0.0,0.0,0.0,-0.6448417065554545,0.0,0.0,-2.713459825324221,-0.6448417065554545,0.3020737346580784
0.6900000000000001,0.0,0.0,0.0,-0.05380722513805241,0.0,0.0,0.0,0.0,0.0,-0.6401728017184722,0.0,0.0,-3.0829269077206316,-0.6401728017184722,0.301072467038979
0.7000000000000001,0.0,0.0,0.0,-0.06020895315523713,0.0,0.0,0.0,0.0,0.0,-0.6350688170452816,0.0,0.0,-3.449718904695969,-0.6350688170452816,0.3000945147235147
0.71,0.0,0.0,0.0,-0.06655964132568995,0.0,0.0,0.0,0.0,0.0,-0.6295345767953462,0.0,0.0,-3.813586533866574,-0.6295345767953462,0.29914168881120384
0.72,0.0,0.0,0.0,-0.07285498709364341,0.0,0.0,0.0,0.0,0.0,-0.6235751791821682,0.0,0.0,-4.174283276945851,-0.6235751791821682,0.2982156891340246
0.73,0.0,0.0,0.0,-0.07909073888546508,0.0,0.0,0.0,0.0,0.0,-0.6171959888218397,0.0,0.0,-4.531565536708373,-0.6171959888218397,0.2973180983633632
0.74,0.0,0.0,0.0,-0.08526269877368348,0.0,0.0,0.0,0.0,0.0,-0.6104026290559211,0.0,0.0,-4.885192789627323,-0.6104026290559211,0.2964503767893575
0.75,0.0,0.0,0.0,-0.09136672506424269,0.0,0.0,0.0,0.0,0.0,-0.603200974168864,0.0,0.0,-5.234927734113262,-0.603200974168864,0.29561385779223276
0.76,0.0,0.0,0.0,-0.09739873480593134,0.0,0.0,0.0,0.0,0.0,-0.5955971415200876,0.0,0.0,-5.580536434293819,-0.5955971415200876,0.29480974402078336
0.77,0.0,0.0,0.0,-0.10335470622113221,0.0,0.0,0.0,0.0,0.0,-0.5875974836106299,0.0,0.0,-5.9217884592853895,-0.5875974836106299,0.29403910428881036
0.78,0.0,0.0,0.0,-0.10923068105723852,0.0,0.0,0.0,0.0,0.0,-0.5792085801040221,0.0,0.0,-6.258457017919356,-0.5792085801040221,0.2933028711959214
0.79,0.0,0.0,0.0,-0.11502276685827874,0.0,0.0,0.0,0.0,0.0,-0.5704372298206866,0.0,0.0,-6.590319088896611,-0.5704372298206866,0.292601839474828
0.8,0.0,0.0,0.0,-0.1207271391564856,0.0,0.0,0.0,0.0,0.0,-0.561290442724732,0.0,0.0,-6.917155546355207,-0.561290442724732,0.29193666506304206
0.81,0.0,0.0,0.0,-0.1263400435837329,0.0,0.0,0.0,0.0,0.0,-0.5517754319215189,0.0,0.0,-7.238751280846771,-0.5517754319215189,0.29130786489276655
0.8200000000000001,0.0,0.0,0.0,-0.1318577979029481,0.0,0.0,0.0,0.0,0.0,-0.5418996056837992,0.0,0.0,-7.554895315727883,-0.5418996056837992,0.29071581738882823
0.8300000000000001,0.0,0.0,0.0,-0.1372767939597861,0.0,0.0,0.0,0.0,0.0,-0.5316705595236006,0.0,0.0,-7.865380918982735,-0.5316705595236006,0.290160763660642
0.84,0.0,0.0,0.0,-0.1425934995550221,0.0,0.0,0.0,0.0,0.0,-0.5210960683263225,0.0,0.0,-8.170005710503348,-0.5210960683263225,0.28964280937061937
0.85,0.0,0.0,0.0,-0.14780446023828533,0.0,0.0,0.0,0.0,0.0,-0.5101840785627612,0.0,0.0,-8.46857176486294,-0.5101840785627612,0.2891619272579189
0.86,0.0,0.0,0.0,-0.15290630102391295,0.0,0.0,0.0,0.0,0.0,-0.4989427005939685,0.0,0.0,-8.76088570962711,-0.4989427005939685,0.28871796029324515
0.87,0.0,0.0,0.0,-0.15789572802985263,0.0,0.0,0.0,0.0,0.0,-0.4873802010829916,0.0,0.0,-9.046758819256048,-0.4873802010829916,0.2883106254373635
0.88,0.0,0.0,0.0,-0.16276953004068254,0.0,0.0,0.0,0.0,0.0,-0.47550499552663933,0.0,0.0,-9.326007104658975,-0.47550499552663933,0.2879395179732181
0.89,0.0,0.0,0.0,-0.16752457999594894,0.0,0.0,0.0,0.0,0.0,-0.46332564091948053,0.0,0.0,-9.598451398469612,-0.46332564091948053,0.28760411637897176
0.9,0.0,0.0,0.0,-0.17215783640514376,0.0,0.0,0.0,0.0,0.0,-0.4508508285613047,0.0,0.0,-9.863917436118413,-0.4508508285613047,0.2873037877070235
0.91,0.0,0.0,0.0,-0.17666634469075682,0.0,0.0,0.0,0.0,0.0,-0.4380893770182706,0.0,0.0,-10.122235932783804,-0.4380893770182706,0.2870377934319663
0.92,0.0,0.0,0.0,-0.1810472384609395,0.0,0.0,0.0,0.0,0.0,-0.42505022524694247,0.0,0.0,-10.373242656310428,-0.42505022524694247,0.2868052957286926
0.93,0.0,0.0,0.0,-0.18529774071340893,0.0,0.0,0.0,0.0,0.0,-0.4117424258893651,0.0,0.0,-10.616778496187775,-0.4117424258893651,0.28660536414027943
0.9400000000000001,0.0,0.0,0.0,-0.1894151649723026,0.0,0.0,0.0,0.0,0.0,-0.3981751387462698,0.0,0.0,-10.852689528687163,-0.3981751387462698,0.2864369825940314
0.9500000000000001,0.0,0.0,0.0,-0.1933969163597653,0.0,0.0,0.0,0.0,0.0,-0.3843576244344323,0.0,0.0,-11.080827078259137,-0.3843576244344323,0.2862990567230115
0.96,0.0,0.0,0.0,-0.1972404926041096,0.0,0.0,0.0,0.0,0.0,-0.3702992382331302,0.0,0.0,-11.301047775296809,-0.3702992382331302,0.286190421449606
0.97,0.0,0.0,0.0,-0.2009434849864409,0.0,0.0,0.0,0.0,0.0,-0.35600942412357367,0.0,0.0,-11.513213610373485,-0.35600942412357367,0.2861098487871453
0.98,0.0,0.0,0.0,-0.20450357922767665,0.0,0.0,0.0,0.0,0.0,-0.3414977090241126,0.0,0.0,-11.717191985065122,-0.3414977090241126,0.28605605581528437
0.99,0.0,0.0,0.0,-0.20791855631791778,0.0,0.0,0.0,0.0,0.0,-0.3267736972229654,0.0,0.0,-11.912855759469807,-0.3267736972229654,0.2860277127848024
1.0,0.0,0.0,0.0,-0.21118629329014743,0.0,0.0,0.0,0.0,0.0,-0.3118470650091657,0.0,0.0,-12.100083296537424,-0.3118470650091657,0.286023451307602
1.01,0.0,0.0,0.0,-0.2143047639402391,0.0,0.0,0.0,0.0,0.0,-0.2967275555013946,0.0,0.0,-12.278758503323095,-0.2967275555013946,0.286041872588086
1.02,0.0,0.0,0.0,-0.21727203949525303,0.0,0.0,0.0,0.0,0.0,-0.28142497367335695,0.0,0.0,-12.448770869277732,-0.28142497367335695,0.28608155565265675
1.03,0.0,0.0,0.0,-0.22008628923198661,0.0,0.0,0.0,0.0,0.0,-0.26594918157337555,0.0,0.0,-12.61001550168837,-0.26594918157337555,0.28614106553482505
1.04,0.0,0.0,0.0,-0.22274578104772036,0.0,0.0,0.0,0.0,0.0,-0.25031009373492197,0.0,0.0,-12.762393158379497,-0.25031009373492197,0.28621896137440844
1.05,0.0,0.0,0.0,-0.22524888198506957,0.0,0.0,0.0,0.0,0.0,-0.23451767277387528,0.0,0.0,-12.905810277784846,-0.23451767277387528,0.28631380439038423
1.06,0.0,0.0,0.0,-0.22759405871280833,0.0,0.0,0.0,0.0,0.0,-0.2185819251674109,0.0,0.0,-13.04017900649658,-0.2185819251674109,0.2864241656882798
1.07,0.0,0.0,0.0,-0.22977987796448243,0.0,0.0,0.0,0.0,0.0,-0.20251289720856533,0.0,0.0,-13.165417224395949,-0.20251289720856533,0.28654863386438706
1.08,0.0,0.0,0.0,-0.23180500693656808,0.0,0.0,0.0,0.0,0.0,-0.186320671129708,0.0,0.0,-13.281448567466123,-0.186320671129708,0.28668582237072
1.09,0.0,0.0,0.0,-0.23366821364786516,0.0,0.0,0.0,0.0,0.0,-0.17001536138737733,0.0,0.0,-13.388202448383897,-0.17001536138737733,0.2868343766062721
1.1,0.0,0.0,0.0,-0.23536836726173893,0.0,0.0,0.0,0.0,0.0,-0.15360711110020808,0.0,0.0,-13.485614074982777,-0.15360711110020808,0.2869929807020247
1.11,0.0,0.0,0.0,-0.236904438372741,0.0,0.0,0.0,0.0,0.0,-0.13710608863099202,0.0,0.0,-13.573624466675167,-0.13710608863099202,0.2871603639690514
1.12,0.0,0.0,0.0,-0.23827549925905092,0.0,0.0,0.0,0.0,0.0,-0.12052248430327706,0.0,0.0,-13.652180468916193,-0.12052248430327706,0.287335306981108
1.1300000000000001,0.0,0.0,0.0,-0.23948072410208368,0.0,0.0,0.0,0.0,0.0,-0.10386650724232156,0.0,0.0,-13.721234765786287,-0.10386650724232156,0.28751664726523174
1.1400000000000001,0.0,0.0,0.0,-0.2405193891745069,0.0,0.0,0.0,0.0,0.0,-0.08714838232968232,0.0,0.0,-13.780745890763788,-0.08714838232968232,0.28770328457604577
1.1500000000000001,0.0,0.0,0.0,-0.24139087299780373,0.0,0.0,0.0,0.0,0.0,-0.07037834726022804,0.0,0.0,-13.83067823575262,-0.07037834726022804,0.28789418573176623
1.16,0.0,0.0,0.0,-0.242094656470406,0.0,0.0,0.0,0.0,0.0,-0.05356664968993644,0.0,0.0,-13.871002058423791,-0.05356664968993644,0.288088388992218
1.17,0.0,0.0,0.0,-0.24263032296730538,0.0,0.0,0.0,0.0,0.0,-0.036723544462452136,0.0,0.0,-13.901693487922683,-0.036723544462452136,0.28828500796153655
1.18,0.0,0.0,0.0,-0.2429975584119299,0.0,0.0,0.0,0.0,0.0,-0.01985929090205655,0.0,0.0,-13.922734528987279,-0.01985929090205655,0.2884832350006932
1.19,0.0,0.0,0.0,-0.2431961513209505,0.0,0.0,0.0,0.0,0.0,-0.002984150160429435,0.0,0.0,-13.934113064515383,-0.002984150160429435,0.28868234413738486
1.2,0.0,0.0,0.0,-0.24322599282255478,0.0,0.0,0.0,0.0,0.0,0.013891617395634319,0.0,0.0,-13.935822856611642,0.013891617395634319,0.2888816934633658
1.21,0.0,0.0,0.0,-0.24308707664859844,0.0,0.0,0.0,0.0,0.0,0.030756927724118248,0.0,0.0,-13.92786354613784,0.030756927724118248,0.2890806913989937
1.22,0.0,0.0,0.0,-0.24277950737135726,0.0,0.0,0.0,0.0,0.0,0.04759913009983147,0.0,0.0,-13.91024112464403,0.04759913009983147,0.28927867034671223
1.23,0.0,0.0,0.0,-0.24230351607035894,0.0,0.0,0.0,0.0,0.0,0.06440555544416376,0.0,0.0,-13.882968832011885,0.06440555544416376,0.2894748790558243
1.24,0.0,0.0,0.0,-0.2416594605159173,0.0,0.0,0.0,0.0,0.0,0.08116356532790488,0.0,0.0,-13.846067166970421,0.08116356532790488,0.2896684864294544
1.25,0.0,0.0,0.0,-0.24084782486263825,0.0,0.0,0.0,0.0,0.0,0.09786056277892335,0.0,0.0,-13.799563869535188,0.09786056277892335,0.28985858520959723
1.26,0.0,0.0,0.0,-0.23986921923484902,0.0,0.0,0.0,0.0,0.0,0.11448400305177704,0.0,0.0,-13.743493897255115,0.11448400305177704,0.29004419626277483
1.27,0.0,0.0,0.0,-0.23872437920433126,0.0,0.0,0.0,0.0,0.0,0.1310214043505361,0.0,0.0,-13.677899395288819,0.1310214043505361,0.2902242734423817
1.28,0.0,0.0,0.0,-0.2374141651608259,0.0,0.0,0.0,0.0,0.0,0.14746035849604014,0.0,0.0,-13.602829660337191,0.14746035849604014,0.2903977089996813
1.29,0.0,0.0,0.0,-0.2359395615758655,0.0,0.0,0.0,0.0,0.0,0.1637885415287301,0.0,0.0,-13.518341098464099,0.1637885415287301,0.2905633395114111
1.3,0.0,0.0,0.0,-0.23430167616057818,0.0,0.0,0.0,0.0,0.0,0.1799937242380949,0.0,0.0,-13.424497176842104,0.1799937242380949,0.2907199522882512
1.31,0.0,0.0,0.0,-0.23250173891819723,0.0,0.0,0.0,0.0,0.0,0.19606378260965418,0.0,0.0,-13.32136836946526,0.19606378260965418,0.2908662922248707
1.32,0.0,0.0,0.0,-0.2305411010921007,0.0,0.0,0.0,0.0,0.0,0.21198670818026288,0.0,0.0,-13.209032096876223,0.21198670818026288,0.29100106904903966
1.33,0.0,0.0,0.0,-0.22842123401029807,0.0,0.0,0.0,0.0,0.0,0.2277506182923762,0.0,0.0,-13.08757265996022,0.2277506182923762,0.29112296492434386
1.34,0.0,0.0,0.0,-0.2261437278273743,0.0,0.0,0.0,0.0,0.0,0.2433437662377533,0.0,0.0,-12.957081167863738,0.2433437662377533,0.2912306423583756
1.35,0.0,0.0,0.0,-0.22371029016499677,0.0,0.0,0.0,0.0,0.0,0.2587545512809118,0.0,0.0,-12.817655460101324,0.2587545512809118,0.29132275236598976
1.36,0.0,0.0,0.0,-0.22112274465218765,0.0,0.0,0.0,0.0,0.0,0.2739715285524728,0.0,0.0,-12.669400022919346,0.2739715285524728,0.29139794283522963
1.37,0.0,0.0,0.0,-0.21838302936666293,0.0,0.0,0.0,0.0,0.0,0.2889834188023638,0.0,0.0,-12.512425899991301,0.2889834188023638,0.29145486704192347
1.3800000000000001,0.0,0.0,0.0,-0.2154931951786393,0.0,0.0,0.0,0.0,0.0,0.3037791180026749,0.0,0.0,-12.346850597524933,0.3037791180026749,0.2914921922577342
1.3900000000000001,0.0,0.0,0.0,-0.21245540399861254,0.0,0.0,0.0,0.0,0.0,0.31834770678979935,0.0,0.0,-12.172797983867333,0.31834770678979935,0.2915086083955865
1.4000000000000001,0.0,0.0,0.0,-0.20927192693071456,0.0,0.0,0.0,0.0,0.0,0.3326784597353325,0.0,0.0,-11.990398183700096,0.3326784597353325,0.2915028366359479
1.41,0.0,0.0,0.0,-0.20594514233336123,0.0,0.0,0.0,0.0,0.0,0.34676085443506116,0.0,0.0,-11.799787466922622,0.34676085443506116,0.2914736379773643
1.42,0.0,0.0,0.0,-0.20247753378901062,0.0,0.0,0.0,0.0,0.0,0.360584580405249,0.0,0.0,-11.601108132327829,0.360584580405249,0.2914198216549919
1.43,0.0,0.0,0.0,-0.19887168798495813,0.0,0.0,0.0,0.0,0.0,0.3741395477753182,0.0,0.0,-11.394508386180664,0.3741395477753182,0.29134025337159075
1.44,0.0,0.0,0.0,-0.19513029250720496,0.0,0.0,0.0,0.0,0.0,0.3874158957659468,0.0,0.0,-11.180142215816074,0.3874158957659468,0.2912338632865427
1.45,0.0,0.0,0.0,-0.1912561335495455,0.0,0.0,0.0,0.0,0.0,0.40040400094154727,0.0,0.0,-10.958169258379385,0.40040400094154727,0.2910996537099645
1.46,0.0,0.0,0.0,-0.18725209354013,0.0,0.0,0.0,0.0,0.0,0.4130944852260704,0.0,0.0,-10.728754664838355,0.4130944852260704,0.29093670645082437
1.47,0.0,0.0,0.0,-0.1831211486878693,0.0,0.0,0.0,0.0,0.0,0.4254782236710917,0.0,0.0,-10.492068959402523,0.4254782236710917,0.2907441897702051
1.48,0.0,0.0,0.0,-0.1788663664511584,0.0,0.0,0.0,0.0,0.0,0.4375463519651866,0.0,0.0,-10.248287894491757,0.4375463519651866,0.2905213648933994
1.49,0.0,0.0,0.0,-0.17449090293150651,0.0,0.0,0.0,0.0,0.0,0.44929027367369273,0.0,0.0,-9.997592301402246,0.44929027367369273,0.2902675920373935
1.5,0.0,0.0,0.0,-0.1699980001947696,0.0,0.0,0.0,0.0,0.0,0.460701667198092,0.0,0.0,-9.740167936824445,0.460701667198092,0.28998233591347994
1.51,0.0,0.0,0.0,-0.1653909835227887,0.0,0.0,0.0,0.0,0.0,0.4717724924444234,0.0,0.0,-9.476205325373533,0.4717724924444234,0.289665170668186
1.52,0.0,0.0,0.0,-0.16067325859834447,0.0,0.0,0.0,0.0,0.0,0.4824949971903658,0.0,0.0,-9.205899598299203,0.4824949971903658,0.2893157842294046
1.53,0.0,0.0,0.0,-0.1558483086264408,0.0,0.0,0.0,0.0,0.0,0.49286172314090626,0.0,0.0,-8.929450328547357,0.49286172314090626,0.28893398202854204
1.54,0.0,0.0,0.0,-0.15091969139503175,0.0,0.0,0.0,0.0,0.0,0.5028655116628341,0.0,0.0,-8.647061362352167,0.5028655116628341,0.2885196900736248
1.55,0.0,0.0,0.0,-0.1458910362784034,0.0,0.0,0.0,0.0,0.0,0.5124995091886816,0.0,0.0,-8.358940647542497,0.5124995091886816,0.28807295735256655
1.56,0.0,0.0,0.0,-0.1407660411865166,0.0,0.0,0.0,0.0,0.0,0.5217571722811591,0.0,0.0,-8.06530005875212,0.5217571722811591,0.28759395755026074
1.57,0.0,0.0,0.0,-0.135548469463705,0.0,0.0,0.0,0.0,0.0,0.5306322723496157,0.0,0.0,-7.766355219728213,0.5306322723496157,0.28708299006763127
1.58,0.0,0.0,0.0,-0.13024214674020884,0.0,0.0,0.0,0.0,0.0,0.539118900010587,0.0,0.0,-7.462325322937519,0.539118900010587,0.2865404803353967
1.59,0.0,0.0,0.0,-0.12485095774010298,0.0,0.0,0.0,0.0,0.0,0.5472114690850775,0.0,0.0,-7.153432946674099,0.5472114690850775,0.2859669794198961
1.6,0.0,0.0,0.0,-0.1193788430492522,0.0,0.0,0.0,0.0,0.0,0.5549047202258561,0.0,0.0,-6.839903869876814,0.5549047202258561,0.2853631629229727
1.61,0.0,0.0,0.0,-0.11382979584699364,0.0,0.0,0.0,0.0,0.0,0.5621937241687246,0.0,0.0,-6.5219668848685215,0.5621937241687246,0.2847298291824483
1.62,0.0,0.0,0.0,-0.10820785860530639,0.0,0.0,0.0,0.0,0.0,0.5690738846024436,0.0,0.0,-6.199853608232423,0.5690738846024436,0.2840678967842953
1.6300000000000001,0.0,0.0,0.0,-0.10251711975928196,0.0,0.0,0.0,0.0,0.0,0.5755409406527722,0.0,0.0,-5.873798290044074,0.5755409406527722,0.28337840140197634
1.6400000000000001,0.0,0.0,0.0,-0.09676171035275424,0.0,0.0,0.0,0.0,0.0,0.5815909689768854,0.0,0.0,-5.544037621680142,0.5815909689768854,0.28266249198273163
1.6500000000000001,0.0,0.0,0.0,-0.09094580066298538,0.0,0.0,0.0,0.0,0.0,0.5872203854652804,0.0,0.0,-5.210810542427146,0.5872203854652804,0.28192142630473127
1.6600000000000001,0.0,0.0,0.0,-0.08507359680833258,0.0,0.0,0.0,0.0,0.0,0.5924259465491629,0.0,0.0,-4.874358045115088,0.5924259465491629,0.2811565659328886
1.67,0.0,0.0,0.0,-0.07914933734284095,0.0,0.0,0.0,0.0,0.0,0.5972047501122143,0.0,0.0,-4.534922981001988,0.5972047501122143,0.28036937060490885
1.68,0.0,0.0,0.0,-0.07317728984171881,0.0,0.0,0.0,0.0,0.0,0.601554236006575,0.0,0.0,-4.19274986413604,0.601554236006575,0.2795613920825624
1.69,0.0,0.0,0.0,-0.06716174748165306,0.0,0.0,0.0,0.0,0.0,0.605472186173835,0.0,0.0,-3.8480846754221054,0.605472186173835,0.2787342675064129
1.7,0.0,0.0,0.0,-0.061107025619914705,0.0,0.0,0.0,0.0,0.0,0.6089567243727929,0.0,0.0,-3.5011746666189056,0.6089567243727929,0.2778897122951225
1.71,0.0,0.0,0.0,-0.055017458376186774,0.0,0.0,0.0,0.0,0.0,0.6120063155167282,0.0,0.0,-3.1522681644921815,0.6120063155167282,0.2770295126330784
1.72,0.0,0.0,0.0,-0.04889739522101949,0.0,0.0,0.0,0.0,0.0,0.6146197646239198,0.0,0.0,-2.801614375347578,0.6146197646239198,0.2761555175923788
1.73,0.0,0.0,0.0,-0.04275119757478029,0.0,0.0,0.0,0.0,0.0,0.6167962153861297,0.0,0.0,-2.449463190164831,0.6167962153861297,0.2752696309371606
1.74,0.0,0.0,0.0,-0.03658323542091899,0.0,0.0,0.0,0.0,0.0,0.6185351483607607,0.0,0.0,-2.096064990552158,0.6185351483607607,0.27437380265987743
1.75,0.0,0.0,0.0,-0.030397883937311385,0.0,0.0,0.0,0.0,0.0,0.6198363787933632,0.0,0.0,-1.74167045573646,0.6198363787933632,0.27347002030038275
1.76,0.0,0.0,0.0,-0.024199520149377755,0.0,0.0,0.0,0.0,0.0,0.6207000540781314,0.0,0.0,-1.386530370801141,0.6207000540781314,0.2725603000995953
1.77,0.0,0.0,0.0,-0.017992519608596443,0.0,0.0,0.0,0.0,0.0,0.6211266508649653,0.0,0.0,-1.030895436378952,0.6211266508649653,0.2716466780400673
1.78,0.0,0.0,0.0,-0.011781253099946789,0.0,0.0,0.0,0.0,0.0,0.621116971822584,0.0,0.0,-0.6750160800023688,0.621116971822584,0.2707312008259509
1.79,0.0,0.0,0.0,-0.005570083381720949,0.0,0.0,0.0,0.0,0.0,0.620672142068062,0.0,0.0,-0.3191422693085675,0.620672142068062,0.2698159168547398
1.8,0.0,0.0,0.0,0.0006366380389596707,0.0,0.0,0.0,0.0,0.0,0.6197936052740021,0.0,0.0,0.036476672709874404,0.6197936052740021,0.2689028672326186
1.81,0.0,0.0,0.0,0.006834574091699692,0.0,0.0,0.0,0.0,0.0,0.6184831194653644,0.0,0.0,0.3915922502238504,0.6184831194653644,0.2679940768844416
1.82,0.0,0.0,0.0,0.013019405286353335,0.0,0.0,0.0,0.0,0.0,0.6167427525187322,0.0,0.0,0.7459569746783591,0.6167427525187322,0.26709154580818373
1.83,0.0,0.0,0.0,0.019186832811540655,0.0,0.0,0.0,0.0,0.0,0.6145748773775039,0.0,0.0,1.0993245423244067,0.6145748773775039,0.26619724052225785
1.84,0.0,0.0,0.0,0.025332581585315695,0.0,0.0,0.0,0.0,0.0,0.6119821669971608,0.0,0.0,1.4514500090094176,0.6119821669971608,0.2653130857522911
1.85,0.0,0.0,0.0,0.0314524032552873,0.0,0.0,0.0,0.0,0.0,0.6089675890353601,0.0,0.0,1.8020899620714939,0.6089675890353601,0.26444095640195303
1.86,0.0,0.0,0.0,0.0375420791456409,0.0,0.0,0.0,0.0,0.0,0.6055344003021458,0.0,0.0,2.151002689191327,0.6055344003021458,0.26358266985010625
1.87,0.0,0.0,0.0,0.043597423148662356,0.0,0.0,0.0,0.0,0.0,0.6016861409860487,0.0,0.0,2.4979483440643095,0.6016861409860487,0.2627399786140265
1.8800000000000001,0.0,0.0,0.0,0.04961428455852284,0.0,0.0,0.0,0.0,0.0,0.5974266286722612,0.0,0.0,2.8426891087644495,0.5974266286722612,0.26191456341570507
1.8900000000000001,0.0,0.0,0.0,0.05558855084524545,0.0,0.0,0.0,0.0,0.0,0.5927599521694219,0.0,0.0,3.184989352680949,0.5927599521694219,0.2611080266853063
1.9000000000000001,0.0,0.0,0.0,0.06151615036693967,0.0,0.0,0.0,0.0,0.0,0.5876904651618228,0.0,0.0,3.5246157879177935,0.5876904651618228,0.26032188653277305
1.9100000000000001,0.0,0.0,0.0,0.0673930550185579,0.0,0.0,0.0,0.0,0.0,0.582222779704063,0.0,0.0,3.8613376210563195,0.582222779704063,0.2595575712153235
1.92,0.0,0.0,0.0,0.07321528281559853,0.0,0.0,0.0,0.0,0.0,0.5763617595753127,0.0,0.0,4.194926701190498,0.5763617595753127,0.2588164141252536
1.93,0.0,0.0,0.0,0.07897890041135165,0.0,0.0,0.0,0.0,0.0,0.570112513510419,0.0,0.0,4.525157664154491,0.570112513510419,0.2580996493190279
1.94,0.0,0.0,0.0,0.08468002554645584,0.0,0.0,0.0,0.0,0.0,0.5634803883250876,0.0,0.0,4.851808072871912,0.5634803883250876,0.2574084076051168
1.95,0.0,0.0,0.0,0.09031482942970673,0.0,0.0,0.0,0.0,0.0,0.5564709619522983,0.0,0.0,5.174658553766116,0.5564709619522983,0.25674371320455686
1.96,0.0,0.0,0.0,0.09587953904922972,0.0,0.0,0.0,0.0,0.0,0.5490900364069773,0.0,0.0,5.493492929180633,0.5490900364069773,0.2561064809946059
1.97,0.0,0.0,0.0,0.10137043941329948,0.0,0.0,0.0,0.0,0.0,0.5413436306957391,0.0,0.0,5.808098345768678,0.5413436306957391,0.25549751434237344
1.98,0.0,0.0,0.0,0.10678387572025688,0.0,0.0,0.0,0.0,0.0,0.5332379736882381,0.0,0.0,6.118265398820223,0.5332379736882381,0.2549175035317811
1.99,0.0,0.0,0.0,0.11211625545713927,0.0,0.0,0.0,0.0,0.0,0.5247794969663325,0.0,0.0,6.423788252504664,0.5247794969663325,0.2543670247837614
2.0,0.0,0.0,0.0,0.11736405042680259,0.0,0.0,0.0,0.0,0.0,0.5159748276668646,0.0,0.0,6.724464756016356,0.5159748276668646,0.253846539866244
2.0100000000000002,0.0,0.0,0.0,0.12252379870347124,0.0,0.0,0.0,0.0,0.0,0.5068307813334031,0.0,0.0,7.02009655561937,0.5068307813334031,0.25335639628718054
2.02,0.0,0.0,0.0,0.12759210651680528,0.0,0.0,0.0,0.0,0.0,0.4973543547917794,0.0,0.0,7.310489202596589,0.4973543547917794,0.2528968280607129
2.0300000000000002,0.0,0.0,0.0,0.13256565006472307,0.0,0.0,0.0,0.0,0.0,0.48755271906368397,0.0,0.0,7.595452257116801,0.48755271906368397,0.2524679570335401
2.04,0.0,0.0,0.0,0.1374411772553599,0.0,0.0,0.0,0.0,0.0,0.47743321233197,0.0,0.0,7.874799388041565,0.47743321233197,0.2520697947556597
2.05,0.0,0.0,0.0,0.1422155093786796,0.0,0.0,0.0,0.0,0.0,0.4670033329706525,0.0,0.0,8.148348468701517,0.4670033329706525,0.25170224487692183
2.06,0.0,0.0,0.0,0.14688554270838614,0.0,0.0,0.0,0.0,0.0,0.45627073265188395,0.0,0.0,8.415921668679129,0.45627073265188395,0.2513651060482593
2.07,0.0,0.0,0.0,0.15144825003490497,0.0,0.0,0.0,0.0,0.0,0.4452432095414465,0.0,0.0,8.677345541642078,0.4452432095414465,0.25105807530408797
2.08,0.0,0.0,0.0,0.15590068213031943,0.0,0.0,0.0,0.0,0.0,0.43392870159352226,0.0,0.0,8.932451109277915,0.43392870159352226,0.25078075190016813
2.09,0.0,0.0,0.0,0.16023996914625466,0.0,0.0,0.0,0.0,0.0,0.42233527995469616,0.0,0.0,9.181073941386922,0.42233527995469616,0.2505326415792025
2.1,0.0,0.0,0.0,0.16446332194580163,0.0,0.0,0.0,0.0,0.0,0.4104711424863127,0.0,0.0,9.423054232195723,0.4104711424863127,0.25031316123467423
2.11,0.0,0.0,0.0,0.16856803337066475,0.0,0.0,0.0,0.0,0.0,0.39834460741345057,0.0,0.0,9.658236872959511,0.39834460741345057,0.2501216439417766
2.12,0.0,0.0,0.0,0.17255147944479926,0.0,0.0,0.0,0.0,0.0,0.38596410710790646,0.0,0.0,9.886471520925374,0.38596410710790646,0.2499573443229683
2.13,0.0,0.0,0.0,0.17641112051587832,0.0,0.0,0.0,0.0,0.0,0.373338182011691,0.0,0.0,10.107612664733557,0.373338182011691,0.24981944421441205
2.14,0.0,0.0,0.0,0.18014450233599522,0.0,0.0,0.0,0.0,0.0,0.3604754747066424,0.0,0.0,10.321519686337126,0.3604754747066424,0.24970705859864817
2.15,0.0,0.0,0.0,0.18374925708306164,0.0,0.0,0.0,0.0,0.0,0.3473847241348593,0.0,0.0,10.52805691952378,0.3473847241348593,0.24961924176805178
2.16,0.0,0.0,0.0,0.18722310432441022,0.0,0.0,0.0,0.0,0.0,0.3340747599737503,0.0,0.0,10.727093705126217,0.3340747599737503,0.24955499368302436
2.17,0.0,0.0,0.0,0.19056385192414774,0.0,0.0,0.0,0.0,0.0,0.3205544971685923,0.0,0.0,10.918504443009637,0.3205544971685923,0.2495132664885483
2.18,0.0,0.0,0.0,0.19376939689583367,0.0,0.0,0.0,0.0,0.0,0.3068329306245939,0.0,0.0,11.102168640926624,0.3068329306245939,0.2494929711525062
2.19,0.0,0.0,0.0,0.1968377262020796,0.0,0.0,0.0,0.0,0.0,0.29291913005956993,0.0,0.0,11.27797096033082,0.29291913005956993,0.24949298418919721
2.2,0.0,0.0,0.0,0.1997669175026753,0.0,0.0,0.0,0.0,0.0,0.2788222350174582,0.0,0.0,11.44580125924139,0.2788222350174582,0.2495121544316667
2.21,0.0,0.0,0.0,0.2025551398528499,0.0,0.0,0.0,0.0,0.0,0.26455145004204844,0.0,0.0,11.605554632250442,0.26455145004204844,0.24954930981683457
2.22,0.0,0.0,0.0,0.2052006543532704,0.0,0.0,0.0,0.0,0.0,0.250116040009454,0.0,0.0,11.757131447765197,0.250116040009454,0.24960326414793552
2.23,0.0,0.0,0.0,0.20770181475336494,0.0,0.0,0.0,0.0,0.0,0.2355253256170354,0.0,0.0,11.900437382575866,0.2355253256170354,0.24967282379947472
2.24,0.0,0.0,0.0,0.2100570680095353,0.0,0.0,0.0,0.0,0.0,0.22078867902569427,0.0,0.0,12.035383453838874,0.22078867902569427,0.24975679433076042
2.25,0.0,0.0,0.0,0.21226495479979224,0.0,0.0,0.0,0.0,0.0,0.20591551965168572,0.0,0.0,12.161886048563282,0.20591551965168572,0.249853986975053
2.2600000000000002,0.0,0.0,0.0,0.2143241099963091,0.0,0.0,0.0,0.0,0.0,0.1909153101033639,0.0,0.0,12.279866950686129,0.1909153101033639,0.24996322497249426
2.27,0.0,0.0,0.0,0.21623326309734275,0.0,0.0,0.0,0.0,0.0,0.17579755225756952,0.0,0.0,12.389253365819672,0.17579755225756952,0.25008334971623797
2.2800000000000002,0.0,0.0,0.0,0.21799123861991845,0.0,0.0,0.0,0.0,0.0,0.1605717834696989,0.0,0.0,12.489977943750564,0.1605717834696989,0.25021322668255463
2.29,0.0,0.0,0.0,0.21959695645461544,0.0,0.0,0.0,0.0,0.0,0.14524757291086102,0.0,0.0,12.581978798767587,0.14524757291086102,0.25035175111717994
2.3000000000000003,0.0,0.0,0.0,0.22104943218372405,0.0,0.0,0.0,0.0,0.0,0.1298345180249337,0.0,0.0,12.665199527890698,0.1298345180249337,0.2504978534517375
2.31,0.0,0.0,0.0,0.2223477773639734,0.0,0.0,0.0,0.0,0.0,0.11434224109777526,0.0,0.0,12.739589227070137,0.11434224109777526,0.25065050442573356
2.32,0.0,0.0,0.0,0.22349119977495116,0.0,0.0,0.0,0.0,0.0,0.09878038593033421,0.0,0.0,12.805102505419836,0.09878038593033421,0.25080871989136977
2.33,0.0,0.0,0.0,0.2244790036342545,0.0,0.0,0.0,0.0,0.0,0.0831586146069291,0.0,0.0,12.86169949754465,0.0831586146069291,0.2509715652802572
2.34,0.0,0.0,0.0,0.22531058978032378,0.0,0.0,0.0,0.0,0.0,0.06748660434954312,0.0,0.0,12.90934587401597,0.06748660434954312,0.2511381597129898
2.35,0.0,0.0,0.0,0.2259854558238192,0.0,0.0,0.0,0.0,0.0,0.051774044448597165,0.0,0.0,12.94801285004495,0.051774044448597165,0.2513076797344713
2.36,0.0,0.0,0.0,0.22650319626830517,0.0,0.0,0.0,0.0,0.0,0.036030633260328376,0.0,0.0,12.977677192397223,0.036030633260328376,0.25147936265993076
2.37,0.0,0.0,0.0,0.22686350260090846,0.0,0.0,0.0,0.0,0.0,0.020266075260612963,0.0,0.0,12.99832122458723,0.020266075260612963,0.25165250951853835
2.38,0.0,0.0,0.0,0.2270661633535146,0.0,0.0,0.0,0.0,0.0,0.004490078144829893,0.0,0.0,13.009932830384505,0.004490078144829893,0.2518264875836656
2.39,0.0,0.0,0.0,0.2271110641349629,0.0,0.0,0.0,0.0,0.0,-0.011287650036831354,0.0,0.0,13.012505455658333,-0.011287650036831354,0.252000732480898
2.4,0.0,0.0,0.0,0.2269981876345946,0.0,0.0,0.0,0.0,0.0,-0.02705685767203237,0.0,0.0,13.006038108581022,-0.02705685767203237,0.25217472918278017
2.41,0.0,0.0,0.0,0.22672761905787425,0.0,0.0,0.0,0.0,0.0,-0.04280579947038324,0.0,0.0,12.990535671066084,-0.04280579947038324,0.2523479079814385
2.42,0.0,0.0,0.0,0.22629956106317042,0.0,0.0,0.0,0.0,0.0,-0.05852266098537166,0.0,0.0,12.966009754582721,-0.05852266098537166,0.2525196299442528
2.43,0.0,0.0,0.0,0.2257143344533167,0.0,0.0,0.0,0.0,0.0,-0.07419565509961543,0.0,0.0,12.932478739779356,-0.07419565509961543,0.252689190816089
2.44,0.0,0.0,0.0,0.22497237790232055,0.0,0.0,0.0,0.0,0.0,-0.08981303207877489,0.0,0.0,12.889967760825192,-0.08981303207877489,0.25285582406280094
2.45,0.0,0.0,0.0,0.2240742475815328,0.0,0.0,0.0,0.0,0.0,-0.10536308959008109,0.0,0.0,12.838508683991323,-0.10536308959008109,0.25301870440524676
2.46,0.0,0.0,0.0,0.223020616685632,0.0,0.0,0.0,0.0,0.0,-0.12083418267691656,0.0,0.0,12.77814008049162,-0.12083418267691656,0.2531769518244574
2.47,0.0,0.0,0.0,0.22181227485886285,0.0,0.0,0.0,0.0,0.0,-0.1362147336808527,0.0,0.0,12.708907193608619,-0.1362147336808527,0.25332963601525565
2.48,0.0,0.0,0.0,0.2204501275220543,0.0,0.0,0.0,0.0,0.0,-0.1514932421024987,0.0,0.0,12.630861900134505,-0.1514932421024987,0.25347578126236886
2.49,0.0,0.0,0.0,0.21893519510102932,0.0,0.0,0.0,0.0,0.0,-0.16665829439245522,0.0,0.0,12.544062666162237,-0.16665829439245522,0.2536143717100333
2.5,0.0,0.0,0.0,0.21726861215710477,0.0,0.0,0.0,0.0,0.0,-0.18169857366359227,0.0,0.0,12.448574497266872,-0.18169857366359227,0.25374435699320913
2.5100000000000002,0.0,0.0,0.0,0.21545162642046886,0.0,0.0,0.0,0.0,0.0,-0.1966028693157857,0.0,0.0,12.344468883122167,-0.1966028693157857,0.2538646581958698
2.52,0.0,0.0,0.0,0.21348559772731102,0.0,0.0,0.0,0.0,0.0,-0.21136008656415406,0.0,0.0,12.231823736602601,-0.21136008656415406,0.2539741740994147
2.5300000000000002,0.0,0.0,0.0,0.21137199686166946,0.0,0.0,0.0,0.0,0.0,-0.2259592558617381,0.0,0.0,12.110723327426143,-0.2259592558617381,0.2540717876820923
2.54,0.0,0.0,0.0,0.20911240430305209,0.0,0.0,0.0,0.0,0.0,-0.24038954220746125,0.0,0.0,11.981258210398199,-0.24038954220746125,0.254156372828383
2.5500000000000003,0.0,0.0,0.0,0.20670850888097747,0.0,0.0,0.0,0.0,0.0,-0.25464025433010457,0.0,0.0,11.843525148322504,-0.25464025433010457,0.25422680120572366
2.56,0.0,0.0,0.0,0.20416210633767642,0.0,0.0,0.0,0.0,0.0,-0.26870085373892455,0.0,0.0,11.697627029649976,-0.26870085373892455,0.25428194926456915
2.57,0.0,0.0,0.0,0.2014750978002872,0.0,0.0,0.0,0.0,0.0,-0.2825609636314419,0.0,0.0,11.543672780941952,-0.2825609636314419,0.2543207053168102
2.58,0.0,0.0,0.0,0.19864948816397276,0.0,0.0,0.0,0.0,0.0,-0.2962103776488343,0.0,0.0,11.38177727422964,-0.2962103776488343,0.25434197664681474
2.59,0.0,0.0,0.0,0.19568738438748443,0.0,0.0,0.0,0.0,0.0,-0.30963906846928185,0.0,0.0,11.212061229357095,-0.30963906846928185,0.25434469660898185
2.6,0.0,0.0,0.0,0.19259099370279162,0.0,0.0,0.0,0.0,0.0,-0.3228371962295393,0.0,0.0,11.034651111400574,-0.3228371962295393,0.25432783166560696
2.61,0.0,0.0,0.0,0.18936262174049623,0.0,0.0,0.0,0.0,0.0,-0.3357951167649531,0.0,0.0,10.84967902326268,-0.3357951167649531,0.25429038831910955
2.62,0.0,0.0,0.0,0.1860046705728467,0.0,0.0,0.0,0.0,0.0,-0.3485033896580991,0.0,0.0,10.657282593545336,-0.3485033896580991,0.25423141989320985
2.63,0.0,0.0,0.0,0.1825196366762657,0.0,0.0,0.0,0.0,0.0,-0.3609527860861999,0.0,0.0,10.457604859811212,-0.3609527860861999,0.25415003311854245
2.64,0.0,0.0,0.0,0.1789101088154037,0.0,0.0,0.0,0.0,0.0,-0.3731342964574827,0.0,0.0,10.250794147348936,-0.3731342964574827,0.25404539447935437
2.65,0.0,0.0,0.0,0.17517876585082887,0.0,0.0,0.0,0.0,0.0,-0.38503913782667165,0.0,0.0,10.037003943562965,-0.38503913782667165,0.25391673627943734
2.66,0.0,0.0,0.0,0.17132837447256216,0.0,0.0,0.0,0.0,0.0,-0.396658761079866,0.0,0.0,9.816392768114724,-0.396658761079866,0.2537633623871845
2.67,0.0,0.0,0.0,0.1673617868617635,0.0,0.0,0.0,0.0,0.0,-0.4079848578791471,0.0,0.0,9.58912403894708,-0.4079848578791471,0.25358465362175486
2.68,0.0,0.0,0.0,0.16328193828297202,0.0,0.0,0.0,0.0,0.0,-0.4190093673573818,0.0,0.0,9.35536593432988,-0.4190093673573818,0.25338007274458574
2.69,0.0,0.0,0.0,0.1590918446093982,0.0,0.0,0.0,0.0,0.0,-0.4297244825538471,0.0,0.0,9.115291251069634,-0.4297244825538471,0.2531491690231031
2.7,0.0,0.0,0.0,0.15479459978385973,0.0,0.0,0.0,0.0,0.0,-0.44012265658149985,0.0,0.0,8.869077259031847,-0.44012265658149985,0.252891582336209
2.71,0.0,0.0,0.0,0.15039337321804475,0.0,0.0,0.0,0.0,0.0,-0.4501966085169483,0.0,0.0,8.616905552129792,-0.4501966085169483,0.2526070467941524
2.72,0.0,0.0,0.0,0.14589140713287527,0.0,0.0,0.0,0.0,0.0,-0.45993932900445794,0.0,0.0,8.358961895938547,-0.45993932900445794,0.2522953938485322
2.73,0.0,0.0,0.0,0.1412920138428307,0.0,0.0,0.0,0.0,0.0,-0.46934408556563956,0.0,0.0,8.095436072098202,-0.46934408556563956,0.2519565548715404
2.74,0.0,0.0,0.0,0.1365985729871743,0.0,0.0,0.0,0.0,0.0,-0.47840442760682345,0.0,0.0,7.826521719674821,-0.47840442760682345,0.251590563186978
2.75,0.0,0.0,0.0,0.13181452871110605,0.0,0.0,0.0,0.0,0.0,-0.48711419111652327,0.0,0.0,7.552416173652392,-0.48711419111652327,0.2511975555392121
2.7600000000000002,0.0,0.0,0.0,0.12694338679994083,0.0,0.0,0.0,0.0,0.0,-0.49546750304583126,0.0,0.0,7.273320300733334,-0.49546750304583126,0.2507777729898607
2.77,0.0,0.0,0.0,0.12198871176948252,0.0,0.0,0.0,0.0,0.0,-0.5034587853650693,0.0,0.0,6.989438332629221,-0.5034587853650693,0.25033156123572464
2.7800000000000002,0.0,0.0,0.0,0.11695412391583182,0.0,0.0,0.0,0.0,0.0,-0.5110827587905399,0.0,0.0,6.700977697027208,-0.5110827587905399,0.24985937034525424
2.79,0.0,0.0,0.0,0.11184329632792642,0.0,0.0,0.0,0.0,0.0,-0.5183344461757842,0.0,0.0,6.408148846421202,-0.5183344461757842,0.24936175391457968
2.8000000000000003,0.0,0.0,0.0,0.10665995186616857,0.0,0.0,0.0,0.0,0.0,-0.5252091755623499,0.0,0.0,6.111165084999968,-0.5252091755623499,0.24883936764786682
2.81,0.0,0.0,0.0,0.10140786011054508,0.0,0.0,0.0,0.0,0.0,-0.5317025828857104,0.0,0.0,5.810242393787287,-0.5317025828857104,0.24829296737045858
2.82,0.0,0.0,0.0,0.09609083428168796,0.0,0.0,0.0,0.0,0.0,-0.5378106143326419,0.0,0.0,5.505599254231726,-0.5378106143326419,0.2477234064868452
2.83,0.0,0.0,0.0,0.09071272813836155,0.0,0.0,0.0,0.0,0.0,-0.5435295283470705,0.0,0.0,5.197456470445742,-0.5435295283470705,0.24713163289904042
2.84,0.0,0.0,0.0,0.08527743285489084,0.0,0.0,0.0,0.0,0.0,-0.5488558972821259,0.0,0.0,4.886036990295508,-0.5488558972821259,0.24651868540429325
2.85,0.0,0.0,0.0,0.07978887388206958,0.0,0.0,0.0,0.0,0.0,-0.5537866086968999,0.0,0.0,4.5715657255441915,-0.5537866086968999,0.24588568959431042
2.86,0.0,0.0,0.0,0.07425100779510058,0.0,0.0,0.0,0.0,0.0,-0.5583188662971823,0.0,0.0,4.2542693712522395,-0.5583188662971823,0.24523385328122477
2.87,0.0,0.0,0.0,0.06866781913212876,0.0,0.0,0.0,0.0,0.0,-0.5624501905202496,0.0,0.0,3.9343762246386653,-0.5624501905202496,0.24456446147839117
2.88,0.0,0.0,0.0,0.06304331722692626,0.0,0.0,0.0,0.0,0.0,-0.566178418764592,0.0,0.0,3.6121160036072713,-0.566178418764592,0.24387887096676925
2.89,0.0,0.0,0.0,0.057381533039280334,0.0,0.0,0.0,0.0,0.0,-0.5695017052662933,0.0,0.0,3.2877196651412546,-0.5695017052662933,0.24317850448006081
2.9,0.0,0.0,0.0,0.0516865159866174,0.0,0.0,0.0,0.0,0.0,-0.5724185206246124,0.0,0.0,2.9614192237686354,-0.5724185206246124,0.2424648445439737
2.91,0.0,0.0,0.0,0.04596233078037128,0.0,0.0,0.0,0.0,0.0,-0.5749276509801501,0.0,0.0,2.6334475702995097,-0.5749276509801501,0.24173942700688011
2.92,0.0,0.0,0.0,0.04021305427056977,0.0,0.0,0.0,0.0,0.0,-0.577028196849827,0.0,0.0,2.3040382910341792,-0.577028196849827,0.24100383430082772
2.93,0.0,0.0,0.0,0.0344427723020715,0.0,0.0,0.0,0.0,0.0,-0.5787195716237263,0.0,0.0,1.9734254876387878,-0.5787195716237263,0.24025968847324222
2.94,0.0,0.0,0.0,0.02865557658583424,0.0,0.0,0.0,0.0,0.0,-0.580001499729683,0.0,0.0,1.641843597882203,-0.580001499729683,0.23950864403073474
2.95,0.0,0.0,0.0,0.02285556158853741,0.0,0.0,0.0,0.0,0.0,-0.580874014472307,0.0,0.0,1.309527217424513,-0.580874014472307,0.23875238063728343
2.96,0.0,0.0,0.0,0.01704682144381434,0.0,0.0,0.0,0.0,0.0,-0.5813374555539256,0.0,0.0,0.9767109228436701,-0.5813374555539256,0.23799259570956174
2.97,0.0,0.0,0.0,0.011233446888275083,0.0,0.0,0.0,0.0,0.0,-0.5813924662856946,0.0,0.0,0.6436290960825298,-0.5813924662856946,0.2372309969524313
2.98,0.0,0.0,0.0,0.005419522225418137,0.0,0.0,0.0,0.0,0.0,-0.5810399904978789,0.0,0.0,0.3105157504938068,-0.5810399904978789,0.23646929487757626
2.99,0.0,0.0,0.0,-0.0003908776795606521,0.0,0.0,0.0,0.0,0.0,-0.5802812691590118,0.0,0.0,-0.022395641344692366,-0.5802812691590118,0.23570919534793822
3.0,0.0,0.0,0.0,-0.00619369037115077,0.0,0.0,0.0,0.0,0.0,-0.5791178367143276,0.0,0.0,-0.3548723178777555,-0.5791178367143276,0.23495239218997963
3.0100000000000002,0.0,0.0,0.0,-0.011984868738294047,0.0,0.0,0.0,0.0,0.0,-0.5775515171545023,0.0,0.0,-0.6866823967225288,-0.5775515171545023,0.23420055991499364
3.02,0.0,0.0,0.0,-0.01776038390983907,0.0,0.0,0.0,0.0,0.0,-0.5755844198263408,0.0,0.0,-1.0175950405658343,-0.5755844198263408,0.2334553465895067
3.0300000000000002,0.0,0.0,0.0,-0.02351622810810248,0.0,0.0,0.0,0.0,0.0,-0.573218934997608,0.0,0.0,-1.3473806206611887,-0.573218934997608,0.23271836689350006
3.04,0.0,0.0,0.0,-0.02924841745807856,0.0,0.0,0.0,0.0,0.0,-0.5704577291887105,0.0,0.0,-1.675810877784657,-0.5704577291887105,0.23199119540355886
3.0500000000000003,0.0,0.0,0.0,-0.03495299474996567,0.0,0.0,0.0,0.0,0.0,-0.5673037402843998,0.0,0.0,-2.002659080515957,-0.5673037402843998,0.23127536013627656
3.06,0.0,0.0,0.0,-0.04062603215280967,0.0,0.0,0.0,0.0,0.0,-0.5637601724390757,0.0,0.0,-2.327700180718776,-0.5637601724390757,0.23057233638523864
3.0700000000000003,0.0,0.0,0.0,-0.04626363387720042,0.0,0.0,0.0,0.0,0.0,-0.559830490789627,0.0,0.0,-2.650710966102041,-0.559830490789627,0.22988354088272805
3.08,0.0,0.0,0.0,-0.05186193878509669,0.0,0.0,0.0,0.0,0.0,-0.5555184159900438,0.0,0.0,-2.971470209751873,-0.5555184159900438,0.22921032631495974
3.09,0.0,0.0,0.0,-0.05741712294499713,0.0,0.0,0.0,0.0,0.0,-0.5508279185822837,0.0,0.0,-3.2897588165320957,-0.5508279185822837,0.2285539762171863
3.1,0.0,0.0,0.0,-0.06292540213081997,0.0,0.0,0.0,0.0,0.0,-0.5457632132180555,0.0,0.0,-3.6053599662595017,-0.5457632132180555,0.22791570027239488
3.11,0.0,0.0,0.0,-0.06838303426300052,0.0,0.0,0.0,0.0,0.0,-0.5403287527463132,0.0,0.0,-3.9180592535684315,-0.5403287527463132,0.22729663003463807
3.12,0.0,0.0,0.0,-0.07378632179046365,0.0,0.0,0.0,0.0,0.0,-0.5345292221813218,0.0,0.0,-4.227644824387747,-0.5345292221813218,0.22669781509524242
3.13,0.0,0.0,0.0,-0.07913161401227688,0.0,0.0,0.0,0.0,0.0,-0.5283695325661648,0.0,0.0,-4.533907508961752,-0.5283695325661648,0.226120219707308
3.14,0.0,0.0,0.0,-0.08441530933793853,0.0,0.0,0.0,0.0,0.0,-0.5218548147465129,0.0,0.0,-4.836640951355165,-0.5218548147465129,0.2255647198810235
3.15,0.0,0.0,0.0,-0.08963385748540366,0.0,0.0,0.0,0.0,0.0,-0.5149904130693683,0.0,0.0,-5.135641735390732,-0.5149904130693683,0.22503210095942677
3.16,0.0,0.0,0.0,-0.09478376161609735,0.0,0.0,0.0,0.0,0.0,-0.5077818790213349,0.0,0.0,-5.430709506976469,-0.5077818790213349,0.2245230556813145
3.17,0.0,0.0,0.0,-0.0998615804063107,0.0,0.0,0.0,0.0,0.0,-0.5002349648207413,0.0,0.0,-5.7216470927879195,-0.5002349648207413,0.22403818273515505
3.18,0.0,0.0,0.0,-0.1048639300545181,0.0,0.0,0.0,0.0,0.0,-0.49235561697767566,0.0,0.0,-6.008260615278957,-0.49235561697767566,0.22357798580496296
3.19,0.0,0.0,0.0,-0.10978748622429486,0.0,0.0,0.0,0.0,0.0,-0.48414996983566017,0.0,0.0,-6.290359604002761,-0.48414996983566017,0.223142873106328
3.2,0.0,0.0,0.0,-0.11462898592265147,0.0,0.0,0.0,0.0,0.0,-0.4756243391083194,0.0,0.0,-6.567757103232456,-0.4756243391083194,0.22273315740804872
3.21,0.0,0.0,0.0,-0.11938522931373466,0.0,0.0,0.0,0.0,0.0,-0.46678521542397294,0.0,0.0,-6.840269775878514,-0.46678521542397294,0.22234905653216214
3.22,0.0,0.0,0.0,-0.12405308146797439,0.0,0.0,0.0,0.0,0.0,-0.45763925789061205,0.0,0.0,-7.107718003707499,-0.45763925789061205,0.2219906943226327
3.23,0.0,0.0,0.0,-0.12862947404688052,0.0,0.0,0.0,0.0,0.0,-0.4481932876932099,0.0,0.0,-7.369925983873811,-0.4481932876932099,0.2216581020705068
3.24,0.0,0.0,0.0,-0.13311140692381263,0.0,0.0,0.0,0.0,0.0,-0.4384542817347618,0.0,0.0,-7.626721821782948,-0.4384542817347618,0.2213512203810359
3.25,0.0,0.0,0.0,-0.13749594974116025,0.0,0.0,0.0,0.0,0.0,-0.4284293663318659,0.0,0.0,-7.877937620311366,-0.4284293663318659,0.22106990146606875
3.2600000000000002,0.0,0.0,0.0,-0.14178024340447892,0.0,0.0,0.0,0.0,0.0,-0.41812581097503043,0.0,0.0,-8.12340956541417,-0.41812581097503043,0.2208139118429961
3.27,0.0,0.0,0.0,-0.14596150151422924,0.0,0.0,0.0,0.0,0.0,-0.4075510221632448,0.0,0.0,-8.36297800815771,-0.4075510221632448,0.2205829354196016
3.2800000000000002,0.0,0.0,0.0,-0.15003701173586168,0.0,0.0,0.0,0.0,0.0,-0.3967125373216708,0.0,0.0,-8.596487543219675,-0.3967125373216708,0.22037657694248514
3.29,0.0,0.0,0.0,-0.15400413710907837,0.0,0.0,0.0,0.0,0.0,-0.3856180188106091,0.0,0.0,-8.823787083904254,-0.3856180188106091,0.2201943657850795
3.3000000000000003,0.0,0.0,0.0,-0.15786031729718447,0.0,0.0,0.0,0.0,0.0,-0.37427524803317386,0.0,0.0,-9.044729933724698,-0.37427524803317386,0.22003576004995307
3.31,0.0,0.0,0.0,-0.1616030697775162,0.0,0.0,0.0,0.0,0.0,-0.3626921196483691,0.0,0.0,-9.259173854609827,-0.3626921196483691,0.2199001509587616
3.3200000000000003,0.0,0.0,0.0,-0.1652299909739999,0.0,0.0,0.0,0.0,0.0,-0.35087663589550916,0.0,0.0,-9.466981131794881,-0.35087663589550916,0.21978686750220786
3.33,0.0,0.0,0.0,-0.168738757332955,0.0,0.0,0.0,0.0,0.0,-0.33883690103516273,0.0,0.0,-9.668018635460491,-0.33883690103516273,0.2196951813214248
3.34,0.0,0.0,0.0,-0.17212712634330662,0.0,0.0,0.0,0.0,0.0,-0.3265811159110334,0.0,0.0,-9.86215787918656,-0.3265811159110334,0.21962431179148423
3.35,0.0,0.0,0.0,-0.17539293750241697,0.0,0.0,0.0,0.0,0.0,-0.3141175726364171,0.0,0.0,-10.04927507529031,-0.3141175726364171,0.2195734312771471
3.36,0.0,0.0,0.0,-0.17853411322878113,0.0,0.0,0.0,0.0,0.0,-0.30145464940810707,0.0,0.0,-10.229251187119917,-0.30145464940810707,0.21954167053061413
3.37,0.0,0.0,0.0,-0.1815486597228622,0.0,0.0,0.0,0.0,0.0,-0.28860080544984895,0.0,0.0,-10.401971978376721,-0.28860080544984895,0.21952812420074327
3.38,0.0,0.0,0.0,-0.18443466777736067,0.0,0.0,0.0,0.0,0.0,-0.27556457608668833,0.0,0.0,-10.567328059540246,-0.27556457608668833,0.2195318564231888
3.39,0.0,0.0,0.0,-0.18719031353822754,0.0,0.0,0.0,0.0,0.0,-0.2623545679508017,0.0,0.0,-10.725214931471035,-0.2623545679508017,0.21955190646095463
3.4,0.0,0.0,0.0,-0.18981385921773555,0.0,0.0,0.0,0.0,0.0,-0.24897945431866267,0.0,0.0,-10.875533026266625,-0.24897945431866267,0.21958729436509292
3.41,0.0,0.0,0.0,-0.19230365376092218,0.0,0.0,0.0,0.0,0.0,-0.2354479705786718,0.0,0.0,-11.018187745445921,-0.2354479705786718,0.21963702662568785
3.42,0.0,0.0,0.0,-0.1946581334667089,0.0,0.0,0.0,0.0,0.0,-0.22176890982767322,0.0,0.0,-11.153089495536705,-0.22176890982767322,0.21970010178373
3.43,0.0,0.0,0.0,-0.19687582256498565,0.0,0.0,0.0,0.0,0.0,-0.20795111859409468,0.0,0.0,-11.280153721140135,-0.20795111859409468,0.21977551597518374
3.44,0.0,0.0,0.0,-0.19895533375092658,0.0,0.0,0.0,0.0,0.0,-0.19400349268478606,0.0,0.0,-11.399300935544796,-0.19400349268478606,0.21986226837928696
3.45,0.0,0.0,0.0,-0.20089536867777444,0.0,0.0,0.0,0.0,0.0,-0.17993497315199278,0.0,0.0,-11.510456748961149,-0.17993497315199278,0.21995936654404602
3.46,0.0,0.0,0.0,-0.20269471840929437,0.0,0.0,0.0,0.0,0.0,-0.16575454237629034,0.0,0.0,-11.613551894445239,-0.16575454237629034,0.22006583156288
3.47,0.0,0.0,0.0,-0.20435226383305727,0.0,0.0,0.0,0.0,0.0,-0.15147122026072463,0.0,0.0,-11.708522251578076,-0.15147122026072463,0.22018070307747387
3.48,0.0,0.0,0.0,-0.2058669760356645,0.0,0.0,0.0,0.0,0.0,-0.13709406053085121,0.0,0.0,-11.795308867964437,-0.13709406053085121,0.2203030440831337
3.49,0.0,0.0,0.0,-0.20723791664097302,0.0,0.0,0.0,0.0,0.0,-0.12263214713484928,0.0,0.0,-11.873857978611724,-0.12263214713484928,0.22043194551420714
3.5,0.0,0.0,0.0,-0.2084642381123215,0.0,0.0,0.0,0.0,0.0,-0.10809459073740127,0.0,0.0,-11.944121023246266,-0.10809459073740127,0.2205665305885429
3.5100000000000002,0.0,0.0,0.0,-0.20954518401969552,0.0,0.0,0.0,0.0,0.0,-0.09349052530058041,0.0,0.0,-12.006054661620736,-0.09349052530058041,0.2207059588913924
3.52,0.0,0.0,0.0,-0.21048008927270132,0.0,0.0,0.0,0.0,0.0,-0.0788291047445768,0.0,0.0,-12.059620786862578,-0.0788291047445768,0.2208494301807167
3.5300000000000002,0.0,0.0,0.0,-0.21126838032014708,0.0,0.0,0.0,0.0,0.0,-0.06411949968071805,0.0,0.0,-12.104786536909169,-0.06411949968071805,0.22099618789742032
3.54,0.0,0.0,0.0,-0.21190957531695426,0.0,0.0,0.0,0.0,0.0,-0.049370894208906,0.0,0.0,-12.141524304071122,-0.049370894208906,0.22114552236569668
3.5500000000000003,0.0,0.0,0.0,-0.2124032842590433,0.0,0.0,0.0,0.0,0.0,-0.034592482771294994,0.0,0.0,-12.169811742760695,-0.034592482771294994,0.22129677367034442
3.56,0.0,0.0,0.0,-0.21274920908675626,0.0,0.0,0.0,0.0,0.0,-0.0197934670537829,0.0,0.0,-12.189631775417437,-0.0197934670537829,0.22144933419966475
3.5700000000000003,0.0,0.0,0.0,-0.2129471437572941,0.0,0.0,0.0,0.0,0.0,-0.004983052926672362,0.0,0.0,-12.200972596658568,-0.004983052926672362,0.22160265084428077
3.58,0.0,0.0,0.0,-0.2129969742865608,0.0,0.0,0.0,0.0,0.0,0.009829552584312111,0.0,0.0,-12.203827675676454,0.009829552584312111,0.22175622684404667
3.59,0.0,0.0,0.0,-0.2128986787607177,0.0,0.0,0.0,0.0,0.0,0.024634730219435054,0.0,0.0,-12.198195756900624,0.024634730219435054,0.22190960899562126
3.6,0.0,0.0,0.0,-0.21265233145852333,0.0,0.0,0.0,0.0,0.0,0.03942150720569627,0.0,0.0,-12.184081096190452,0.03942150720569627,0.22206230237124866
3.61,0.0,0.0,0.0,-0.21225811638646636,0.0,0.0,0.0,0.0,0.0,0.05417881989901936,0.0,0.0,-12.161494236341142,0.05417881989901936,0.22221375443586483
3.62,0.0,0.0,0.0,-0.21171632818747615,0.0,0.0,0.0,0.0,0.0,0.0688956296121207,0.0,0.0,-12.13045205914901,0.0688956296121207,0.22236335866162937
3.63,0.0,0.0,0.0,-0.21102737189135495,0.0,0.0,0.0,0.0,0.0,0.08356093199888719,0.0,0.0,-12.0909777711123,0.08356093199888719,0.22251045709648132
3.64,0.0,0.0,0.0,-0.21019176257136607,0.0,0.0,0.0,0.0,0.0,0.09816376640559797,0.0,0.0,-12.04310088375514,0.09816376640559797,0.22265434333755557
3.65,0.0,0.0,0.0,-0.20921012490731009,0.0,0.0,0.0,0.0,0.0,0.1126932251806783,0.0,0.0,-11.986857188593651,0.1126932251806783,0.22279426589346227
3.66,0.0,0.0,0.0,-0.2080831926555033,0.0,0.0,0.0,0.0,0.0,0.12713846293465667,0.0,0.0,-11.922288726767947,0.12713846293465667,0.22292943191665465
3.67,0.0,0.0,0.0,-0.20681180802615673,0.0,0.0,0.0,0.0,0.0,0.1414887057419701,0.0,0.0,-11.849443753368584,0.1414887057419701,0.2230590112844432
3.68,0.0,0.0,0.0,-0.20539692096873702,0.0,0.0,0.0,0.0,0.0,0.15573326027622725,0.0,0.0,-11.768376696490751,0.15573326027622725,0.22318214100467904
3.69,0.0,0.0,0.0,-0.20383958836597474,0.0,0.0,0.0,0.0,0.0,0.16986152287049552,0.0,0.0,-11.67914811105435,0.16986152287049552,0.2232979299197942
3.7,0.0,0.0,0.0,-0.20214097313726978,0.0,0.0,0.0,0.0,0.0,0.18386298849412946,0.0,0.0,-11.581824627432907,0.18386298849412946,0.22340546368065375
3.71,0.0,0.0,0.0,-0.20030234325232849,0.0,0.0,0.0,0.0,0.0,0.19772725963760296,0.0,0.0,-11.476478894939145,0.19772725963760296,0.22350380995970906
3.72,0.0,0.0,0.0,-0.19832507065595245,0.0,0.0,0.0,0.0,0.0,0.21144405509675043,0.0,0.0,-11.363189520219924,0.21144405509675043,0.22359202387113986
3.73,0.0,0.0,0.0,-0.19621063010498493,0.0,0.0,0.0,0.0,0.0,0.22500321864776315,0.0,0.0,-11.242041000618169,0.22500321864776315,0.22366915356409744
3.74,0.0,0.0,0.0,-0.1939605979185073,0.0,0.0,0.0,0.0,0.0,0.23839472760422814,0.0,0.0,-11.11312365256441,0.23839472760422814,0.22373424595381253
3.75,0.0,0.0,0.0,-0.19157665064246504,0.0,0.0,0.0,0.0,0.0,0.25160870124744134,0.0,0.0,-10.976533535065478,0.25160870124744134,0.22378635255424684
3.7600000000000002,0.0,0.0,0.0,-0.18906056362999063,0.0,0.0,0.0,0.0,0.0,0.26463540912117484,0.0,0.0,-10.832372368363014,0.26463540912117484,0.22382453537509756
3.77,0.0,0.0,0.0,-0.18641420953877888,0.0,0.0,0.0,0.0,0.0,0.27746527918203473,0.0,0.0,-10.680747447839403,0.27746527918203473,0.2238478728453803
3.7800000000000002,0.0,0.0,0.0,-0.18363955674695853,0.0,0.0,0.0,0.0,0.0,0.2900889057965088,0.0,0.0,-10.521771553253906,0.2900889057965088,0.2238554657254681
3.79,0.0,0.0,0.0,-0.18073866768899344,0.0,0.0,0.0,0.0,0.0,0.3024970575757819,0.0,0.0,-10.355562853396824,0.3024970575757819,0.22384644296939898
3.8000000000000003,0.0,0.0,0.0,-0.17771369711323562,0.0,0.0,0.0,0.0,0.0,0.3146806850393837,0.0,0.0,-10.182244806254642,0.3146806850393837,0.22381996749943708
3.81,0.0,0.0,0.0,-0.17456689026284178,0.0,0.0,0.0,0.0,0.0,0.32663092809874256,0.0,0.0,-10.00194605478422,0.32663092809874256,0.22377524185534087
3.8200000000000003,0.0,0.0,0.0,-0.17130058098185436,0.0,0.0,0.0,0.0,0.0,0.33833912335174005,0.0,0.0,-9.81480031839923,0.33833912335174005,0.22371151368149705
3.83,0.0,0.0,0.0,-0.16791718974833694,0.0,0.0,0.0,0.0,0.0,0.34979681117940714,0.0,0.0,-9.62094628027712,0.34979681117940714,0.2236280810160191
3.84,0.0,0.0,0.0,-0.16441922163654288,0.0,0.0,0.0,0.0,0.0,0.36099574263596923,0.0,0.0,-9.420527470599975,0.36099574263596923,0.22352429734716017
3.85,0.0,0.0,0.0,-0.16080926421018318,0.0,0.0,0.0,0.0,0.0,0.3719278861235381,0.0,0.0,-9.213692145847656,0.3719278861235381,0.22339957640379035
3.86,0.0,0.0,0.0,-0.1570899853489478,0.0,0.0,0.0,0.0,0.0,0.38258543384286675,0.0,0.0,-9.000593164266645,0.38258543384286675,0.22325339664841298
3.87,0.0,0.0,0.0,-0.15326413101051914,0.0,0.0,0.0,0.0,0.0,0.39296080801172834,0.0,0.0,-8.781387857642867,0.39296080801172834,0.2230853054430431
3.88,0.0,0.0,0.0,-0.14933452293040186,0.0,0.0,0.0,0.0,0.0,0.4030466668426551,0.0,0.0,-8.556237899511641,0.4030466668426551,0.2228949228603893
3.89,0.0,0.0,0.0,-0.14530405626197532,0.0,0.0,0.0,0.0,0.0,0.41283591027197925,0.0,0.0,-8.325309169942647,0.41283591027197925,0.2226819451150552
3.9,0.0,0.0,0.0,-0.14117569715925551,0.0,0.0,0.0,0.0,0.0,0.42232168543235443,0.0,0.0,-8.088771617042386,0.42232168543235443,0.2224461475919282
3.91,0.0,0.0,0.0,-0.13695248030493196,0.0,0.0,0.0,0.0,0.0,0.431497391861208,0.0,0.0,-7.84679911532113,0.431497391861208,0.22218738745151417
3.92,0.0,0.0,0.0,-0.13263750638631988,0.0,0.0,0.0,0.0,0.0,0.44035668643787595,0.0,0.0,-7.5995693210756325,0.44035668643787595,0.22190560579472762
3.93,0.0,0.0,0.0,-0.12823393952194112,0.0,0.0,0.0,0.0,0.0,0.44889348804251206,0.0,0.0,-7.347263524943072,0.44889348804251206,0.22160082937249176
3.94,0.0,0.0,0.0,-0.123745004641516,0.0,0.0,0.0,0.0,0.0,0.4571019819302324,0.0,0.0,-7.09006650178565,0.4571019819302324,0.22127317182844455
3.95,0.0,0.0,0.0,-0.11917398482221367,0.0,0.0,0.0,0.0,0.0,0.4649766238143624,0.0,0.0,-6.828166358068974,0.4649766238143624,0.22092283446604666
3.96,0.0,0.0,0.0,-0.11452421858407004,0.0,0.0,0.0,0.0,0.0,0.4725121436530921,0.0,0.0,-6.561754376900922,0.4725121436530921,0.22055010653448243
3.97,0.0,0.0,0.0,-0.10979909714753912,0.0,0.0,0.0,0.0,0.0,0.47970354913431623,0.0,0.0,-6.291024860900907,0.47970354913431623,0.22015536503080363
3.98,0.0,0.0,0.0,-0.10500206165619595,0.0,0.0,0.0,0.0,0.0,0.4865461288539399,0.0,0.0,-6.016174973072479,0.4865461288539399,0.21973907401888548
3.99,0.0,0.0,0.0,-0.10013660036765655,0.0,0.0,0.0,0.0,0.0,0.4930354551834623,0.0,0.0,-5.737404575854888,0.4930354551834623,0.21930178346882723
4.0,0.0,0.0,0.0,-0.09520624581582193,0.0,0.0,0.0,0.0,0.0,0.4991673868232162,0.0,0.0,-5.45491606853165,0.4991673868232162,0.21884412762348737
4.01,0.0,0.0,0.0,-0.09021457194758978,0.0,0.0,0.0,0.0,0.0,0.5049380710382286,0.0,0.0,-5.1689142231762055,0.5049380710382286,0.21836682290180812
4.0200000000000005,0.0,0.0,0.0,-0.08516519123720749,0.0,0.0,0.0,0.0,0.0,0.5103439455742855,0.0,0.0,-4.879606019316531,0.5103439455742855,0.21787066535151245
4.03,0.0,0.0,0.0,-0.08006175178146463,0.0,0.0,0.0,0.0,0.0,0.5153817402524195,0.0,0.0,-4.5872004775019235,0.5153817402524195,0.2173565276665122
4.04,0.0,0.0,0.0,-0.07490793437894043,0.0,0.0,0.0,0.0,0.0,0.5200484782407011,0.0,0.0,-4.29190849195621,0.5200484782407011,0.2168253557871073
4.05,0.0,0.0,0.0,-0.06970744959653342,0.0,0.0,0.0,0.0,0.0,0.5243414770028898,0.0,0.0,-3.9939426625022785,0.5243414770028898,0.2162781651035279
4.0600000000000005,0.0,0.0,0.0,-0.06446403482650452,0.0,0.0,0.0,0.0,0.0,0.5282583489241914,0.0,0.0,-3.693517125943063,0.5282583489241914,0.21571603628583697
4.07,0.0,0.0,0.0,-0.0591814513372626,0.0,0.0,0.0,0.0,0.0,0.531797001615077,0.0,0.0,-3.3908473870840092,0.531797001615077,0.21514011076534845
4.08,0.0,0.0,0.0,-0.05386348132111183,0.0,0.0,0.0,0.0,0.0,0.5349556378948266,0.0,0.0,-3.0861501495814516,0.5349556378948266,0.2145515858948205
4.09,0.0,0.0,0.0,-0.04851392494216356,0.0,0.0,0.0,0.0,0.0,0.5377327554571816,0.0,0.0,-2.7796431468004283,0.5377327554571816,0.21395170981645847
4.1,0.0,0.0,0.0,-0.04313659738759175,0.0,0.0,0.0,0.0,0.0,0.5401271462212114,0.0,0.0,-2.4715449728640597,0.5401271462212114,0.21334177606844545
4.11,0.0,0.0,0.0,-0.037735325925379634,0.0,0.0,0.0,0.0,0.0,0.5421378953712164,0.0,0.0,-2.1620749140748505,0.5421378953712164,0.21272311796207838
4.12,0.0,0.0,0.0,-0.03231394697166747,0.0,0.0,0.0,0.0,0.0,0.5437643800902056,0.0,0.0,-1.8514527808860937,0.5437643800902056,0.21209710276281404
4.13,0.0,0.0,0.0,-0.026876303170765416,0.0,0.0,0.0,0.0,0.0,0.5450062679921918,0.0,0.0,-1.5398987405989306,0.5450062679921918,0.21146512570945494
4.14,0.0,0.0,0.0,-0.021426240490843497,0.0,0.0,0.0,0.0,0.0,0.545863515259243,0.0,0.0,-1.2276331509576457,0.545863515259243,0.2108286039064514
4.15,0.0,0.0,0.0,-0.015967605338251065,0.0,0.0,0.0,0.0,0.0,0.5463363644899034,0.0,0.0,-0.9148763948123493,0.5463363644899034,0.21018897012477322
4.16,0.0,0.0,0.0,-0.010504241693352031,0.0,0.0,0.0,0.0,0.0,0.54642534226626,0.0,0.0,-0.6018487160144245,0.54642534226626,0.20954766654703696
4.17,0.0,0.0,0.0,-0.0050399882706894305,0.0,0.0,0.0,0.0,0.0,0.5461312564475655,0.0,0.0,-0.2887700567059427,0.5461312564475655,0.2089061384926338
4.18,0.0,0.0,0.0,0.0004213242937862252,0.0,0.0,0.0,0.0,0.0,0.5454551931989398,0.0,0.0,0.02414010384028068,0.5454551931989398,0.208265828158329
4.19,0.0,0.0,0.0,0.0058758762257756225,0.0,0.0,0.0,0.0,0.0,0.5443985137642543,0.0,0.0,0.3366629086782024,0.5443985137642543,0.20762816840943324
4.2,0.0,0.0,0.0,0.011319861363418166,0.0,0.0,0.0,0.0,0.0,0.5429628509928546,0.0,0.0,0.6485802807970666,0.5429628509928546,0.20699457665590304
4.21,0.0,0.0,0.0,0.016749489873346714,0.0,0.0,0.0,0.0,0.0,0.5411501056302898,0.0,0.0,0.9596750787398785,0.5411501056302898,0.20636644884694605
4.22,0.0,0.0,0.0,0.022160990929649613,0.0,0.0,0.0,0.0,0.0,0.5389624423836993,0.0,0.0,1.2697312500966214,0.5389624423836993,0.20574515361654797
4.23,0.0,0.0,0.0,0.027550615353486605,0.0,0.0,0.0,0.0,0.0,0.5364022857729428,0.0,0.0,1.578533982743109,0.5364022857729428,0.20513202661114058
4.24,0.0,0.0,0.0,0.032914638211216034,0.0,0.0,0.0,0.0,0.0,0.533472315778957,0.0,0.0,1.8858698537027083,0.533472315778957,0.2045283650291464
4.25,0.0,0.0,0.0,0.038249361369005606,0.0,0.0,0.0,0.0,0.0,0.5301754633011773,0.0,0.0,2.191526975514754,0.5301754633011773,0.20393542240054496
4.26,0.0,0.0,0.0,0.04355111600201738,0.0,0.0,0.0,0.0,0.0,0.5265149054361654,0.0,0.0,2.495295140000259,0.5265149054361654,0.2033544036328429
4.2700000000000005,0.0,0.0,0.0,0.04881626505637904,0.0,0.0,0.0,0.0,0.0,0.5224940605898508,0.0,0.0,2.7969659593224785,0.5224940605898508,0.20278646034792605
4.28,0.0,0.0,0.0,0.05404120566227755,0.0,0.0,0.0,0.0,0.0,0.5181165834359983,0.0,0.0,3.0963330042469903,0.5181165834359983,0.2022326865322675
4.29,0.0,0.0,0.0,0.05922237149663753,0.0,0.0,0.0,0.0,0.0,0.5133863597336846,0.0,0.0,3.393191939513195,0.5133863597336846,0.20169411452081712
4.3,0.0,0.0,0.0,0.06435623509397438,0.0,0.0,0.0,0.0,0.0,0.5083075010166751,0.0,0.0,3.687340656236447,0.5083075010166751,0.2011717113327189
4.3100000000000005,0.0,0.0,0.0,0.06943931010414113,0.0,0.0,0.0,0.0,0.0,0.5028843391676585,0.0,0.0,3.9785794012674196,0.5028843391676585,0.2006663753746797
4.32,0.0,0.0,0.0,0.07446815349581772,0.0,0.0,0.0,0.0,0.0,0.4971214208903103,0.0,0.0,4.266710903442743,0.4971214208903103,0.2001789335254947
4.33,0.0,0.0,0.0,0.07943936770472082,0.0,0.0,0.0,0.0,0.0,0.49102350209211926,0.0,0.0,4.551540496668356,0.49102350209211926,0.19971013861284886
4.34,0.0,0.0,0.0,0.08434960272564201,0.0,0.0,0.0,0.0,0.0,0.48459554219082746,0.0,0.0,4.832876239784473,0.48459554219082746,0.19926066729108893
4.3500000000000005,0.0,0.0,0.0,0.08919555814755029,0.0,0.0,0.0,0.0,0.0,0.4778426983571994,0.0,0.0,5.110529033168355,0.4778426983571994,0.19883111832627667
4.36,0.0,0.0,0.0,0.09397398513112228,0.0,0.0,0.0,0.0,0.0,0.47077031970665617,0.0,0.0,5.384312732038459,0.47077031970665617,0.1984220112923951
4.37,0.0,0.0,0.0,0.09868168832818884,0.0,0.0,0.0,0.0,0.0,0.46338394145208256,0.0,0.0,5.654044256430617,0.46338394145208256,0.1980337856802304
4.38,0.0,0.0,0.0,0.10331552774270966,0.0,0.0,0.0,0.0,0.0,0.4556892790298436,0.0,0.0,5.919543697824032,0.4556892790298436,0.19766680041806373
4.39,0.0,0.0,0.0,0.10787242053300809,0.0,0.0,0.0,0.0,0.0,0.4476922222107322,0.0,0.0,6.180634422401726,0.4476922222107322,0.19732133380104783
4.4,0.0,0.0,0.0,0.11234934275511542,0.0,0.0,0.0,0.0,0.0,0.43939882920721374,0.0,0.0,6.437143170936806,0.43939882920721374,0.19699758382389948
4.41,0.0,0.0,0.0,0.11674333104718755,0.0,0.0,0.0,0.0,0.0,0.4308153207879387,0.0,0.0,6.688900155302436,0.4308153207879387,0.19669566890936746
4.42,0.0,0.0,0.0,0.12105148425506694,0.0,0.0,0.0,0.0,0.0,0.421948074410062,0.0,0.0,6.935739151609671,0.421948074410062,0.19641562902287285
4.43,0.0,0.0,0.0,0.12527096499916757,0.0,0.0,0.0,0.0,0.0,0.4128036183794424,0.0,0.0,7.177497589983358,0.4128036183794424,0.19615742716176796
4.44,0.0,0.0,0.0,0.129399001182962,0.0,0.0,0.0,0.0,0.0,0.40338862604829745,0.0,0.0,7.414016640992069,0.40338862604829745,0.19592095120574032
4.45,0.0,0.0,0.0,0.13343288744344498,0.0,0.0,0.0,0.0,0.0,0.39370991005936073,0.0,0.0,7.645141298753554,0.39370991005936073,0.1957060161131811
4.46,0.0,0.0,0.0,0.1373699865440386,0.0,0.0,0.0,0.0,0.0,0.3837744166450365,0.0,0.0,7.870720460742321,0.3837744166450365,0.19551236644667885
4.47,0.0,0.0,0.0,0.14120773071048895,0.0,0.0,0.0,0.0,0.0,0.37358921998946704,0.0,0.0,8.090607004330879,0.37358921998946704,0.19533967920929002
4.48,0.0,0.0,0.0,0.14494362291038362,0.0,0.0,0.0,0.0,0.0,0.36316151666083146,0.0,0.0,8.304657860100688,0.36316151666083146,0.19518756697187759
4.49,0.0,0.0,0.0,0.14857523807699194,0.0,0.0,0.0,0.0,0.0,0.35249862012057637,0.0,0.0,8.512734081963043,0.35249862012057637,0.1950555812705494
4.5,0.0,0.0,0.0,0.1521002242781977,0.0,0.0,0.0,0.0,0.0,0.3416079553156491,0.0,0.0,8.714700914133985,0.3416079553156491,0.194943216252137
4.51,0.0,0.0,0.0,0.15551630383135417,0.0,0.0,0.0,0.0,0.0,0.33049705335915847,0.0,0.0,8.910427855010788,0.33049705335915847,0.19484991254470785
4.5200000000000005,0.0,0.0,0.0,0.15882127436494575,0.0,0.0,0.0,0.0,0.0,0.3191735463042372,0.0,0.0,9.099788718000685,0.3191735463042372,0.1947750613292446
4.53,0.0,0.0,0.0,0.16201300982798814,0.0,0.0,0.0,0.0,0.0,0.3076451620152184,0.0,0.0,9.282661689355248,0.3076451620152184,0.19471800858800464
4.54,0.0,0.0,0.0,0.16508946144814032,0.0,0.0,0.0,0.0,0.0,0.2959197191395778,0.0,0.0,9.458929383066152,0.2959197191395778,0.19467805950450187
4.55,0.0,0.0,0.0,0.1680486586395361,0.0,0.0,0.0,0.0,0.0,0.2840051221834292,0.0,0.0,9.628478892880098,0.2840051221834292,0.19465448298965943
4.5600000000000005,0.0,0.0,0.0,0.1708887098613704,0.0,0.0,0.0,0.0,0.0,0.2719093566926982,0.0,0.0,9.791201841492175,0.2719093566926982,0.19464651630846386
4.57,0.0,0.0,0.0,0.17360780342829737,0.0,0.0,0.0,0.0,0.0,0.2596404845414449,0.0,0.0,9.946994426978264,0.2596404845414449,0.19465336978129288
4.58,0.0,0.0,0.0,0.17620420827371183,0.0,0.0,0.0,0.0,0.0,0.24720663932815506,0.0,0.0,10.095757466527829,0.24720663932815506,0.19467423153412897
4.59,0.0,0.0,0.0,0.17867627466699337,0.0,0.0,0.0,0.0,0.0,0.2346160218801815,0.0,0.0,10.237396437538989,0.2346160218801815,0.19470827227201695
4.6000000000000005,0.0,0.0,0.0,0.1810224348857952,0.0,0.0,0.0,0.0,0.0,0.22187689586588955,0.0,0.0,10.371821516137823,0.22187689586588955,0.19475465005038647
4.61,0.0,0.0,0.0,0.18324120384445408,0.0,0.0,0.0,0.0,0.0,0.20899758351344952,0.0,0.0,10.498947613183613,0.20899758351344952,0.19481251501926483
4.62,0.0,0.0,0.0,0.18533117967958856,0.0,0.0,0.0,0.0,0.0,0.1959864614346229,0.0,0.0,10.618694407821149,0.1959864614346229,0.19488101411589273
4.63,0.0,0.0,0.0,0.18729104429393478,0.0,0.0,0.0,0.0,0.0,0.18285195655131378,0.0,0.0,10.730986378640223,0.18285195655131378,0.19495929568191595
4.64,0.0,0.0,0.0,0.18911956385944792,0.0,0.0,0.0,0.0,0.0,0.1696025421221016,0.0,0.0,10.83575283250122,0.1696025421221016,0.19504651398199258
4.65,0.0,0.0,0.0,0.19081558928066894,0.0,0.0,0.0,0.0,0.0,0.15624673386543936,0.0,0.0,10.932927931084082,0.15624673386543936,0.1951418336015447
4.66,0.0,0.0,0.0,0.19237805661932333,0.0,0.0,0.0,0.0,0.0,0.14279308617569442,0.0,0.0,11.022450715216017,0.14279308617569442,0.19524443370224534
4.67,0.0,0.0,0.0,0.19380598748108027,0.0,0.0,0.0,0.0,0.0,0.1292501884277282,0.0,0.0,11.104265127031168,0.1292501884277282,0.19535351211486246
4.68,0.0,0.0,0.0,0.19509848936535756,0.0,0.0,0.0,0.0,0.0,0.11562666136525776,0.0,0.0,11.178320030012964,0.11562666136525776,0.1954682892501799
4.69,0.0,0.0,0.0,0.19625475597901015,0.0,0.0,0.0,0.0,0.0,0.10193115356781937,0.0,0.0,11.24456922696714,0.10193115356781937,0.19558801180984206
4.7,0.0,0.0,0.0,0.19727406751468834,0.0,0.0,0.0,0.0,0.0,0.08817233799076107,0.0,0.0,11.3029714759705,0.08817233799076107,0.1957119562802299
4.71,0.0,0.0,0.0,0.19815579089459595,0.0,0.0,0.0,0.0,0.0,0.07435890857233009,0.0,0.0,11.353490504337215,0.07435890857233009,0.19583943219375138
4.72,0.0,0.0,0.0,0.19889937998031926,0.0,0.0,0.0,0.0,0.0,0.060499576901593376,0.0,0.0,11.396095020641152,0.060499576901593376,0.19596978514328095
4.73,0.0,0.0,0.0,0.1995043757493352,0.0,0.0,0.0,0.0,0.0,0.046603068940635005,0.0,0.0,11.430758724829037,0.046603068940635005,0.1961023995368945
4.74,0.0,0.0,0.0,0.19997040643874153,0.0,0.0,0.0,0.0,0.0,0.03267812179421492,0.0,0.0,11.457460316455592,0.03267812179421492,0.19623670108145536
4.75,0.0,0.0,0.0,0.2002971876566837,0.0,0.0,0.0,0.0,0.0,0.01873348051984948,0.0,0.0,11.476183501067823,0.01873348051984948,0.1963721589851244
4.76,0.0,0.0,0.0,0.2004845224618822,0.0,0.0,0.0,0.0,0.0,0.004777894971086397,0.0,0.0,11.486916994761604,0.004777894971086397,0.19650828787035238
4.7700000000000005,0.0,0.0,0.0,0.20053230141159306,0.0,0.0,0.0,0.0,0.0,-0.00917988333340482,0.0,0.0,11.489654526929604,-0.00917988333340482,0.19664464939045295
4.78,0.0,0.0,0.0,0.20044050257825902,0.0,0.0,0.0,0.0,0.0,-0.023130743164171397,0.0,0.0,11.484394841215337,-0.023130743164171397,0.1967808418489321
4.79,0.0,0.0,0.0,0.2002091951466173,0.0,0.0,0.0,0.0,0.0,-0.0370643685467776,0.0,0.0,11.471141901612256,-0.0370643685467776,0.196916429014745
4.8,0.0,0.0,0.0,0.19983855146114954,0.0,0.0,0.0,0.0,0.0,-0.05097036013457671,0.0,0.0,11.449905582731779,-0.05097036013457671,0.19705092650494288
4.8100000000000005,0.0,0.0,0.0,0.19932884785980376,0.0,0.0,0.0,0.0,0.0,-0.06483834185600132,0.0,0.0,11.420701717572047,-0.06483834185600132,0.1971838049001932
4.82,0.0,0.0,0.0,0.19868046444124374,0.0,0.0,0.0,0.0,0.0,-0.07865796970232425,0.0,0.0,11.383552084182293,-0.07865796970232425,0.1973144919518645
4.83,0.0,0.0,0.0,0.19789388474422048,0.0,0.0,0.0,0.0,0.0,-0.09241894048406273,0.0,0.0,11.338484387292182,-0.09241894048406273,0.19744237512648927
4.84,0.0,0.0,0.0,0.19696969533937986,0.0,0.0,0.0,0.0,0.0,-0.10611100054801509,0.0,0.0,11.285532234924107,-0.10611100054801509,0.19756680447410777
4.8500000000000005,0.0,0.0,0.0,0.1959085853338997,0.0,0.0,0.0,0.0,0.0,-0.11972395444691421,0.0,0.0,11.224735110010991,-0.11972395444691421,0.19768709580470942
4.86,0.0,0.0,0.0,0.19471134578943056,0.0,0.0,0.0,0.0,0.0,-0.13324767355367045,0.0,0.0,11.156138337046743,-0.13324767355367045,0.19780253415472626
4.87,0.0,0.0,0.0,0.19337886905389384,0.0,0.0,0.0,0.0,0.0,-0.1466721046121605,0.0,0.0,11.07979304380112,-0.1466721046121605,0.1979123775234851
4.88,0.0,0.0,0.0,0.19191214800777223,0.0,0.0,0.0,0.0,0.0,-0.15998727821649708,0.0,0.0,10.995756118135338,-0.15998727821649708,0.19801586085750938
4.89,0.0,0.0,0.0,0.19031227522560726,0.0,0.0,0.0,0.0,0.0,-0.1731833172106904,0.0,0.0,10.904090159959432,-0.1731833172106904,0.19811220025877446
4.9,0.0,0.0,0.0,0.18858044205350036,0.0,0.0,0.0,0.0,0.0,-0.18625044500058496,0.0,0.0,10.804863428376954,-0.18625044500058496,0.1982005973913619
4.91,0.0,0.0,0.0,0.1867179376034945,0.0,0.0,0.0,0.0,0.0,-0.19917899376992781,0.0,0.0,10.698149784067285,-0.19917899376992781,0.1982802440594179
4.92,0.0,0.0,0.0,0.18472614766579523,0.0,0.0,0.0,0.0,0.0,-0.211959412592398,0.0,0.0,10.58402862696049,-0.211959412592398,0.19835032692810145
4.93,0.0,0.0,0.0,0.18260655353987126,0.0,0.0,0.0,0.0,0.0,-0.22458227543140047,0.0,0.0,10.462584829264326,-0.22458227543140047,0.19841003235800297
4.94,0.0,0.0,0.0,0.18036073078555726,0.0,0.0,0.0,0.0,0.0,-0.23703828901940774,0.0,0.0,10.333908663907687,-0.23703828901940774,0.1984585513226614
4.95,0.0,0.0,0.0,0.17799034789536317,0.0,0.0,0.0,0.0,0.0,-0.24931830060861593,0.0,0.0,10.198095728469545,-0.24931830060861593,0.19849508437808044
4.96,0.0,0.0,0.0,0.175497164889277,0.0,0.0,0.0,0.0,0.0,-0.26141330558467335,0.0,0.0,10.055246864667067,-0.26141330558467335,0.19851884665263958
4.97,0.0,0.0,0.0,0.17288303183343026,0.0,0.0,0.0,0.0,0.0,-0.27331445493524026,0.0,0.0,9.905468073481412,-0.27331445493524026,0.19852907282553633
4.98,0.0,0.0,0.0,0.17014988728407787,0.0,0.0,0.0,0.0,0.0,-0.28501306256514863,0.0,0.0,9.748870426004336,-0.28501306256514863,0.19852502206182382
4.99,0.0,0.0,0.0,0.1672997566584264,0.0,0.0,0.0,0.0,0.0,-0.2965006124499556,0.0,0.0,9.585569970093525,-0.2965006124499556,0.19850598287226542
5.0,0.0,0.0,0.0,0.16433475053392682,0.0,0.0,0.0,0.0,0.0,-0.30776876561972155,0.0,0.0,9.41568763292926,-0.30776876561972155,0.198471277866614
5.01,0.0,0.0,0.0,0.16125706287772962,0.0,0.0,0.0,0.0,0.0,-0.31880936696489753,0.0,0.0,9.239349119569649,-0.31880936696489753,0.19842026836950963
5.0200000000000005,0.0,0.0,0.0,0.15806896920808064,0.0,0.0,0.0,0.0,0.0,-0.3296144518562806,0.0,0.0,9.056684807606388,-0.3296144518562806,0.1983523588689754
5.03,0.0,0.0,0.0,0.15477282468951784,0.0,0.0,0.0,0.0,0.0,-0.3401762525710843,0.0,0.0,8.867829638027558,-0.3401762525710843,0.19826700126854474
5.04,0.0,0.0,0.0,0.151371062163807,0.0,0.0,0.0,0.0,0.0,-0.35048720451728776,0.0,0.0,8.672923002398564,-0.35048720451728776,0.19816369891519664
5.05,0.0,0.0,0.0,0.1478661901186341,0.0,0.0,0.0,0.0,0.0,-0.36053995224855795,0.0,0.0,8.472108626476771,-0.36053995224855795,0.19804201037672714
5.0600000000000005,0.0,0.0,0.0,0.14426079059614852,0.0,0.0,0.0,0.0,0.0,-0.37032735526220173,0.0,0.0,8.265534450379866,-0.37032735526220173,0.19790155294372563
5.07,0.0,0.0,0.0,0.1405575170435265,0.0,0.0,0.0,0.0,0.0,-0.3798424935727862,0.0,0.0,8.053352505432205,-0.3798424935727862,0.19774200583307883
5.08,0.0,0.0,0.0,0.13675909210779866,0.0,0.0,0.0,0.0,0.0,-0.3890786730542758,0.0,0.0,7.835718787817749,-0.3890786730542758,0.19756311307182667
5.09,0.0,0.0,0.0,0.1328683053772559,0.0,0.0,0.0,0.0,0.0,-0.3980294305437712,0.0,0.0,7.612793129172145,-0.3980294305437712,0.1973646860422243
5.1000000000000005,0.0,0.0,0.0,0.1288880110718182,0.0,0.0,0.0,0.0,0.0,-0.40668853870019855,0.0,0.0,7.384739064250608,-0.40668853870019855,0.19714660567103898
5.11,0.0,0.0,0.0,0.12482112568481621,0.0,0.0,0.0,0.0,0.0,-0.4150500106115886,0.0,0.0,7.151723695811966,-0.4150500106115886,0.19690882424838904
5.12,0.0,0.0,0.0,0.12067062557870033,0.0,0.0,0.0,0.0,0.0,-0.42310810414490596,0.0,0.0,6.913917556862926,-0.42310810414490596,0.1966513668637962
5.13,0.0,0.0,0.0,0.11643954453725126,0.0,0.0,0.0,0.0,0.0,-0.43085732603273486,0.0,0.0,6.671494470410078,-0.43085732603273486,0.1963743324495839
5.14,0.0,0.0,0.0,0.11213097127692391,0.0,0.0,0.0,0.0,0.0,-0.4382924356915039,0.0,0.0,6.424631406870399,-0.4382924356915039,0.1960778944242623
5.15,0.0,0.0,0.0,0.10774804692000887,0.0,0.0,0.0,0.0,0.0,-0.4454084487663358,0.0,0.0,6.173508339294077,-0.4454084487663358,0.19576230093108263
5.16,0.0,0.0,0.0,0.10329396243234551,0.0,0.0,0.0,0.0,0.0,-0.4522006403980368,0.0,0.0,5.918308096556277,-0.4522006403980368,0.19542787466954348
5.17,0.0,0.0,0.0,0.09877195602836514,0.0,0.0,0.0,0.0,0.0,-0.45866454820819624,0.0,0.0,5.6592162146770715,-0.45866454820819624,0.19507501232019037
5.18,0.0,0.0,0.0,0.09418531054628318,0.0,0.0,0.0,0.0,0.0,-0.46479597499884817,0.0,0.0,5.396420786431028,-0.46479597499884817,0.19470418356563673
5.19,0.0,0.0,0.0,0.0895373507962947,0.0,0.0,0.0,0.0,0.0,-0.4705909911636503,0.0,0.0,5.130112309410007,-0.4705909911636503,0.19431592971327277
5.2,0.0,0.0,0.0,0.0848314408846582,0.0,0.0,0.0,0.0,0.0,-0.4760459368080613,0.0,0.0,4.860483532704453,-0.4760459368080613,0.1939108619276004
5.21,0.0,0.0,0.0,0.08007098151657759,0.0,0.0,0.0,0.0,0.0,-0.48115742357654606,0.0,0.0,4.58772930236992,-0.48115742357654606,0.19348965908259752
5.22,0.0,0.0,0.0,0.07525940728081212,0.0,0.0,0.0,0.0,0.0,-0.48592233618540004,0.0,0.0,4.312046405846674,-0.48592233618540004,0.19305306524682103
5.23,0.0,0.0,0.0,0.07040018391895812,0.0,0.0,0.0,0.0,0.0,-0.49033783366036876,0.0,0.0,4.033633415501068,-0.49033783366036876,0.192601886816213
5.24,0.0,0.0,0.0,0.06549680558235443,0.0,0.0,0.0,0.0,0.0,-0.49440135027883125,0.0,0.0,3.752690531457799,-0.49440135027883125,0.1921369893117377
5.25,0.0,0.0,0.0,0.06055279207956612,0.0,0.0,0.0,0.0,0.0,-0.4981105962169247,0.0,0.0,3.469419423892338,-0.4981105962169247,0.1916592938609278
5.26,0.0,0.0,0.0,0.05557168611739687,0.0,0.0,0.0,0.0,0.0,-0.5014635579026028,0.0,0.0,3.184023074952589,-0.5014635579026028,0.19116977338434044
5.2700000000000005,0.0,0.0,0.0,0.05055705053837085,0.0,0.0,0.0,0.0,0.0,-0.5044584980762434,0.0,0.0,2.896705620478256,-0.5044584980762434,0.19066944850959586
5.28,0.0,0.0,0.0,0.04551246555760841,0.0,0.0,0.0,0.0,0.0,-0.5070939555610474,0.0,0.0,2.607672191685485,-0.5070939555610474,0.19015938323724854
5.29,0.0,0.0,0.0,0.040441526001997935,0.0,0.0,0.0,0.0,0.0,-0.509368744746097,0.0,0.0,2.317128756983059,-0.509368744746097,0.18964068038410617
5.3,0.0,0.0,0.0,0.035347838554536964,0.0,0.0,0.0,0.0,0.0,-0.5112819547855674,0.0,0.0,2.0252819640847806,-0.5112819547855674,0.18911447683083477
5.3100000000000005,0.0,0.0,0.0,0.03023501900668129,0.0,0.0,0.0,0.0,0.0,-0.5128329485182054,0.0,0.0,1.7323389825806645,-0.5128329485182054,0.18858193860166492
5.32,0.0,0.0,0.0,0.025106689521499234,0.0,0.0,0.0,0.0,0.0,-0.5140213611117995,0.0,0.0,1.4385073471272345,-0.5140213611117995,0.18804425580488718
5.33,0.0,0.0,0.0,0.01996647591038124,0.0,0.0,0.0,0.0,0.0,-0.5148470984379683,0.0,0.0,1.1439948014144732,-0.5148470984379683,0.1875026374634261
5.34,0.0,0.0,0.0,0.014818004926001556,0.0,0.0,0.0,0.0,0.0,-0.5153103351831793,0.0,0.0,0.8490091430639529,-0.5153103351831793,0.18695830626522345
5.3500000000000005,0.0,0.0,0.0,0.009664901574169764,0.0,0.0,0.0,0.0,0.0,-0.515411512702482,0.0,0.0,0.5537580696092731,-0.515411512702482,0.1864124932634108
5.36,0.0,0.0,0.0,0.004510786447144944,0.0,0.0,0.0,0.0,0.0,-0.5151513366229877,0.0,0.0,0.25844902570621664,-0.5151513366229877,0.18586643255628274
5.37,0.0,0.0,0.0,-0.0006407269190849335,0.0,0.0,0.0,0.0,0.0,-0.514530774204657,0.0,0.0,-0.03671094828398689,-0.514530774204657,0.1853213559769622
5.38,0.0,0.0,0.0,-0.0057860346611315035,0.0,0.0,0.0,0.0,0.0,-0.5135510514664591,0.0,0.0,-0.3315153661992426,-0.5135510514664591,0.18477848782226639
5.39,0.0,0.0,0.0,-0.010921545175796094,0.0,0.0,0.0,0.0,0.0,-0.512213650086443,0.0,0.0,-0.6257584443345809,-0.512213650086443,0.18423903964981975
5.4,0.0,0.0,0.0,-0.016043681676660523,0.0,0.0,0.0,0.0,0.0,-0.5105203040847045,0.0,0.0,-0.9192352479240202,-0.5105203040847045,0.18370420517171937
5.41,0.0,0.0,0.0,-0.021148884717507567,0.0,0.0,0.0,0.0,0.0,-0.5084729962986464,0.0,0.0,-1.2117418357219099,-0.5084729962986464,0.1831751552722123
5.42,0.0,0.0,0.0,-0.02623361468049403,0.0,0.0,0.0,0.0,0.0,-0.5060739546603106,0.0,0.0,-1.5030754025647457,-0.5060739546603106,0.18265303317581477
5.43,0.0,0.0,0.0,-0.031294354227097136,0.0,0.0,0.0,0.0,0.0,-0.5033256482859015,0.0,0.0,-1.7930344198000532,-0.5033256482859015,0.1821389497911295
5.44,0.0,0.0,0.0,-0.03632761070995615,0.0,0.0,0.0,0.0,0.0,-0.5002307833879276,0.0,0.0,-2.0814187734747356,-0.5002307833879276,0.18163397925428856
5.45,0.0,0.0,0.0,-0.04132991854383543,0.0,0.0,0.0,0.0,0.0,-0.4967922990206522,0.0,0.0,-2.3680299001812473,-0.4967922990206522,0.18113915469451156
5.46,0.0,0.0,0.0,-0.04629784153404195,0.0,0.0,0.0,0.0,0.0,-0.4930133626697751,0.0,0.0,-2.6526709204660928,-0.4930133626697751,0.18065546424270093
5.47,0.0,0.0,0.0,-0.0512279751607397,0.0,0.0,0.0,0.0,0.0,-0.48889736569744696,0.0,0.0,-2.9351467697114,-0.48889736569744696,0.18018384730232676
5.48,0.0,0.0,0.0,-0.056116948817714174,0.0,0.0,0.0,0.0,0.0,-0.4844479186538654,0.0,0.0,-3.215264326406677,-0.4844479186538654,0.17972519110008892
5.49,0.0,0.0,0.0,-0.060961428004252825,0.0,0.0,0.0,0.0,0.0,-0.47966884646680047,0.0,0.0,-3.492832537734312,-0.47966884646680047,0.17928032753201698
5.5,0.0,0.0,0.0,-0.06575811646892082,0.0,0.0,0.0,0.0,0.0,-0.4745641835204563,0.0,0.0,-3.767662542398875,-0.4745641835204563,0.17885003031873703
5.51,0.0,0.0,0.0,-0.07050375830412539,0.0,0.0,0.0,0.0,0.0,-0.4691381686350897,0.0,0.0,-4.0395677906368155,-0.4691381686350897,0.1784350124817181
5.5200000000000005,0.0,0.0,0.0,-0.07519513999047629,0.0,0.0,0.0,0.0,0.0,-0.46339523995878046,0.0,0.0,-4.308364161349689,-0.46339523995878046,0.17803592415028208
5.53,0.0,0.0,0.0,-0.0798290923900641,0.0,0.0,0.0,0.0,0.0,-0.4573400297826772,0.0,0.0,-4.57387007631059,-0.4573400297826772,0.17765335070715035
5.54,0.0,0.0,0.0,-0.08440249268789086,0.0,0.0,0.0,0.0,0.0,-0.4509773592909318,0.0,0.0,-4.835906611399938,-0.4509773592909318,0.17728781127830168
5.55,0.0,0.0,0.0,-0.08891226628080018,0.0,0.0,0.0,0.0,0.0,-0.4443122332563836,0.0,0.0,-5.094297604833191,-0.4443122332563836,0.1769397575708368
5.5600000000000005,0.0,0.0,0.0,-0.09335538861336401,0.0,0.0,0.0,0.0,0.0,-0.43734983469286104,0.0,0.0,-5.348869762349421,-0.43734983469286104,0.1766095730605865
5.57,0.0,0.0,0.0,-0.09772888696029262,0.0,0.0,0.0,0.0,0.0,-0.430095519474741,0.0,0.0,-5.599452759335873,-0.430095519474741,0.17629757252916317
5.58,0.0,0.0,0.0,-0.10202984215504003,0.0,0.0,0.0,0.0,0.0,-0.42255481093413433,0.0,0.0,-5.845879339869766,-0.42255481093413433,0.17600400194826527
5.59,0.0,0.0,0.0,-0.10625539026438137,0.0,0.0,0.0,0.0,0.0,-0.41473339444576657,0.0,0.0,-6.0879854126645085,-0.41473339444576657,0.17572903870709095
5.6000000000000005,0.0,0.0,0.0,-0.11040272420883904,0.0,0.0,0.0,0.0,0.0,-0.4066371120092833,0.0,0.0,-6.325610143913278,-0.4066371120092833,0.1754727921769056
5.61,0.0,0.0,0.0,-0.11446909532893187,0.0,0.0,0.0,0.0,0.0,-0.39827195683834166,0.0,0.0,-6.558596047028482,-0.39827195683834166,0.17523530460505274
5.62,0.0,0.0,0.0,-0.1184518148973153,0.0,0.0,0.0,0.0,0.0,-0.38964406796544954,0.0,0.0,-6.786789069281017,-0.38964406796544954,0.1750165523289577
5.63,0.0,0.0,0.0,-0.1223482555769698,0.0,0.0,0.0,0.0,0.0,-0.3807597248710881,0.0,0.0,-7.010038675348306,-0.3807597248710881,0.17481644729912876
5.64,0.0,0.0,0.0,-0.12615585282568068,0.0,0.0,0.0,0.0,0.0,-0.3716253421451996,0.0,0.0,-7.228197927785064,-0.3716253421451996,0.17463483889858164
5.65,0.0,0.0,0.0,-0.12987210624713266,0.0,0.0,0.0,0.0,0.0,-0.3622474641886469,0.0,0.0,-7.441123564435315,-0.3622474641886469,0.17447151604475458
5.66,0.0,0.0,0.0,-0.13349458088901914,0.0,0.0,0.0,0.0,0.0,-0.3526327599617541,0.0,0.0,-7.648676072808573,-0.3526327599617541,0.17432620955863115
5.67,0.0,0.0,0.0,-0.13702090848863668,0.0,0.0,0.0,0.0,0.0,-0.3427880177865222,0.0,0.0,-7.8507197614471576,-0.3427880177865222,0.17419859478460706
5.68,0.0,0.0,0.0,-0.1404487886665019,0.0,0.0,0.0,0.0,0.0,-0.3327201402085816,0.0,0.0,-8.047122828315388,-0.3327201402085816,0.17408829444353524
5.69,0.0,0.0,0.0,-0.1437759900685877,0.0,0.0,0.0,0.0,0.0,-0.32243613892439865,0.0,0.0,-8.237757426244915,-0.32243613892439865,0.1739948817004406
5.7,0.0,0.0,0.0,-0.1470003514578317,0.0,0.0,0.0,0.0,0.0,-0.31194312977869654,0.0,0.0,-8.422499725473534,-0.31194312977869654,0.1739178834274881
5.71,0.0,0.0,0.0,-0.15011978275561866,0.0,0.0,0.0,0.0,0.0,-0.3012483278364863,0.0,0.0,-8.601229973317745,-0.3012483278364863,0.17385678364211488
5.72,0.0,0.0,0.0,-0.15313226603398353,0.0,0.0,0.0,0.0,0.0,-0.2903590425335327,0.0,0.0,-8.773832551021785,-0.2903590425335327,0.17381102709957824
5.73,0.0,0.0,0.0,-0.15603585645931886,0.0,0.0,0.0,0.0,0.0,-0.2792826729085047,0.0,0.0,-8.940196027828096,-0.2792826729085047,0.1737800230187128
5.74,0.0,0.0,0.0,-0.1588286831884039,0.0,0.0,0.0,0.0,0.0,-0.26802670291948616,0.0,0.0,-9.100213212315994,-0.26802670291948616,0.17376314891928057
5.75,0.0,0.0,0.0,-0.16150895021759876,0.0,0.0,0.0,0.0,0.0,-0.25659869684694486,0.0,0.0,-9.253781201056928,-0.25659869684694486,0.17375975454908554
5.76,0.0,0.0,0.0,-0.1640749371860682,0.0,0.0,0.0,0.0,0.0,-0.2450062947846915,0.0,0.0,-9.400801424635794,-0.2450062947846915,0.17376916587886007
5.7700000000000005,0.0,0.0,0.0,-0.1665250001339151,0.0,0.0,0.0,0.0,0.0,-0.23325720821979146,0.0,0.0,-9.541179691088804,-0.23325720821979146,0.17379068914292092
5.78,0.0,0.0,0.0,-0.16885757221611303,0.0,0.0,0.0,0.0,0.0,-0.22135921570183814,0.0,0.0,-9.674826226808788,-0.22135921570183814,0.17382361490367815
5.79,0.0,0.0,0.0,-0.1710711643731314,0.0,0.0,0.0,0.0,0.0,-0.20932015860144895,0.0,0.0,-9.8016557149692,-0.20932015860144895,0.17386722211829167
5.8,0.0,0.0,0.0,-0.1731643659591459,0.0,0.0,0.0,0.0,0.0,-0.19714793695731167,0.0,0.0,-9.921587331517921,-0.19714793695731167,0.17392078218606832
5.8100000000000005,0.0,0.0,0.0,-0.175135845328719,0.0,0.0,0.0,0.0,0.0,-0.18485050541058912,0.0,0.0,-10.034544778791574,-0.18485050541058912,0.17398356295558848
5.82,0.0,0.0,0.0,-0.1769843503828249,0.0,0.0,0.0,0.0,0.0,-0.1724358692249865,0.0,0.0,-10.140456316800442,-0.1724358692249865,0.17405483267108832
5.83,0.0,0.0,0.0,-0.17870870907507477,0.0,0.0,0.0,0.0,0.0,-0.15991208039030103,0.0,0.0,-10.239254792233059,-0.15991208039030103,0.17413386383818735
5.84,0.0,0.0,0.0,-0.18030782987897778,0.0,0.0,0.0,0.0,0.0,-0.14728723380680736,0.0,0.0,-10.330877665228268,-0.14728723380680736,0.17421993698974472
5.8500000000000005,0.0,0.0,0.0,-0.18178070221704584,0.0,0.0,0.0,0.0,0.0,-0.13456946354738833,0.0,0.0,-10.415267033961134,-0.13456946354738833,0.174312344333426
5.86,0.0,0.0,0.0,-0.18312639685251972,0.0,0.0,0.0,0.0,0.0,-0.12176693919389951,0.0,0.0,-10.492369657087183,-0.12176693919389951,0.17441039326334673
5.87,0.0,0.0,0.0,-0.1843440662444587,0.0,0.0,0.0,0.0,0.0,-0.10888786224385881,0.0,0.0,-10.562136974087547,-0.10888786224385881,0.17451340971914403
5.88,0.0,0.0,0.0,-0.1854329448668973,0.0,0.0,0.0,0.0,0.0,-0.0959404625831807,0.0,0.0,-10.624525123555298,-0.0959404625831807,0.17462074137677436
5.89,0.0,0.0,0.0,-0.1863923494927291,0.0,0.0,0.0,0.0,0.0,-0.08293299502033041,0.0,0.0,-10.679494959460788,-0.08293299502033041,0.1747317606563822
5.9,0.0,0.0,0.0,-0.1872216794429324,0.0,0.0,0.0,0.0,0.0,-0.06987373587695621,0.0,0.0,-10.727012065431232,-0.06987373587695621,0.17484586753370812
5.91,0.0,0.0,0.0,-0.18792041680170196,0.0,0.0,0.0,0.0,0.0,-0.05677097962976998,0.0,0.0,-10.767046767076847,-0.05677097962976998,0.17496249214265502
5.92,0.0,0.0,0.0,-0.18848812659799966,0.0,0.0,0.0,0.0,0.0,-0.04363303559818803,0.0,0.0,-10.799574142392936,-0.04363303559818803,0.17508109715781212
5.93,0.0,0.0,0.0,-0.18892445695398152,0.0,0.0,0.0,0.0,0.0,-0.03046822467201612,0.0,0.0,-10.824574030264138,-0.03046822467201612,0.17520117994699458
5.94,0.0,0.0,0.0,-0.1892291392007017,0.0,0.0,0.0,0.0,0.0,-0.017284876073266148,0.0,0.0,-10.842031037093767,-0.017284876073266148,0.17532227448513718
5.95,0.0,0.0,0.0,-0.18940198796143437,0.0,0.0,0.0,0.0,0.0,-0.004091324146026936,0.0,0.0,-10.851934541577815,-0.004091324146026936,0.17544395302216295
5.96,0.0,0.0,0.0,-0.18944290120289464,0.0,0.0,0.0,0.0,0.0,0.009104094831821159,0.0,0.0,-10.854278697639689,0.009104094831821159,0.17556582749877517
5.97,0.0,0.0,0.0,-0.18935186025457643,0.0,0.0,0.0,0.0,0.0,0.022292690601889414,0.0,0.0,-10.849062435538187,0.022292690601889414,0.17568753961909273
5.98,0.0,0.0,0.0,-0.18912893334855754,0.0,0.0,0.0,0.0,0.0,0.03546471334059516,0.0,0.0,-10.836289664683395,0.03546471334059516,0.17580870035456303
5.99,0.0,0.0,0.0,-0.1887742862151516,0.0,0.0,0.0,0.0,0.0,0.048610355309959316,0.0,0.0,-10.815969880722822,0.048610355309959316,0.175928880261128
6.0,0.0,0.0,0.0,-0.18828818266205202,0.0,0.0,0.0,0.0,0.0,0.06171983087288921,0.0,0.0,-10.788118198723902,0.06171983087288921,0.17604761202529567
6.01,0.0,0.0,0.0,-0.18767098435332313,0.0,0.0,0.0,0.0,0.0,0.07478338474732471,0.0,0.0,-10.752755340511126,0.07478338474732471,0.17616439238924794
6.0200000000000005,0.0,0.0,0.0,-0.1869231505058499,0.0,0.0,0.0,0.0,0.0,0.08779130023045495,0.0,0.0,-10.709907617273878,0.08779130023045495,0.17627868435950528
6.03,0.0,0.0,0.0,-0.18604523750354535,0.0,0.0,0.0,0.0,0.0,0.10073390738531932,0.0,0.0,-10.659606907462168,0.10073390738531932,0.1763899196875868
6.04,0.0,0.0,0.0,-0.18503789842969215,0.0,0.0,0.0,0.0,0.0,0.11360159118210977,0.0,0.0,-10.601890629991763,0.11360159118210977,0.176497501609155
6.05,0.0,0.0,0.0,-0.18390188251787104,0.0,0.0,0.0,0.0,0.0,0.12638479958649076,0.0,0.0,-10.536801712784708,0.12638479958649076,0.17660080782628887
6.0600000000000005,0.0,0.0,0.0,-0.18263803452200614,0.0,0.0,0.0,0.0,0.0,0.1390740515872501,0.0,0.0,-10.464388556675582,0.1390740515872501,0.17669919371574186
6.07,0.0,0.0,0.0,-0.18124729400613362,0.0,0.0,0.0,0.0,0.0,0.15165994515558862,0.0,0.0,-10.38470499471824,0.15165994515558862,0.1767919957444269
6.08,0.0,0.0,0.0,-0.17973069455457774,0.0,0.0,0.0,0.0,0.0,0.16413316512834994,0.0,0.0,-10.297810246932231,0.16413316512834994,0.17687853507184015
6.09,0.0,0.0,0.0,-0.17808936290329425,0.0,0.0,0.0,0.0,0.0,0.17648449100748526,0.0,0.0,-10.20376887053245,0.17648449100748526,0.17695812131770888
6.1000000000000005,0.0,0.0,0.0,-0.17632451799321938,0.0,0.0,0.0,0.0,0.0,0.18870480466804154,0.0,0.0,-10.102650705690014,0.18870480466804154,0.17703005647196893
6.11,0.0,0.0,0.0,-0.17443746994653897,0.0,0.0,0.0,0.0,0.0,0.20078509796695793,0.0,0.0,-9.994530816876821,0.20078509796695793,0.17709363892303315
6.12,0.0,0.0,0.0,-0.1724296189668694,0.0,0.0,0.0,0.0,0.0,0.21271648024495438,0.0,0.0,-9.879489429850548,0.21271648024495438,0.17714816757939714
6.13,0.0,0.0,0.0,-0.17030245416441986,0.0,0.0,0.0,0.0,0.0,0.2244901857138002,0.0,0.0,-9.757611864341408,0.2244901857138002,0.17719294605889935
6.140000000000001,0.0,0.0,0.0,-0.16805755230728187,0.0,0.0,0.0,0.0,0.0,0.2360975807212601,0.0,0.0,-9.628988462506321,0.2360975807212601,0.17722728691930645
6.15,0.0,0.0,0.0,-0.16569657650006928,0.0,0.0,0.0,0.0,0.0,0.24753017088603219,0.0,0.0,-9.493714513220548,0.24753017088603219,0.1772505159035608
6.16,0.0,0.0,0.0,-0.16322127479120896,0.0,0.0,0.0,0.0,0.0,0.2587796080950182,0.0,0.0,-9.35189017228133,0.2587796080950182,0.17726197617273054
6.17,0.0,0.0,0.0,-0.16063347871025876,0.0,0.0,0.0,0.0,0.0,0.2698376973553026,0.0,0.0,-9.20362037860239,0.2698376973553026,0.17726103249971434
6.18,0.0,0.0,0.0,-0.15793510173670575,0.0,0.0,0.0,0.0,0.0,0.2806964034932644,0.0,0.0,-9.049014766482518,0.2806964034932644,0.17724707539686618
6.19,0.0,0.0,0.0,-0.1551281377017731,0.0,0.0,0.0,0.0,0.0,0.29134785769330673,0.0,0.0,-8.888187574035864,0.29134785769330673,0.1772195251510379
6.2,0.0,0.0,0.0,-0.15221465912484006,0.0,0.0,0.0,0.0,0.0,0.3017843638687645,0.0,0.0,-8.72125754787582,0.3017843638687645,0.1771778357400457
6.21,0.0,0.0,0.0,-0.1491968154861524,0.0,0.0,0.0,0.0,0.0,0.3119984048576416,0.0,0.0,-8.548347844148614,0.3119984048576416,0.17712149860524265
6.22,0.0,0.0,0.0,-0.146076831437576,0.0,0.0,0.0,0.0,0.0,0.321982648435937,0.0,0.0,-8.369585926017047,0.321982648435937,0.17705004625574133
6.23,0.0,0.0,0.0,-0.14285700495321663,0.0,0.0,0.0,0.0,0.0,0.3317299531414472,0.0,0.0,-8.185103457698808,0.3317299531414472,0.17696305568083998
6.24,0.0,0.0,0.0,-0.13953970542180216,0.0,0.0,0.0,0.0,0.0,0.3412333739010763,0.0,0.0,-7.995036195168034,0.3412333739010763,0.17686015154840282
6.25,0.0,0.0,0.0,-0.1361273716827914,0.0,0.0,0.0,0.0,0.0,0.3504861674548534,0.0,0.0,-7.799523873632622,0.3504861674548534,0.17674100916826313
6.26,0.0,0.0,0.0,-0.13262251000824288,0.0,0.0,0.0,0.0,0.0,0.359481797570045,0.0,0.0,-7.598710091903838,0.359481797570045,0.17660535720117754
6.2700000000000005,0.0,0.0,0.0,-0.12902769203254244,0.0,0.0,0.0,0.0,0.0,0.36821394003895797,0.0,0.0,-7.3927421937784406,0.36821394003895797,0.17645298009550378
6.28,0.0,0.0,0.0,-0.12534555263215286,0.0,0.0,0.0,0.0,0.0,0.37667648745426363,0.0,0.0,-7.181771146557286,0.37667648745426363,0.17628372023542552
6.29,0.0,0.0,0.0,-0.12157878775761022,0.0,0.0,0.0,0.0,0.0,0.3848635537559286,0.0,0.0,-6.965951416827868,0.3848635537559286,0.17609747978645873
6.3,0.0,0.0,0.0,-0.11773015222005093,0.0,0.0,0.0,0.0,0.0,0.3927694785441161,0.0,0.0,-6.745440843641657,0.3927694785441161,0.17589422222581033
6.3100000000000005,0.0,0.0,0.0,-0.11380245743460976,0.0,0.0,0.0,0.0,0.0,0.4003888311527258,0.0,0.0,-6.520400509220337,0.4003888311527258,0.1756739735472236
6.32,0.0,0.0,0.0,-0.1097985691230825,0.0,0.0,0.0,0.0,0.0,0.4077164144785657,0.0,0.0,-6.290994607328064,0.4077164144785657,0.17543682313197723
6.33,0.0,0.0,0.0,-0.10572140497829685,0.0,0.0,0.0,0.0,0.0,0.41474726856149896,0.0,0.0,-6.05739030944978,0.41474726856149896,0.1751829242798292
6.34,0.0,0.0,0.0,-0.10157393229268186,0.0,0.0,0.0,0.0,0.0,0.42147667391128063,0.0,0.0,-5.819757628918252,0.42147667391128063,0.17491249439584497
6.3500000000000005,0.0,0.0,0.0,-0.09735916555356905,0.0,0.0,0.0,0.0,0.0,0.42790015457719516,0.0,0.0,-5.578269283134972,0.42790015457719516,0.17462581483123019
6.36,0.0,0.0,0.0,-0.0930801640077971,0.0,0.0,0.0,0.0,0.0,0.43401348095701886,0.0,0.0,-5.333100554032284,0.43401348095701886,0.1743232303784543
6.37,0.0,0.0,0.0,-0.08874002919822692,0.0,0.0,0.0,0.0,0.0,0.43981267234227045,0.0,0.0,-5.084429146926097,0.43981267234227045,0.17400514842312123
6.38,0.0,0.0,0.0,-0.08434190247480422,0.0,0.0,0.0,0.0,0.0,0.4452939991971668,0.0,0.0,-4.832435047910275,0.4452939991971668,0.17367203775720008
6.390000000000001,0.0,0.0,0.0,-0.07988896248283256,0.0,0.0,0.0,0.0,0.0,0.4504539851691748,0.0,0.0,-4.57730037994528,0.4504539851691748,0.17332442706029652
6.4,0.0,0.0,0.0,-0.07538442263114081,0.0,0.0,0.0,0.0,0.0,0.45528940882954105,0.0,0.0,-4.319209257794857,0.45528940882954105,0.17296290305773382
6.41,0.0,0.0,0.0,-0.0708315285428454,0.0,0.0,0.0,0.0,0.0,0.4597973051426847,0.0,0.0,-4.058347641965467,0.4597973051426847,0.17258810836616206
6.42,0.0,0.0,0.0,-0.06623355549141854,0.0,0.0,0.0,0.0,0.0,0.46397496666385735,0.0,0.0,-3.7949031918038196,0.46397496666385735,0.17220073903932887
6.43,0.0,0.0,0.0,-0.06159380582477997,0.0,0.0,0.0,0.0,0.0,0.46781994446500336,0.0,0.0,-3.529065117908199,0.46781994446500336,0.17180154182843058
6.44,0.0,0.0,0.0,-0.056915606380129935,0.0,0.0,0.0,0.0,0.0,0.47133004878928997,0.0,0.0,-3.2610240340093064,0.47133004878928997,0.17139131117318918
6.45,0.0,0.0,0.0,-0.05220230589223704,0.0,0.0,0.0,0.0,0.0,0.47450334943532335,0.0,0.0,-2.9909718084760915,0.47450334943532335,0.17097088594135168
6.46,0.0,0.0,0.0,-0.047457272397883804,0.0,0.0,0.0,0.0,0.0,0.4773381758726148,0.0,0.0,-2.719101415601438,0.4773381758726148,0.17054114593578498
6.47,0.0,0.0,0.0,-0.04268389063915766,0.0,0.0,0.0,0.0,0.0,0.47983311709041304,0.0,0.0,-2.445606786821696,0.47983311709041304,0.17010300818963892
6.48,0.0,0.0,0.0,-0.03788555946825353,0.0,0.0,0.0,0.0,0.0,0.4819870211825703,0.0,0.0,-2.1706826620228226,0.4819870211825703,0.16965742307125964
6.49,0.0,0.0,0.0,-0.03306568925642783,0.0,0.0,0.0,0.0,0.0,0.483798994671657,0.0,0.0,-1.894524441084384,0.483798994671657,0.16920537022151236
6.5,0.0,0.0,0.0,-0.028227699309711262,0.0,0.0,0.0,0.0,0.0,0.4852684015760853,0.0,0.0,-1.6173280358108026,0.4852684015760853,0.1687478543471003
6.51,0.0,0.0,0.0,-0.023375015293950408,0.0,0.0,0.0,0.0,0.0,0.48639486222453565,0.0,0.0,-1.3392897223971099,0.48639486222453565,0.16828590089412862
6.5200000000000005,0.0,0.0,0.0,-0.018511066671705052,0.0,0.0,0.0,0.0,0.0,0.4871782518225068,0.0,0.0,-1.0606059945739794,0.4871782518225068,0.1678205516267431
6.53,0.0,0.0,0.0,-0.013639284153479984,0.0,0.0,0.0,0.0,0.0,0.48761869877632247,0.0,0.0,-0.7814734175740669,0.48761869877632247,0.16735286013605555
6.54,0.0,0.0,0.0,-0.008763097165716759,0.0,0.0,0.0,0.0,0.0,0.4877165827804252,0.0,0.0,-0.5020884830586241,0.4877165827804252,0.1668838873047666
6.55,0.0,0.0,0.0,-0.0038859313379125075,0.0,0.0,0.0,0.0,0.0,0.48747253267426827,0.0,0.0,-0.22264746514001202,0.48747253267426827,0.1664146967529919
6.5600000000000005,0.0,0.0,0.0,0.0009887939888301757,0.0,0.0,0.0,0.0,0.0,0.4868874240755772,0.0,0.0,0.05665372236787493,0.4868874240755772,0.1659463502906489
6.57,0.0,0.0,0.0,0.005857668229585948,0.0,0.0,0.0,0.0,0.0,0.48596237679718995,0.0,0.0,0.3356196673431438,0.48596237679718995,0.1654799034015439
6.58,0.0,0.0,0.0,0.01071729199755785,0.0,0.0,0.0,0.0,0.0,0.4846987520550993,0.0,0.0,0.6140555992693961,0.4846987520550993,0.16501640078382984
6.59,0.0,0.0,0.0,0.015564279518108843,0.0,0.0,0.0,0.0,0.0,0.48309814947570995,0.0,0.0,0.8917675275495475,0.48309814947570995,0.16455687197098948
6.6000000000000005,0.0,0.0,0.0,0.020395261012865942,0.0,0.0,0.0,0.0,0.0,0.4811624039106808,0.0,0.0,1.168562378104931,0.4811624039106808,0.16410232705674285
6.61,0.0,0.0,0.0,0.02520688505197275,0.0,0.0,0.0,0.0,0.0,0.4788935820680555,0.0,0.0,1.4442481281494415,0.4788935820680555,0.16365375254645692
6.62,0.0,0.0,0.0,0.029995820872653307,0.0,0.0,0.0,0.0,0.0,0.4762939789686814,0.0,0.0,1.7186339390334564,0.4762939789686814,0.16321210735663405
6.63,0.0,0.0,0.0,0.03475876066234012,0.0,0.0,0.0,0.0,0.0,0.4733661142371855,0.0,0.0,1.9915302870574387,0.4733661142371855,0.16277831898300246
6.640000000000001,0.0,0.0,0.0,0.03949242180471198,0.0,0.0,0.0,0.0,0.0,0.4701127282370064,0.0,0.0,2.2627490921604223,0.4701127282370064,0.16235327985645046
6.65,0.0,0.0,0.0,0.04419354908708204,0.0,0.0,0.0,0.0,0.0,0.46653677805918126,0.0,0.0,2.532103844394033,0.46653677805918126,0.16193784390482538
6.66,0.0,0.0,0.0,0.04885891686767385,0.0,0.0,0.0,0.0,0.0,0.462641433374747,0.0,0.0,2.7994097280982597,0.462641433374747,0.16153282333713678
6.67,0.0,0.0,0.0,0.05348533120142132,0.0,0.0,0.0,0.0,0.0,0.45843007216074205,0.0,0.0,3.0644837437008183,0.45843007216074205,0.16113898566529516
6.68,0.0,0.0,0.0,0.05806963192302874,0.0,0.0,0.0,0.0,0.0,0.4539062763098828,0.0,0.0,3.3271448270677015,0.4539062763098828,0.1607570509769029
6.69,0.0,0.0,0.0,0.06260869468612756,0.0,0.0,0.0,0.0,0.0,0.44907382713404176,0.0,0.0,3.5872139663382536,0.44907382713404176,0.16038768947106896
6.7,0.0,0.0,0.0,0.06709943295746798,0.0,0.0,0.0,0.0,0.0,0.44393670077166925,0.0,0.0,3.844514316183935,0.44393670077166925,0.1600315192675259
6.71,0.0,0.0,0.0,0.07153879996518467,0.0,0.0,0.0,0.0,0.0,0.43849906350927675,0.0,0.0,4.098871309435722,0.43849906350927675,0.15968910449766013
6.72,0.0,0.0,0.0,0.07592379060027743,0.0,0.0,0.0,0.0,0.0,0.432765267027044,0.0,0.0,4.350112766030928,0.432765267027044,0.15936095368435255
6.73,0.0,0.0,0.0,0.08025144327054787,0.0,0.0,0.0,0.0,0.0,0.4267398435785143,0.0,0.0,4.598068999235945,0.4267398435785143,0.15904751841580436
6.74,0.0,0.0,0.0,0.084518841706333,0.0,0.0,0.0,0.0,0.0,0.42042750111421423,0.0,0.0,4.8425729191071625,0.42042750111421423,0.15874919231679996
6.75,0.0,0.0,0.0,0.08872311671747514,0.0,0.0,0.0,0.0,0.0,0.41383311835886777,0.0,0.0,5.083460133157923,0.41383311835886777,0.15846631031914377
6.76,0.0,0.0,0.0,0.09286144790106382,0.0,0.0,0.0,0.0,0.0,0.4069617398516774,0.0,0.0,5.320569044204934,0.4069617398516774,0.15819914823132747
6.7700000000000005,0.0,0.0,0.0,0.0969310652995806,0.0,0.0,0.0,0.0,0.0,0.39981857095891293,0.0,0.0,5.5537409453729545,0.39981857095891293,0.15794792260577817
6.78,0.0,0.0,0.0,0.10092925100916972,0.0,0.0,0.0,0.0,0.0,0.3924089728677881,0.0,0.0,5.78282011224193,0.3924089728677881,0.1577127909004774
6.79,0.0,0.0,0.0,0.1048533407378476,0.0,0.0,0.0,0.0,0.0,0.3847384575703128,0.0,0.0,6.007653892125809,0.3847384575703128,0.15749385193009569
6.8,0.0,0.0,0.0,0.10870072531355074,0.0,0.0,0.0,0.0,0.0,0.37681268284548974,0.0,0.0,6.228092790477329,0.37681268284548974,0.1572911466003091
6.8100000000000005,0.0,0.0,0.0,0.11246885214200564,0.0,0.0,0.0,0.0,0.0,0.3686374472478789,0.0,0.0,6.4439905544178115,0.3686374472478789,0.15710465891748965
6.82,0.0,0.0,0.0,0.11615522661448442,0.0,0.0,0.0,0.0,0.0,0.3602186851101826,0.0,0.0,6.6552042533956115,0.3602186851101826,0.15693431726457285
6.83,0.0,0.0,0.0,0.11975741346558624,0.0,0.0,0.0,0.0,0.0,0.35156246156711196,0.0,0.0,6.861594356981265,0.35156246156711196,0.15677999593258551
6.84,0.0,0.0,0.0,0.12327303808125736,0.0,0.0,0.0,0.0,0.0,0.34267496760738164,0.0,0.0,7.063024809811522,0.34267496760738164,0.156641516896117
6.8500000000000005,0.0,0.0,0.0,0.12669978775733118,0.0,0.0,0.0,0.0,0.0,0.3335625151602484,0.0,0.0,7.259363103698374,0.3335625151602484,0.15651865181982888
6.86,0.0,0.0,0.0,0.13003541290893367,0.0,0.0,0.0,0.0,0.0,0.32423153222256046,0.0,0.0,7.450480346922882,0.32423153222256046,0.1564111242820978
6.87,0.0,0.0,0.0,0.13327772823115927,0.0,0.0,0.0,0.0,0.0,0.31468855803182233,0.0,0.0,7.636251330737009,0.31468855803182233,0.15631861220088059
6.88,0.0,0.0,0.0,0.1364246138114775,0.0,0.0,0.0,0.0,0.0,0.3049402382903041,0.0,0.0,7.81655459309982,0.3049402382903041,0.15624075044608784
6.890000000000001,0.0,0.0,0.0,0.13947401619438055,0.0,0.0,0.0,0.0,0.0,0.2949933204447407,0.0,0.0,7.991272479677301,0.2949933204447407,0.1561771336219396
6.9,0.0,0.0,0.0,0.14242394939882796,0.0,0.0,0.0,0.0,0.0,0.28485464902567265,0.0,0.0,8.16029120213764,0.28485464902567265,0.15612731900216822
6.91,0.0,0.0,0.0,0.1452724958890847,0.0,0.0,0.0,0.0,0.0,0.2745311610499823,0.0,0.0,8.323500893776155,0.2745311610499823,0.15609082960035295
6.92,0.0,0.0,0.0,0.14801780749958451,0.0,0.0,0.0,0.0,0.0,0.2640298814896775,0.0,0.0,8.480795662506058,0.2640298814896775,0.15606715735723936
6.93,0.0,0.0,0.0,0.1506581063144813,0.0,0.0,0.0,0.0,0.0,0.2533579188094715,0.0,0.0,8.632073641253035,0.2533579188094715,0.15605576642654648
6.94,0.0,0.0,0.0,0.153191685502576,0.0,0.0,0.0,0.0,0.0,0.24252246057520582,0.0,0.0,8.777237035793044,0.24252246057520582,0.15605609654051006
6.95,0.0,0.0,0.0,0.15561691010832807,0.0,0.0,0.0,0.0,0.0,0.2315307691346626,0.0,0.0,8.916192170073916,0.2315307691346626,0.1560675664362955
6.96,0.0,0.0,0.0,0.1579322177996747,0.0,0.0,0.0,0.0,0.0,0.22039017737181946,0.0,0.0,9.048849529062258,0.22039017737181946,0.15608957732435294
6.97,0.0,0.0,0.0,0.16013611957339288,0.0,0.0,0.0,0.0,0.0,0.20910808453511068,0.0,0.0,9.175123799157705,0.20910808453511068,0.1561215163798471
6.98,0.0,0.0,0.0,0.162227200418744,0.0,0.0,0.0,0.0,0.0,0.1976919521397812,0.0,0.0,9.294933906216972,0.1976919521397812,0.15616276023844639
6.99,0.0,0.0,0.0,0.1642041199401418,0.0,0.0,0.0,0.0,0.0,0.1861492999439495,0.0,0.0,9.408203051230089,0.1861492999439495,0.15621267847801326
7.0,0.0,0.0,0.0,0.1660656129395813,0.0,0.0,0.0,0.0,0.0,0.17448770199754113,0.0,0.0,9.514858743691121,0.17448770199754113,0.1562706370680417
7.01,0.0,0.0,0.0,0.16781048995955672,0.0,0.0,0.0,0.0,0.0,0.16271478276281143,0.0,0.0,9.614832832705076,0.16271478276281143,0.15633600176913537
7.0200000000000005,0.0,0.0,0.0,0.16943763778718485,0.0,0.0,0.0,0.0,0.0,0.1508382133047501,0.0,0.0,9.70806153587205,0.1508382133047501,0.15640814146530646
7.03,0.0,0.0,0.0,0.17094601992023234,0.0,0.0,0.0,0.0,0.0,0.13886570754925115,0.0,0.0,9.794485465988611,0.13886570754925115,0.15648643141245072
7.04,0.0,0.0,0.0,0.17233467699572486,0.0,0.0,0.0,0.0,0.0,0.1268050186065408,0.0,0.0,9.874049655605312,0.1268050186065408,0.15657025638700703
7.05,0.0,0.0,0.0,0.17360272718179026,0.0,0.0,0.0,0.0,0.0,0.1146639351569859,0.0,0.0,9.946703579477639,0.1146639351569859,0.1566590137195465
7.0600000000000005,0.0,0.0,0.0,0.17474936653336012,0.0,0.0,0.0,0.0,0.0,0.10245027789605567,0.0,0.0,10.01240117494621,0.10245027789605567,0.15675211619878907
7.07,0.0,0.0,0.0,0.17577386931232067,0.0,0.0,0.0,0.0,0.0,0.09017189603488315,0.0,0.0,10.071100860280072,0.09017189603488315,0.1568489948324336
7.08,0.0,0.0,0.0,0.1766755882726695,0.0,0.0,0.0,0.0,0.0,0.07783666385256928,0.0,0.0,10.122765551014984,0.07783666385256928,0.15694910145203902
7.09,0.0,0.0,0.0,0.17745395491119517,0.0,0.0,0.0,0.0,0.0,0.06545247729609346,0.0,0.0,10.16736267431629,0.06545247729609346,0.1570519111501922
7.1000000000000005,0.0,0.0,0.0,0.1781084796841561,0.0,0.0,0.0,0.0,0.0,0.0530272506234418,0.0,0.0,10.204864181393711,0.0530272506234418,0.15715692453917368
7.11,0.0,0.0,0.0,0.17863875219039052,0.0,0.0,0.0,0.0,0.0,0.04056891308533639,0.0,0.0,10.235246557992767,0.04056891308533639,0.15726366982136167
7.12,0.0,0.0,0.0,0.1790444413212439,0.0,0.0,0.0,0.0,0.0,0.028085405640749316,0.0,0.0,10.258490832984997,0.028085405640749316,0.1573717046627042
7.13,0.0,0.0,0.0,0.17932529537765138,0.0,0.0,0.0,0.0,0.0,0.01558467770121221,0.0,0.0,10.274582585076274,0.01558467770121221,0.15748061786170667
7.140000000000001,0.0,0.0,0.0,0.1794811421546635,0.0,0.0,0.0,0.0,0.0,0.0030746838987877854,0.0,0.0,10.283511947649785,0.0030746838987877854,0.15759003080746942
7.15,0.0,0.0,0.0,0.17951188899365136,0.0,0.0,0.0,0.0,0.0,-0.009436619127546224,0.0,0.0,10.285273611757159,-0.009436619127546224,0.1576995987215146
7.16,0.0,0.0,0.0,0.1794175228023759,0.0,0.0,0.0,0.0,0.0,-0.021940894290520718,0.0,0.0,10.27986682726835,-0.021940894290520718,0.15780899995617692
7.17,0.0,0.0,0.0,0.1791981138594707,0.0,0.0,0.0,0.0,0.0,-0.03442889089677724,0.0,0.0,10.267295620852455,-0.03442889089677724,0.15791788424837622
7.18,0.0,0.0,0.0,0.17885382495050295,0.0,0.0,0.0,0.0,0.0,-0.046891331242684076,0.0,0.0,10.247569319435438,-0.046891331242684076,0.15802586727783627
7.19,0.0,0.0,0.0,0.1783849116380761,0.0,0.0,0.0,0.0,0.0,-0.05931895892703268,0.0,0.0,10.22070256567588,-0.05931895892703268,0.15813253265399277
7.2,0.0,0.0,0.0,0.17779172204880578,0.0,0.0,0.0,0.0,0.0,-0.07170254662603998,0.0,0.0,10.186715305759593,-0.07170254662603998,0.1582374336162598
7.21,0.0,0.0,0.0,0.17707469658254538,0.0,0.0,0.0,0.0,0.0,-0.08403290383953897,0.0,0.0,10.145632772739472,-0.08403290383953897,0.15834009497445292
7.22,0.0,0.0,0.0,0.17623436754414998,0.0,0.0,0.0,0.0,0.0,-0.09630088460100275,0.0,0.0,10.097485465437128,-0.09630088460100275,0.15844001527932167
7.23,0.0,0.0,0.0,0.17527135869813995,0.0,0.0,0.0,0.0,0.0,-0.10849739514405576,0.0,0.0,10.04230912292699,-0.10849739514405576,0.1585366692114735
7.24,0.0,0.0,0.0,0.1741863847466994,0.0,0.0,0.0,0.0,0.0,-0.12061340151813366,0.0,0.0,9.980144694627814,-0.12061340151813366,0.15862951017544527
7.25,0.0,0.0,0.0,0.17298025073151807,0.0,0.0,0.0,0.0,0.0,-0.1326399371459598,0.0,0.0,9.911038306030756,-0.1326399371459598,0.15871797308415367
7.26,0.0,0.0,0.0,0.17165385136005848,0.0,0.0,0.0,0.0,0.0,-0.14456811031551264,0.0,0.0,9.835041220097317,-0.14456811031551264,0.1588014773175759
7.2700000000000005,0.0,0.0,0.0,0.17020817025690335,0.0,0.0,0.0,0.0,0.0,-0.15638911159916483,0.0,0.0,9.752209794364711,-0.15638911159916483,0.15887942983826436
7.28,0.0,0.0,0.0,0.1686442791409117,0.0,0.0,0.0,0.0,0.0,-0.16809422119268316,0.0,0.0,9.662605433800385,-0.16809422119268316,0.15895122844506457
7.29,0.0,0.0,0.0,0.16696333692898488,0.0,0.0,0.0,0.0,0.0,-0.179674816166788,0.0,0.0,9.566294539451594,-0.179674816166788,0.15901626514543515
7.3,0.0,0.0,0.0,0.165166588767317,0.0,0.0,0.0,0.0,0.0,-0.1911223776239841,0.0,0.0,9.463348452940133,-0.1911223776239841,0.15907392962578323
7.3100000000000005,0.0,0.0,0.0,0.16325536499107715,0.0,0.0,0.0,0.0,0.0,-0.20242849775339172,0.0,0.0,9.353843396856535,-0.20242849775339172,0.15912361279851722
7.32,0.0,0.0,0.0,0.16123108001354322,0.0,0.0,0.0,0.0,0.0,-0.2135848867763291,0.0,0.0,9.237860411112106,-0.2135848867763291,0.15916471040383362
7.33,0.0,0.0,0.0,0.15909523114577992,0.0,0.0,0.0,0.0,0.0,-0.22458337977542556,0.0,0.0,9.115485285311474,-0.22458337977542556,0.1591966266438073
7.34,0.0,0.0,0.0,0.15684939734802567,0.0,0.0,0.0,0.0,0.0,-0.23541594340008043,0.0,0.0,8.986808487212318,-0.23541594340008043,0.15921877782599625
7.3500000000000005,0.0,0.0,0.0,0.15449523791402486,0.0,0.0,0.0,0.0,0.0,-0.2460746824411275,0.0,0.0,8.851925087343165,-0.2460746824411275,0.15923059599360523
7.36,0.0,0.0,0.0,0.1520344910896136,0.0,0.0,0.0,0.0,0.0,-0.25655184626761784,0.0,0.0,8.71093467985418,-0.25655184626761784,0.15923153251923639
7.37,0.0,0.0,0.0,0.1494689726269374,0.0,0.0,0.0,0.0,0.0,-0.2668398351186997,0.0,0.0,8.563941299679943,-0.2668398351186997,0.15922106163935718
7.38,0.0,0.0,0.0,0.1468005742757504,0.0,0.0,0.0,0.0,0.0,-0.2769312062436504,0.0,0.0,8.411053336097261,-0.2769312062436504,0.15919868390695158
7.390000000000001,0.0,0.0,0.0,0.14403126221331392,0.0,0.0,0.0,0.0,0.0,-0.2868186798832055,0.0,0.0,8.25238344276498,-0.2868186798832055,0.1591639295402102
7.4,0.0,0.0,0.0,0.14116307541448186,0.0,0.0,0.0,0.0,0.0,-0.29649514508543406,0.0,0.0,8.088048444336765,-0.29649514508543406,0.15911636164574244
7.41,0.0,0.0,0.0,0.13819812396362752,0.0,0.0,0.0,0.0,0.0,-0.3059536653495299,0.0,0.0,7.918169239741621,-0.3059536653495299,0.15905557929550693
7.42,0.0,0.0,0.0,0.13513858731013223,0.0,0.0,0.0,0.0,0.0,-0.3151874840910217,0.0,0.0,7.742870702230761,-0.3151874840910217,0.1589812204375563
7.43,0.0,0.0,0.0,0.131986712469222,0.0,0.0,0.0,0.0,0.0,-0.3241900299220604,0.0,0.0,7.562281576293137,-0.3241900299220604,0.15889296462167213
7.44,0.0,0.0,0.0,0.1287448121700014,0.0,0.0,0.0,0.0,0.0,-0.3329549217406104,0.0,0.0,7.376534371545597,-0.3329549217406104,0.1587905355221327
7.45,0.0,0.0,0.0,0.12541526295259528,0.0,0.0,0.0,0.0,0.0,-0.34147597362256144,0.0,0.0,7.1857652537071415,-0.34147597362256144,0.15867370324110283
7.46,0.0,0.0,0.0,0.12200050321636967,0.0,0.0,0.0,0.0,0.0,-0.34974719951098504,0.0,0.0,6.990113932770207,-0.34974719951098504,0.15854228637748646
7.47,0.0,0.0,0.0,0.11850303122125982,0.0,0.0,0.0,0.0,0.0,-0.35776281769698803,0.0,0.0,6.789723548485213,-0.35776281769698803,0.15839615384758973
7.48,0.0,0.0,0.0,0.11492540304428994,0.0,0.0,0.0,0.0,0.0,-0.36551725508686084,0.0,0.0,6.584740553277756,-0.36551725508686084,0.15823522644544782
7.49,0.0,0.0,0.0,0.11127023049342133,0.0,0.0,0.0,0.0,0.0,-0.3730051512504877,0.0,0.0,6.375314592720918,-0.3730051512504877,0.15805947813234728
7.5,0.0,0.0,0.0,0.10754017898091645,0.0,0.0,0.0,0.0,0.0,-0.3802213622462711,0.0,0.0,6.161598383687998,-0.3802213622462711,0.15786893704676525
7.51,0.0,0.0,0.0,0.10373796535845374,0.0,0.0,0.0,0.0,0.0,-0.38716096421813073,0.0,0.0,5.943747590313738,-0.38716096421813073,0.15766368622768276
7.5200000000000005,0.0,0.0,0.0,0.09986635571627243,0.0,0.0,0.0,0.0,0.0,-0.3938192567604631,0.0,0.0,5.721920697894594,-0.3938192567604631,0.15744386404607638
7.53,0.0,0.0,0.0,0.0959281631486678,0.0,0.0,0.0,0.0,0.0,-0.4001917660472941,0.0,0.0,5.496278884861059,-0.4001917660472941,0.15720966434117556
7.54,0.0,0.0,0.0,0.09192624548819486,0.0,0.0,0.0,0.0,0.0,-0.40627424772222037,0.0,0.0,5.266985892957091,-0.40627424772222037,0.15696133625995692
7.55,0.0,0.0,0.0,0.08786350301097266,0.0,0.0,0.0,0.0,0.0,-0.4120626895461172,0.0,0.0,5.034207895763735,-0.4120626895461172,0.15669918380017162
7.5600000000000005,0.0,0.0,0.0,0.0837428761155115,0.0,0.0,0.0,0.0,0.0,-0.41755331379999056,0.0,0.0,4.7981133657057145,-0.41755331379999056,0.15642356505907076
7.57,0.0,0.0,0.0,0.07956734297751158,0.0,0.0,0.0,0.0,0.0,-0.42274257944076454,0.0,0.0,4.558872939681303,-0.42274257944076454,0.15613489119179544
7.58,0.0,0.0,0.0,0.07533991718310394,0.0,0.0,0.0,0.0,0.0,-0.42762718400822486,0.0,0.0,4.316659283457006,-0.42762718400822486,0.1558336250851967
7.59,0.0,0.0,0.0,0.07106364534302169,0.0,0.0,0.0,0.0,0.0,-0.43220406528178335,0.0,0.0,4.07164695496965,-0.43220406528178335,0.1555202797545987
7.6000000000000005,0.0,0.0,0.0,0.06674160469020385,0.0,0.0,0.0,0.0,0.0,-0.4364704026861812,0.0,0.0,3.8240122666792207,-0.4364704026861812,0.1551954164726767
7.61,0.0,0.0,0.0,0.06237690066334203,0.0,0.0,0.0,0.0,0.0,-0.4404236184457158,0.0,0.0,3.5739331471162834,-0.4404236184457158,0.15485964264129004
7.62,0.0,0.0,0.0,0.057972664478884876,0.0,0.0,0.0,0.0,0.0,-0.44406137848704835,0.0,0.0,3.3215890017680874,-0.44406137848704835,0.1545136094185754
7.63,0.0,0.0,0.0,0.05353205069401439,0.0,0.0,0.0,0.0,0.0,-0.44738159309113124,0.0,0.0,3.0671605734473943,-0.44738159309113124,0.15415800911512623
7.640000000000001,0.0,0.0,0.0,0.04905823476310308,0.0,0.0,0.0,0.0,0.0,-0.4503824172952794,0.0,0.0,2.8108298022877847,-0.4503824172952794,0.1537935723743809
7.65,0.0,0.0,0.0,0.044554410590150285,0.0,0.0,0.0,0.0,0.0,-0.4530622510468993,0.0,0.0,2.552779685508591,-0.4530622510468993,0.15342106515359757
7.66,0.0,0.0,0.0,0.040023788079681294,0.0,0.0,0.0,0.0,0.0,-0.45541973911087846,0.0,0.0,2.293194137091752,-0.45541973911087846,0.15304128552294666
7.67,0.0,0.0,0.0,0.03546959068857251,0.0,0.0,0.0,0.0,0.0,-0.4574537707331281,0.0,0.0,2.0322578475117283,-0.4574537707331281,0.15265506030122009
7.68,0.0,0.0,0.0,0.030895052981241226,0.0,0.0,0.0,0.0,0.0,-0.45916347906325633,0.0,0.0,1.770156143658194,-0.45916347906325633,0.1522632415475515
7.69,0.0,0.0,0.0,0.026303418190608663,0.0,0.0,0.0,0.0,0.0,-0.4605482403398313,0.0,0.0,1.5070748490895127,-0.4605482403398313,0.15186670292931884
7.7,0.0,0.0,0.0,0.02169793578721035,0.0,0.0,0.0,0.0,0.0,-0.4616076728421654,0.0,0.0,1.2432001447530225,-0.4616076728421654,0.1514663359869501
7.71,0.0,0.0,0.0,0.017081859058788697,0.0,0.0,0.0,0.0,0.0,-0.46234163561301533,0.0,0.0,0.9787184303059051,-0.46234163561301533,0.1510630463169093
7.72,0.0,0.0,0.0,0.012458442702658544,0.0,0.0,0.0,0.0,0.0,-0.4627502269570465,0.0,0.0,0.7138161861678934,-0.4627502269570465,0.15065774969440116
7.73,0.0,0.0,0.0,0.007830940433088079,0.0,0.0,0.0,0.0,0.0,-0.46283378272034575,0.0,0.0,0.448679836434296,-0.46283378272034575,0.15025136815758633
7.74,0.0,0.0,0.0,0.0032026026058846217,0.0,0.0,0.0,0.0,0.0,-0.46259287435669116,0.0,0.0,0.18349561277478818,-0.46259287435669116,0.1498448260751382
7.75,0.0,0.0,0.0,-0.00142332613768229,0.0,0.0,0.0,0.0,0.0,-0.4620283067866905,0.0,0.0,-0.08155058055985154,-0.4620283067866905,0.14943904621887383
7.76,0.0,0.0,0.0,-0.006043609205549195,0.0,0.0,0.0,0.0,0.0,-0.46114111605628666,0.0,0.0,-0.3462733005043813,-0.46114111605628666,0.14903494586302224
7.7700000000000005,0.0,0.0,0.0,-0.010655020366112062,0.0,0.0,0.0,0.0,0.0,-0.45993256680149097,0.0,0.0,-0.6104876976041584,-0.45993256680149097,0.14863343293129772
7.78,0.0,0.0,0.0,-0.01525434603412697,0.0,0.0,0.0,0.0,0.0,-0.4584041495265456,0.0,0.0,-0.8740096469876006,-0.4584041495265456,0.14823540221251194
7.79,0.0,0.0,0.0,-0.019838387529392428,0.0,0.0,0.0,0.0,0.0,-0.4565575777030338,0.0,0.0,-1.1366558777791504,-0.4565575777030338,0.14784173166483475
7.8,0.0,0.0,0.0,-0.024403963306422766,0.0,0.0,0.0,0.0,0.0,-0.4543947846977438,0.0,0.0,-1.3982441008501503,-0.4543947846977438,0.1474532788281233
7.8100000000000005,0.0,0.0,0.0,-0.028947911153400206,0.0,0.0,0.0,0.0,0.0,-0.4519179205373581,0.0,0.0,-1.6585931348095149,-0.4519179205373581,0.14707087736289412
7.82,0.0,0.0,0.0,-0.033467090358773786,0.0,0.0,0.0,0.0,0.0,-0.4491293485182693,0.0,0.0,-1.917523030140706,-0.4491293485182693,0.14669533373360025
7.83,0.0,0.0,0.0,-0.03795838384395648,0.0,0.0,0.0,0.0,0.0,-0.4460316416700318,0.0,0.0,-2.1748551913962766,-0.4460316416700318,0.14632742405285482
7.84,0.0,0.0,0.0,-0.0424187002606568,0.0,0.0,0.0,0.0,0.0,-0.44262757908112904,0.0,0.0,-2.4304124973661194,-0.44262757908112904,0.1459678911021145
7.8500000000000005,0.0,0.0,0.0,-0.04684497605146809,0.0,0.0,0.0,0.0,0.0,-0.43892014209588043,0.0,0.0,-2.6840194191405375,-0.43892014209588043,0.14561744154318784
7.86,0.0,0.0,0.0,-0.051234177472426895,0.0,0.0,0.0,0.0,0.0,-0.43491251039142126,0.0,0.0,-2.9355021359943008,-0.43491251039142126,0.14527674333362214
7.87,0.0,0.0,0.0,-0.05558330257634111,0.0,0.0,0.0,0.0,0.0,-0.4306080579437679,0.0,0.0,-3.1846886490229807,-0.4306080579437679,0.14494642335776214
7.88,0.0,0.0,0.0,-0.05988938315577878,0.0,0.0,0.0,0.0,0.0,-0.4260103488920265,0.0,0.0,-3.4314088924680077,-0.4260103488920265,0.14462706528386157
7.890000000000001,0.0,0.0,0.0,-0.06414948664469905,0.0,0.0,0.0,0.0,0.0,-0.42112313330981727,0.0,0.0,-3.6754948426720957,-0.42112313330981727,0.144319207656248
7.9,0.0,0.0,0.0,-0.06836071797779722,0.0,0.0,0.0,0.0,0.0,-0.4159503428929668,0.0,0.0,-3.916780624611872,-0.4159503428929668,0.14402334223008262
7.91,0.0,0.0,0.0,-0.07252022140672688,0.0,0.0,0.0,0.0,0.0,-0.410496086572471,0.0,0.0,-4.155102615959736,-0.410496086572471,0.14373991255481897
7.92,0.0,0.0,0.0,-0.07662518227245159,0.0,0.0,0.0,0.0,0.0,-0.4047646460616492,0.0,0.0,-4.390299548632131,-0.4047646460616492,0.14346931281094377
7.930000000000001,0.0,0.0,0.0,-0.08067282873306808,0.0,0.0,0.0,0.0,0.0,-0.398760471346295,0.0,0.0,-4.622212607786521,-0.398760471346295,0.14321188690317344
7.94,0.0,0.0,0.0,-0.08466043344653103,0.0,0.0,0.0,0.0,0.0,-0.3924881761264878,0.0,0.0,-4.850685528234422,-0.3924881761264878,0.14296792781173528
7.95,0.0,0.0,0.0,-0.0885853152077959,0.0,0.0,0.0,0.0,0.0,-0.3859525332185546,0.0,0.0,-5.075564688242772,-0.3859525332185546,0.14273767720196343
7.96,0.0,0.0,0.0,-0.09244484053998145,0.0,0.0,0.0,0.0,0.0,-0.37915846992547125,0.0,0.0,-5.296699200700831,-0.37915846992547125,0.14252132529097028
7.97,0.0,0.0,0.0,-0.09623642523923616,0.0,0.0,0.0,0.0,0.0,-0.37211106338376265,0.0,0.0,-5.513941001634506,-0.37211106338376265,0.14231901096876406
7.98,0.0,0.0,0.0,-0.09995753587307378,0.0,0.0,0.0,0.0,0.0,-0.3648155358947081,0.0,0.0,-5.7271449360546525,-0.3648155358947081,0.1421308221698258
7.99,0.0,0.0,0.0,-0.10360569123202086,0.0,0.0,0.0,0.0,0.0,-0.3572772502473784,0.0,0.0,-5.936168841130353,-0.3572772502473784,0.1419567964898234
8.0,0.0,0.0,0.0,-0.10717846373449465,0.0,0.0,0.0,0.0,0.0,-0.3495017050407282,0.0,0.0,-6.140873626682495,-0.3495017050407282,0.14179692204089422
8.01,0.0,0.0,0.0,-0.11067348078490193,0.0,0.0,0.0,0.0,0.0,-0.3414945300116451,0.0,0.0,-6.341123352997094,-0.3414945300116451,0.14165113853771055
8.02,0.0,0.0,0.0,-0.11408842608501837,0.0,0.0,0.0,0.0,0.0,-0.33326148137551137,0.0,0.0,-6.536785305961803,-0.33326148137551137,0.1415193386054011
8.03,0.0,0.0,0.0,-0.11742104089877349,0.0,0.0,0.0,0.0,0.0,-0.3248084371854736,0.0,0.0,-6.727730069532748,-0.3248084371854736,0.14140136929933242
8.040000000000001,0.0,0.0,0.0,-0.12066912527062823,0.0,0.0,0.0,0.0,0.0,-0.3161413927162363,0.0,0.0,-6.913831595542425,-0.3161413927162363,0.14129703382575476
8.05,0.0,0.0,0.0,-0.12383053919779059,0.0,0.0,0.0,0.0,0.0,-0.30726645587780294,0.0,0.0,-7.094967270862708,-0.30726645587780294,0.14120609345139423
8.06,0.0,0.0,0.0,-0.12690320375656863,0.0,0.0,0.0,0.0,0.0,-0.2981898426641818,0.0,0.0,-7.271017981940116,-0.2981898426641818,0.14112826958924204
8.07,0.0,0.0,0.0,-0.12988510218321045,0.0,0.0,0.0,0.0,0.0,-0.2889178726416577,0.0,0.0,-7.441868176723394,-0.2889178726416577,0.14106324604701007
8.08,0.0,0.0,0.0,-0.13277428090962703,0.0,0.0,0.0,0.0,0.0,-0.27945696448080404,0.0,0.0,-7.607405924006046,-0.27945696448080404,0.14101067142409707
8.09,0.0,0.0,0.0,-0.13556885055443507,0.0,0.0,0.0,0.0,0.0,-0.269813631535978,0.0,0.0,-7.76752297020892,-0.269813631535978,0.140970161642277
8.1,0.0,0.0,0.0,-0.13826698686979486,0.0,0.0,0.0,0.0,0.0,-0.2599944774756028,0.0,0.0,-7.922114793630015,-0.2599944774756028,0.14094130259487087
8.11,0.0,0.0,0.0,-0.14086693164455089,0.0,0.0,0.0,0.0,0.0,-0.25000619196610013,0.0,0.0,-8.071080656190627,-0.25000619196610013,0.1409236528987216
8.120000000000001,0.0,0.0,0.0,-0.1433669935642119,0.0,0.0,0.0,0.0,0.0,-0.23985554641189324,0.0,0.0,-8.214323652708577,-0.23985554641189324,0.14091674673301832
8.13,0.0,0.0,0.0,-0.14576554902833083,0.0,0.0,0.0,0.0,0.0,-0.22954938975345882,0.0,0.0,-8.351750757730635,-0.22954938975345882,0.14092009674874045
8.14,0.0,0.0,0.0,-0.14806104292586542,0.0,0.0,0.0,0.0,0.0,-0.2190946443249661,0.0,0.0,-8.483272869957402,-0.2190946443249661,0.1409331970324084
8.15,0.0,0.0,0.0,-0.15025198936911507,0.0,0.0,0.0,0.0,0.0,-0.20849830177260606,0.0,0.0,-8.608804854294807,-0.20849830177260606,0.14095552610772674
8.16,0.0,0.0,0.0,-0.15233697238684113,0.0,0.0,0.0,0.0,0.0,-0.19776741903428355,0.0,0.0,-8.72826558156696,-0.19776741903428355,0.14098654995878565
8.17,0.0,0.0,0.0,-0.15431464657718397,0.0,0.0,0.0,0.0,0.0,-0.18690911438092275,0.0,0.0,-8.841577965925556,-0.18690911438092275,0.14102572505855693
8.18,0.0,0.0,0.0,-0.1561837377209932,0.0,0.0,0.0,0.0,0.0,-0.17593056351922376,0.0,0.0,-8.948668999991105,-0.17593056351922376,0.14107250138667604
8.19,0.0,0.0,0.0,-0.15794304335618545,0.0,0.0,0.0,0.0,0.0,-0.1648389957553051,0.0,0.0,-9.049469787761204,-0.1648389957553051,0.14112632542071227
8.2,0.0,0.0,0.0,-0.1595914333137385,0.0,0.0,0.0,0.0,0.0,-0.1536416902182776,0.0,0.0,-9.143915575320742,-0.1536416902182776,0.14118664308555537
8.21,0.0,0.0,0.0,-0.1611278502159213,0.0,0.0,0.0,0.0,0.0,-0.14234597214241806,0.0,0.0,-9.231945779388381,-0.14234597214241806,0.1412529026459017
8.22,0.0,0.0,0.0,-0.16255130993734548,0.0,0.0,0.0,0.0,0.0,-0.130959209206251,0.0,0.0,-9.313504013732855,-0.130959209206251,0.1413245575273673
8.23,0.0,0.0,0.0,-0.163860902029408,0.0,0.0,0.0,0.0,0.0,-0.11948880792650059,0.0,0.0,-9.388538113491744,-0.11948880792650059,0.14140106905229355
8.24,0.0,0.0,0.0,-0.16505579010867302,0.0,0.0,0.0,0.0,0.0,-0.10794221010454925,0.0,0.0,-9.457000157424124,-0.10794221010454925,0.14148190907693223
8.25,0.0,0.0,0.0,-0.16613521220971852,0.0,0.0,0.0,0.0,0.0,-0.09632688932273016,0.0,0.0,-9.518846488127174,-0.09632688932273016,0.14156656251737781
8.26,0.0,0.0,0.0,-0.16709848110294584,0.0,0.0,0.0,0.0,0.0,-0.08465034748749259,0.0,0.0,-9.574037730245339,-0.08465034748749259,0.1416545297523464
8.27,0.0,0.0,0.0,-0.16794498457782076,0.0,0.0,0.0,0.0,0.0,-0.07292011141621188,0.0,0.0,-9.622538806698829,-0.07292011141621188,0.14174532889169233
8.28,0.0,0.0,0.0,-0.16867418569198286,0.0,0.0,0.0,0.0,0.0,-0.06114372946416945,0.0,0.0,-9.664318952956556,-0.06114372946416945,0.14183849790036107
8.290000000000001,0.0,0.0,0.0,-0.16928562298662456,0.0,0.0,0.0,0.0,0.0,-0.04932876818800527,0.0,0.0,-9.69935172937642,-0.04932876818800527,0.14193359656835294
8.3,0.0,0.0,0.0,-0.16977891066850462,0.0,0.0,0.0,0.0,0.0,-0.03748280904174525,0.0,0.0,-9.72761503163394,-0.03748280904174525,0.1420302083182025
8.31,0.0,0.0,0.0,-0.17015373875892206,0.0,0.0,0.0,0.0,0.0,-0.02561344510132986,0.0,0.0,-9.749091099257809,-0.02561344510132986,0.14212794184236577
8.32,0.0,0.0,0.0,-0.17040987320993536,0.0,0.0,0.0,0.0,0.0,-0.013728277813418975,0.0,0.0,-9.76376652228877,-0.013728277813418975,0.14222643256391915
8.33,0.0,0.0,0.0,-0.17054715598806955,0.0,0.0,0.0,0.0,0.0,-0.0018349137641213934,0.0,0.0,-9.77163224607569,-0.0018349137641213934,0.14232534391493698
8.34,0.0,0.0,0.0,-0.17056550512571075,0.0,0.0,0.0,0.0,0.0,0.010059038536803669,0.0,0.0,-9.772683574220236,0.010059038536803669,0.1424243684279383
8.35,0.0,0.0,0.0,-0.17046491474034273,0.0,0.0,0.0,0.0,0.0,0.02194553821398835,0.0,0.0,-9.766920169679054,0.02194553821398835,0.14252321531339843
8.36,0.0,0.0,0.0,-0.17024545935820284,0.0,0.0,0.0,0.0,0.0,0.03381578605266702,0.0,0.0,-9.754346302491008,0.03381578605266702,0.1426215667551293
8.370000000000001,0.0,0.0,0.0,-0.16990730149767616,0.0,0.0,0.0,0.0,0.0,0.04566098182807224,0.0,0.0,-9.734971284273655,0.04566098182807224,0.1427190760984149
8.38,0.0,0.0,0.0,-0.16945069167939544,0.0,0.0,0.0,0.0,0.0,0.057472346099232394,0.0,0.0,-9.708809468801935,0.057472346099232394,0.1428153693584657
8.39,0.0,0.0,0.0,-0.16887596821840312,0.0,0.0,0.0,0.0,0.0,0.06924112755202788,0.0,0.0,-9.675880240099923,0.06924112755202788,0.14291004673788366
8.4,0.0,0.0,0.0,-0.16818355694288284,0.0,0.0,0.0,0.0,0.0,0.08095861031430185,0.0,0.0,-9.636207996325341,0.08095861031430185,0.14300268434892197
8.41,0.0,0.0,0.0,-0.16737397083973982,0.0,0.0,0.0,0.0,0.0,0.09261612123599816,0.0,0.0,-9.589822129462803,0.09261612123599816,0.14309283613171617
8.42,0.0,0.0,0.0,-0.16644780962737984,0.0,0.0,0.0,0.0,0.0,0.10420503712731222,0.0,0.0,-9.536757000845856,0.10420503712731222,0.14318003595819598
8.43,0.0,0.0,0.0,-0.16540575925610673,0.0,0.0,0.0,0.0,0.0,0.1157167919478539,0.0,0.0,-9.477051912531866,0.1157167919478539,0.1432637999101381
8.44,0.0,0.0,0.0,-0.1642485913366282,0.0,0.0,0.0,0.0,0.0,0.12714288393983575,0.0,0.0,-9.410751074557812,0.12714288393983575,0.14334362871848383
8.45,0.0,0.0,0.0,-0.16297716249722985,0.0,0.0,0.0,0.0,0.0,0.13847488269831418,0.0,0.0,-9.33790356810907,0.13847488269831418,0.14341901034991592
8.46,0.0,0.0,0.0,-0.1615924136702467,0.0,0.0,0.0,0.0,0.0,0.14970443617152845,0.0,0.0,-9.258563304637246,0.14970443617152845,0.14348942272557985
8.47,0.0,0.0,0.0,-0.16009536930853144,0.0,0.0,0.0,0.0,0.0,0.16082327758440068,0.0,0.0,-9.172788980967104,0.16082327758440068,0.14355433655585886
8.48,0.0,0.0,0.0,-0.15848713653268742,0.0,0.0,0.0,0.0,0.0,0.171823232278282,0.0,0.0,-9.080644030436632,0.171823232278282,0.14361321827421827
8.49,0.0,0.0,0.0,-0.1567689042099046,0.0,0.0,0.0,0.0,0.0,0.18269622446005548,0.0,0.0,-8.982196570118218,0.18269622446005548,0.14366553305237234
8.5,0.0,0.0,0.0,-0.15494194196530406,0.0,0.0,0.0,0.0,0.0,0.1934342838537369,0.0,0.0,-8.877519344172859,0.1934342838537369,0.14371074787837845
8.51,0.0,0.0,0.0,-0.1530075991267667,0.0,0.0,0.0,0.0,0.0,0.2040295522477494,0.0,0.0,-8.766689663393313,0.2040295522477494,0.14374833467874046
8.52,0.0,0.0,0.0,-0.1509673036042892,0.0,0.0,0.0,0.0,0.0,0.21447428993109108,0.0,0.0,-8.649789340995913,0.21447428993109108,0.143777773465173
8.53,0.0,0.0,0.0,-0.1488225607049783,0.0,0.0,0.0,0.0,0.0,0.22476088201166264,0.0,0.0,-8.526904624724745,0.22476088201166264,0.14379855548645945
8.540000000000001,0.0,0.0,0.0,-0.14657495188486167,0.0,0.0,0.0,0.0,0.0,0.23488184461008133,0.0,0.0,-8.398126125335684,0.23488184461008133,0.14381018636564388
8.55,0.0,0.0,0.0,-0.14422613343876084,0.0,0.0,0.0,0.0,0.0,0.2448298309223727,0.0,0.0,-8.26354874153163,0.2448298309223727,0.1438121892028249
8.56,0.0,0.0,0.0,-0.14177783512953712,0.0,0.0,0.0,0.0,0.0,0.2545976371450099,0.0,0.0,-8.123271581424095,0.2545976371450099,0.1438041076239383
8.57,0.0,0.0,0.0,-0.13923185875808702,0.0,0.0,0.0,0.0,0.0,0.2641782082558574,0.0,0.0,-7.977397880599974,0.2641782082558574,0.14378550875618
8.58,0.0,0.0,0.0,-0.13659007667552844,0.0,0.0,0.0,0.0,0.0,0.2735646436446774,0.0,0.0,-7.826034916876086,0.2735646436446774,0.1437559861110827
8.59,0.0,0.0,0.0,-0.13385443023908167,0.0,0.0,0.0,0.0,0.0,0.2827502025869677,0.0,0.0,-7.669293921827682,0.2827502025869677,0.14371516235682852
8.6,0.0,0.0,0.0,-0.131026928213212,0.0,0.0,0.0,0.0,0.0,0.2917283095550292,0.0,0.0,-7.50728998918066,0.2917283095550292,0.14366269196197995
8.61,0.0,0.0,0.0,-0.1281096451176617,0.0,0.0,0.0,0.0,0.0,0.3004925593603001,0.0,0.0,-7.340141980160769,0.3004925593603001,0.1435982636935862
8.620000000000001,0.0,0.0,0.0,-0.12510471952405872,0.0,0.0,0.0,0.0,0.0,0.3090367221211503,0.0,0.0,-7.167972425896473,0.3090367221211503,0.1435216029535048
8.63,0.0,0.0,0.0,-0.12201435230284721,0.0,0.0,0.0,0.0,0.0,0.3173547480505015,0.0,0.0,-6.9909074269754825,0.3173547480505015,0.14343247393776615
8.64,0.0,0.0,0.0,-0.1188408048223422,0.0,0.0,0.0,0.0,0.0,0.32544077205782596,0.0,0.0,-6.809076550258169,0.32544077205782596,0.14333068160486634
8.65,0.0,0.0,0.0,-0.11558639710176394,0.0,0.0,0.0,0.0,0.0,0.33328911816028084,0.0,0.0,-6.622612723054244,0.33328911816028084,0.14321607344009737
8.66,0.0,0.0,0.0,-0.11225350592016113,0.0,0.0,0.0,0.0,0.0,0.34089430369795704,0.0,0.0,-6.431652124772033,0.34089430369795704,0.14308854100425114
8.67,0.0,0.0,0.0,-0.10884456288318156,0.0,0.0,0.0,0.0,0.0,0.3482510433484586,0.0,0.0,-6.236334076152595,0.3482510433484586,0.1429480212563852
8.68,0.0,0.0,0.0,-0.10536205244969697,0.0,0.0,0.0,0.0,0.0,0.35535425293628486,0.0,0.0,-6.036800926203653,0.35535425293628486,0.14279449764176372
8.69,0.0,0.0,0.0,-0.10180850992033412,0.0,0.0,0.0,0.0,0.0,0.36219905303276,0.0,0.0,-5.833197936950918,0.36219905303276,0.14262800093751293
8.700000000000001,0.0,0.0,0.0,-0.09818651939000651,0.0,0.0,0.0,0.0,0.0,0.36878077234254236,0.0,0.0,-5.625673166126796,0.36878077234254236,0.14244860985009195
8.71,0.0,0.0,0.0,-0.0944987116665811,0.0,0.0,0.0,0.0,0.0,0.3750949508730545,0.0,0.0,-5.41437734791877,0.3750949508730545,0.1422564513601684
8.72,0.0,0.0,0.0,-0.09074776215785055,0.0,0.0,0.0,0.0,0.0,0.38113734288349427,0.0,0.0,-5.199463771901841,0.38113734288349427,0.14205170081211527
8.73,0.0,0.0,0.0,-0.0869363887290156,0.0,0.0,0.0,0.0,0.0,0.38690391961042686,0.0,0.0,-4.981088160281293,0.38690391961042686,0.14183458174688657
8.74,0.0,0.0,0.0,-0.08306734953291134,0.0,0.0,0.0,0.0,0.0,0.39239087176730897,0.0,0.0,-4.75940854357383,0.39239087176730897,0.14160536547866084
8.75,0.0,0.0,0.0,-0.07914344081523825,0.0,0.0,0.0,0.0,0.0,0.39759461181566413,0.0,0.0,-4.534585134856571,0.39759461181566413,0.14136437041717245
8.76,0.0,0.0,0.0,-0.0751674946970816,0.0,0.0,0.0,0.0,0.0,0.4025117760060073,0.0,0.0,-4.306780202714772,0.4025117760060073,0.14111196113926275
8.77,0.0,0.0,0.0,-0.07114237693702152,0.0,0.0,0.0,0.0,0.0,0.407139226187009,0.0,0.0,-4.076157943020178,0.407139226187009,0.14084854721469256
8.78,0.0,0.0,0.0,-0.06707098467515143,0.0,0.0,0.0,0.0,0.0,0.4114740513817925,0.0,0.0,-3.8428843496728002,0.4114740513817925,0.14057458179274404
8.790000000000001,0.0,0.0,0.0,-0.06295624416133351,0.0,0.0,0.0,0.0,0.0,0.41551356913067017,0.0,0.0,-3.6071270844395413,0.41551356913067017,0.14029055995761075
8.8,0.0,0.0,0.0,-0.05880110847002681,0.0,0.0,0.0,0.0,0.0,0.41925532660004566,0.0,0.0,-3.3690553460234933,0.41925532660004566,0.13999701686193483
8.81,0.0,0.0,0.0,-0.05460855520402635,0.0,0.0,0.0,0.0,0.0,0.4226971014576365,0.0,0.0,-3.1288397384978777,0.4226971014576365,0.13969452564917967
8.82,0.0,0.0,0.0,-0.050381584189449984,0.0,0.0,0.0,0.0,0.0,0.4258369025146049,0.0,0.0,-2.8866521392385205,0.4258369025146049,0.1393836951767873
8.83,0.0,0.0,0.0,-0.046123215164303934,0.0,0.0,0.0,0.0,0.0,0.42867297013562067,0.0,0.0,-2.642665566488413,0.42867297013562067,0.139065167553171
8.84,0.0,0.0,0.0,-0.04183648546294773,0.0,0.0,0.0,0.0,0.0,0.43120377641831936,0.0,0.0,-2.3970540466873267,0.43120377641831936,0.13873961550273733
8.85,0.0,0.0,0.0,-0.037524447698764535,0.0,0.0,0.0,0.0,0.0,0.4334280251440563,0.0,0.0,-2.149992481698602,0.4334280251440563,0.13840773957403177
8.86,0.0,0.0,0.0,-0.03319016744732397,0.0,0.0,0.0,0.0,0.0,0.4353446515022953,0.0,0.0,-1.9016565160641565,0.4353446515022953,0.13807026520700352
8.870000000000001,0.0,0.0,0.0,-0.028836720932301017,0.0,0.0,0.0,0.0,0.0,0.43695282159140353,0.0,0.0,-1.6522224044174048,0.43695282159140353,0.13772793967613975
8.88,0.0,0.0,0.0,-0.024467192716386983,0.0,0.0,0.0,0.0,0.0,0.43825193169905324,0.0,0.0,-1.4018668791822024,0.43825193169905324,0.13738152892684952
8.89,0.0,0.0,0.0,-0.02008467339939645,0.0,0.0,0.0,0.0,0.0,0.43924160736585094,0.0,0.0,-1.1507670186840886,0.43924160736585094,0.13703181432302247
8.9,0.0,0.0,0.0,-0.01569225732573794,0.0,0.0,0.0,0.0,0.0,0.4399217022362276,0.0,0.0,-0.899100115798032,0.4399217022362276,0.13667958932408428
8.91,0.0,0.0,0.0,-0.011293040303375666,0.0,0.0,0.0,0.0,0.0,0.4402922967010248,0.0,0.0,-0.6470435472545645,0.4402922967010248,0.13632565611019104
8.92,0.0,0.0,0.0,-0.006890117336365418,0.0,0.0,0.0,0.0,0.0,0.44035369633659954,0.0,0.0,-0.39477464372365906,0.44035369633659954,0.13597082217433157
8.93,0.0,0.0,0.0,-0.0024865803729994217,0.0,0.0,0.0,0.0,0.0,0.44010643014564604,0.0,0.0,-0.14247056079293285,0.44010643014564604,0.13561589690022555
8.94,0.0,0.0,0.0,0.0019144839284570385,0.0,0.0,0.0,0.0,0.0,0.4395512486052905,0.0,0.0,0.10969184904621415,0.4395512486052905,0.1352616881447714
8.950000000000001,0.0,0.0,0.0,0.006309996414509944,0.0,0.0,0.0,0.0,0.0,0.4386891215283552,0.0,0.0,0.36153616329410176,0.4386891215283552,0.13490899884367982
8.96,0.0,0.0,0.0,0.010696887629793496,0.0,0.0,0.0,0.0,0.0,0.4375212357440112,0.0,0.0,0.6128865151128658,0.4375212357440112,0.13455862365859977
8.97,0.0,0.0,0.0,0.015072099987233608,0.0,0.0,0.0,0.0,0.0,0.43604899260433816,0.0,0.0,0.8635677176676677,0.43604899260433816,0.13421134568365076
8.98,0.0,0.0,0.0,0.01943258991327699,0.0,0.0,0.0,0.0,0.0,0.4342740053235901,0.0,0.0,1.113405387039266,0.4342740053235901,0.13386793322877527
8.99,0.0,0.0,0.0,0.02377532996651289,0.0,0.0,0.0,0.0,0.0,0.4321980961572212,0.0,0.0,1.3622260636121013,0.4321980961572212,0.13352913669671074
9.0,0.0,0.0,0.0,0.028097310928085102,0.0,0.0,0.0,0.0,0.0,0.42982329342795683,0.0,0.0,1.6098573318460825,0.42982329342795683,0.13319568556967137
9.01,0.0,0.0,0.0,0.03239554386236467,0.0,0.0,0.0,0.0,0.0,0.42715182840640203,0.0,0.0,1.8561279383444336,0.42715182840640203,0.13286828552105637
9.02,0.0,0.0,0.0,0.03666706214642869,0.0,0.0,0.0,0.0,0.0,0.42418613205385863,0.0,0.0,2.100867908134265,0.42418613205385863,0.13254761566660267
9.03,0.0,0.0,0.0,0.04090892346696728,0.0,0.0,0.0,0.0,0.0,0.4209288316351756,0.0,0.0,2.3439086590809164,0.4209288316351756,0.1322343259684729
9.040000000000001,0.0,0.0,0.0,0.04511821178331903,0.0,0.0,0.0,0.0,0.0,0.4173827472095827,0.0,0.0,2.5850831143616,0.4173827472095827,0.13192903480473533
9.05,0.0,0.0,0.0,0.04929203925541486,0.0,0.0,0.0,0.0,0.0,0.41355088800755435,0.0,0.0,2.8242258129284483,0.41355088800755435,0.1316323267156188
9.06,0.0,0.0,0.0,0.0534275481354904,0.0,0.0,0.0,0.0,0.0,0.4094364487018206,0.0,0.0,3.0611730178956504,0.4094364487018206,0.13134475033679566
9.07,0.0,0.0,0.0,0.05752191262250861,0.0,0.0,0.0,0.0,0.0,0.4050428055806811,0.0,0.0,3.2957628227900404,0.4050428055806811,0.13106681652876268
9.08,0.0,0.0,0.0,0.06157234067831542,0.0,0.0,0.0,0.0,0.0,0.4003735126317918,0.0,0.0,3.52783525560915,0.4003735126317918,0.13079899671019918
9.09,0.0,0.0,0.0,0.06557607580463334,0.0,0.0,0.0,0.0,0.0,0.3954322975445754,0.0,0.0,3.7572323806354446,0.3954322975445754,0.13054172140189155
9.1,0.0,0.0,0.0,0.06953039878007909,0.0,0.0,0.0,0.0,0.0,0.39022305763936427,0.0,0.0,3.9837983979600997,0.39022305763936427,0.13029537898661728
9.11,0.0,0.0,0.0,0.07343262935647274,0.0,0.0,0.0,0.0,0.0,0.38474985573130954,0.0,0.0,4.207379740674359,0.38474985573130954,0.13006031468905432
9.120000000000001,0.0,0.0,0.0,0.07728012791378583,0.0,0.0,0.0,0.0,0.0,0.379016915936992,0.0,0.0,4.427825169691071,0.379016915936992,0.1298368297785299
9.13,0.0,0.0,0.0,0.08107029707315574,0.0,0.0,0.0,0.0,0.0,0.37302861943154303,0.0,0.0,4.644985866163615,0.37302861943154303,0.12962518099614345
9.14,0.0,0.0,0.0,0.08480058326747117,0.0,0.0,0.0,0.0,0.0,0.3667895001639316,0.0,0.0,4.8587155214738065,0.3667895001639316,0.12942558020654168
9.15,0.0,0.0,0.0,0.08846847826911049,0.0,0.0,0.0,0.0,0.0,0.3603042405378957,0.0,0.0,5.068870424764869,0.3603042405378957,0.12923819427336375
9.16,0.0,0.0,0.0,0.09207152067448944,0.0,0.0,0.0,0.0,0.0,0.35357766706579563,0.0,0.0,5.275309547999748,0.35357766706579563,0.12906314515618159
9.17,0.0,0.0,0.0,0.09560729734514739,0.0,0.0,0.0,0.0,0.0,0.3466147460024407,0.0,0.0,5.477894628529266,0.3466147460024407,0.1289005102255539
9.18,0.0,0.0,0.0,0.0990734448051718,0.0,0.0,0.0,0.0,0.0,0.33942057896569705,0.0,0.0,5.676490249158655,0.33942057896569705,0.1287503227916631
9.19,0.0,0.0,0.0,0.10246765059482878,0.0,0.0,0.0,0.0,0.0,0.33200039855041563,0.0,0.0,5.870963915704868,0.33200039855041563,0.1286125728409409
9.200000000000001,0.0,0.0,0.0,0.10578765458033293,0.0,0.0,0.0,0.0,0.0,0.3243595639419345,0.0,0.0,6.061186132040869,0.3243595639419345,0.1284872079739643
9.21,0.0,0.0,0.0,0.10903125021975227,0.0,0.0,0.0,0.0,0.0,0.31650355653510637,0.0,0.0,6.247030472626634,0.31650355653510637,0.12837413453698793
9.22,0.0,0.0,0.0,0.11219628578510334,0.0,0.0,0.0,0.0,0.0,0.30843797556448266,0.0,0.0,6.428373652530053,0.30843797556448266,0.12827321893846486
9.23,0.0,0.0,0.0,0.11528066554074816,0.0,0.0,0.0,0.0,0.0,0.3001685337509512,0.0,0.0,6.6050955949440935,0.3001685337509512,0.1281842891410853
9.24,0.0,0.0,0.0,0.11828235087825767,0.0,0.0,0.0,0.0,0.0,0.29170105296977733,0.0,0.0,6.777079496209691,0.29170105296977733,0.1281071363190357
9.25,0.0,0.0,0.0,0.12119936140795544,0.0,0.0,0.0,0.0,0.0,0.28304145994464036,0.0,0.0,6.944211888356594,0.28304145994464036,0.12804151666941777
9.26,0.0,0.0,0.0,0.12402977600740184,0.0,0.0,0.0,0.0,0.0,0.27419578197188793,0.0,0.0,7.106382699177083,0.27419578197188793,0.1279871533661504
9.27,0.0,0.0,0.0,0.1267717338271207,0.0,0.0,0.0,0.0,0.0,0.2651701426788559,0.0,0.0,7.263485309849868,0.2651701426788559,0.12794373864403077
9.28,0.0,0.0,0.0,0.12942343525390926,0.0,0.0,0.0,0.0,0.0,0.2559707578197172,0.0,0.0,7.41541661013367,0.2559707578197172,0.1279109360001543
9.290000000000001,0.0,0.0,0.0,0.13198314283210644,0.0,0.0,0.0,0.0,0.0,0.2466039311119369,0.0,0.0,7.562077051152022,0.2466039311119369,0.12788838249943332
9.3,0.0,0.0,0.0,0.1344491821432258,0.0,0.0,0.0,0.0,0.0,0.23707605011601998,0.0,0.0,7.70337069579251,0.23707605011601998,0.12787569117058292
9.31,0.0,0.0,0.0,0.136819942644386,0.0,0.0,0.0,0.0,0.0,0.22739358216084596,0.0,0.0,7.839205266745309,0.22739358216084596,0.1278724534786962
9.32,0.0,0.0,0.0,0.13909387846599444,0.0,0.0,0.0,0.0,0.0,0.21756307031649436,0.0,0.0,7.9694921922070865,0.21756307031649436,0.12787824186026917
9.33,0.0,0.0,0.0,0.1412695091691594,0.0,0.0,0.0,0.0,0.0,0.20759112941607455,0.0,0.0,8.09414664927752,0.20759112941607455,0.12789261230645793
9.34,0.0,0.0,0.0,0.14334542046332013,0.0,0.0,0.0,0.0,0.0,0.19748444212768806,0.0,0.0,8.213087605076469,0.19748444212768806,0.12791510698025976
9.35,0.0,0.0,0.0,0.145320264884597,0.0,0.0,0.0,0.0,0.0,0.18724975507727074,0.0,0.0,8.32623785561059,0.18724975507727074,0.1279452568533529
9.36,0.0,0.0,0.0,0.14719276243536972,0.0,0.0,0.0,0.0,0.0,0.17689387502268777,0.0,0.0,8.43352406241845,0.17689387502268777,0.1279825843484127
9.370000000000001,0.0,0.0,0.0,0.1489617011855966,0.0,0.0,0.0,0.0,0.0,0.16642366507908882,0.0,0.0,8.534876787023595,0.16642366507908882,0.12802660597288962
9.38,0.0,0.0,0.0,0.15062593783638747,0.0,0.0,0.0,0.0,0.0,0.15584604099517366,0.0,0.0,8.6302305232249,0.15584604099517366,0.1280768349304875
9.39,0.0,0.0,0.0,0.1521843982463392,0.0,0.0,0.0,0.0,0.0,0.1451679674796736,0.0,0.0,8.719523727253362,0.1451679674796736,0.12813278369683445
9.4,0.0,0.0,0.0,0.15363607792113593,0.0,0.0,0.0,0.0,0.0,0.13439645457701957,0.0,0.0,8.802698845824139,0.13439645457701957,0.12819396654627888
9.41,0.0,0.0,0.0,0.1549800424669061,0.0,0.0,0.0,0.0,0.0,0.12353855409084907,0.0,0.0,8.879702342111987,0.12353855409084907,0.1282599020170875
9.42,0.0,0.0,0.0,0.1562154280078146,0.0,0.0,0.0,0.0,0.0,0.11260135605369712,0.0,0.0,8.95048471967753,0.11260135605369712,0.12833011530287922
9.43,0.0,0.0,0.0,0.15734144156835156,0.0,0.0,0.0,0.0,0.0,0.10159198524092794,0.0,0.0,9.015000544370796,0.10159198524092794,0.12840414055862714
9.44,0.0,0.0,0.0,0.15835736142076084,0.0,0.0,0.0,0.0,0.0,0.09051759772669044,0.0,0.0,9.073208464237402,0.09051759772669044,0.12848152311015085
9.450000000000001,0.0,0.0,0.0,0.15926253739802776,0.0,0.0,0.0,0.0,0.0,0.07938537747942506,0.0,0.0,9.125071227451427,0.07938537747942506,0.12856182155669893
9.46,0.0,0.0,0.0,0.160056391172822,0.0,0.0,0.0,0.0,0.0,0.0682025329942135,0.0,0.0,9.170555698297665,0.0682025329942135,0.12864460975686137
9.47,0.0,0.0,0.0,0.16073841650276413,0.0,0.0,0.0,0.0,0.0,0.05697629395904479,0.0,0.0,9.209632871224366,0.05697629395904479,0.12872947868879356
9.48,0.0,0.0,0.0,0.16130817944235457,0.0,0.0,0.0,0.0,0.0,0.04571390795187454,0.0,0.0,9.242277882985865,0.04571390795187454,0.12881603817651785
9.49,0.0,0.0,0.0,0.1617653185218733,0.0,0.0,0.0,0.0,0.0,0.034422637165177634,0.0,0.0,9.268470022892785,0.034422637165177634,0.12890391847480773
9.5,0.0,0.0,0.0,0.16210954489352508,0.0,0.0,0.0,0.0,0.0,0.023109755154539835,0.0,0.0,9.288192741185533,0.023109755154539835,0.12899277170604687
9.51,0.0,0.0,0.0,0.1623406424450705,0.0,0.0,0.0,0.0,0.0,0.011782543607700672,0.0,0.0,9.301433655544892,0.011782543607700672,0.12908227314326087
9.52,0.0,0.0,0.0,0.16245846788114748,0.0,0.0,0.0,0.0,0.0,0.00044828913034956376,0.0,0.0,9.308184555751392,0.00044828913034956376,0.12917212233439024
9.53,0.0,0.0,0.0,0.162462950772451,0.0,0.0,0.0,0.0,0.0,-0.010885719955110944,0.0,0.0,9.3084414065031,-0.010885719955110944,0.12926204406379624
9.540000000000001,0.0,0.0,0.0,0.16235409357289987,0.0,0.0,0.0,0.0,0.0,-0.022211688949261586,0.0,0.0,9.302204348399206,-0.022211688949261586,0.12935177335529077
9.55,0.0,0.0,0.0,0.16213197668340726,0.0,0.0,0.0,0.0,0.0,-0.03352123729041222,0.0,0.0,9.289477988072706,-0.03352123729041222,0.12944102005294458
9.56,0.0,0.0,0.0,0.16179676431050313,0.0,0.0,0.0,0.0,0.0,-0.04480599705741742,0.0,0.0,9.270271733864735,-0.04480599705741742,0.1295294693843667
9.57,0.0,0.0,0.0,0.16134870433992896,0.0,0.0,0.0,0.0,0.0,-0.056057620803652015,0.0,0.0,9.244599788582079,-0.056057620803652015,0.12961678315774403
9.58,0.0,0.0,0.0,0.16078812813189244,0.0,0.0,0.0,0.0,0.0,-0.06726778850914225,0.0,0.0,9.212481137766138,-0.06726778850914225,0.12970260112810403
9.59,0.0,0.0,0.0,0.16011545024680102,0.0,0.0,0.0,0.0,0.0,-0.07842821450541604,0.0,0.0,9.173939533978613,-0.07842821450541604,0.1297865425393133
9.6,0.0,0.0,0.0,0.15933116810174686,0.0,0.0,0.0,0.0,0.0,-0.08953065436636258,0.0,0.0,9.129003477119543,-0.08953065436636258,0.1298682078339322
9.61,0.0,0.0,0.0,0.15843586155808323,0.0,0.0,0.0,0.0,0.0,-0.10056691175840843,0.0,0.0,9.077706190797173,-0.10056691175840843,0.1299471805218669
9.620000000000001,0.0,0.0,0.0,0.15743019244049913,0.0,0.0,0.0,0.0,0.0,-0.11152884524333474,0.0,0.0,9.020085594772958,-0.11152884524333474,0.13002302919760605
9.63,0.0,0.0,0.0,0.15631490398806577,0.0,0.0,0.0,0.0,0.0,-0.12240837502708,0.0,0.0,8.95618427350885,-0.12240837502708,0.1300953096947617
9.64,0.0,0.0,0.0,0.15509082023779497,0.0,0.0,0.0,0.0,0.0,-0.13319748964789388,0.0,0.0,8.886049440847787,-0.13319748964789388,0.13016356736561907
9.65,0.0,0.0,0.0,0.15375884534131604,0.0,0.0,0.0,0.0,0.0,-0.143888252597232,0.0,0.0,8.80973290086217,-0.143888252597232,0.1302273394724809
9.66,0.0,0.0,0.0,0.1523199628153437,0.0,0.0,0.0,0.0,0.0,-0.15447280886680811,0.0,0.0,8.727291004908832,-0.15447280886680811,0.1302861576767582
9.67,0.0,0.0,0.0,0.15077523472667564,0.0,0.0,0.0,0.0,0.0,-0.16494339141525086,0.0,0.0,8.638784604932841,-0.16494339141525086,0.13033955061099065
9.68,0.0,0.0,0.0,0.14912580081252313,0.0,0.0,0.0,0.0,0.0,-0.1752923275478476,0.0,0.0,8.544279003066158,-0.1752923275478476,0.1303870465183744
9.69,0.0,0.0,0.0,0.14737287753704467,0.0,0.0,0.0,0.0,0.0,-0.18551204520289694,0.0,0.0,8.443843897570995,-0.18551204520289694,0.13042817594376022
9.700000000000001,0.0,0.0,0.0,0.14551775708501571,0.0,0.0,0.0,0.0,0.0,-0.19559507913823776,0.0,0.0,8.337553325181334,-0.19559507913823776,0.1304624744597251
9.71,0.0,0.0,0.0,0.14356180629363333,0.0,0.0,0.0,0.0,0.0,-0.2055340770115744,0.0,0.0,8.22548559989985,-0.2055340770115744,0.1304894854109173
9.72,0.0,0.0,0.0,0.1415064655235176,0.0,0.0,0.0,0.0,0.0,-0.21532180534827663,0.0,0.0,8.10772324831105,-0.21532180534827663,0.13050876265970884
9.73,0.0,0.0,0.0,0.13935324747003483,0.0,0.0,0.0,0.0,0.0,-0.22495115539040086,0.0,0.0,7.984352941475112,-0.22495115539040086,0.13051987331605217
9.74,0.0,0.0,0.0,0.13710373591613081,0.0,0.0,0.0,0.0,0.0,-0.23441514882075407,0.0,0.0,7.855465423470497,-0.23441514882075407,0.13052240043446353
9.75,0.0,0.0,0.0,0.13475958442792327,0.0,0.0,0.0,0.0,0.0,-0.24370694335590837,0.0,0.0,7.721155436656893,-0.24370694335590837,0.13051594566117772
9.76,0.0,0.0,0.0,0.13232251499436418,0.0,0.0,0.0,0.0,0.0,-0.2528198382021695,0.0,0.0,7.58152164373362,-0.2528198382021695,0.13050013181475362
9.77,0.0,0.0,0.0,0.12979431661234248,0.0,0.0,0.0,0.0,0.0,-0.2617472793686091,0.0,0.0,7.436666546671972,-0.2617472793686091,0.13047460538376285
9.78,0.0,0.0,0.0,0.12717684381865638,0.0,0.0,0.0,0.0,0.0,-0.27048286483138895,0.0,0.0,7.286696402603442,-0.27048286483138895,0.130439038925661
9.790000000000001,0.0,0.0,0.0,0.12447201517034248,0.0,0.0,0.0,0.0,0.0,-0.27902034954373706,0.0,0.0,7.131721136748981,-0.27902034954373706,0.13039313335148475
9.8,0.0,0.0,0.0,0.1216818116749051,0.0,0.0,0.0,0.0,0.0,-0.2873536502860777,0.0,0.0,6.971854252477769,-0.2873536502860777,0.13033662008172894
9.81,0.0,0.0,0.0,0.11880827517204433,0.0,0.0,0.0,0.0,0.0,-0.29547685035097504,0.0,0.0,6.807212738587064,-0.29547685035097504,0.13026926305948439
9.82,0.0,0.0,0.0,0.11585350666853458,0.0,0.0,0.0,0.0,0.0,-0.3033842040577218,0.0,0.0,6.63791697389777,-0.3033842040577218,0.13019086060780502
9.83,0.0,0.0,0.0,0.11281966462795737,0.0,0.0,0.0,0.0,0.0,-0.3110701410915877,0.0,0.0,6.464090629263338,-0.3110701410915877,0.13010124711919652
9.84,0.0,0.0,0.0,0.10970896321704149,0.0,0.0,0.0,0.0,0.0,-0.3185292706629431,0.0,0.0,6.285860567092468,-0.3185292706629431,0.13000029456618103
9.85,0.0,0.0,0.0,0.10652367051041206,0.0,0.0,0.0,0.0,0.0,-0.3257563854816883,0.0,0.0,6.103356738488799,-0.3257563854816883,0.12988791382294945
9.86,0.0,0.0,0.0,0.10326610665559517,0.0,0.0,0.0,0.0,0.0,-0.33274646554264564,0.0,0.0,5.916712078113424,-0.33274646554264564,0.12976405578930802
9.870000000000001,0.0,0.0,0.0,0.09993864200016872,0.0,0.0,0.0,0.0,0.0,-0.33949468171781877,0.0,0.0,5.726062396878535,-0.33949468171781877,0.12962871230934006
9.88,0.0,0.0,0.0,0.09654369518299054,0.0,0.0,0.0,0.0,0.0,-0.3459963991516787,0.0,0.0,5.531546272582854,-0.3459963991516787,0.1294819168784559
9.89,0.0,0.0,0.0,0.09308373119147376,0.0,0.0,0.0,0.0,0.0,-0.3522471804559123,0.0,0.0,5.333304938601704,-0.3522471804559123,0.1293237451338528
9.9,0.0,0.0,0.0,0.08956125938691463,0.0,0.0,0.0,0.0,0.0,-0.35824278870035475,0.0,0.0,5.131482170746635,-0.35824278870035475,0.1291543151246852
9.91,0.0,0.0,0.0,0.08597883149991108,0.0,0.0,0.0,0.0,0.0,-0.3639791901971282,0.0,0.0,4.926224172411362,-0.3639791901971282,0.1289737873596766
9.92,0.0,0.0,0.0,0.0823390395979398,0.0,0.0,0.0,0.0,0.0,-0.3694525570753252,0.0,0.0,4.717679458122513,-0.3694525570753252,0.12878236463121082
9.93,0.0,0.0,0.0,0.07864451402718654,0.0,0.0,0.0,0.0,0.0,-0.3746592696439,0.0,0.0,4.50599873561519,-0.3746592696439,0.12858029161636653
9.94,0.0,0.0,0.0,0.07489792133074755,0.0,0.0,0.0,0.0,0.0,-0.37959591854077157,0.0,0.0,4.291334786554697,-0.37959591854077157,0.12836785425668593
9.950000000000001,0.0,0.0,0.0,0.07110196214533983,0.0,0.0,0.0,0.0,0.0,-0.3842593066664909,0.0,0.0,4.073842346026916,-0.3842593066664909,0.1281453789198415
9.96,0.0,0.0,0.0,0.06725936907867491,0.0,0.0,0.0,0.0,0.0,-0.3886464509011851,0.0,0.0,3.853677980920785,-0.3886464509011851,0.12791323134768656
9.97,0.0,0.0,0.0,0.06337290456966306,0.0,0.0,0.0,0.0,0.0,-0.39275458360386034,0.0,0.0,3.6309999673270217,-0.39275458360386034,0.12767181539645914
9.98,0.0,0.0,0.0,0.05944535873362446,0.0,0.0,0.0,0.0,0.0,-0.39658115389352105,0.0,0.0,3.4059681670778295,-0.39658115389352105,0.1274215715761535
9.99,0.0,0.0,0.0,0.05547954719468925,0.0,0.0,0.0,0.0,0.0,-0.4001238287119471,0.0,0.0,3.17874390355256,-0.4001238287119471,0.1271629753972938
10.0,0.0,0.0,0.0,0.05147830890756978,0.0,0.0,0.0,0.0,0.0,-0.4033804936683588,0.0,0.0,2.9494898368744598,-0.4033804936683588,0.12689653553443536
10.01,0.0,0.0,0.0,0.04744450397088619,0.0,0.0,0.0,0.0,0.0,-0.4063492536665917,0.0,0.0,2.718369838623454,-0.4063492536665917,0.12662279181685296
10.02,0.0,0.0,0.0,0.043381011434220275,0.0,0.0,0.0,0.0,0.0,-0.40902843331579875,0.0,0.0,2.485548866189588,-0.40902843331579875,0.12634231305780805
10.03,0.0,0.0,0.0,0.03929072710106229,0.0,0.0,0.0,0.0,0.0,-0.41141657712609286,0.0,0.0,2.251192836891153,-0.41141657712609286,0.12605569473475856
10.040000000000001,0.0,0.0,0.0,0.03517656132980136,0.0,0.0,0.0,0.0,0.0,-0.4135124494909379,0.0,0.0,2.015468501980717,-0.4135124494909379,0.1257635565336931
10.05,0.0,0.0,0.0,0.03104143683489198,0.0,0.0,0.0,0.0,0.0,-0.4153150344584907,0.0,0.0,1.7785433206612429,-0.4153150344584907,0.12546653977149305
10.06,0.0,0.0,0.0,0.026888286490307074,0.0,0.0,0.0,0.0,0.0,-0.4168235352944844,0.0,0.0,1.5405853342332243,-0.4168235352944844,0.12516530471093257
10.07,0.0,0.0,0.0,0.02272005113736223,0.0,0.0,0.0,0.0,0.0,-0.41803737383962947,0.0,0.0,1.3017630404922615,-0.41803737383962947,0.12486052778343186
10.08,0.0,0.0,0.0,0.018539677398965934,0.0,0.0,0.0,0.0,0.0,-0.41895618966488496,0.0,0.0,1.0622452684948278,-0.41895618966488496,0.12455289873516068
10.09,0.0,0.0,0.0,0.014350115502317084,0.0,0.0,0.0,0.0,0.0,-0.41957983902832174,0.0,0.0,0.8222010538080242,-0.41957983902832174,0.12424311771244789
10.1,0.0,0.0,0.0,0.010154317112033866,0.0,0.0,0.0,0.0,0.0,-0.41990839363765814,0.0,0.0,0.5817995143570113,-0.41990839363765814,0.12393189230269429
10.11,0.0,0.0,0.0,0.005955233175657285,0.0,0.0,0.0,0.0,0.0,-0.4199421392228959,0.0,0.0,0.34120972698145285,-0.4199421392228959,0.12361993454714154
10.120000000000001,0.0,0.0,0.0,0.0017558117834283252,0.0,0.0,0.0,0.0,0.0,-0.41968157392381794,0.0,0.0,0.10060060480978117,-0.41968157392381794,0.12330795794190354
10.13,0.0,0.0,0.0,-0.0024410039558098546,0.0,0.0,0.0,0.0,0.0,-0.41912740649742886,0.0,0.0,-0.13985922444264318,-0.41912740649742886,0.12299667444360278
10.14,0.0,0.0,0.0,-0.006632278020784144,0.0,0.0,0.0,0.0,0.0,-0.41828055435072314,0.0,0.0,-0.3800015391483103,-0.41828055435072314,0.12268679149579789
10.15,0.0,0.0,0.0,-0.010815083564291375,0.0,0.0,0.0,0.0,0.0,-0.41714214140445116,0.0,0.0,-0.6196586433151992,-0.41714214140445116,0.12237900909216046
10.16,0.0,0.0,0.0,-0.014986504978335887,0.0,0.0,0.0,0.0,0.0,-0.4157134957938218,0.0,0.0,-0.8586634849104435,-0.4157134957938218,0.12207401689197571
10.17,0.0,0.0,0.0,-0.019143639936274104,0.0,0.0,0.0,0.0,0.0,-0.4139961474123272,0.0,0.0,-1.0968497728665985,-0.4139961474123272,0.12177249140312986
10.18,0.0,0.0,0.0,-0.023283601410397377,0.0,0.0,0.0,0.0,0.0,-0.4119918253051036,0.0,0.0,-1.3340520926806207,-0.4119918253051036,0.12147509324722064
10.19,0.0,0.0,0.0,-0.027403519663448412,0.0,0.0,0.0,0.0,0.0,-0.4097024549184459,0.0,0.0,-1.5701060205193562,-0.4097024549184459,0.121182464520804
10.200000000000001,0.0,0.0,0.0,-0.031500544212632875,0.0,0.0,0.0,0.0,0.0,-0.40713015521227836,0.0,0.0,-1.8048482357491147,-0.40713015521227836,0.12089522626611561
10.21,0.0,0.0,0.0,-0.03557184576475566,0.0,0.0,0.0,0.0,0.0,-0.4042772356425406,0.0,0.0,-2.0381166318108117,-0.4042772356425406,0.12061397606385638
10.22,0.0,0.0,0.0,-0.03961461812118106,0.0,0.0,0.0,0.0,0.0,-0.4011461930205867,0.0,0.0,-2.2697504253661456,-0.4011461930205867,0.12033928575978917
10.23,0.0,0.0,0.0,-0.04362608005138693,0.0,0.0,0.0,0.0,0.0,-0.3977397082568027,0.0,0.0,-2.4995902636443446,-0.3977397082568027,0.12007169933603694
10.24,0.0,0.0,0.0,-0.047603477133954956,0.0,0.0,0.0,0.0,0.0,-0.3940606429957365,0.0,0.0,-2.727478329923139,-0.3940606429957365,0.1198117309370032
10.25,0.0,0.0,0.0,-0.051544083563912324,0.0,0.0,0.0,0.0,0.0,-0.39011203615009293,0.0,0.0,-2.953258447081811,-0.39011203615009293,0.11955986305889926
10.26,0.0,0.0,0.0,-0.05544520392541325,0.0,0.0,0.0,0.0,0.0,-0.38589710034098373,0.0,0.0,-3.176776179168364,-0.38589710034098373,0.11931654491079642
10.27,0.0,0.0,0.0,-0.05930417492882309,0.0,0.0,0.0,0.0,0.0,-0.3814192182518317,0.0,0.0,-3.3978789309271122,-0.3814192182518317,0.11908219095410788
10.28,0.0,0.0,0.0,-0.0631183671113414,0.0,0.0,0.0,0.0,0.0,-0.37668193890331264,0.0,0.0,-3.616416045237204,-0.37668193890331264,0.11885717962629301
10.290000000000001,0.0,0.0,0.0,-0.06688518650037453,0.0,0.0,0.0,0.0,0.0,-0.37168897385667926,0.0,0.0,-3.8322388984168496,-0.37168897385667926,0.11864185225350113
10.3,0.0,0.0,0.0,-0.07060207623894132,0.0,0.0,0.0,0.0,0.0,-0.36644419335274697,0.0,0.0,-4.045200993352211,-0.36644419335274697,0.1184365121557697
10.31,0.0,0.0,0.0,-0.07426651817246879,0.0,0.0,0.0,0.0,0.0,-0.3609516223937306,0.0,0.0,-4.255158050414093,-0.3609516223937306,0.1182414239472442
10.32,0.0,0.0,0.0,-0.0778760343964061,0.0,0.0,0.0,0.0,0.0,-0.35521543677501005,0.0,0.0,-4.461968096129699,-0.35521543677501005,0.11805681303283107
10.33,0.0,0.0,0.0,-0.0814281887641562,0.0,0.0,0.0,0.0,0.0,-0.3492399590737673,0.0,0.0,-4.66549154958074,-0.3492399590737673,0.11788286530153497
10.34,0.0,0.0,0.0,-0.08492058835489387,0.0,0.0,0.0,0.0,0.0,-0.34302965460127766,0.0,0.0,-4.865591306503226,-0.34302965460127766,0.11771972701570763
10.35,0.0,0.0,0.0,-0.08835088490090665,0.0,0.0,0.0,0.0,0.0,-0.3365891273254607,0.0,0.0,-5.062132821068062,-0.3365891273254607,0.11756750489430663
10.36,0.0,0.0,0.0,-0.09171677617416125,0.0,0.0,0.0,0.0,0.0,-0.3299231157700967,0.0,0.0,-5.2549841853254655,-0.3299231157700967,0.11742626638729471
10.370000000000001,0.0,0.0,0.0,-0.09501600733186222,0.0,0.0,0.0,0.0,0.0,-0.3230364888968943,0.0,0.0,-5.444016206299791,-0.3230364888968943,0.11729604013723549
10.38,0.0,0.0,0.0,-0.09824637222083116,0.0,0.0,0.0,0.0,0.0,-0.31593424197635933,0.0,0.0,-5.629102480724958,-0.31593424197635933,0.11717681662324553
10.39,0.0,0.0,0.0,-0.10140571464059475,0.0,0.0,0.0,0.0,0.0,-0.30862149245316073,0.0,0.0,-5.810119467414061,-0.30862149245316073,0.11706854898147492
10.4,0.0,0.0,0.0,-0.10449192956512636,0.0,0.0,0.0,0.0,0.0,-0.30110347581141933,0.0,0.0,-5.986946557260008,-0.30110347581141933,0.11697115399545846
10.41,0.0,0.0,0.0,-0.10750296432324055,0.0,0.0,0.0,0.0,0.0,-0.2933855414450617,0.0,0.0,-6.159466140867146,-0.2933855414450617,0.11688451324884122
10.42,0.0,0.0,0.0,-0.11043681973769116,0.0,0.0,0.0,0.0,0.0,-0.28547314853808403,0.0,0.0,-6.327563673816771,-0.28547314853808403,0.11680847443218512
10.43,0.0,0.0,0.0,-0.11329155122307201,0.0,0.0,0.0,0.0,0.0,-0.2773718619592629,0.0,0.0,-6.491127739572206,-0.2773718619592629,0.11674285279490446
10.44,0.0,0.0,0.0,-0.11606526984266465,0.0,0.0,0.0,0.0,0.0,-0.2690873481755299,0.0,0.0,-6.650050110031716,-0.2690873481755299,0.11668743273266001
10.450000000000001,0.0,0.0,0.0,-0.11875614332441994,0.0,0.0,0.0,0.0,0.0,-0.2606253711879009,0.0,0.0,-6.8042258037399685,-0.2606253711879009,0.1166419695000144
10.46,0.0,0.0,0.0,-0.12136239703629895,0.0,0.0,0.0,0.0,0.0,-0.2519917884935158,0.0,0.0,-6.95355314177094,-0.2519917884935158,0.11660619103757416
10.47,0.0,0.0,0.0,-0.12388231492123411,0.0,0.0,0.0,0.0,0.0,-0.24319254707700277,0.0,0.0,-7.097933801297258,-0.24319254707700277,0.11657979990241606
10.48,0.0,0.0,0.0,-0.12631424039200415,0.0,0.0,0.0,0.0,0.0,-0.2342336794340391,0.0,0.0,-7.237272866862747,-0.2342336794340391,0.11656247529020333
10.49,0.0,0.0,0.0,-0.12865657718634455,0.0,0.0,0.0,0.0,0.0,-0.22512129962963065,0.0,0.0,-7.371478879376654,-0.22512129962963065,0.11655387513703774
10.5,0.0,0.0,0.0,-0.13090779018264084,0.0,0.0,0.0,0.0,0.0,-0.21586159939328553,0.0,0.0,-7.5004638828494326,-0.21586159939328553,0.11655363828889785
10.51,0.0,0.0,0.0,-0.1330664061765737,0.0,0.0,0.0,0.0,0.0,-0.2064608442529083,0.0,0.0,-7.624143468891222,-0.2064608442529083,0.11656138672626347
10.52,0.0,0.0,0.0,-0.1351310146191028,0.0,0.0,0.0,0.0,0.0,-0.19692536970889457,0.0,0.0,-7.742436818995218,-0.19692536970889457,0.11657672783145642
10.53,0.0,0.0,0.0,-0.13710026831619174,0.0,0.0,0.0,0.0,0.0,-0.18726157744956262,0.0,0.0,-7.855266744628948,-0.18726157744956262,0.11659925668613375
10.540000000000001,0.0,0.0,0.0,-0.13897288409068737,0.0,0.0,0.0,0.0,0.0,-0.1774759316087201,0.0,0.0,-7.96255972515717,-0.1774759316087201,0.11662855838643547
10.55,0.0,0.0,0.0,-0.14074764340677456,0.0,0.0,0.0,0.0,0.0,-0.1675749550658301,0.0,0.0,-8.06424594362049,-0.1675749550658301,0.11666421036329525
10.56,0.0,0.0,0.0,-0.14242339295743286,0.0,0.0,0.0,0.0,0.0,-0.15756522578891569,0.0,0.0,-8.160259320394156,-0.15756522578891569,0.116705784695636
10.57,0.0,0.0,0.0,-0.14399904521532203,0.0,0.0,0.0,0.0,0.0,-0.14745337322002508,0.0,0.0,-8.250537544751463,-0.14745337322002508,0.11675285040433657
10.58,0.0,0.0,0.0,-0.14547357894752228,0.0,0.0,0.0,0.0,0.0,-0.13724607470277092,0.0,0.0,-8.335022104356211,-0.13724607470277092,0.11680497571511084
10.59,0.0,0.0,0.0,-0.14684603969454998,0.0,0.0,0.0,0.0,0.0,-0.12695005195116155,0.0,0.0,-8.41365831270827,-0.12695005195116155,0.11686173027879052
10.6,0.0,0.0,0.0,-0.1481155402140616,0.0,0.0,0.0,0.0,0.0,-0.11657206755865712,0.0,0.0,-8.486395334565952,-0.11657206755865712,0.11692268733784966
10.61,0.0,0.0,0.0,-0.14928126088964816,0.0,0.0,0.0,0.0,0.0,-0.10611892154611148,0.0,0.0,-8.553186209368201,-0.10611892154611148,0.11698742582845294
10.620000000000001,0.0,0.0,0.0,-0.15034245010510927,0.0,0.0,0.0,0.0,0.0,-0.09559744794700378,0.0,0.0,-8.613987872678921,-0.09559744794700378,0.11705553240775968
10.63,0.0,0.0,0.0,-0.15129842458457932,0.0,0.0,0.0,0.0,0.0,-0.08501451142812083,0.0,0.0,-8.66876117567477,-0.08501451142812083,0.11712660339677164
10.64,0.0,0.0,0.0,-0.15214856969886054,0.0,0.0,0.0,0.0,0.0,-0.07437700394362465,0.0,0.0,-8.717470902696752,-0.07437700394362465,0.11720024662953699
10.65,0.0,0.0,0.0,-0.15289233973829677,0.0,0.0,0.0,0.0,0.0,-0.0636918414202298,0.0,0.0,-8.760085786884726,-0.0636918414202298,0.11727608320015429
10.66,0.0,0.0,0.0,-0.15352925815249907,0.0,0.0,0.0,0.0,0.0,-0.052965960471022595,0.0,0.0,-8.796578523912684,-0.052965960471022595,0.11735374909965003
10.67,0.0,0.0,0.0,-0.15405891775720928,0.0,0.0,0.0,0.0,0.0,-0.042206315135279594,0.0,0.0,-8.826925783841146,-0.042206315135279594,0.11743289673546359
10.68,0.0,0.0,0.0,-0.15448098090856208,0.0,0.0,0.0,0.0,0.0,-0.03141987364148732,0.0,0.0,-8.851108221101653,-0.03141987364148732,0.11751319632699424
10.69,0.0,0.0,0.0,-0.15479517964497694,0.0,0.0,0.0,0.0,0.0,-0.020613615190628667,0.0,0.0,-8.869110482626567,-0.020613615190628667,0.1175943371713854
10.700000000000001,0.0,0.0,0.0,-0.15500131579688323,0.0,0.0,0.0,0.0,0.0,-0.009794526756684543,0.0,0.0,-8.880921214135865,-0.009794526756684543,0.1176760287744609
10.71,0.0,0.0,0.0,-0.15509926106445007,0.0,0.0,0.0,0.0,0.0,0.001030400098797209,0.0,0.0,-8.886533064590726,0.001030400098797209,0.11775800184250926
10.72,0.0,0.0,0.0,-0.1550889570634621,0.0,0.0,0.0,0.0,0.0,0.011854167851042582,0.0,0.0,-8.885942688822016,0.011854167851042582,0.1178400090558763
10.73,0.0,0.0,0.0,-0.15497041538495168,0.0,0.0,0.0,0.0,0.0,0.022669192148960977,0.0,0.0,-8.879150750946971,0.022669192148960977,0.11792180696154271
10.74,0.0,0.0,0.0,-0.15474372346346207,0.0,0.0,0.0,0.0,0.0,0.03346748458301403,0.0,0.0,-8.866162260595907,0.03346748458301403,0.11800312935073164
10.75,0.0,0.0,0.0,-0.15440904861763194,0.0,0.0,0.0,0.0,0.0,0.04424107044862521,0.0,0.0,-8.846986804420649,0.04424107044862521,0.11808368876718098
10.76,0.0,0.0,0.0,-0.1539666379131457,0.0,0.0,0.0,0.0,0.0,0.05498199536352058,0.0,0.0,-8.821638538242176,0.05498199536352058,0.11816317758883306
10.77,0.0,0.0,0.0,-0.15341681795951048,0.0,0.0,0.0,0.0,0.0,0.06568233186471477,0.0,0.0,-8.7901361754068,0.06568233186471477,0.11824126926713124
10.78,0.0,0.0,0.0,-0.15275999464086334,0.0,0.0,0.0,0.0,0.0,0.07633418597871972,0.0,0.0,-8.752502971362544,0.07633418597871972,0.11831761971793756
10.790000000000001,0.0,0.0,0.0,-0.15199665278107616,0.0,0.0,0.0,0.0,0.0,0.08692970375857155,0.0,0.0,-8.70876670447107,0.08692970375857155,0.11839186885700836
10.8,0.0,0.0,0.0,-0.15112735574349045,0.0,0.0,0.0,0.0,0.0,0.09746107778128973,0.0,0.0,-8.658959653074184,0.09746107778128973,0.11846364227194478
10.81,0.0,0.0,0.0,-0.15015274496567757,0.0,0.0,0.0,0.0,0.0,0.10792055359940426,0.0,0.0,-8.603118568837544,0.10792055359940426,0.1185325530215453
10.82,0.0,0.0,0.0,-0.14907353942968352,0.0,0.0,0.0,0.0,0.0,0.11830043614021025,0.0,0.0,-8.54128464639793,0.11830043614021025,0.11859820355255583
10.83,0.0,0.0,0.0,-0.14789053506828143,0.0,0.0,0.0,0.0,0.0,0.1285930960464356,0.0,0.0,-8.473503489344022,0.1285930960464356,0.11866018772298101
10.84,0.0,0.0,0.0,-0.14660460410781706,0.0,0.0,0.0,0.0,0.0,0.13879097595203707,0.0,0.0,-8.399825072564209,0.13879097595203707,0.11871809292027453
10.85,0.0,0.0,0.0,-0.14521669434829668,0.0,0.0,0.0,0.0,0.0,0.14888659668687348,0.0,0.0,-8.320303700998675,0.14888659668687348,0.11877150226207989
10.86,0.0,0.0,0.0,-0.14372782838142795,0.0,0.0,0.0,0.0,0.0,0.15887256340404138,0.0,0.0,-8.234997964836431,0.15887256340404138,0.11881999686649684
10.870000000000001,0.0,0.0,0.0,-0.14213910274738753,0.0,0.0,0.0,0.0,0.0,0.16874157162370113,0.0,0.0,-8.14397069120167,0.16874157162370113,0.11886315817832724
10.88,0.0,0.0,0.0,-0.14045168703115052,0.0,0.0,0.0,0.0,0.0,0.1784864131872681,0.0,0.0,-8.047288892377244,0.1784864131872681,0.11890057033730854
10.89,0.0,0.0,0.0,-0.13866682289927784,0.0,0.0,0.0,0.0,0.0,0.1880999821158965,0.0,0.0,-7.945023710616658,0.1880999821158965,0.11893182257392468
10.9,0.0,0.0,0.0,-0.13678582307811887,0.0,0.0,0.0,0.0,0.0,0.19757528036724295,0.0,0.0,-7.837250359599387,0.19757528036724295,0.11895651161818056
10.91,0.0,0.0,0.0,-0.13481007027444644,0.0,0.0,0.0,0.0,0.0,0.20690542348456298,0.0,0.0,-7.7240480625878165,0.20690542348456298,0.1189742441064861
10.92,0.0,0.0,0.0,-0.1327410160396008,0.0,0.0,0.0,0.0,0.0,0.21608364613226813,0.0,0.0,-7.605499987347493,0.21608364613226813,0.11898463897176997
10.93,0.0,0.0,0.0,-0.13058017957827814,0.0,0.0,0.0,0.0,0.0,0.22510330751215332,0.0,0.0,-7.481693177895719,0.22510330751215332,0.11898732980193688
10.94,0.0,0.0,0.0,-0.1283291465031566,0.0,0.0,0.0,0.0,0.0,0.23395789665459565,0.0,0.0,-7.352718483146901,0.23395789665459565,0.11898196715190827
10.950000000000001,0.0,0.0,0.0,-0.12598956753661064,0.0,0.0,0.0,0.0,0.0,0.24264103757912664,0.0,0.0,-7.218670482526238,0.24264103757912664,0.11896822079473954
10.96,0.0,0.0,0.0,-0.12356315716081938,0.0,0.0,0.0,0.0,0.0,0.2511464943188911,0.0,0.0,-7.079647408626646,0.2511464943188911,0.11894578189756808
10.97,0.0,0.0,0.0,-0.12105169221763047,0.0,0.0,0.0,0.0,0.0,0.25946817580362697,0.0,0.0,-6.9357510669868585,0.25946817580362697,0.11891436510861975
10.98,0.0,0.0,0.0,-0.1184570104595942,0.0,0.0,0.0,0.0,0.0,0.2676001405959342,0.0,0.0,-6.7870867530717955,0.2676001405959342,0.1188737105419658
10.99,0.0,0.0,0.0,-0.11578100905363485,0.0,0.0,0.0,0.0,0.0,0.2755366014757439,0.0,0.0,-6.633763166539251,0.2755366014757439,0.11882358564734052
11.0,0.0,0.0,0.0,-0.11302564303887741,0.0,0.0,0.0,0.0,0.0,0.28327192986805677,0.0,0.0,-6.475892322879868,0.28327192986805677,0.11876378695298986
11.01,0.0,0.0,0.0,-0.11019292374019685,0.0,0.0,0.0,0.0,0.0,0.2908006601091875,0.0,0.0,-6.313589462520214,0.2908006601091875,0.11869414167029943
11.02,0.0,0.0,0.0,-0.10728491713910497,0.0,0.0,0.0,0.0,0.0,0.29811749354693423,0.0,0.0,-6.1469729574814655,0.29811749354693423,0.11861450914976862
11.03,0.0,0.0,0.0,-0.10430374220363563,0.0,0.0,0.0,0.0,0.0,0.3052173024702855,0.0,0.0,-5.976164215688886,0.3052173024702855,0.11852478217880585
11.040000000000001,0.0,0.0,0.0,-0.10125156917893277,0.0,0.0,0.0,0.0,0.0,0.312095133864485,0.0,0.0,-5.801287583029734,0.312095133864485,0.11842488811278094
11.05,0.0,0.0,0.0,-0.09813061784028793,0.0,0.0,0.0,0.0,0.0,0.3187462129874941,0.0,0.0,-5.62247024325968,0.3187462129874941,0.11831478983179006
11.06,0.0,0.0,0.0,-0.09494315571041298,0.0,0.0,0.0,0.0,0.0,0.32516594676412564,0.0,0.0,-5.439842115860065,0.32516594676412564,0.11819448651666466
11.07,0.0,0.0,0.0,-0.09169149624277172,0.0,0.0,0.0,0.0,0.0,0.3313499269943675,0.0,0.0,-5.253535751950465,0.3313499269943675,0.11806401423884812
11.08,0.0,0.0,0.0,-0.08837799697282804,0.0,0.0,0.0,0.0,0.0,0.3372939333726742,0.0,0.0,-5.063686228363013,0.3372939333726742,0.11792344635992338
11.09,0.0,0.0,0.0,-0.0850050576391013,0.0,0.0,0.0,0.0,0.0,0.3429939363152737,0.0,0.0,-4.870431039986802,0.3429939363152737,0.11777289373772994
11.1,0.0,0.0,0.0,-0.08157511827594856,0.0,0.0,0.0,0.0,0.0,0.34844609959282014,0.0,0.0,-4.673909990492361,0.34844609959282014,0.11761250473720813
11.11,0.0,0.0,0.0,-0.07809065728002036,0.0,0.0,0.0,0.0,0.0,0.35364678276601713,0.0,0.0,-4.474265081547723,0.35364678276601713,0.1174424650452814
11.120000000000001,0.0,0.0,0.0,-0.07455418945236018,0.0,0.0,0.0,0.0,0.0,0.3585925434221389,0.0,0.0,-4.271640400638997,0.3585925434221389,0.11726299729030538
11.13,0.0,0.0,0.0,-0.0709682640181388,0.0,0.0,0.0,0.0,0.0,0.3632801392106931,0.0,0.0,-4.066182007609495,0.3632801392106931,0.11707436046779496
11.14,0.0,0.0,0.0,-0.06733546262603186,0.0,0.0,0.0,0.0,0.0,0.3677065296767907,0.0,0.0,-3.858037820032517,0.3677065296767907,0.11687684917529736
11.15,0.0,0.0,0.0,-0.06365839732926395,0.0,0.0,0.0,0.0,0.0,0.37186887789112216,0.0,0.0,-3.647357497533696,0.37186887789112216,0.11667079266046486
11.16,0.0,0.0,0.0,-0.05993970855035273,0.0,0.0,0.0,0.0,0.0,0.3757645518757761,0.0,0.0,-3.4342923251794253,0.3757645518757761,0.11645655368746358
11.17,0.0,0.0,0.0,-0.05618206303159497,0.0,0.0,0.0,0.0,0.0,0.37939112582548384,0.0,0.0,-3.2189950960483587,0.37939112582548384,0.11623452722797296
11.18,0.0,0.0,0.0,-0.05238815177334013,0.0,0.0,0.0,0.0,0.0,0.3827463811242238,0.0,0.0,-3.001619993103189,0.3827463811242238,0.11600513898403748
11.19,0.0,0.0,0.0,-0.04856068796209789,0.0,0.0,0.0,0.0,0.0,0.38582830715747407,0.0,0.0,-2.7823224704799516,0.38582830715747407,0.11576884375104753
11.200000000000001,0.0,0.0,0.0,-0.04470240489052315,0.0,0.0,0.0,0.0,0.0,0.38863510192075923,0.0,0.0,-2.5612591343119475,0.38863510192075923,0.11552612363003287
11.21,0.0,0.0,0.0,-0.04081605387131556,0.0,0.0,0.0,0.0,0.0,0.39116517242549764,0.0,0.0,-2.3385876232049863,0.39116517242549764,0.11527748609933652
11.22,0.0,0.0,0.0,-0.03690440214706058,0.0,0.0,0.0,0.0,0.0,0.3934171349035137,0.0,0.0,-2.114466488480105,0.3934171349035137,0.11502346195651762
11.23,0.0,0.0,0.0,-0.03297023079802545,0.0,0.0,0.0,0.0,0.0,0.39538981481193947,0.0,0.0,-1.8890550742991024,0.39538981481193947,0.11476460314207186
11.24,0.0,0.0,0.0,-0.02901633264990605,0.0,0.0,0.0,0.0,0.0,0.3970822466405844,0.0,0.0,-1.6625133977872688,0.3970822466405844,0.11450148045719229
11.25,0.0,0.0,0.0,-0.025045510183500208,0.0,0.0,0.0,0.0,0.0,0.3984936735242059,0.0,0.0,-1.435002029266486,0.3984936735242059,0.11423468118836971
11.26,0.0,0.0,0.0,-0.02106057344825815,0.0,0.0,0.0,0.0,0.0,0.3996235466624588,0.0,0.0,-1.2066819727104747,0.3996235466624588,0.11396480665209552
11.27,0.0,0.0,0.0,-0.01706433798163356,0.0,0.0,0.0,0.0,0.0,0.40047152455064255,0.0,0.0,-0.9777145465323928,0.40047152455064255,0.1136924696733519
11.28,0.0,0.0,0.0,-0.013059622736127135,0.0,0.0,0.0,0.0,0.0,0.40103747202469747,0.0,0.0,-0.7482612648131772,0.40103747202469747,0.11341829201186139
11.290000000000001,0.0,0.0,0.0,-0.009049248015880161,0.0,0.0,0.0,0.0,0.0,0.4013214591242233,0.0,0.0,-0.5184837190770674,0.4013214591242233,0.11314290175028056
11.3,0.0,0.0,0.0,-0.005036033424637928,0.0,0.0,0.0,0.0,0.0,0.4013237597776054,0.0,0.0,-0.28854346071856757,0.4013237597776054,0.11286693065867856
11.31,0.0,0.0,0.0,-0.0010227958268618732,0.0,0.0,0.0,0.0,0.0,0.4010448503136345,0.0,0.0,-0.05860188418277861,0.4010448503136345,0.1125910115496563
11.32,0.0,0.0,0.0,0.0029876526762744717,0.0,0.0,0.0,0.0,0.0,0.40048540780429054,0.0,0.0,0.17117988900149245,0.40048540780429054,0.11231577563841276
11.33,0.0,0.0,0.0,0.0069925067543173776,0.0,0.0,0.0,0.0,0.0,0.39964630824363495,0.0,0.0,0.4006411252391074,0.39964630824363495,0.11204184992195287
11.34,0.0,0.0,0.0,0.010988969836753727,0.0,0.0,0.0,0.0,0.0,0.3985286245680103,0.0,0.0,0.6296215928425538,0.3985286245680103,0.11176985459138086
11.35,0.0,0.0,0.0,0.014974256082433829,0.0,0.0,0.0,0.0,0.0,0.39713362452298623,0.0,0.0,0.8579616748715605,0.39713362452298623,0.11150040049092848
11.36,0.0,0.0,0.0,0.018945592327663692,0.0,0.0,0.0,0.0,0.0,0.3954627683827116,0.0,0.0,1.085502480750563,0.3954627683827116,0.11123408663701002
11.370000000000001,0.0,0.0,0.0,0.022900220011490807,0.0,0.0,0.0,0.0,0.0,0.393517706527536,0.0,0.0,1.312085956579453,0.393517706527536,0.11097149781008796
11.38,0.0,0.0,0.0,0.026835397076766167,0.0,0.0,0.0,0.0,0.0,0.39130027688594604,0.0,0.0,1.5375549940564082,0.39130027688594604,0.110713202231644
11.39,0.0,0.0,0.0,0.030748399845625628,0.0,0.0,0.0,0.0,0.0,0.3888125022470259,0.0,0.0,1.7617535379350604,0.3888125022470259,0.11045974933793506
11.4,0.0,0.0,0.0,0.03463652486809589,0.0,0.0,0.0,0.0,0.0,0.3860565874497919,0.0,0.0,1.9845266919418147,0.3860565874497919,0.11021166766155578
11.41,0.0,0.0,0.0,0.03849709074259381,0.0,0.0,0.0,0.0,0.0,0.38303491645587207,0.0,0.0,2.2057208230827774,0.38303491645587207,0.10996946283110068
11.42,0.0,0.0,0.0,0.04232743990715253,0.0,0.0,0.0,0.0,0.0,0.3797500493121009,0.0,0.0,2.4251836642734528,0.3797500493121009,0.10973361569847238
11.43,0.0,0.0,0.0,0.04612494040027354,0.0,0.0,0.0,0.0,0.0,0.37620471900967273,0.0,0.0,2.642764415228136,0.37620471900967273,0.10950458060253329
11.44,0.0,0.0,0.0,0.04988698759037027,0.0,0.0,0.0,0.0,0.0,0.3724018282465549,0.0,0.0,2.858313841549729,0.3724018282465549,0.10928278377697459
11.450000000000001,0.0,0.0,0.0,0.053611005872835814,0.0,0.0,0.0,0.0,0.0,0.3683444460998883,0.0,0.0,3.071684371964562,0.3683444460998883,0.10906862190935032
11.46,0.0,0.0,0.0,0.0572944503338347,0.0,0.0,0.0,0.0,0.0,0.3640358046151156,0.0,0.0,3.282730193650639,0.3640358046151156,0.10886246085732679
11.47,0.0,0.0,0.0,0.060934808379985855,0.0,0.0,0.0,0.0,0.0,0.3594792953185593,0.0,0.0,3.4913073456115904,0.3594792953185593,0.10866463452725153
11.48,0.0,0.0,0.0,0.06452960133317145,0.0,0.0,0.0,0.0,0.0,0.3546784656601388,0.0,0.0,3.697273810052495,0.3546784656601388,0.10847544391917215
11.49,0.0,0.0,0.0,0.06807638598977284,0.0,0.0,0.0,0.0,0.0,0.34963701539285386,0.0,0.0,3.900489601717511,0.34963701539285386,0.10829515634146958
11.5,0.0,0.0,0.0,0.07157275614370137,0.0,0.0,0.0,0.0,0.0,0.3443587928955849,0.0,0.0,4.100816855153122,0.3443587928955849,0.10812400479732376
11.51,0.0,0.0,0.0,0.07501634407265723,0.0,0.0,0.0,0.0,0.0,0.3388477914456565,0.0,0.0,4.298119909864488,0.3388477914456565,0.10796218754419495
11.52,0.0,0.0,0.0,0.07840482198711379,0.0,0.0,0.0,0.0,0.0,0.3331081454474909,0.0,0.0,4.492265393336141,0.3331081454474909,0.10780986782661592
11.53,0.0,0.0,0.0,0.08173590344158871,0.0,0.0,0.0,0.0,0.0,0.3271441266235353,0.0,0.0,4.683122301891853,0.3271441266235353,0.10766717378156525
11.540000000000001,0.0,0.0,0.0,0.08500734470782406,0.0,0.0,0.0,0.0,0.0,0.32096014017348823,0.0,0.0,4.870562079372073,0.32096014017348823,0.10753419851480682
11.55,0.0,0.0,0.0,0.08821694610955895,0.0,0.0,0.0,0.0,0.0,0.31456072090766873,0.0,0.0,5.054458693610755,0.31456072090766873,0.10741100034565201
11.56,0.0,0.0,0.0,0.09136255331863563,0.0,0.0,0.0,0.0,0.0,0.3079505293601795,0.0,0.0,5.2346887106967745,0.3079505293601795,0.10729760321670605
11.57,0.0,0.0,0.0,0.09444205861223742,0.0,0.0,0.0,0.0,0.0,0.30113434788730054,0.0,0.0,5.411131367008353,0.30113434788730054,0.10719399726433537
11.58,0.0,0.0,0.0,0.09745340209111043,0.0,0.0,0.0,0.0,0.0,0.2941170767563243,0.0,0.0,5.58366863901202,0.2941170767563243,0.10710013954475968
11.59,0.0,0.0,0.0,0.10039457285867368,0.0,0.0,0.0,0.0,0.0,0.2869037302298016,0.0,0.0,5.7521853108206455,0.2869037302298016,0.10701595490990201
11.6,0.0,0.0,0.0,0.10326361016097169,0.0,0.0,0.0,0.0,0.0,0.27949943264991306,0.0,0.0,5.916569039507921,0.27949943264991306,0.10694133702641048
11.61,0.0,0.0,0.0,0.10605860448747081,0.0,0.0,0.0,0.0,0.0,0.2719094145274167,0.0,0.0,6.076710418179331,0.2719094145274167,0.10687614953058588
11.620000000000001,0.0,0.0,0.0,0.10877769863274499,0.0,0.0,0.0,0.0,0.0,0.2641390086393445,0.0,0.0,6.232503036802274,0.2641390086393445,0.10682022731129068
11.63,0.0,0.0,0.0,0.11141908871913843,0.0,0.0,0.0,0.0,0.0,0.2561936461393372,0.0,0.0,6.383843540800314,0.2561936461393372,0.106773377912383
11.64,0.0,0.0,0.0,0.1139810251805318,0.0,0.0,0.0,0.0,0.0,0.24807885268421304,0.0,0.0,6.530631687418834,0.24807885268421304,0.10673538304566335
11.65,0.0,0.0,0.0,0.11646181370737393,0.0,0.0,0.0,0.0,0.0,0.23980024458006696,0.0,0.0,6.672770399871365,0.23980024458006696,0.1067060002048538
11.66,0.0,0.0,0.0,0.1188598161531746,0.0,0.0,0.0,0.0,0.0,0.23136352495089318,0.0,0.0,6.810165819277793,0.23136352495089318,0.10668496437075523
11.67,0.0,0.0,0.0,0.12117345140268354,0.0,0.0,0.0,0.0,0.0,0.22277447993241453,0.0,0.0,6.942727354407352,0.22277447993241453,0.10667198979733261
11.68,0.0,0.0,0.0,0.12340119620200768,0.0,0.0,0.0,0.0,0.0,0.21403897489349294,0.0,0.0,7.070367729240844,0.21403897489349294,0.10666677186823817
11.69,0.0,0.0,0.0,0.1255415859509426,0.0,0.0,0.0,0.0,0.0,0.20516295068718296,0.0,0.0,7.193003028367881,0.20516295068718296,0.1066689890130039
11.700000000000001,0.0,0.0,0.0,0.12759321545781444,0.0,0.0,0.0,0.0,0.0,0.19615241993317908,0.0,0.0,7.310552740236143,0.19615241993317908,0.10667830467200803
11.71,0.0,0.0,0.0,0.12955473965714623,0.0,0.0,0.0,0.0,0.0,0.18701346333309793,0.0,0.0,7.422939798270633,0.18701346333309793,0.10669436929919626
11.72,0.0,0.0,0.0,0.1314248742904772,0.0,0.0,0.0,0.0,0.0,0.17775222601972912,0.0,0.0,7.530090619881743,0.17775222601972912,0.10671682239147505
11.73,0.0,0.0,0.0,0.13320239655067448,0.0,0.0,0.0,0.0,0.0,0.16837491394108633,0.0,0.0,7.631935143381602,0.16837491394108633,0.10674529453372822
11.74,0.0,0.0,0.0,0.13488614569008534,0.0,0.0,0.0,0.0,0.0,0.15888779027979155,0.0,0.0,7.728406862828629,0.15888779027979155,0.10677940944845887
11.75,0.0,0.0,0.0,0.13647502359288324,0.0,0.0,0.0,0.0,0.0,0.1492971719080354,0.0,0.0,7.819442860820546,0.1492971719080354,0.10681878603919535
11.76,0.0,0.0,0.0,0.1379679953119636,0.0,0.0,0.0,0.0,0.0,0.13960942587807226,0.0,0.0,7.904983839256242,0.13960942587807226,0.1068630404169544
11.77,0.0,0.0,0.0,0.13936408957074434,0.0,0.0,0.0,0.0,0.0,0.12983096594793458,0.0,0.0,7.984974148086823,0.12983096594793458,0.1069117878993108
11.78,0.0,0.0,0.0,0.1406623992302237,0.0,0.0,0.0,0.0,0.0,0.11996824914178589,0.0,0.0,8.059361812076057,0.11996824914178589,0.1069646449718991
11.790000000000001,0.0,0.0,0.0,0.14186208172164155,0.0,0.0,0.0,0.0,0.0,0.11002777234407751,0.0,0.0,8.128098555590041,0.11002777234407751,0.10702123120248007
11.8,0.0,0.0,0.0,0.14296235944508232,0.0,0.0,0.0,0.0,0.0,0.10001606892643253,0.0,0.0,8.191139825435458,0.10001606892643253,0.10708117109811299
11.81,0.0,0.0,0.0,0.14396252013434663,0.0,0.0,0.0,0.0,0.0,0.08993970540594999,0.0,0.0,8.248444811765198,0.08993970540594999,0.10714409589637133
11.82,0.0,0.0,0.0,0.14486191718840613,0.0,0.0,0.0,0.0,0.0,0.07980527813340711,0.0,0.0,8.299976467069309,0.07980527813340711,0.10720964528201403
11.83,0.0,0.0,0.0,0.1456599699697402,0.0,0.0,0.0,0.0,0.0,0.06961941000963488,0.0,0.0,8.345701523268428,0.06961941000963488,0.10727746902101236
11.84,0.0,0.0,0.0,0.14635616406983656,0.0,0.0,0.0,0.0,0.0,0.059388747228156215,0.0,0.0,8.385590506925857,0.059388747228156215,0.10734722850438384
11.85,0.0,0.0,0.0,0.14695005154211813,0.0,0.0,0.0,0.0,0.0,0.04911995604200461,0.0,0.0,8.419617752593282,0.04911995604200461,0.10741859819481828
11.86,0.0,0.0,0.0,0.14744125110253817,0.0,0.0,0.0,0.0,0.0,0.03881971955248679,0.0,0.0,8.447761414304033,0.03881971955248679,0.10749126696973456
11.870000000000001,0.0,0.0,0.0,0.14782944829806305,0.0,0.0,0.0,0.0,0.0,0.028494734517515063,0.0,0.0,8.470003475226424,0.028494734517515063,0.10756493935496363
11.88,0.0,0.0,0.0,0.1481143956432382,0.0,0.0,0.0,0.0,0.0,0.018151708177014766,0.0,0.0,8.486329755488416,0.018151708177014766,0.10763933664395085
11.89,0.0,0.0,0.0,0.14829591272500833,0.0,0.0,0.0,0.0,0.0,0.007797355092809689,0.0,0.0,8.496729918183377,0.007797355092809689,0.10771419789800929
11.9,0.0,0.0,0.0,0.14837388627593642,0.0,0.0,0.0,0.0,0.0,-0.0025616059996960844,0.0,0.0,8.501197473565204,-0.0025616059996960844,0.1077892808238521
11.91,0.0,0.0,0.0,0.14834827021593947,0.0,0.0,0.0,0.0,0.0,-0.012918427208678992,0.0,0.0,8.499729781439624,-0.012918427208678992,0.10786436201670481
11.92,0.0,0.0,0.0,0.14821908594385266,0.0,0.0,0.0,0.0,0.0,-0.023265731901182647,0.0,0.0,8.49232806786958,-0.023265731901182647,0.10793921632222875
11.93,0.0,0.0,0.0,0.14798642862484085,0.0,0.0,0.0,0.0,0.0,-0.03359589056838714,0.0,0.0,8.478997785417375,-0.03359589056838714,0.10801359836858276
11.94,0.0,0.0,0.0,0.147650469719157,0.0,0.0,0.0,0.0,0.0,-0.04390128769604851,0.0,0.0,8.459748758031857,-0.04390128769604851,0.10808724435177003
11.950000000000001,0.0,0.0,0.0,0.1472114568421965,0.0,0.0,0.0,0.0,0.0,-0.05417432805793264,0.0,0.0,8.434595173030125,-0.05417432805793264,0.1081598730299671
11.96,0.0,0.0,0.0,0.14666971356161718,0.0,0.0,0.0,0.0,0.0,-0.06440744298898265,0.0,0.0,8.403555569473358,-0.06440744298898265,0.10823118685476218
11.97,0.0,0.0,0.0,0.14602563913172734,0.0,0.0,0.0,0.0,0.0,-0.07459309663208598,0.0,0.0,8.366652822948376,-0.07459309663208598,0.10830087323387004
11.98,0.0,0.0,0.0,0.14527970816540647,0.0,0.0,0.0,0.0,0.0,-0.08472379215232613,0.0,0.0,8.323914126770076,-0.08472379215232613,0.10836860591892708
11.99,0.0,0.0,0.0,0.1444324702438832,0.0,0.0,0.0,0.0,0.0,-0.09479207791262573,0.0,0.0,8.275370969623355,-0.09479207791262573,0.10843404651110371
12.0,0.0,0.0,0.0,0.14348454946475694,0.0,0.0,0.0,0.0,0.0,-0.10479055360471091,0.0,0.0,8.221059109666669,-0.10479055360471091,0.10849684607642521
12.01,0.0,0.0,0.0,0.14243664392870983,0.0,0.0,0.0,0.0,0.0,-0.11471187632935487,0.0,0.0,8.161018545122774,-0.11471187632935487,0.1085566468618566
12.02,0.0,0.0,0.0,0.1412895251654163,0.0,0.0,0.0,0.0,0.0,-0.12454876661988779,0.0,0.0,8.095293481385788,-0.12454876661988779,0.10861308410252421
12.030000000000001,0.0,0.0,0.0,0.1400440374992174,0.0,0.0,0.0,0.0,0.0,-0.1342940144029951,0.0,0.0,8.023932294676992,-0.1342940144029951,0.10866578790970234
12.040000000000001,0.0,0.0,0.0,0.13870109735518746,0.0,0.0,0.0,0.0,0.0,-0.1439404848908631,0.0,0.0,7.946987492285387,-0.1439404848908631,0.10871438522864477
12.05,0.0,0.0,0.0,0.13726169250627882,0.0,0.0,0.0,0.0,0.0,-0.15348112439877387,0.0,0.0,7.864515669432255,-0.15348112439877387,0.10875850185473848
12.06,0.0,0.0,0.0,0.13572688126229107,0.0,0.0,0.0,0.0,0.0,-0.16290896608229793,0.0,0.0,7.776577462802534,-0.16290896608229793,0.10879776449604416
12.07,0.0,0.0,0.0,0.1340977916014681,0.0,0.0,0.0,0.0,0.0,-0.17221713558828625,0.0,0.0,7.683237500788978,-0.17221713558828625,0.1088318028698493
12.08,0.0,0.0,0.0,0.13237562024558522,0.0,0.0,0.0,0.0,0.0,-0.1813988566139207,0.0,0.0,7.584564350498567,-0.1813988566139207,0.10886025182060541
12.09,0.0,0.0,0.0,0.130561631679446,0.0,0.0,0.0,0.0,0.0,-0.1904474563681476,0.0,0.0,7.480630461573803,-0.1904474563681476,0.10888275344634836
12.1,0.0,0.0,0.0,0.12865715711576453,0.0,0.0,0.0,0.0,0.0,-0.19935637092988964,0.0,0.0,7.371512106884835,-0.19935637092988964,0.1088989592205937
12.11,0.0,0.0,0.0,0.12666359340646563,0.0,0.0,0.0,0.0,0.0,-0.2081191504975109,0.0,0.0,7.257289320151562,-0.2081191504975109,0.10890853209664654
12.120000000000001,0.0,0.0,0.0,0.12458240190149052,0.0,0.0,0.0,0.0,0.0,-0.21672946452409633,0.0,0.0,7.138045830558008,-0.21672946452409633,0.10891114858128063
12.13,0.0,0.0,0.0,0.12241510725624956,0.0,0.0,0.0,0.0,0.0,-0.22518110673320246,0.0,0.0,7.013868994424398,-0.22518110673320246,0.10890650076487607
12.14,0.0,0.0,0.0,0.12016329618891754,0.0,0.0,0.0,0.0,0.0,-0.2334680000098396,0.0,0.0,6.8848497240054245,-0.2334680000098396,0.10889429829533158
12.15,0.0,0.0,0.0,0.11782861618881914,0.0,0.0,0.0,0.0,0.0,-0.24158420116156004,0.0,0.0,6.751082413486183,-0.24158420116156004,0.10887427028331545
12.16,0.0,0.0,0.0,0.11541277417720354,0.0,0.0,0.0,0.0,0.0,-0.2495239055446494,0.0,0.0,6.612664862250215,-0.2495239055446494,0.10884616712683642
12.17,0.0,0.0,0.0,0.11291753512175705,0.0,0.0,0.0,0.0,0.0,-0.25728145155055215,0.0,0.0,6.469698195496921,-0.25728145155055215,0.10880976224355592
12.18,0.0,0.0,0.0,0.11034472060625153,0.0,0.0,0.0,0.0,0.0,-0.2648513249478059,0.0,0.0,6.322286782288459,-0.2648513249478059,0.1087648536997806
12.19,0.0,0.0,0.0,0.10769620735677347,0.0,0.0,0.0,0.0,0.0,-0.2722281630749138,0.0,0.0,6.170538151108888,-0.2722281630749138,0.10871126572570416
12.200000000000001,0.0,0.0,0.0,0.10497392572602433,0.0,0.0,0.0,0.0,0.0,-0.27940675887975114,0.0,0.0,6.014562903020971,-0.27940675887975114,0.10864885010712139
12.21,0.0,0.0,0.0,0.10217985813722683,0.0,0.0,0.0,0.0,0.0,-0.28638206480127754,0.0,0.0,5.854474622508579,-0.28638206480127754,0.10857748744459372
12.22,0.0,0.0,0.0,0.09931603748921405,0.0,0.0,0.0,0.0,0.0,-0.29314919648951715,0.0,0.0,5.690389786095026,-0.29314919648951715,0.10849708827181648
12.23,0.0,0.0,0.0,0.09638454552431888,0.0,0.0,0.0,0.0,0.0,-0.29970343635996677,0.0,0.0,5.52242766883002,-0.29970343635996677,0.10840759402582206
12.24,0.0,0.0,0.0,0.09338751116071921,0.0,0.0,0.0,0.0,0.0,-0.30604023697880456,0.0,0.0,5.350710248740082,-0.30604023697880456,0.10830897786252773
12.25,0.0,0.0,0.0,0.09032710879093116,0.0,0.0,0.0,0.0,0.0,-0.3121552242754946,0.0,0.0,5.175362109339392,-0.3121552242754946,0.10820124531207838
12.26,0.0,0.0,0.0,0.08720555654817622,0.0,0.0,0.0,0.0,0.0,-0.318044200579616,0.0,0.0,4.9965103402999365,-0.318044200579616,0.10808443476943923
12.27,0.0,0.0,0.0,0.08402511454238006,0.0,0.0,0.0,0.0,0.0,-0.3237031474789904,0.0,0.0,4.814284436381695,-0.3237031474789904,0.1079586178166386
12.280000000000001,0.0,0.0,0.0,0.08078808306759015,0.0,0.0,0.0,0.0,0.0,-0.3291282284964364,0.0,0.0,4.628816194725225,-0.3291282284964364,0.10782389937415693
12.290000000000001,0.0,0.0,0.0,0.07749680078262579,0.0,0.0,0.0,0.0,0.0,-0.33431579158274605,0.0,0.0,4.440239610610592,-0.33431579158274605,0.10768041767994171
12.3,0.0,0.0,0.0,0.07415364286679833,0.0,0.0,0.0,0.0,0.0,-0.33926237142375254,0.0,0.0,4.248690771787927,-0.33926237142375254,0.10752834409560706
12.31,0.0,0.0,0.0,0.0707610191525608,0.0,0.0,0.0,0.0,0.0,-0.34396469155964315,0.0,0.0,4.054307751486119,-0.34396469155964315,0.1073678827403976
12.32,0.0,0.0,0.0,0.06732137223696437,0.0,0.0,0.0,0.0,0.0,-0.34841966631496396,0.0,0.0,3.857230500207252,-0.34841966631496396,0.1071992699545814
12.33,0.0,0.0,0.0,0.06383717557381473,0.0,0.0,0.0,0.0,0.0,-0.35262440253806354,0.0,0.0,3.657600736415213,-0.35262440253806354,0.10702277359489798
12.34,0.0,0.0,0.0,0.060310931548434095,0.0,0.0,0.0,0.0,0.0,-0.35657620114902966,0.0,0.0,3.4555618362276808,-0.35657620114902966,0.10683869216576443
12.35,0.0,0.0,0.0,0.0567451695369438,0.0,0.0,0.0,0.0,0.0,-0.36027255849548695,0.0,0.0,3.2512587222212077,-0.36027255849548695,0.10664735379086786
12.36,0.0,0.0,0.0,0.05314244395198893,0.0,0.0,0.0,0.0,0.0,-0.3637111675159418,0.0,0.0,3.044837751459493,-0.3637111675159418,0.10644911503074354
12.370000000000001,0.0,0.0,0.0,0.04950533227682951,0.0,0.0,0.0,0.0,0.0,-0.36688991871068327,0.0,0.0,2.8364466028551014,-0.36688991871068327,0.10624435955285037
12.38,0.0,0.0,0.0,0.04583643308972268,0.0,0.0,0.0,0.0,0.0,-0.36980690092057467,0.0,0.0,2.6262341639749014,-0.36980690092057467,0.10603349666148427
12.39,0.0,0.0,0.0,0.04213836408051693,0.0,0.0,0.0,0.0,0.0,-0.3724604019143983,0.0,0.0,2.414350417399286,-0.3724604019143983,0.10581695969572688
12.4,0.0,0.0,0.0,0.03841376006137295,0.0,0.0,0.0,0.0,0.0,-0.37484890878574406,0.0,0.0,2.200946326744872,-0.37484890878574406,0.10559520430433517
12.41,0.0,0.0,0.0,0.0346652709735155,0.0,0.0,0.0,0.0,0.0,-0.37697110816076157,0.0,0.0,1.9861737224597968,-0.37697110816076157,0.10536870660720964
12.42,0.0,0.0,0.0,0.030895559891907887,0.0,0.0,0.0,0.0,0.0,-0.3788258862184208,0.0,0.0,1.7701851874999839,-0.3788258862184208,0.10513796125368359
12.43,0.0,0.0,0.0,0.02710730102972368,0.0,0.0,0.0,0.0,0.0,-0.38041232852525214,0.0,0.0,1.5531339429937974,-0.38041232852525214,0.1049034793884453
12.44,0.0,0.0,0.0,0.023303177744471156,0.0,0.0,0.0,0.0,0.0,-0.3817297196868552,0.0,0.0,1.3351737340013865,-0.3817297196868552,0.10466578653640439
12.450000000000001,0.0,0.0,0.0,0.019485880547602603,0.0,0.0,0.0,0.0,0.0,-0.3827775428187809,0.0,0.0,1.1164587154736985,-0.3827775428187809,0.10442542041822482
12.46,0.0,0.0,0.0,0.015658105119414793,0.0,0.0,0.0,0.0,0.0,-0.3835554788397003,0.0,0.0,0.8971433385146556,-0.3835554788397003,0.10418292870857303
12.47,0.0,0.0,0.0,0.011822550331017789,0.0,0.0,0.0,0.0,0.0,-0.3840634055900736,0.0,0.0,0.6773822370483137,-0.3840634055900736,0.10393886674943845
12.48,0.0,0.0,0.0,0.007981916275117053,0.0,0.0,0.0,0.0,0.0,-0.3843013967798244,0.0,0.0,0.45733011499099,-0.3843013967798244,0.10369379523100655
12.49,0.0,0.0,0.0,0.004138902307318809,0.0,0.0,0.0,0.0,0.0,-0.3842697207688066,0.0,0.0,0.23714163402632618,-0.3842697207688066,0.10344827785274391
12.5,0.0,0.0,0.0,0.0002962050996307428,0.0,0.0,0.0,0.0,0.0,-0.3839688391841217,0.0,0.0,0.01697130207909362,-0.3839688391841217,0.10320287897732465
12.51,0.0,0.0,0.0,-0.0035434832922104746,0.0,0.0,0.0,0.0,0.0,-0.3833994053786014,0.0,0.0,-0.2030266374187824,-0.3833994053786014,0.10295816129001793
12.52,0.0,0.0,0.0,-0.007377477345996489,0.0,0.0,0.0,0.0,0.0,-0.38256226273501626,0.0,0.0,-0.42269831537897457,-0.38256226273501626,0.10271468347602478
12.530000000000001,0.0,0.0,0.0,-0.011203099973346651,0.0,0.0,0.0,0.0,0.0,-0.38145844282080127,0.0,0.0,-0.6418903459358881,-0.38145844282080127,0.10247299792804015
12.540000000000001,0.0,0.0,0.0,-0.015017684401554664,0.0,0.0,0.0,0.0,0.0,-0.3800891633983038,0.0,0.0,-0.8604499342685317,-0.3800891633983038,0.10223364849607475
12.55,0.0,0.0,0.0,-0.0188185760355377,0.0,0.0,0.0,0.0,0.0,-0.378455826295758,0.0,0.0,-1.078224983282343,-0.378455826295758,0.1019971682912023
12.56,0.0,0.0,0.0,-0.02260313429849528,0.0,0.0,0.0,0.0,0.0,-0.376560015144373,0.0,0.0,-1.2950641990711742,-0.376560015144373,0.10176407755451575
12.57,0.0,0.0,0.0,-0.02636873444993901,0.0,0.0,0.0,0.0,0.0,-0.37440349298708364,0.0,0.0,-1.5108171950827236,-0.37440349298708364,0.10153488160209363
12.58,0.0,0.0,0.0,-0.030112769379809848,0.0,0.0,0.0,0.0,0.0,-0.37198819976466135,0.0,0.0,-1.7253345949138819,-0.37198819976466135,0.10131006885625667
12.59,0.0,0.0,0.0,-0.03383265137745646,0.0,0.0,0.0,0.0,0.0,-0.36931624968500654,0.0,0.0,-1.9384681336657263,-0.36931624968500654,0.1010901089728143
12.6,0.0,0.0,0.0,-0.03752581387430653,0.0,0.0,0.0,0.0,0.0,-0.36638992848155305,0.0,0.0,-2.1500707577912324,-0.36638992848155305,0.10087545107335354
12.61,0.0,0.0,0.0,-0.04118971315912206,0.0,0.0,0.0,0.0,0.0,-0.3632116905668027,0.0,0.0,-2.359996723372163,-0.3632116905668027,0.1006665220909718
12.620000000000001,0.0,0.0,0.0,-0.04482183006479008,0.0,0.0,0.0,0.0,0.0,-0.3597841560870742,0.0,0.0,-2.568101692765057,-0.3597841560870742,0.10046372523709725
12.63,0.0,0.0,0.0,-0.048419671625660826,0.0,0.0,0.0,0.0,0.0,-0.35611010788459946,0.0,0.0,-2.774242829559711,-0.35611010788459946,0.10026743859632359
12.64,0.0,0.0,0.0,-0.05198077270450682,0.0,0.0,0.0,0.0,0.0,-0.3521924883731266,0.0,0.0,-2.978278891797071,-0.3521924883731266,0.10007801385538073
12.65,0.0,0.0,0.0,-0.05550269758823809,0.0,0.0,0.0,0.0,0.0,-0.3480343963331954,0.0,0.0,-3.1800703233969756,-0.3480343963331954,0.09989577517153676
12.66,0.0,0.0,0.0,-0.05898304155157004,0.0,0.0,0.0,0.0,0.0,-0.34363908363323786,0.0,0.0,-3.37947934374973,-0.34363908363323786,0.09972101818493784
12.67,0.0,0.0,0.0,-0.062419432387902415,0.0,0.0,0.0,0.0,0.0,-0.3390099518826229,0.0,0.0,-3.5763700354290062,-0.3390099518826229,0.09955400917849822
12.68,0.0,0.0,0.0,-0.06580953190672864,0.0,0.0,0.0,0.0,0.0,-0.3341505490227102,0.0,0.0,-3.7706084299870803,-0.3341505490227102,0.09939498438812952
12.69,0.0,0.0,0.0,-0.06915103739695574,0.0,0.0,0.0,0.0,0.0,-0.32906456586190647,0.0,0.0,-3.9620625917968866,-0.32906456586190647,0.09924414946523558
12.700000000000001,0.0,0.0,0.0,-0.07244168305557482,0.0,0.0,0.0,0.0,0.0,-0.3237558325606254,0.0,0.0,-4.150602699908807,-0.3237558325606254,0.09910167909251838
12.71,0.0,0.0,0.0,-0.07567924138118107,0.0,0.0,0.0,0.0,0.0,-0.3182283150719419,0.0,0.0,-4.336101127893486,-0.3182283150719419,0.09896771675331917
12.72,0.0,0.0,0.0,-0.07886152453190048,0.0,0.0,0.0,0.0,0.0,-0.31248611154360517,0.0,0.0,-4.518432521645303,-0.31248611154360517,0.09884237465386428
12.73,0.0,0.0,0.0,-0.08198638564733654,0.0,0.0,0.0,0.0,0.0,-0.3065334486869293,0.0,0.0,-4.697473875124332,-0.3065334486869293,0.0987257337969375
12.74,0.0,0.0,0.0,-0.08505172013420584,0.0,0.0,0.0,0.0,0.0,-0.3003746781179186,0.0,0.0,-4.8731046040178425,-0.3003746781179186,0.09861784420475961
12.75,0.0,0.0,0.0,-0.08805546691538503,0.0,0.0,0.0,0.0,0.0,-0.2940142726758109,0.0,0.0,-5.045206617305416,-0.2940142726758109,0.09851872528798114
12.76,0.0,0.0,0.0,-0.09099560964214314,0.0,0.0,0.0,0.0,0.0,-0.28745682272402784,0.0,0.0,-5.213664386714741,-0.28745682272402784,0.09842836635704288
12.77,0.0,0.0,0.0,-0.09387017786938341,0.0,0.0,0.0,0.0,0.0,-0.2807070324383208,0.0,0.0,-5.378365014058012,-0.2807070324383208,0.09834672727136184
12.780000000000001,0.0,0.0,0.0,-0.09667724819376662,0.0,0.0,0.0,0.0,0.0,-0.2737697160866796,0.0,0.0,-5.5391982964415885,-0.2737697160866796,0.09827373922114939
12.790000000000001,0.0,0.0,0.0,-0.09941494535463341,0.0,0.0,0.0,0.0,0.0,-0.26664979430534724,0.0,0.0,-5.696056789344204,-0.26664979430534724,0.09820930563603625
12.8,0.0,0.0,0.0,-0.10208144329768688,0.0,0.0,0.0,0.0,0.0,-0.2593522903750418,0.0,0.0,-5.848835867561483,-0.2593522903750418,0.0981533032140331
12.81,0.0,0.0,0.0,-0.1046749662014373,0.0,0.0,0.0,0.0,0.0,-0.2518823265012404,0.0,0.0,-5.997433784016896,-0.2518823265012404,0.09810558306384579
12.82,0.0,0.0,0.0,-0.10719378946644971,0.0,0.0,0.0,0.0,0.0,-0.24424512010212268,0.0,0.0,-6.141751726441469,-0.24424512010212268,0.09806597195301478
12.83,0.0,0.0,0.0,-0.10963624066747094,0.0,0.0,0.0,0.0,0.0,-0.23644598010751008,0.0,0.0,-6.281693871926644,-0.23644598010751008,0.09803427365390571
12.84,0.0,0.0,0.0,-0.11200070046854603,0.0,0.0,0.0,0.0,0.0,-0.22849030327186537,0.0,0.0,-6.417167439356589,-0.22849030327186537,0.09801027037914456
12.85,0.0,0.0,0.0,-0.11428560350126468,0.0,0.0,0.0,0.0,0.0,-0.22038357050414664,0.0,0.0,-6.54808273972801,-0.22038357050414664,0.09799372429775771
12.86,0.0,0.0,0.0,-0.11648943920630615,0.0,0.0,0.0,0.0,0.0,-0.21213134321703084,0.0,0.0,-6.674353224367125,-0.21213134321703084,0.09798437912293759
12.870000000000001,0.0,0.0,0.0,-0.11861075263847647,0.0,0.0,0.0,0.0,0.0,-0.20373925969774442,0.0,0.0,-6.795895531054895,-0.20373925969774442,0.09798196176210885
12.88,0.0,0.0,0.0,-0.1206481452354539,0.0,0.0,0.0,0.0,0.0,-0.1952130315024583,0.0,0.0,-6.912629528072901,-0.1952130315024583,0.09798618401976919
12.89,0.0,0.0,0.0,-0.12260027555047849,0.0,0.0,0.0,0.0,0.0,-0.18655843987592452,0.0,0.0,-7.024478356183353,-0.18655843987592452,0.09799674434343424
12.9,0.0,0.0,0.0,-0.12446585994923774,0.0,0.0,0.0,0.0,0.0,-0.17778133219775483,0.0,0.0,-7.131368468557709,-0.17778133219775483,0.09801332960289401
12.91,0.0,0.0,0.0,-0.1262436732712153,0.0,0.0,0.0,0.0,0.0,-0.16888761845646466,0.0,0.0,-7.233229668669156,-0.16888761845646466,0.09803561689296969
12.92,0.0,0.0,0.0,-0.12793254945577995,0.0,0.0,0.0,0.0,0.0,-0.1598832677521353,0.0,0.0,-7.329995146164868,-0.1598832677521353,0.09806327534996609
12.93,0.0,0.0,0.0,-0.1295313821333013,0.0,0.0,0.0,0.0,0.0,-0.15077430482827905,0.0,0.0,-7.421601510734441,-0.15077430482827905,0.09809596797204982
12.94,0.0,0.0,0.0,-0.1310391251815841,0.0,0.0,0.0,0.0,0.0,-0.14156680663323207,0.0,0.0,-7.507988823991235,-0.14156680663323207,0.09813335343392678
12.950000000000001,0.0,0.0,0.0,-0.1324547932479164,0.0,0.0,0.0,0.0,0.0,-0.13226689891114457,0.0,0.0,-7.589100629383523,-0.13226689891114457,0.09817508788631603
12.96,0.0,0.0,0.0,-0.13377746223702786,0.0,0.0,0.0,0.0,0.0,-0.12288075282239266,0.0,0.0,-7.664883980152445,-0.12288075282239266,0.09822082673095497
12.97,0.0,0.0,0.0,-0.1350062697652518,0.0,0.0,0.0,0.0,0.0,-0.11341458159299811,0.0,0.0,-7.735289465353579,-0.11341458159299811,0.09827022636210266
12.98,0.0,0.0,0.0,-0.13614041558118178,0.0,0.0,0.0,0.0,0.0,-0.1038746371924153,0.0,0.0,-7.800271233958789,-0.1038746371924153,0.09832294586578998
12.99,0.0,0.0,0.0,-0.13717916195310595,0.0,0.0,0.0,0.0,0.0,-0.09426720703882784,0.0,0.0,-7.85978701705457,-0.09426720703882784,0.09837864866843651
13.0,0.0,0.0,0.0,-0.13812183402349423,0.0,0.0,0.0,0.0,0.0,-0.08459861073089169,0.0,0.0,-7.913798148152678,-0.08459861073089169,0.0984370041267978
13.01,0.0,0.0,0.0,-0.13896782013080314,0.0,0.0,0.0,0.0,0.0,-0.07487519680466902,0.0,0.0,-7.962269581628179,-0.07487519680466902,0.09849768905162666
13.02,0.0,0.0,0.0,-0.13971657209884983,0.0,0.0,0.0,0.0,0.0,-0.06510333951431678,0.0,0.0,-8.005169909299369,-0.06510333951431678,0.09856038915787542
13.030000000000001,0.0,0.0,0.0,-0.140367605493993,0.0,0.0,0.0,0.0,0.0,-0.05528943563492776,0.0,0.0,-8.042471375163146,-0.05528943563492776,0.09862480043476873
13.040000000000001,0.0,0.0,0.0,-0.14092049985034227,0.0,0.0,0.0,0.0,0.0,-0.045439901285769725,0.0,0.0,-8.074149888298562,-0.045439901285769725,0.09869063042951967
13.05,0.0,0.0,0.0,-0.14137489886319998,0.0,0.0,0.0,0.0,0.0,-0.035561168772031006,0.0,0.0,-8.100185033950218,-0.035561168772031006,0.0987575994390855
13.06,0.0,0.0,0.0,-0.14173051055092029,0.0,0.0,0.0,0.0,0.0,-0.02565968344305901,0.0,0.0,-8.120560082802116,-0.02565968344305901,0.09882544160482433
13.07,0.0,0.0,0.0,-0.14198710738535086,0.0,0.0,0.0,0.0,0.0,-0.015741900564971822,0.0,0.0,-8.135261998451405,-0.015741900564971822,0.09889390590555901
13.08,0.0,0.0,0.0,-0.1421445263910006,0.0,0.0,0.0,0.0,0.0,-0.0058142822054331154,0.0,0.0,-8.14428144309028,-0.0058142822054331154,0.09896275704511026
13.09,0.0,0.0,0.0,-0.1422026692130549,0.0,0.0,0.0,0.0,0.0,0.004116705871693136,0.0,0.0,-8.147612781402973,0.004116705871693136,0.09903177623099517
13.1,0.0,0.0,0.0,-0.14216150215433798,0.0,0.0,0.0,0.0,0.0,0.014044524673003156,0.0,0.0,-8.145254082683527,0.014044524673003156,0.09910076041347773
13.11,0.0,0.0,0.0,-0.14202105690760794,0.0,0.0,0.0,0.0,0.0,0.02396201028883197,0.0,0.0,-8.137207162793223,0.02396201028883197,0.09916950019377437
13.120000000000001,0.0,0.0,0.0,-0.1417814368047196,0.0,0.0,0.0,0.0,0.0,0.033861862261263156,0.0,0.0,-8.12347794221123,0.033861862261263156,0.09923776849076975
13.13,0.0,0.0,0.0,-0.14144281818210697,0.0,0.0,0.0,0.0,0.0,0.04373679447737318,0.0,0.0,-8.104076524270992,0.04373679447737318,0.09930532217026491
13.14,0.0,0.0,0.0,-0.14100545023733324,0.0,0.0,0.0,0.0,0.0,0.053579541166378114,0.0,0.0,-8.079017186941147,0.053579541166378114,0.0993719029636819
13.15,0.0,0.0,0.0,-0.14046965482566945,0.0,0.0,0.0,0.0,0.0,0.06338286287651726,0.0,0.0,-8.048318371170337,0.06338286287651726,0.09943723850626676
13.16,0.0,0.0,0.0,-0.13983582619690427,0.0,0.0,0.0,0.0,0.0,0.07313955242581323,0.0,0.0,-8.012002665807527,0.07313955242581323,0.09950104348978814
13.17,0.0,0.0,0.0,-0.13910443067264613,0.0,0.0,0.0,0.0,0.0,0.08284244082086803,0.0,0.0,-7.9700967891127785,0.08284244082086803,0.099563020923939
13.18,0.0,0.0,0.0,-0.13827600626443745,0.0,0.0,0.0,0.0,0.0,0.09248440313787754,0.0,0.0,-7.922631566876798,0.09248440313787754,0.0996228634998532
13.19,0.0,0.0,0.0,-0.13735116223305868,0.0,0.0,0.0,0.0,0.0,0.1020583643600732,0.0,0.0,-7.86964190717093,0.1020583643600732,0.09968025504843617
13.200000000000001,0.0,0.0,0.0,-0.13633057858945796,0.0,0.0,0.0,0.0,0.0,0.11155730516582932,0.0,0.0,-7.811166771752525,0.11155730516582932,0.09973487208549385
13.21,0.0,0.0,0.0,-0.13521500553779967,0.0,0.0,0.0,0.0,0.0,0.12097426766170737,0.0,0.0,-7.747249144153975,0.12097426766170737,0.09978638543501106
13.22,0.0,0.0,0.0,-0.13400526286118258,0.0,0.0,0.0,0.0,0.0,0.1303023610547462,0.0,0.0,-7.6779359944869565,0.1303023610547462,0.09983446192135888
13.23,0.0,0.0,0.0,-0.13270223925063512,0.0,0.0,0.0,0.0,0.0,0.13953476725834837,0.0,0.0,-7.603278240996689,0.13953476725834837,0.09987876612065105
13.24,0.0,0.0,0.0,-0.13130689157805164,0.0,0.0,0.0,0.0,0.0,0.14866474642615846,0.0,0.0,-7.523330708404253,0.14866474642615846,0.09991896216105234
13.25,0.0,0.0,0.0,-0.12982024411379006,0.0,0.0,0.0,0.0,0.0,0.1576856424083811,0.0,0.0,-7.438152083078239,0.1576856424083811,0.09995471556138989
13.26,0.0,0.0,0.0,-0.12824338768970625,0.0,0.0,0.0,0.0,0.0,0.16659088812504208,0.0,0.0,-7.347804865080145,0.16659088812504208,0.09998569509714991
13.27,0.0,0.0,0.0,-0.12657747880845582,0.0,0.0,0.0,0.0,0.0,0.17537401085075852,0.0,0.0,-7.252355317131135,0.17537401085075852,0.10001157468262369
13.280000000000001,0.0,0.0,0.0,-0.12482373869994824,0.0,0.0,0.0,0.0,0.0,0.18402863740565242,0.0,0.0,-7.151873410550835,0.18402863740565242,0.10003203525785291
13.290000000000001,0.0,0.0,0.0,-0.12298345232589172,0.0,0.0,0.0,0.0,0.0,0.19254849924711712,0.0,0.0,-7.046432768221964,0.19254849924711712,0.1000467666688491
13.3,0.0,0.0,0.0,-0.12105796733342056,0.0,0.0,0.0,0.0,0.0,0.2009274374572282,0.0,0.0,-6.936110604637586,0.2009274374572282,0.10005546952958444
13.31,0.0,0.0,0.0,-0.11904869295884828,0.0,0.0,0.0,0.0,0.0,0.2091594076206803,0.0,0.0,-6.820987663090807,0.2091594076206803,0.10005785705426777
13.32,0.0,0.0,0.0,-0.11695709888264147,0.0,0.0,0.0,0.0,0.0,0.217238484588229,0.0,0.0,-6.701148150069592,0.217238484588229,0.10005365684854758
13.33,0.0,0.0,0.0,-0.11478471403675918,0.0,0.0,0.0,0.0,0.0,0.22515886712072206,0.0,0.0,-6.5766796669223595,0.22515886712072206,0.1000426126484879
13.34,0.0,0.0,0.0,-0.11253312536555196,0.0,0.0,0.0,0.0,0.0,0.23291488240892022,0.0,0.0,-6.447673138862717,0.23291488240892022,0.10002448599642019
13.35,0.0,0.0,0.0,-0.11020397654146276,0.0,0.0,0.0,0.0,0.0,0.24050099046443035,0.0,0.0,-6.314222741384547,0.24050099046443035,0.09999905784311973
13.36,0.0,0.0,0.0,-0.10779896663681846,0.0,0.0,0.0,0.0,0.0,0.247911788377207,0.0,0.0,-6.176425824161267,0.247911788377207,0.09996613006618296
13.370000000000001,0.0,0.0,0.0,-0.10531984875304638,0.0,0.0,0.0,0.0,0.0,0.2551420144352211,0.0,0.0,-6.034382832505724,0.2551420144352211,0.09992552689494559
13.38,0.0,0.0,0.0,-0.10276842860869417,0.0,0.0,0.0,0.0,0.0,0.26218655210204656,0.0,0.0,-5.888197226469683,0.26218655210204656,0.09987709623281762
13.39,0.0,0.0,0.0,-0.10014656308767371,0.0,0.0,0.0,0.0,0.0,0.2690404338482784,0.0,0.0,-5.737975397664342,0.2690404338482784,0.09982071086853578
13.4,0.0,0.0,0.0,-0.09745615874919092,0.0,0.0,0.0,0.0,0.0,0.2756988448328677,0.0,0.0,-5.583826583885592,0.2756988448328677,0.09975626956848593
13.41,0.0,0.0,0.0,-0.09469917030086224,0.0,0.0,0.0,0.0,0.0,0.282157126430642,0.0,0.0,-5.425862781630037,0.282157126430642,0.09968369804294314
13.42,0.0,0.0,0.0,-0.09187759903655582,0.0,0.0,0.0,0.0,0.0,0.2884107796024721,0.0,0.0,-5.264198656589887,0.2884107796024721,0.09960294977984069
13.43,0.0,0.0,0.0,-0.0889934912405311,0.0,0.0,0.0,0.0,0.0,0.2944554681047494,0.0,0.0,-5.098951452216893,0.2944554681047494,0.09951400674050692
13.44,0.0,0.0,0.0,-0.0860489365594836,0.0,0.0,0.0,0.0,0.0,0.3002870215350504,0.0,0.0,-4.930240896447382,0.3002870215350504,0.09941687991257511
13.450000000000001,0.0,0.0,0.0,-0.0830460663441331,0.0,0.0,0.0,0.0,0.0,0.3059014382110881,0.0,0.0,-4.758189106682257,0.3059014382110881,0.09931160971622005
13.46,0.0,0.0,0.0,-0.07998705196202222,0.0,0.0,0.0,0.0,0.0,0.31129488788028203,0.0,0.0,-4.582920493117483,0.31129488788028203,0.09919826626067288
13.47,0.0,0.0,0.0,-0.07687410308321939,0.0,0.0,0.0,0.0,0.0,0.3164637142575194,0.0,0.0,-4.4045616605221,0.3164637142575194,0.09907694944895268
13.48,0.0,0.0,0.0,-0.07370946594064419,0.0,0.0,0.0,0.0,0.0,0.3214044373889319,0.0,0.0,-4.2232413085622005,0.3214044373889319,0.09894778892961717
13.49,0.0,0.0,0.0,-0.07049542156675487,0.0,0.0,0.0,0.0,0.0,0.32611375583976826,0.0,0.0,-4.0390901307705755,0.32611375583976826,0.09881094389526578
13.5,0.0,0.0,0.0,-0.06723428400835718,0.0,0.0,0.0,0.0,0.0,0.3305885487047123,0.0,0.0,-3.8522407122627897,0.3305885487047123,0.09866660272847871
13.51,0.0,0.0,0.0,-0.06392839852131006,0.0,0.0,0.0,0.0,0.0,0.3348258774392665,0.0,0.0,-3.662827426301439,0.3348258774392665,0.09851498249676574
13.52,0.0,0.0,0.0,-0.060580139746917394,0.0,0.0,0.0,0.0,0.0,0.3388229875111032,0.0,0.0,-3.470986329811094,0.3388229875111032,0.09835632829899274
13.530000000000001,0.0,0.0,0.0,-0.05719190987180636,0.0,0.0,0.0,0.0,0.0,0.3425773098705707,0.0,0.0,-3.2768550579470936,0.3425773098705707,0.09819091246668216
13.540000000000001,0.0,0.0,0.0,-0.05376613677310065,0.0,0.0,0.0,0.0,0.0,0.34608646223983186,0.0,0.0,-3.0805727178218025,0.34608646223983186,0.09801903362439074
13.55,0.0,0.0,0.0,-0.05030527215070233,0.0,0.0,0.0,0.0,0.0,0.34934825022040705,0.0,0.0,-2.882279781492241,0.34934825022040705,0.09784101561423533
13.56,0.0,0.0,0.0,-0.04681178964849826,0.0,0.0,0.0,0.0,0.0,0.3523606682191935,0.0,0.0,-2.682117978313146,0.3523606682191935,0.09765720629041452
13.57,0.0,0.0,0.0,-0.04328818296630633,0.0,0.0,0.0,0.0,0.0,0.3551219001933303,0.0,0.0,-2.4802301867594534,0.3551219001933303,0.09746797619034805
13.58,0.0,0.0,0.0,-0.039736963964373026,0.0,0.0,0.0,0.0,0.0,0.3576303202145828,0.0,0.0,-2.2767603258220146,0.3576303202145828,0.09727371708971984
13.59,0.0,0.0,0.0,-0.036160660762227195,0.0,0.0,0.0,0.0,0.0,0.35988449285421953,0.0,0.0,-2.071853246079937,0.35988449285421953,0.09707484044943994
13.6,0.0,0.0,0.0,-0.032561815833685,0.0,0.0,0.0,0.0,0.0,0.3618831733896578,0.0,0.0,-1.8656546205524085,0.3618831733896578,0.09687177576308388
13.61,0.0,0.0,0.0,-0.02894298409978842,0.0,0.0,0.0,0.0,0.0,0.36362530783445185,0.0,0.0,-1.6583108354321248,0.36362530783445185,0.09666496881394677
13.620000000000001,0.0,0.0,0.0,-0.0253067310214439,0.0,0.0,0.0,0.0,0.0,0.3651100327934945,0.0,0.0,-1.4499688808015303,0.3651100327934945,0.0964548798513555
13.63,0.0,0.0,0.0,-0.021655630693508957,0.0,0.0,0.0,0.0,0.0,0.3663366751455951,0.0,0.0,-1.2407762414320271,0.3663366751455951,0.09624198169626046
13.64,0.0,0.0,0.0,-0.017992263942053006,0.0,0.0,0.0,0.0,0.0,0.36730475155588377,0.0,0.0,-1.0308807877650505,0.36730475155588377,0.09602675778654662
13.65,0.0,0.0,0.0,-0.014319216426494169,0.0,0.0,0.0,0.0,0.0,0.36801396782077267,0.0,0.0,-0.8204306671725164,0.36801396782077267,0.09580970017276624
13.66,0.0,0.0,0.0,-0.010639076748286442,0.0,0.0,0.0,0.0,0.0,0.3684642180484784,0.0,0.0,-0.6095741955925809,0.3684642180484784,0.09559130747522654
13.67,0.0,0.0,0.0,-0.006954434567801659,0.0,0.0,0.0,0.0,0.0,0.36865558367837487,0.0,0.0,-0.3984597496349218,0.36865558367837487,0.09537208281354194
13.68,0.0,0.0,0.0,-0.00326787873101791,0.0,0.0,0.0,0.0,0.0,0.3685883323427016,0.0,0.0,-0.18723565924789343,0.3685883323427016,0.09515253171982756
13.69,0.0,0.0,0.0,0.0004180045924091062,0.0,0.0,0.0,0.0,0.0,0.36826291657439747,0.0,0.0,0.023949898962127993,0.36826291657439747,0.09493316004675588
13.700000000000001,0.0,0.0,0.0,0.004100633758153081,0.0,0.0,0.0,0.0,0.0,0.3676799723650637,0.0,0.0,0.2349490076710411,0.3676799723650637,0.09471447188164411
13.71,0.0,0.0,0.0,0.007777433481803719,0.0,0.0,0.0,0.0,0.0,0.3668403175772816,0.0,0.0,0.44561411395109,0.3668403175772816,0.09449696747760754
13.72,0.0,0.0,0.0,0.011445836657576534,0.0,0.0,0.0,0.0,0.0,0.3657449502157178,0.0,0.0,0.6557981334752603,0.3657449502157178,0.0942811412126766
13.73,0.0,0.0,0.0,0.015103286159733713,0.0,0.0,0.0,0.0,0.0,0.36439504656164556,0.0,0.0,0.8653545537310906,0.36439504656164556,0.094067479587494
13.74,0.0,0.0,0.0,0.018747236625350168,0.0,0.0,0.0,0.0,0.0,0.3627919591756877,0.0,0.0,1.0741375361656447,0.3627919591756877,0.09385645927192854
13.75,0.0,0.0,0.0,0.022375156217107044,0.0,0.0,0.0,0.0,0.0,0.36093721477375246,0.0,0.0,1.2820020171861384,0.36093721477375246,0.09364854521057314
13.76,0.0,0.0,0.0,0.025984528364844568,0.0,0.0,0.0,0.0,0.0,0.35883251198128047,0.0,0.0,1.488803807943568,0.35883251198128047,0.09344418879667285
13.77,0.0,0.0,0.0,0.029572853484657373,0.0,0.0,0.0,0.0,0.0,0.35647971897105113,0.0,0.0,1.694399692829617,0.35647971897105113,0.09324382612357832
13.780000000000001,0.0,0.0,0.0,0.033137650674367886,0.0,0.0,0.0,0.0,0.0,0.3538808709899117,0.0,0.0,1.8986475266201261,0.3538808709899117,0.09304787632227281
13.790000000000001,0.0,0.0,0.0,0.036676459384267,0.0,0.0,0.0,0.0,0.0,0.351038167779888,0.0,0.0,2.101406330201481,0.351038167779888,0.09285673999299744
13.8,0.0,0.0,0.0,0.04018684106206588,0.0,0.0,0.0,0.0,0.0,0.34795397089921304,0.0,0.0,2.3025363848194096,0.34795397089921304,0.09267079773835567
13.81,0.0,0.0,0.0,0.043666380771058014,0.0,0.0,0.0,0.0,0.0,0.3446308009488717,0.0,0.0,2.501899324792838,0.3446308009488717,0.09249040880467112
13.82,0.0,0.0,0.0,0.04711268878054673,0.0,0.0,0.0,0.0,0.0,0.3410713347102996,0.0,0.0,2.6993582286386726,0.3410713347102996,0.09231590983769872
13.83,0.0,0.0,0.0,0.050523402127649726,0.0,0.0,0.0,0.0,0.0,0.3372784021998983,0.0,0.0,2.894777708556613,0.3372784021998983,0.09214761375806961
13.84,0.0,0.0,0.0,0.05389618614964871,0.0,0.0,0.0,0.0,0.0,0.3332549836460352,0.0,0.0,3.088023998226314,0.3332549836460352,0.0919858087611645
13.85,0.0,0.0,0.0,0.05722873598610906,0.0,0.0,0.0,0.0,0.0,0.3290042063941813,0.0,0.0,3.2789650388725047,0.3290042063941813,0.09183075744534883
13.86,0.0,0.0,0.0,0.06051877805005087,0.0,0.0,0.0,0.0,0.0,0.32452934174581066,0.0,0.0,3.4674705635568808,0.32452934174581066,0.09168269607175816
13.870000000000001,0.0,0.0,0.0,0.06376407146750898,0.0,0.0,0.0,0.0,0.0,0.31983380173663456,0.0,0.0,3.6534121796588184,0.31983380173663456,0.09154183395807325
13.88,0.0,0.0,0.0,0.06696240948487532,0.0,0.0,0.0,0.0,0.0,0.3149211358596793,0.0,0.0,3.836663449510149,0.3149211358596793,0.09140835300796
13.89,0.0,0.0,0.0,0.07011162084347211,0.0,0.0,0.0,0.0,0.0,0.3097950277386307,0.0,0.0,4.0170999691524045,0.3097950277386307,0.09128240737706733
13.9,0.0,0.0,0.0,0.07320957112085842,0.0,0.0,0.0,0.0,0.0,0.3044592917567703,0.0,0.0,4.1945994451880235,0.3044592917567703,0.09116412327575586
13.91,0.0,0.0,0.0,0.07625416403842612,0.0,0.0,0.0,0.0,0.0,0.2989178696467105,0.0,0.0,4.3690417697000745,0.2989178696467105,0.09105359890796433
13.92,0.0,0.0,0.0,0.07924334273489322,0.0,0.0,0.0,0.0,0.0,0.29317482704600767,0.0,0.0,4.540309093218056,0.29317482704600767,0.09095090454487695
13.93,0.0,0.0,0.0,0.0821750910053533,0.0,0.0,0.0,0.0,0.0,0.2872343500235821,0.0,0.0,4.708285895710198,0.2872343500235821,0.09085608273137083
13.94,0.0,0.0,0.0,0.08504743450558913,0.0,0.0,0.0,0.0,0.0,0.28110074158171877,0.0,0.0,4.872859055585544,0.28110074158171877,0.0907691486225019
13.950000000000001,0.0,0.0,0.0,0.08785844192140632,0.0,0.0,0.0,0.0,0.0,0.27477841813824655,0.0,0.0,5.033917916691846,0.27477841813824655,0.09069009044664263
13.96,0.0,0.0,0.0,0.09060622610278879,0.0,0.0,0.0,0.0,0.0,0.2682719059933103,0.0,0.0,5.1913543532978705,0.2682719059933103,0.09061887009121825
13.97,0.0,0.0,0.0,0.09328894516272189,0.0,0.0,0.0,0.0,0.0,0.2615858377849543,0.0,0.0,5.345062833051341,0.2615858377849543,0.09055542380641725
13.98,0.0,0.0,0.0,0.09590480354057143,0.0,0.0,0.0,0.0,0.0,0.25472494893752834,0.0,0.0,5.4949404779060576,0.25472494893752834,0.0904996630216395
13.99,0.0,0.0,0.0,0.09845205302994671,0.0,0.0,0.0,0.0,0.0,0.24769407410671224,0.0,0.0,5.6408871230141155,0.24769407410671224,0.09045147526894814
14.0,0.0,0.0,0.0,0.10092899377101383,0.0,0.0,0.0,0.0,0.0,0.24049814362473126,0.0,0.0,5.782805373581268,0.24049814362473126,0.09041072520724949
14.01,0.0,0.0,0.0,0.10333397520726115,0.0,0.0,0.0,0.0,0.0,0.23314217994910238,0.0,0.0,5.92060065968555,0.23314217994910238,0.09037725574052635
14.02,0.0,0.0,0.0,0.10566539700675218,0.0,0.0,0.0,0.0,0.0,0.2256312941180149,0.0,0.0,6.054181289061182,0.2256312941180149,0.09035088922297002
14.030000000000001,0.0,0.0,0.0,0.10792170994793232,0.0,0.0,0.0,0.0,0.0,0.21797068221520566,0.0,0.0,6.183458497851554,0.21797068221520566,0.09033142874356005
14.040000000000001,0.0,0.0,0.0,0.11010141677008438,0.0,0.0,0.0,0.0,0.0,0.21016562184694257,0.0,0.0,6.308346499336739,0.21016562184694257,0.09031865948224879
14.05,0.0,0.0,0.0,0.11220307298855381,0.0,0.0,0.0,0.0,0.0,0.20222146863348073,0.0,0.0,6.428762530642462,0.20222146863348073,0.09031235012969337
14.06,0.0,0.0,0.0,0.11422528767488861,0.0,0.0,0.0,0.0,0.0,0.19414365271710354,0.0,0.0,6.5446268974388175,0.19414365271710354,0.09031225436219446
14.07,0.0,0.0,0.0,0.11616672420205965,0.0,0.0,0.0,0.0,0.0,0.1859376752886092,0.0,0.0,6.6558630166382535,0.1859376752886092,0.0903181123633719
14.08,0.0,0.0,0.0,0.11802610095494574,0.0,0.0,0.0,0.0,0.0,0.17760910513385084,0.0,0.0,6.762397457103366,0.17760910513385084,0.09032965238392658
14.09,0.0,0.0,0.0,0.11980219200628425,0.0,0.0,0.0,0.0,0.0,0.16916357520168807,0.0,0.0,6.8641599783760165,0.16916357520168807,0.09034659233078544
14.1,0.0,0.0,0.0,0.12149382775830113,0.0,0.0,0.0,0.0,0.0,0.16060677919445918,0.0,0.0,6.961083567440022,0.16060677919445918,0.0903686413768687
14.11,0.0,0.0,0.0,0.12309989555024572,0.0,0.0,0.0,0.0,0.0,0.1519444681818388,0.0,0.0,7.053104473530343,0.1519444681818388,0.09039550158274248
14.120000000000001,0.0,0.0,0.0,0.12461934023206411,0.0,0.0,0.0,0.0,0.0,0.14318244723870535,0.0,0.0,7.140162241002135,0.14318244723870535,0.09042686952144856
14.13,0.0,0.0,0.0,0.12605116470445116,0.0,0.0,0.0,0.0,0.0,0.13432657210740737,0.0,0.0,7.222199740273458,0.13432657210740737,0.09046243789794019
14.14,0.0,0.0,0.0,0.12739443042552523,0.0,0.0,0.0,0.0,0.0,0.12538274588458975,0.0,0.0,7.2991631968555994,0.12538274588458975,0.09050189715465141
14.15,0.0,0.0,0.0,0.12864825788437112,0.0,0.0,0.0,0.0,0.0,0.11635691573251901,0.0,0.0,7.371002218485082,0.11635691573251901,0.09054493705493853
14.16,0.0,0.0,0.0,0.1298118270416963,0.0,0.0,0.0,0.0,0.0,0.10725506961463398,0.0,0.0,7.437669820371409,0.10725506961463398,0.0905912482363596
14.17,0.0,0.0,0.0,0.13088437773784264,0.0,0.0,0.0,0.0,0.0,0.09808323305484362,0.0,0.0,7.499122448574413,0.09808323305484362,0.09064052372600667
14.18,0.0,0.0,0.0,0.13186521006839108,0.0,0.0,0.0,0.0,0.0,0.08884746591989952,0.0,0.0,7.5553200015248185,0.08884746591989952,0.09069246041041454
14.19,0.0,0.0,0.0,0.13275368472759008,0.0,0.0,0.0,0.0,0.0,0.07955385922398636,0.0,0.0,7.606225849701246,0.07955385922398636,0.09074676045289999
14.200000000000001,0.0,0.0,0.0,0.13354922331982993,0.0,0.0,0.0,0.0,0.0,0.07020853195450089,0.0,0.0,7.651806853476368,0.07020853195450089,0.0908031326515752
14.21,0.0,0.0,0.0,0.13425130863937496,0.0,0.0,0.0,0.0,0.0,0.060817627917828965,0.0,0.0,7.692033379144392,0.060817627917828965,0.09086129373164586
14.22,0.0,0.0,0.0,0.13485948491855324,0.0,0.0,0.0,0.0,0.0,0.051387312603781723,0.0,0.0,7.726879313141277,0.051387312603781723,0.09092096956606613
14.23,0.0,0.0,0.0,0.13537335804459105,0.0,0.0,0.0,0.0,0.0,0.04192377006721627,0.0,0.0,7.7563220744684385,0.04192377006721627,0.09098189631904471
14.24,0.0,0.0,0.0,0.13579259574526323,0.0,0.0,0.0,0.0,0.0,0.03243319982524432,0.0,0.0,7.780342625329722,0.03243319982524432,0.09104382150741508
14.25,0.0,0.0,0.0,0.13611692774351566,0.0,0.0,0.0,0.0,0.0,0.02292181376832407,0.0,0.0,7.798925479990632,0.02292181376832407,0.09110650497533376
14.26,0.0,0.0,0.0,0.1363461458811989,0.0,0.0,0.0,0.0,0.0,0.013395833083436906,0.0,0.0,7.81205871186773,0.013395833083436906,0.09116971977833387
14.27,0.0,0.0,0.0,0.13648010421203327,0.0,0.0,0.0,0.0,0.0,0.003861485187471224,0.0,0.0,7.819733958855156,0.003861485187471224,0.09123325297326335
14.280000000000001,0.0,0.0,0.0,0.13651871906390797,0.0,0.0,0.0,0.0,0.0,-0.005674999331128234,0.0,0.0,7.821946426894099,-0.005674999331128234,0.09129690631119503
14.290000000000001,0.0,0.0,0.0,0.13646196907059668,0.0,0.0,0.0,0.0,0.0,-0.015207251740361688,0.0,0.0,7.818694891789967,-0.015207251740361688,0.09136049389239079
14.3,0.0,0.0,0.0,0.13630989655319306,0.0,0.0,0.0,0.0,0.0,-0.02472832928193902,0.0,0.0,7.809981778362809,-0.02472832928193902,0.09142382010319039
14.31,0.0,0.0,0.0,0.13606261326037367,0.0,0.0,0.0,0.0,0.0,-0.03423123428992953,0.0,0.0,7.79581348934016,-0.03423123428992953,0.09148667404922031
14.32,0.0,0.0,0.0,0.13572030091747436,0.0,0.0,0.0,0.0,0.0,-0.04370898383548541,0.0,0.0,7.776200436816795,-0.04370898383548541,0.0915488308068347
14.33,0.0,0.0,0.0,0.1352832110791195,0.0,0.0,0.0,0.0,0.0,-0.053154615452060516,0.0,0.0,7.7511570338110065,-0.053154615452060516,0.09161005227564986
14.34,0.0,0.0,0.0,0.1347516649245989,0.0,0.0,0.0,0.0,0.0,-0.06256119284030648,0.0,0.0,7.720701682540567,-0.06256119284030648,0.0916700881357942
14.35,0.0,0.0,0.0,0.13412605299619582,0.0,0.0,0.0,0.0,0.0,-0.07192181154704344,0.0,0.0,7.68485675943003,-0.07192181154704344,0.09172867690528391
14.36,0.0,0.0,0.0,0.13340683488072538,0.0,0.0,0.0,0.0,0.0,-0.08122960461272392,0.0,0.0,7.643648596864222,-0.08122960461272392,0.09178554709220385
14.370000000000001,0.0,0.0,0.0,0.13259453883459815,0.0,0.0,0.0,0.0,0.0,-0.09047774818183273,0.0,0.0,7.597107461705967,-0.09047774818183273,0.0918404184357321
14.38,0.0,0.0,0.0,0.13168976135277982,0.0,0.0,0.0,0.0,0.0,-0.09965946707069358,0.0,0.0,7.545267530599302,-0.09965946707069358,0.09189300322935898
14.39,0.0,0.0,0.0,0.1306931666820729,0.0,0.0,0.0,0.0,0.0,-0.10876804028718523,0.0,0.0,7.488166862082566,-0.10876804028718523,0.09194300771909109
14.4,0.0,0.0,0.0,0.12960548627920104,0.0,0.0,0.0,0.0,0.0,-0.117796806496905,0.0,0.0,7.425847365538919,-0.117796806496905,0.09199013356884038
14.41,0.0,0.0,0.0,0.12842751821423198,0.0,0.0,0.0,0.0,0.0,-0.1267391694303575,0.0,0.0,7.358354767014999,-0.1267391694303575,0.09203407938472338
14.42,0.0,0.0,0.0,0.12716012651992842,0.0,0.0,0.0,0.0,0.0,-0.13558860322579078,0.0,0.0,7.2857385719414705,-0.13558860322579078,0.09207454228951194
14.43,0.0,0.0,0.0,0.1258042404876705,0.0,0.0,0.0,0.0,0.0,-0.14433865770235027,0.0,0.0,7.208052024792353,-0.14433865770235027,0.09211121953810467
14.44,0.0,0.0,0.0,0.124360853910647,0.0,0.0,0.0,0.0,0.0,-0.15298296355827587,0.0,0.0,7.125352065723072,-0.15298296355827587,0.09214381016453223
14.450000000000001,0.0,0.0,0.0,0.12283102427506423,0.0,0.0,0.0,0.0,0.0,-0.16151523748892582,0.0,0.0,7.0376992842301425,-0.16151523748892582,0.09217201665073887
14.46,0.0,0.0,0.0,0.12121587190017498,0.0,0.0,0.0,0.0,0.0,-0.1699292872194768,0.0,0.0,6.945157869878456,-0.1699292872194768,0.09219554660718447
14.47,0.0,0.0,0.0,0.11951657902798021,0.0,0.0,0.0,0.0,0.0,-0.1782190164472205,0.0,0.0,6.847795560145033,-0.1782190164472205,0.09221411445512978
14.48,0.0,0.0,0.0,0.11773438886350801,0.0,0.0,0.0,0.0,0.0,-0.18637842968845417,0.0,0.0,6.74568358543105,-0.18637842968845417,0.0922274431004204
14.49,0.0,0.0,0.0,0.11587060456662347,0.0,0.0,0.0,0.0,0.0,-0.1944016370250481,0.0,0.0,6.638896611296809,-0.1944016370250481,0.09223526558855824
14.5,0.0,0.0,0.0,0.113926588196373,0.0,0.0,0.0,0.0,0.0,-0.20228285874586271,0.0,0.0,6.527512677977114,-0.20228285874586271,0.09223732673089331
14.51,0.0,0.0,0.0,0.11190375960891437,0.0,0.0,0.0,0.0,0.0,-0.21001642987828875,0.0,0.0,6.411613137237325,-0.21001642987828875,0.09223338469190123
14.52,0.0,0.0,0.0,0.10980359531013148,0.0,0.0,0.0,0.0,0.0,-0.21759680460528938,0.0,0.0,6.291282586633013,-0.21759680460528938,0.09222321252770033
14.530000000000001,0.0,0.0,0.0,0.10762762726407858,0.0,0.0,0.0,0.0,0.0,-0.22501856056343847,0.0,0.0,6.166608801238854,-0.22501856056343847,0.09220659966620112
14.540000000000001,0.0,0.0,0.0,0.1053774416584442,0.0,0.0,0.0,0.0,0.0,-0.2322764030175723,0.0,0.0,6.037682662914915,-0.2322764030175723,0.09218335331960056
14.55,0.0,0.0,0.0,0.10305467762826848,0.0,0.0,0.0,0.0,0.0,-0.23936516890780365,0.0,0.0,5.904598087181048,-0.23936516890780365,0.09215329982032236
14.56,0.0,0.0,0.0,0.10066102593919043,0.0,0.0,0.0,0.0,0.0,-0.24627983076478754,0.0,0.0,5.767451947772516,-0.24627983076478754,0.09211628587191861
14.57,0.0,0.0,0.0,0.09819822763154255,0.0,0.0,0.0,0.0,0.0,-0.2530155004892775,0.0,0.0,5.62634399895233,-0.2530155004892775,0.09207217970695117
14.58,0.0,0.0,0.0,0.09566807262664978,0.0,0.0,0.0,0.0,0.0,-0.2595674329921695,0.0,0.0,5.481376795658072,-0.2595674329921695,0.09202087214441451
14.59,0.0,0.0,0.0,0.09307239829672809,0.0,0.0,0.0,0.0,0.0,-0.2659310296913982,0.0,0.0,5.332655611563111,-0.2659310296913982,0.09196227753984948
14.6,0.0,0.0,0.0,0.09041308799981411,0.0,0.0,0.0,0.0,0.0,-0.2721018418622272,0.0,0.0,5.180288355134259,-0.2721018418622272,0.09189633462192373
14.61,0.0,0.0,0.0,0.08769206958119184,0.0,0.0,0.0,0.0,0.0,-0.27807557383765974,0.0,0.0,5.024385483769841,-0.27807557383765974,0.09182300720996206
14.620000000000001,0.0,0.0,0.0,0.08491131384281525,0.0,0.0,0.0,0.0,0.0,-0.2838480860558926,0.0,0.0,4.8650599161040775,-0.2838480860558926,0.09174228480757456
14.63,0.0,0.0,0.0,0.08207283298225633,0.0,0.0,0.0,0.0,0.0,-0.289415397951938,0.0,0.0,4.702426942565389,-0.289415397951938,0.09165418306831805
14.64,0.0,0.0,0.0,0.07917867900273695,0.0,0.0,0.0,0.0,0.0,-0.2947736906907508,0.0,0.0,4.536604134277938,-0.2947736906907508,0.09155874413007158
14.65,0.0,0.0,0.0,0.07623094209582944,0.0,0.0,0.0,0.0,0.0,-0.29991930973942077,0.0,0.0,4.367711250397189,-0.29991930973942077,0.09145603681558706
14.66,0.0,0.0,0.0,0.07323174899843524,0.0,0.0,0.0,0.0,0.0,-0.30484876727621435,0.0,0.0,4.1958701439717325,-0.30484876727621435,0.09134615669751339
14.67,0.0,0.0,0.0,0.0701832613256731,0.0,0.0,0.0,0.0,0.0,-0.30955874443449144,0.0,0.0,4.021204666424803,-0.30955874443449144,0.09122922602696168
14.68,0.0,0.0,0.0,0.06708767388132818,0.0,0.0,0.0,0.0,0.0,-0.31404609337976164,0.0,0.0,3.843840570750151,-0.31404609337976164,0.09110539352553751
14.69,0.0,0.0,0.0,0.06394721294753056,0.0,0.0,0.0,0.0,0.0,-0.31830783921839784,0.0,0.0,3.663905413517834,-0.31830783921839784,0.0909748340415598
14.700000000000001,0.0,0.0,0.0,0.06076413455534658,0.0,0.0,0.0,0.0,0.0,-0.3223411817367793,0.0,0.0,3.481528455786404,-0.3223411817367793,0.0908377480719949
14.71,0.0,0.0,0.0,0.057540722737978785,0.0,0.0,0.0,0.0,0.0,-0.3261434969698986,0.0,0.0,3.296840563018635,-0.3261434969698986,0.09069436115245516
14.72,0.0,0.0,0.0,0.054279287768279796,0.0,0.0,0.0,0.0,0.0,-0.3297123385987339,0.0,0.0,3.1099741040985056,-0.3297123385987339,0.0905449231183565
14.73,0.0,0.0,0.0,0.05098216438229246,0.0,0.0,0.0,0.0,0.0,-0.33304543917595697,0.0,0.0,2.9210628495475475,-0.33304543917595697,0.09038970724112984
14.74,0.0,0.0,0.0,0.047651709990532885,0.0,0.0,0.0,0.0,0.0,-0.3361407111798231,0.0,0.0,2.7302418690389145,-0.3361407111798231,0.09022900924407518
14.75,0.0,0.0,0.0,0.04429030287873466,0.0,0.0,0.0,0.0,0.0,-0.33899624789636384,0.0,0.0,2.5376474283076162,-0.33899624789636384,0.09006314620317306
14.76,0.0,0.0,0.0,0.04090034039977102,0.0,0.0,0.0,0.0,0.0,-0.34161032413028214,0.0,0.0,2.343416885555294,-0.34161032413028214,0.08989245533882248
14.77,0.0,0.0,0.0,0.0374842371584682,0.0,0.0,0.0,0.0,0.0,-0.3439813967452276,0.0,0.0,2.1476885874476817,-0.3439813967452276,0.08971729270508975
14.780000000000001,0.0,0.0,0.0,0.03404442319101592,0.0,0.0,0.0,0.0,0.0,-0.3461081050344084,0.0,0.0,1.950601764802515,-0.3461081050344084,0.08953803178366143
14.790000000000001,0.0,0.0,0.0,0.030583342140671838,0.0,0.0,0.0,0.0,0.0,-0.34798927092277343,0.0,0.0,1.7522964280650928,-0.34798927092277343,0.08935506199017991
14.8,0.0,0.0,0.0,0.027103449431444104,0.0,0.0,0.0,0.0,0.0,-0.3496238990022731,0.0,0.0,1.5529132626679978,-0.3496238990022731,0.0891687871011784
14.81,0.0,0.0,0.0,0.023607210441421375,0.0,0.0,0.0,0.0,0.0,-0.35101117640197976,0.0,0.0,1.352593524370614,-0.35101117640197976,0.08897962361020371
14.82,0.0,0.0,0.0,0.020097098677401577,0.0,0.0,0.0,0.0,0.0,-0.35215047249511616,0.0,0.0,1.1514789346730592,-0.35215047249511616,0.08878799902213873
14.83,0.0,0.0,0.0,0.016575593952450417,0.0,0.0,0.0,0.0,0.0,-0.3530413384453036,0.0,0.0,0.9497115763979799,-0.3530413384453036,0.08859435009501548
14.84,0.0,0.0,0.0,0.01304518056799738,0.0,0.0,0.0,0.0,0.0,-0.35368350659459813,0.0,0.0,0.7474337895323239,-0.35368350659459813,0.08839912103888631
14.85,0.0,0.0,0.0,0.009508345502051398,0.0,0.0,0.0,0.0,0.0,-0.3540768896961327,0.0,0.0,0.544788067419745,-0.3540768896961327,0.08820276168150709
14.86,0.0,0.0,0.0,0.0059675766050900705,0.0,0.0,0.0,0.0,0.0,-0.3542215799944261,0.0,0.0,0.34191695339266903,-0.3542215799944261,0.08800572561072952
14.870000000000001,0.0,0.0,0.0,0.0024253608051458095,0.0,0.0,0.0,0.0,0.0,-0.3541178481566506,0.0,0.0,0.13896293793130612,-0.3541178481566506,0.08780846830357122
14.88,0.0,0.0,0.0,-0.0011158176764206966,0.0,0.0,0.0,0.0,0.0,-0.35376614205837587,0.0,0.0,-0.06393164356500007,-0.35376614205837587,0.08761144525194553
14.89,0.0,0.0,0.0,-0.004653479097004455,0.0,0.0,0.0,0.0,0.0,-0.35316708542751757,0.0,0.0,-0.26662471231070467,-0.35316708542751757,0.08741511009497994
14.9,0.0,0.0,0.0,-0.00818514995127963,0.0,0.0,0.0,0.0,0.0,-0.3523214763504202,0.0,0.0,-0.46897454689003426,-0.3523214763504202,0.08721991276777531
14.91,0.0,0.0,0.0,-0.011708364714783833,0.0,0.0,0.0,0.0,0.0,-0.35123028564419445,0.0,0.0,-0.6708398831570075,-0.35123028564419445,0.08702629767624927
14.92,0.0,0.0,0.0,-0.015220667571225779,0.0,0.0,0.0,0.0,0.0,-0.3498946550996028,0.0,0.0,-0.8720800132028744,-0.3498946550996028,0.08683470190752735
14.93,0.0,0.0,0.0,-0.018719614122221808,0.0,0.0,0.0,0.0,0.0,-0.3483158955989517,0.0,0.0,-1.0725548833168028,-0.3483158955989517,0.08664555348506446
14.94,0.0,0.0,0.0,-0.022202773078211325,0.0,0.0,0.0,0.0,0.0,-0.3464954851135949,0.0,0.0,-1.272125190868196,-0.3464954851135949,0.08645926967732365
14.950000000000001,0.0,0.0,0.0,-0.025667727929347274,0.0,0.0,0.0,0.0,0.0,-0.3444350665857876,0.0,0.0,-1.4706524800416665,-0.3444350665857876,0.08627625536851866
14.96,0.0,0.0,0.0,-0.02911207859520515,0.0,0.0,0.0,0.0,0.0,-0.3421364456997476,0.0,0.0,-1.6679992363583975,-0.3421364456997476,0.08609690149945536
14.97,0.0,0.0,0.0,-0.032533443052202626,0.0,0.0,0.0,0.0,0.0,-0.3396015885468829,0.0,0.0,-1.8640289799204217,-0.3396015885468829,0.08592158358608144
14.98,0.0,0.0,0.0,-0.03592945893767145,0.0,0.0,0.0,0.0,0.0,-0.3368326191902314,0.0,0.0,-2.0586063573171685,-0.3368326191902314,0.08575066032282584
14.99,0.0,0.0,0.0,-0.03929778512957376,0.0,0.0,0.0,0.0,0.0,-0.33383181713322824,0.0,0.0,-2.2515972321365436,-0.33383181713322824,0.08558447227729725
15.0,0.0,0.0,0.0,-0.042636103300906045,0.0,0.0,0.0,0.0,0.0,-0.33060161469796995,0.0,0.0,-2.442868774025714,-0.33060161469796995,0.08542334068231414
15.01,0.0,0.0,0.0,-0.045942119447885746,0.0,0.0,0.0,0.0,0.0,-0.3271445943181816,0.0,0.0,-2.632289546249753,-0.3271445943181816,0.08526756633066852
15.02,0.0,0.0,0.0,-0.04921356539106756,0.0,0.0,0.0,0.0,0.0,-0.3234634857521135,0.0,0.0,-2.819729591699266,-0.3234634857521135,0.08511742857737524
15.030000000000001,0.0,0.0,0.0,-0.0524482002485887,0.0,0.0,0.0,0.0,0.0,-0.3195611632205973,0.0,0.0,-3.0050605173011276,-0.3195611632205973,0.08497318445355538
15.040000000000001,0.0,0.0,0.0,-0.055643811880794675,0.0,0.0,0.0,0.0,0.0,-0.31544064247547937,0.0,0.0,-3.188155576789442,-0.31544064247547937,0.08483506789540246
15.05,0.0,0.0,0.0,-0.05879821830554947,0.0,0.0,0.0,0.0,0.0,-0.31110507780361857,0.0,0.0,-3.3688897517968432,-0.31110507780361857,0.0847032890910458
15.06,0.0,0.0,0.0,-0.061909269083585655,0.0,0.0,0.0,0.0,0.0,-0.30655775897159177,0.0,0.0,-3.5471398312292077,-0.30655775897159177,0.08457803394743137
15.07,0.0,0.0,0.0,-0.06497484667330157,0.0,0.0,0.0,0.0,0.0,-0.3018021081161891,0.0,0.0,-3.7227844888898174,-0.3018021081161891,0.08445946367867879
15.08,0.0,0.0,0.0,-0.06799286775446346,0.0,0.0,0.0,0.0,0.0,-0.29684167658570343,0.0,0.0,-3.895704359321903,-0.29684167658570343,0.08434771451666295
15.09,0.0,0.0,0.0,-0.0709612845203205,0.0,0.0,0.0,0.0,0.0,-0.29168014173692847,0.0,0.0,-4.065782111841385,-0.29168014173692847,0.08424289754394093
15.1,0.0,0.0,0.0,-0.07387808593768978,0.0,0.0,0.0,0.0,0.0,-0.28632130369267367,0.0,0.0,-4.232902522734421,-0.28632130369267367,0.08414509864843814
15.11,0.0,0.0,0.0,-0.07674129897461653,0.0,0.0,0.0,0.0,0.0,-0.28076908206448414,0.0,0.0,-4.396952545597159,-0.28076908206448414,0.084054378598683
15.120000000000001,0.0,0.0,0.0,-0.07954898979526137,0.0,0.0,0.0,0.0,0.0,-0.27502751264512176,0.0,0.0,-4.557821379797732,-0.27502751264512176,0.08397077323772364
15.13,0.0,0.0,0.0,-0.08229926492171259,0.0,0.0,0.0,0.0,0.0,-0.2691007440752177,0.0,0.0,-4.715400537043195,-0.2691007440752177,0.08389429379326731
15.14,0.0,0.0,0.0,-0.08499027236246477,0.0,0.0,0.0,0.0,0.0,-0.2629930344883503,0.0,0.0,-4.8695839060365955,-0.2629930344883503,0.0838249273009534
15.15,0.0,0.0,0.0,-0.08762020270734827,0.0,0.0,0.0,0.0,0.0,-0.25670874813863376,0.0,0.0,-5.020267815211805,-0.25670874813863376,0.0837626371371348
15.16,0.0,0.0,0.0,-0.09018729018873461,0.0,0.0,0.0,0.0,0.0,-0.25025235201472484,0.0,0.0,-5.167351093536111,-0.25025235201472484,0.08370736365698725
15.17,0.0,0.0,0.0,-0.09268981370888187,0.0,0.0,0.0,0.0,0.0,-0.24362841244396863,0.0,0.0,-5.3107351293727705,-0.24362841244396863,0.08365902493324585
15.18,0.0,0.0,0.0,-0.09512609783332156,0.0,0.0,0.0,0.0,0.0,-0.23684159169020685,0.0,0.0,-5.45032392739789,-0.23684159169020685,0.08361751759040043
15.19,0.0,0.0,0.0,-0.09749451375022362,0.0,0.0,0.0,0.0,0.0,-0.2298966445485705,0.0,0.0,-5.586024163567986,-0.2298966445485705,0.08358271772874745
15.200000000000001,0.0,0.0,0.0,-0.09979348019570933,0.0,0.0,0.0,0.0,0.0,-0.2227984149403683,0.0,0.0,-5.717745238136509,-0.2227984149403683,0.08355448193226986
15.21,0.0,0.0,0.0,-0.10202146434511301,0.0,0.0,0.0,0.0,0.0,-0.21555183251096707,0.0,0.0,-5.8453993267193844,-0.21555183251096707,0.0835326483539589
15.22,0.0,0.0,0.0,-0.10417698267022268,0.0,0.0,0.0,0.0,0.0,-0.20816190923334038,0.0,0.0,-5.968901429411277,-0.20816190923334038,0.08351703787186278
15.23,0.0,0.0,0.0,-0.10625860176255608,0.0,0.0,0.0,0.0,0.0,-0.20063373601973858,0.0,0.0,-6.088169417955834,-0.20063373601973858,0.08350745530887341
15.24,0.0,0.0,0.0,-0.10826493912275346,0.0,0.0,0.0,0.0,0.0,-0.1929724793437071,0.0,0.0,-6.203124080974563,-0.1929724793437071,0.08350369070897769
15.25,0.0,0.0,0.0,-0.11019466391619054,0.0,0.0,0.0,0.0,0.0,-0.1851833778744519,0.0,0.0,-6.313689167260262,-0.1851833778744519,0.0835055206625454
15.26,0.0,0.0,0.0,-0.11204649769493506,0.0,0.0,0.0,0.0,0.0,-0.17727173912532354,0.0,0.0,-6.419791427142086,-0.17727173912532354,0.08351270967303587
15.27,0.0,0.0,0.0,-0.1138192150861883,0.0,0.0,0.0,0.0,0.0,-0.16924293611796207,0.0,0.0,-6.521360651930338,-0.16924293611796207,0.08352501155738098
15.280000000000001,0.0,0.0,0.0,-0.11551164444736792,0.0,0.0,0.0,0.0,0.0,-0.16110240406341966,0.0,0.0,-6.618329711449952,-0.16110240406341966,0.08354217087226254
15.290000000000001,0.0,0.0,0.0,-0.11712266848800211,0.0,0.0,0.0,0.0,0.0,-0.15285563706135263,0.0,0.0,-6.710634589672404,-0.15285563706135263,0.08356392435842
15.3,0.0,0.0,0.0,-0.11865122485861564,0.0,0.0,0.0,0.0,0.0,-0.14450818481815328,0.0,0.0,-6.798214418456394,-0.14450818481815328,0.08359000239518173
15.31,0.0,0.0,0.0,-0.12009630670679716,0.0,0.0,0.0,0.0,0.0,-0.13606564938467558,0.0,0.0,-6.88101150940816,-0.13606564938467558,0.08362013045742077
15.32,0.0,0.0,0.0,-0.12145696320064392,0.0,0.0,0.0,0.0,0.0,-0.12753368191399594,0.0,0.0,-6.9589713838726475,-0.12753368191399594,0.08365403056726672
15.33,0.0,0.0,0.0,-0.12273230001978389,0.0,0.0,0.0,0.0,0.0,-0.11891797943944427,0.0,0.0,-7.032042801067007,-0.11891797943944427,0.08369142273298537
15.34,0.0,0.0,0.0,-0.12392147981417832,0.0,0.0,0.0,0.0,0.0,-0.110224281672941,0.0,0.0,-7.100177784368043,-0.110224281672941,0.08373202636766787
15.35,0.0,0.0,0.0,-0.12502372263090775,0.0,0.0,0.0,0.0,0.0,-0.10145836782348372,0.0,0.0,-7.1633316457652505,-0.10145836782348372,0.08377556168050537
15.36,0.0,0.0,0.0,-0.1260383063091426,0.0,0.0,0.0,0.0,0.0,-0.09262605343544272,0.0,0.0,-7.221463008490966,-0.09262605343544272,0.08382175103372756
15.370000000000001,0.0,0.0,0.0,-0.12696456684349702,0.0,0.0,0.0,0.0,0.0,-0.08373318724615038,0.0,0.0,-7.274533827839008,-0.08373318724615038,0.08387032025850583
15.38,0.0,0.0,0.0,-0.12780189871595854,0.0,0.0,0.0,0.0,0.0,-0.07478564806210333,0.0,0.0,-7.322509410182839,-0.07478564806210333,0.08392099992346926
15.39,0.0,0.0,0.0,-0.12854975519657957,0.0,0.0,0.0,0.0,0.0,-0.06578934165294181,0.0,0.0,-7.365358430203932,-0.06578934165294181,0.08397352654976176
15.4,0.0,0.0,0.0,-0.129207648613109,0.0,0.0,0.0,0.0,0.0,-0.05675019766222583,0.0,0.0,-7.40305294634051,-0.05675019766222583,0.08402764376699474
15.41,0.0,0.0,0.0,-0.12977515058973124,0.0,0.0,0.0,0.0,0.0,-0.04767416653389524,0.0,0.0,-7.435568414466297,-0.04767416653389524,0.08408310340477723
15.42,0.0,0.0,0.0,-0.1302518922550702,0.0,0.0,0.0,0.0,0.0,-0.03856721645317952,0.0,0.0,-7.462883699808257,-0.03856721645317952,0.08413966651495433
15.43,0.0,0.0,0.0,-0.130637564419602,0.0,0.0,0.0,0.0,0.0,-0.02943533030061471,0.0,0.0,-7.4849810871116045,-0.02943533030061471,0.08419710432009239
15.44,0.0,0.0,0.0,-0.13093191772260815,0.0,0.0,0.0,0.0,0.0,-0.02028450261772853,0.0,0.0,-7.501846289059593,-0.02028450261772853,0.08425519908422002
15.450000000000001,0.0,0.0,0.0,-0.13113476274878544,0.0,0.0,0.0,0.0,0.0,-0.01112073658287247,0.0,0.0,-7.513468452954772,-0.01112073658287247,0.08431374490228499
15.46,0.0,0.0,0.0,-0.13124597011461417,0.0,0.0,0.0,0.0,0.0,-0.0019500409956096244,0.0,0.0,-7.519840165667525,-0.0019500409956096244,0.08437254840526259
15.47,0.0,0.0,0.0,-0.13126547052457027,0.0,0.0,0.0,0.0,0.0,0.007221572731988361,0.0,0.0,-7.5209574568567845,0.007221572731988361,0.0844314293783765
15.48,0.0,0.0,0.0,-0.13119325479725039,0.0,0.0,0.0,0.0,0.0,0.016387870074055216,0.0,0.0,-7.516819800466888,0.016387870074055216,0.08449021616243546
15.49,0.0,0.0,0.0,-0.13102937609650983,0.0,0.0,0.0,0.0,0.0,0.02554213957270908,0.0,0.0,-7.507430242562367,0.02554213957270908,0.08454872545041818
15.5,0.0,0.0,0.0,-0.13077395470078274,0.0,0.0,0.0,0.0,0.0,0.03467766313941053,0.0,0.0,-7.492795674589863,0.03467766313941053,0.08460676077507666
15.51,0.0,0.0,0.0,-0.13042717806938864,0.0,0.0,0.0,0.0,0.0,0.04378773784216763,0.0,0.0,-7.4729268371772175,0.04378773784216763,0.08466411337202907
15.52,0.0,0.0,0.0,-0.12998930069096695,0.0,0.0,0.0,0.0,0.0,0.052865681380393624,0.0,0.0,-7.447838311449402,0.052865681380393624,0.08472056297382359
15.530000000000001,0.0,0.0,0.0,-0.12946064387716302,0.0,0.0,0.0,0.0,0.0,0.06190483753933596,0.0,0.0,-7.417548507207604,0.06190483753933596,0.08477587869612532
15.540000000000001,0.0,0.0,0.0,-0.12884159550176966,0.0,0.0,0.0,0.0,0.0,0.0708985816187168,0.0,0.0,-7.382079647983134,0.0708985816187168,0.08482982001174517
15.55,0.0,0.0,0.0,-0.1281326096855825,0.0,0.0,0.0,0.0,0.0,0.07984032583024732,0.0,0.0,-7.341457752980971,0.07984032583024732,0.0848821378076705
15.56,0.0,0.0,0.0,-0.12733420642728002,0.0,0.0,0.0,0.0,0.0,0.08872352465870369,0.0,0.0,-7.295712615930746,0.08872352465870369,0.08493257551959367
15.57,0.0,0.0,0.0,-0.12644697118069298,0.0,0.0,0.0,0.0,0.0,0.09754168018128216,0.0,0.0,-7.24487778086606,0.09754168018128216,0.08498087033793056
15.58,0.0,0.0,0.0,-0.12547155437888016,0.0,0.0,0.0,0.0,0.0,0.10628834733998374,0.0,0.0,-7.1889905148560365,0.10628834733998374,0.0850267544787549
15.59,0.0,0.0,0.0,-0.12440867090548033,0.0,0.0,0.0,0.0,0.0,0.11495713916181663,0.0,0.0,-7.128091777716021,0.11495713916181663,0.08506995651261799
15.6,0.0,0.0,0.0,-0.12325909951386216,0.0,0.0,0.0,0.0,0.0,0.12354173192164614,0.0,0.0,-7.062226188727319,0.12354173192164614,0.08511020274375886
15.610000000000001,0.0,0.0,0.0,-0.1220236821946457,0.0,0.0,0.0,0.0,0.0,0.1320358702425679,0.0,0.0,-6.991441990398849,0.1320358702425679,0.08514721863185107
15.620000000000001,0.0,0.0,0.0,-0.12070332349222002,0.0,0.0,0.0,0.0,0.0,0.1404333721287316,0.0,0.0,-6.915791009306488,0.1404333721287316,0.08518073024804801
15.63,0.0,0.0,0.0,-0.1192989897709327,0.0,0.0,0.0,0.0,0.0,0.148728133925598,0.0,0.0,-6.835328614048824,0.148728133925598,0.08521046575684899
15.64,0.0,0.0,0.0,-0.11781170843167672,0.0,0.0,0.0,0.0,0.0,0.15691413520267386,0.0,0.0,-6.750113670360891,0.15691413520267386,0.08523615691502649
15.65,0.0,0.0,0.0,-0.11624256707964999,0.0,0.0,0.0,0.0,0.0,0.16498544355383624,0.0,0.0,-6.660208493430307,0.16498544355383624,0.08525754057871936
15.66,0.0,0.0,0.0,-0.11459271264411162,0.0,0.0,0.0,0.0,0.0,0.17293621931043046,0.0,0.0,-6.56567879746302,0.17293621931043046,0.08527436020965093
15.67,0.0,0.0,0.0,-0.11286335045100732,0.0,0.0,0.0,0.0,0.0,0.18076072016240527,0.0,0.0,-6.466593642548656,0.18076072016240527,0.08528636737138591
15.68,0.0,0.0,0.0,-0.11105574324938326,0.0,0.0,0.0,0.0,0.0,0.1884533056828346,0.0,0.0,-6.363025378878144,0.1884533056828346,0.08529332320653148
15.69,0.0,0.0,0.0,-0.10917121019255492,0.0,0.0,0.0,0.0,0.0,0.19600844175126717,0.0,0.0,-6.255049588368992,0.19600844175126717,0.0852949998858636
15.700000000000001,0.0,0.0,0.0,-0.10721112577504224,0.0,0.0,0.0,0.0,0.0,0.2034207048714452,0.0,0.0,-6.142745023756158,0.2034207048714452,0.08529118202045002
15.71,0.0,0.0,0.0,-0.1051769187263278,0.0,0.0,0.0,0.0,0.0,0.21068478637903998,0.0,0.0,-6.026193545209057,0.21068478637903998,0.08528166802804676
15.72,0.0,0.0,0.0,-0.1030700708625374,0.0,0.0,0.0,0.0,0.0,0.21779549653516614,0.0,0.0,-5.905480054537714,0.21779549653516614,0.08526627144527868
15.73,0.0,0.0,0.0,-0.10089211589718575,0.0,0.0,0.0,0.0,0.0,0.2247477685015589,0.0,0.0,-5.780692427053502,0.2247477685015589,0.08524482217737189
15.74,0.0,0.0,0.0,-0.09864463821217016,0.0,0.0,0.0,0.0,0.0,0.23153666219342792,0.0,0.0,-5.651921441152277,0.23153666219342792,0.08521716767760834
15.75,0.0,0.0,0.0,-0.09632927159023588,0.0,0.0,0.0,0.0,0.0,0.23815736800613987,0.0,0.0,-5.51926070568998,0.23815736800613987,0.08518317404900383
15.76,0.0,0.0,0.0,-0.09394769791017449,0.0,0.0,0.0,0.0,0.0,0.24460521041202726,0.0,0.0,-5.3828065852230225,0.24460521041202726,0.085142727061214
15.77,0.0,0.0,0.0,-0.09150164580605422,0.0,0.0,0.0,0.0,0.0,0.25087565142377605,0.0,0.0,-5.242658123187836,0.25087565142377605,0.08509573307613236
15.780000000000001,0.0,0.0,0.0,-0.08899288929181645,0.0,0.0,0.0,0.0,0.0,0.2569642939210066,0.0,0.0,-5.098916963096061,0.2569642939210066,0.08504211987617594
15.790000000000001,0.0,0.0,0.0,-0.08642324635260638,0.0,0.0,0.0,0.0,0.0,0.2628668848368335,0.0,0.0,-4.951687267823732,0.2628668848368335,0.08498183738984869
15.8,0.0,0.0,0.0,-0.08379457750423805,0.0,0.0,0.0,0.0,0.0,0.26857931820136854,0.0,0.0,-4.801075637074711,0.26857931820136854,0.08491485830975723
15.81,0.0,0.0,0.0,-0.08110878432222436,0.0,0.0,0.0,0.0,0.0,0.27409763803931836,0.0,0.0,-4.647191023100315,0.27409763803931836,0.08484117859891335
15.82,0.0,0.0,0.0,-0.07836780794183118,0.0,0.0,0.0,0.0,0.0,0.2794180411190227,0.0,0.0,-4.490144644758741,0.2794180411190227,0.08476081788180284
15.83,0.0,0.0,0.0,-0.07557362753064095,0.0,0.0,0.0,0.0,0.0,0.28453687955048207,0.0,0.0,-4.330049899999412,0.28453687955048207,0.08467381971739649
15.84,0.0,0.0,0.0,-0.07272825873513614,0.0,0.0,0.0,0.0,0.0,0.289450663230133,0.0,0.0,-4.167022276858764,0.289450663230133,0.08458025175199121
15.85,0.0,0.0,0.0,-0.06983375210283481,0.0,0.0,0.0,0.0,0.0,0.2941560621303461,0.0,0.0,-4.001179263055272,0.2941560621303461,0.08448020575047505
15.860000000000001,0.0,0.0,0.0,-0.06689219148153135,0.0,0.0,0.0,0.0,0.0,0.29864990843184575,0.0,0.0,-3.8326402542727034,0.29864990843184575,0.08437379750532742
15.870000000000001,0.0,0.0,0.0,-0.06390569239721289,0.0,0.0,0.0,0.0,0.0,0.30292919849748007,0.0,0.0,-3.661526461221571,0.30292919849748007,0.08426116662343466
15.88,0.0,0.0,0.0,-0.06087640041223809,0.0,0.0,0.0,0.0,0.0,0.30699109468600455,0.0,0.0,-3.4879608155697075,0.30699109468600455,0.08414247619145852
15.89,0.0,0.0,0.0,-0.057806489465378044,0.0,0.0,0.0,0.0,0.0,0.3108329270047846,0.0,0.0,-3.3120678748336165,0.3108329270047846,0.08401791232129459
15.9,0.0,0.0,0.0,-0.0546981601953302,0.0,0.0,0.0,0.0,0.0,0.3144521946005662,0.0,0.0,-3.133973726322895,0.3144521946005662,0.08388768357779686
15.91,0.0,0.0,0.0,-0.05155363824932454,0.0,0.0,0.0,0.0,0.0,0.31784656708771425,0.0,0.0,-2.953805890230506,0.31784656708771425,0.08375202029167947
15.92,0.0,0.0,0.0,-0.048375172578447395,0.0,0.0,0.0,0.0,0.0,0.3210138857135698,0.0,0.0,-2.771693221962028,0.3210138857135698,0.08361117376117537
15.93,0.0,0.0,0.0,-0.0451650337213117,0.0,0.0,0.0,0.0,0.0,0.3239521643608336,0.0,0.0,-2.587765813797203,0.3239521643608336,0.08346541534664728
15.94,0.0,0.0,0.0,-0.04192551207770336,0.0,0.0,0.0,0.0,0.0,0.3266595903871389,0.0,0.0,-2.4021548959771617,0.3266595903871389,0.08331503546301947
15.950000000000001,0.0,0.0,0.0,-0.03865891617383197,0.0,0.0,0.0,0.0,0.0,0.32913452530223586,0.0,0.0,-2.2149927373106086,0.32913452530223586,0.08316034247542553
15.96,0.0,0.0,0.0,-0.03536757092080961,0.0,0.0,0.0,0.0,0.0,0.3313755052834679,0.0,0.0,-2.0264125453920094,0.3313755052834679,0.08300166150407301
15.97,0.0,0.0,0.0,-0.032053815867974934,0.0,0.0,0.0,0.0,0.0,0.3333812415304768,0.0,0.0,-1.8365483665244313,0.3333812415304768,0.08283933314479458
15.98,0.0,0.0,0.0,-0.028720003452670166,0.0,0.0,0.0,0.0,0.0,0.33515062046033217,0.0,0.0,-1.6455349854391528,0.33515062046033217,0.08267371211224993
15.99,0.0,0.0,0.0,-0.025368497248066845,0.0,0.0,0.0,0.0,0.0,0.3366827037445311,0.0,0.0,-1.4535078249034736,0.3366827037445311,0.08250516581315218
16.0,0.0,0.0,0.0,-0.022001670210621535,0.0,0.0,0.0,0.0,0.0,0.3379767281895691,0.0,0.0,-1.260602845307323,0.3379767281895691,0.08233407285727198
16.01,0.0,0.0,0.0,-0.018621902928725845,0.0,0.0,0.0,0.0,0.0,0.33903210546302603,0.0,0.0,-1.066956444318298,0.33903210546302603,0.08216082151431225
16.02,0.0,0.0,0.0,-0.015231581874095585,0.0,0.0,0.0,0.0,0.0,0.3398484216673545,0.0,0.0,-0.8727053566936419,0.3398484216673545,0.0819858081249883
16.03,0.0,0.0,0.0,-0.01183309765742204,0.0,0.0,0.0,0.0,0.0,0.34042543676379405,0.0,0.0,-0.6779865543364241,0.34042543676379405,0.0818094354749041
16.04,0.0,0.0,0.0,-0.008428843289784098,0.0,0.0,0.0,0.0,0.0,0.34076308384906256,0.0,0.0,-0.4829371466817931,0.34076308384906256,0.0816321111399803
16.05,0.0,0.0,0.0,-0.005021212451293472,0.0,0.0,0.0,0.0,0.0,0.3408614682876992,0.0,0.0,-0.28769428149765436,0.3408614682876992,0.08145424581227069
16.06,0.0,0.0,0.0,-0.00161259776841648,0.0,0.0,0.0,0.0,0.0,0.3407208667031455,0.0,0.0,-0.09239504618247923,0.3407208667031455,0.08127625161511094
16.07,0.0,0.0,0.0,0.0017946108986149748,0.0,0.0,0.0,0.0,0.0,0.3403417258308553,0.0,0.0,0.10282363035881813,0.3403417258308553,0.08109854041652823
16.080000000000002,0.0,0.0,0.0,0.005198028156923528,0.0,0.0,0.0,0.0,0.0,0.3397246612369194,0.0,0.0,0.29782507518188417,0.3397246612369194,0.08092152214978122
16.09,0.0,0.0,0.0,0.008595274769292723,0.0,0.0,0.0,0.0,0.0,0.3388704559058727,0.0,0.0,0.4924729680357554,0.3388704559058727,0.08074560314982165
16.1,0.0,0.0,0.0,0.01198397932835145,0.0,0.0,0.0,0.0,0.0,0.3377800587015254,0.0,0.0,0.6866314372865611,0.3377800587015254,0.0805711845143175
16.11,0.0,0.0,0.0,0.015361779915366705,0.0,0.0,0.0,0.0,0.0,0.33645458270481804,0.0,0.0,0.8801651549593471,0.33645458270481804,0.0803986604976571
16.12,0.0,0.0,0.0,0.018726325742414885,0.0,0.0,0.0,0.0,0.0,0.33489530343285046,0.0,0.0,1.0729394308275608,0.33489530343285046,0.08022841694613261
16.13,0.0,0.0,0.0,0.02207527877674339,0.0,0.0,0.0,0.0,0.0,0.3331036569433658,0.0,0.0,1.2648203054821148,0.3331036569433658,0.08006082978217408
16.14,0.0,0.0,0.0,0.025406315346177048,0.0,0.0,0.0,0.0,0.0,0.3310812378290949,0.0,0.0,1.4556746423143998,0.3310812378290949,0.07989626354520879
16.15,0.0,0.0,0.0,0.028717127724467995,0.0,0.0,0.0,0.0,0.0,0.3288297971064706,0.0,0.0,1.6453702183501417,0.3288297971064706,0.07973506999630842
16.16,0.0,0.0,0.0,0.0320054256955327,0.0,0.0,0.0,0.0,0.0,0.3263512400033161,0.0,0.0,1.833775813873581,0.3263512400033161,0.07957758679337226
16.17,0.0,0.0,0.0,0.03526893809556586,0.0,0.0,0.0,0.0,0.0,0.3236476236501877,0.0,0.0,2.020761300784091,0.3236476236501877,0.07942413624318186
16.18,0.0,0.0,0.0,0.038505414332067736,0.0,0.0,0.0,0.0,0.0,0.3207211546801158,0.0,0.0,2.2061977296300332,0.3207211546801158,0.07927502413611741
16.19,0.0,0.0,0.0,0.0417126258788689,0.0,0.0,0.0,0.0,0.0,0.3175741867415369,0.0,0.0,2.389957415267364,0.3175741867415369,0.07913053866887593
16.2,0.0,0.0,0.0,0.04488836774628427,0.0,0.0,0.0,0.0,0.0,0.31420921792924017,0.0,0.0,2.5719140210932596,0.31420921792924017,0.07899094945994957
16.21,0.0,0.0,0.0,0.04803045992557667,0.0,0.0,0.0,0.0,0.0,0.3106288881381707,0.0,0.0,2.7519426418077773,0.3106288881381707,0.07885650666210353
16.22,0.0,0.0,0.0,0.05113674880695838,0.0,0.0,0.0,0.0,0.0,0.306835976344935,0.0,0.0,2.9299198846593626,0.306835976344935,0.07872744017548233
16.23,0.0,0.0,0.0,0.05420510857040773,0.0,0.0,0.0,0.0,0.0,0.3028333978218392,0.0,0.0,3.1057239491327704,0.3028333978218392,0.07860395896440993
16.240000000000002,0.0,0.0,0.0,0.05723344254862612,0.0,0.0,0.0,0.0,0.0,0.2986242012882655,0.0,0.0,3.2792347050407464,0.2986242012882655,0.07848625048034456
16.25,0.0,0.0,0.0,0.06021968456150877,0.0,0.0,0.0,0.0,0.0,0.2942115660041483,0.0,0.0,3.4503337689835742,0.2942115660041483,0.0783744801928415
16.26,0.0,0.0,0.0,0.06316180022155025,0.0,0.0,0.0,0.0,0.0,0.28959879881025613,0.0,0.0,3.6189045791432974,0.28959879881025613,0.07826879122977394
16.27,0.0,0.0,0.0,0.06605778820965282,0.0,0.0,0.0,0.0,0.0,0.28478933111991556,0.0,0.0,3.784832468382157,0.28478933111991556,0.07816930412743947
16.28,0.0,0.0,0.0,0.06890568152085197,0.0,0.0,0.0,0.0,0.0,0.279786715866727,0.0,0.0,3.9480047356174053,0.279786715866727,0.07807611669061479
16.29,0.0,0.0,0.0,0.07170354867951924,0.0,0.0,0.0,0.0,0.0,0.2745946244127285,0.0,0.0,4.108310715447299,0.2745946244127285,0.07798930396197329
16.3,0.0,0.0,0.0,0.07444949492364653,0.0,0.0,0.0,0.0,0.0,0.26921684342135227,0.0,0.0,4.265641846005593,0.26921684342135227,0.07790891829974575
16.31,0.0,0.0,0.0,0.07714166335786005,0.0,0.0,0.0,0.0,0.0,0.2636572716993967,0.0,0.0,4.419891735024371,0.2636572716993967,0.07783498956190715
16.32,0.0,0.0,0.0,0.07977823607485401,0.0,0.0,0.0,0.0,0.0,0.2579199170121062,0.0,0.0,4.570956224087466,0.2579199170121062,0.07776752539462443
16.330000000000002,0.0,0.0,0.0,0.08235743524497507,0.0,0.0,0.0,0.0,0.0,0.25200889287530576,0.0,0.0,4.718733451059047,0.25200889287530576,0.07770651162217887
16.34,0.0,0.0,0.0,0.08487752417372814,0.0,0.0,0.0,0.0,0.0,0.24592841532838447,0.0,0.0,4.8631239106742425,0.24592841532838447,0.07765191273504313
16.35,0.0,0.0,0.0,0.08733680832701199,0.0,0.0,0.0,0.0,0.0,0.2396827996917606,0.0,0.0,5.004030513280811,0.2396827996917606,0.07760367247235024
16.36,0.0,0.0,0.0,0.0897336363239296,0.0,0.0,0.0,0.0,0.0,0.23327645731228905,0.0,0.0,5.141358641722985,0.23327645731228905,0.07756171449448063
16.37,0.0,0.0,0.0,0.09206640089705248,0.0,0.0,0.0,0.0,0.0,0.22671389229989442,0.0,0.0,5.275016206360563,0.22671389229989442,0.07752594314111692
16.38,0.0,0.0,0.0,0.09433353982005142,0.0,0.0,0.0,0.0,0.0,0.21999969825852742,0.0,0.0,5.4049136982182375,0.21999969825852742,0.07749624426968818
16.39,0.0,0.0,0.0,0.0965335368026367,0.0,0.0,0.0,0.0,0.0,0.21313855501435197,0.0,0.0,5.53096424026189,0.21313855501435197,0.07747248616876726
16.4,0.0,0.0,0.0,0.09866492235278021,0.0,0.0,0.0,0.0,0.0,0.2061352253438739,0.0,0.0,5.653083636800282,0.2061352253438739,0.07745452054068203
16.41,0.0,0.0,0.0,0.10072627460621895,0.0,0.0,0.0,0.0,0.0,0.19899455170452296,0.0,0.0,5.771190421012104,0.19899455170452296,0.07744218354725804
16.42,0.0,0.0,0.0,0.10271622012326419,0.0,0.0,0.0,0.0,0.0,0.19172145296999576,0.0,0.0,5.885205900599774,0.19172145296999576,0.07743529691241309
16.43,0.0,0.0,0.0,0.10463343465296414,0.0,0.0,0.0,0.0,0.0,0.18432092117246318,0.0,0.0,5.99505420157274,0.18432092117246318,0.07743366907505458
16.44,0.0,0.0,0.0,0.10647664386468877,0.0,0.0,0.0,0.0,0.0,0.17679801825353736,0.0,0.0,6.100662310164198,0.17679801825353736,0.07743709638558535
16.45,0.0,0.0,0.0,0.10824462404722415,0.0,0.0,0.0,0.0,0.0,0.16915787282568753,0.0,0.0,6.201960112886244,0.16915787282568753,0.07744536433916446
16.46,0.0,0.0,0.0,0.10993620277548102,0.0,0.0,0.0,0.0,0.0,0.16140567694558625,0.0,0.0,6.29888043472947,0.16140567694558625,0.07745824883876028
16.47,0.0,0.0,0.0,0.11155025954493689,0.0,0.0,0.0,0.0,0.0,0.15354668290066203,0.0,0.0,6.391359075513811,0.15354668290066203,0.07747551748099332
16.48,0.0,0.0,0.0,0.11308572637394351,0.0,0.0,0.0,0.0,0.0,0.14558620000993133,0.0,0.0,6.479334844398226,0.14558620000993133,0.07749693085769822
16.490000000000002,0.0,0.0,0.0,0.11454158837404282,0.0,0.0,0.0,0.0,0.0,0.13752959143998164,0.0,0.0,6.562749592557391,0.13752959143998164,0.0775222438661948
16.5,0.0,0.0,0.0,0.11591688428844264,0.0,0.0,0.0,0.0,0.0,0.12938227103678152,0.0,0.0,6.6415482440340865,0.12938227103678152,0.07755120702124793
16.51,0.0,0.0,0.0,0.11721070699881046,0.0,0.0,0.0,0.0,0.0,0.12114970017380103,0.0,0.0,6.715678824776339,0.12114970017380103,0.07758356776184333
16.52,0.0,0.0,0.0,0.11842220400054847,0.0,0.0,0.0,0.0,0.0,0.11283738461673914,0.0,0.0,6.78509248986868,0.11283738461673914,0.07761907174596089
16.53,0.0,0.0,0.0,0.11955057784671586,0.0,0.0,0.0,0.0,0.0,0.10445087140497485,0.0,0.0,6.849743548967016,0.10445087140497485,0.07765746412673102
16.54,0.0,0.0,0.0,0.1205950865607656,0.0,0.0,0.0,0.0,0.0,0.0959957457496845,0.0,0.0,6.909589489946703,0.0959957457496845,0.07769849080351494
16.55,0.0,0.0,0.0,0.12155504401826245,0.0,0.0,0.0,0.0,0.0,0.08747762794840247,0.0,0.0,6.964591000773382,0.08747762794840247,0.07774189964168579
16.56,0.0,0.0,0.0,0.12242982029774648,0.0,0.0,0.0,0.0,0.0,0.07890217031564387,0.0,0.0,7.014711989605972,0.07890217031564387,0.07778744165512029
16.57,0.0,0.0,0.0,0.12321884200090291,0.0,0.0,0.0,0.0,0.0,0.07027505412905972,0.0,0.0,7.0599196031410605,0.07027505412905972,0.07783487214569666
16.580000000000002,0.0,0.0,0.0,0.12392159254219351,0.0,0.0,0.0,0.0,0.0,0.061601986590455,0.0,0.0,7.100184243207546,0.061601986590455,0.07788395179439306
16.59,0.0,0.0,0.0,0.12453761240809806,0.0,0.0,0.0,0.0,0.0,0.05288869780087055,0.0,0.0,7.135479581620092,0.05288869780087055,0.07793444769890674
16.6,0.0,0.0,0.0,0.12506649938610676,0.0,0.0,0.0,0.0,0.0,0.044140937748810914,0.0,0.0,7.165782573299419,0.044140937748810914,0.07798613435307736
16.61,0.0,0.0,0.0,0.12550790876359486,0.0,0.0,0.0,0.0,0.0,0.035364473310591754,0.0,0.0,7.191073467666984,0.035364473310591754,0.078038794563743
16.62,0.0,0.0,0.0,0.12586155349670078,0.0,0.0,0.0,0.0,0.0,0.026565085261683673,0.0,0.0,7.2113358183209835,0.026565085261683673,0.07809222030107615
16.63,0.0,0.0,0.0,0.12612720434931762,0.0,0.0,0.0,0.0,0.0,0.017748565297844104,0.0,0.0,7.226556490999981,0.017748565297844104,0.07814621347884514
16.64,0.0,0.0,0.0,0.12630469000229608,0.0,0.0,0.0,0.0,0.0,0.008920713064755718,0.0,0.0,7.236725669839769,0.008920713064755718,0.07820058666144955
16.65,0.0,0.0,0.0,0.12639389713294363,0.0,0.0,0.0,0.0,0.0,8.73331948288477e-05,0.0,0.0,7.241836861928347,8.73331948288477e-05,0.07825516369504665
16.66,0.0,0.0,0.0,0.12639477046489192,0.0,0.0,0.0,0.0,0.0,-0.008745767650223038,0.0,0.0,7.241886900163097,-0.008745767650223038,0.07830978026050599
16.67,0.0,0.0,0.0,0.1263073127883897,0.0,0.0,0.0,0.0,0.0,-0.017572455924810944,0.0,0.0,7.236875944413499,-0.017572455924810944,0.07836427628176947
16.68,0.0,0.0,0.0,0.12613158822914158,0.0,0.0,0.0,0.0,0.0,-0.026386262198826525,0.0,0.0,7.2268076688117855,-0.026386262198826525,0.07841847969525952
16.69,0.0,0.0,0.0,0.1258677256071533,0.0,0.0,0.0,0.0,0.0,-0.035180727343070144,0.0,0.0,7.211689454200602,-0.035180727343070144,0.07847220697338751
16.7,0.0,0.0,0.0,0.1255159183337226,0.0,0.0,0.0,0.0,0.0,-0.043949407821019505,0.0,0.0,7.191532382231018,-0.043949407821019505,0.07852526378226497
16.71,0.0,0.0,0.0,0.1250764242555124,0.0,0.0,0.0,0.0,0.0,-0.05268588093249253,0.0,0.0,7.1663512264285805,-0.05268588093249253,0.078577445723682
16.72,0.0,0.0,0.0,0.12454956544618748,0.0,0.0,0.0,0.0,0.0,-0.06138375003674214,0.0,0.0,7.136164440254975,-0.06138375003674214,0.07862853915838172
16.73,0.0,0.0,0.0,0.12393572794582006,0.0,0.0,0.0,0.0,0.0,-0.07003664974985159,0.0,0.0,7.100994142177061,-0.07003664974985159,0.0786783221066777
16.740000000000002,0.0,0.0,0.0,0.12323536144832153,0.0,0.0,0.0,0.0,0.0,-0.07863825111132212,0.0,0.0,7.060866097758036,-0.07863825111132212,0.07872656522192378
16.75,0.0,0.0,0.0,0.12244897893720831,0.0,0.0,0.0,0.0,0.0,-0.08718226671477111,0.0,0.0,7.015809698788349,-0.08718226671477111,0.07877303283179257
16.76,0.0,0.0,0.0,0.1215771562700606,0.0,0.0,0.0,0.0,0.0,-0.09566245579768964,0.0,0.0,6.965857939476947,-0.09566245579768964,0.07881748404187135
16.77,0.0,0.0,0.0,0.12062053171208371,0.0,0.0,0.0,0.0,0.0,-0.10407262928524313,0.0,0.0,6.911047389726303,-0.10407262928524313,0.07885967389557984
16.78,0.0,0.0,0.0,0.11957980541923129,0.0,0.0,0.0,0.0,0.0,-0.1124066547831373,0.0,0.0,6.851418165517562,-0.1124066547831373,0.07889935458401297
16.79,0.0,0.0,0.0,0.11845573887139992,0.0,0.0,0.0,0.0,0.0,-0.12065846151461507,0.0,0.0,6.787013896434985,-0.12065846151461507,0.07893627669893988
16.8,0.0,0.0,0.0,0.11724915425625376,0.0,0.0,0.0,0.0,0.0,-0.12882204519669785,0.0,0.0,6.717881690361693,-0.12882204519669785,0.07897019052182669
16.81,0.0,0.0,0.0,0.11596093380428678,0.0,0.0,0.0,0.0,0.0,-0.13689147285083703,0.0,0.0,6.64407209538155,-0.13689147285083703,0.07900084734146842
16.82,0.0,0.0,0.0,0.11459201907577841,0.0,0.0,0.0,0.0,0.0,-0.14486088754319942,0.0,0.0,6.565639058924724,-0.14486088754319942,0.07902800079258641
16.830000000000002,0.0,0.0,0.0,0.11314341020034642,0.0,0.0,0.0,0.0,0.0,-0.15272451304987297,0.0,0.0,6.482639884197278,-0.15272451304987297,0.07905140820751014
16.84,0.0,0.0,0.0,0.11161616506984769,0.0,0.0,0.0,0.0,0.0,-0.1604766584423474,0.0,0.0,6.395135183937794,-0.1604766584423474,0.07907083197296802
16.85,0.0,0.0,0.0,0.11001139848542421,0.0,0.0,0.0,0.0,0.0,-0.1681117225886989,0.0,0.0,6.303188831546704,-0.1681117225886989,0.0790860408838648
16.86,0.0,0.0,0.0,0.10833028125953723,0.0,0.0,0.0,0.0,0.0,-0.17562419856598746,0.0,0.0,6.206867909636639,-0.17562419856598746,0.07909681148593747
16.87,0.0,0.0,0.0,0.10657403927387735,0.0,0.0,0.0,0.0,0.0,-0.1830086779794624,0.0,0.0,6.106242656054652,-0.1830086779794624,0.07910292939913025
16.88,0.0,0.0,0.0,0.10474395249408272,0.0,0.0,0.0,0.0,0.0,-0.19025985518426344,0.0,0.0,6.001386407429733,-0.19025985518426344,0.07910419061366628
16.89,0.0,0.0,0.0,0.10284135394224009,0.0,0.0,0.0,0.0,0.0,-0.1973725314054049,0.0,0.0,5.8923755403014475,-0.1973725314054049,0.0791004027508436
16.9,0.0,0.0,0.0,0.10086762862818605,0.0,0.0,0.0,0.0,0.0,-0.20434161875193635,0.0,0.0,5.779289409888018,-0.20434161875193635,0.07909138628080187
16.91,0.0,0.0,0.0,0.09882421244066668,0.0,0.0,0.0,0.0,0.0,-0.21116214412128634,0.0,0.0,5.662210286554445,-0.21116214412128634,0.0790769756897001
16.92,0.0,0.0,0.0,0.09671259099945381,0.0,0.0,0.0,0.0,0.0,-0.21782925298991596,0.0,0.0,5.541223290043615,-0.21782925298991596,0.0790570205890318
16.93,0.0,0.0,0.0,0.09453429846955465,0.0,0.0,0.0,0.0,0.0,-0.2243382130865373,0.0,0.0,5.416416321535519,-0.2243382130865373,0.07903138676010854
16.94,0.0,0.0,0.0,0.09229091633868927,0.0,0.0,0.0,0.0,0.0,-0.23068441794428643,0.0,0.0,5.287879993601868,-0.23068441794428643,0.07899995712710972
16.95,0.0,0.0,0.0,0.0899840721592464,0.0,0.0,0.0,0.0,0.0,-0.236863390328383,0.0,0.0,5.155707558125472,-0.236863390328383,0.0789626326525226
16.96,0.0,0.0,0.0,0.08761543825596257,0.0,0.0,0.0,0.0,0.0,-0.24287078553595945,0.0,0.0,5.019994832255709,-0.24287078553595945,0.07891933314920546
16.97,0.0,0.0,0.0,0.08518673040060298,0.0,0.0,0.0,0.0,0.0,-0.24870239456489915,0.0,0.0,4.8808401224733355,-0.24870239456489915,0.078869998003826
16.98,0.0,0.0,0.0,0.08269970645495399,0.0,0.0,0.0,0.0,0.0,-0.25435414714868876,0.0,0.0,4.738344146839674,-0.25435414714868876,0.0788145868069219
16.990000000000002,0.0,0.0,0.0,0.0801561649834671,0.0,0.0,0.0,0.0,0.0,-0.259822114654462,0.0,0.0,4.592609955506981,-0.259822114654462,0.07875307988540384
17.0,0.0,0.0,0.0,0.07755794383692248,0.0,0.0,0.0,0.0,0.0,-0.26510251284159125,0.0,0.0,4.443742849568332,-0.26510251284159125,0.07868547873386256
17.01,0.0,0.0,0.0,0.07490691870850656,0.0,0.0,0.0,0.0,0.0,-0.2701917044783707,0.0,0.0,4.291850298326973,-0.2701917044783707,0.07861180634167052
17.02,0.0,0.0,0.0,0.07220500166372286,0.0,0.0,0.0,0.0,0.0,-0.2750862018145273,0.0,0.0,4.137041855066407,-0.2750862018145273,0.0785321074134715
17.03,0.0,0.0,0.0,0.06945413964557759,0.0,0.0,0.0,0.0,0.0,-0.2797826689074959,0.0,0.0,3.9794290714038434,-0.2797826689074959,0.07844644848129247
17.04,0.0,0.0,0.0,0.06665631295650264,0.0,0.0,0.0,0.0,0.0,-0.2842779238006012,0.0,0.0,3.8191254103107877,-0.2842779238006012,0.07835491790713624
17.05,0.0,0.0,0.0,0.06381353371849663,0.0,0.0,0.0,0.0,0.0,-0.2885689405515003,0.0,0.0,3.656246157885627,-0.2885689405515003,0.07825762577559439
17.06,0.0,0.0,0.0,0.06092784431298163,0.0,0.0,0.0,0.0,0.0,-0.2926528511094581,0.0,0.0,3.490908333964002,-0.2926528511094581,0.07815470367662963
17.07,0.0,0.0,0.0,0.05800131580188705,0.0,0.0,0.0,0.0,0.0,-0.2965269470402484,0.0,0.0,3.3232306016535778,-0.2965269470402484,0.07804630437937618
17.080000000000002,0.0,0.0,0.0,0.05503604633148457,0.0,0.0,0.0,0.0,0.0,-0.30018868109770097,0.0,0.0,3.153333175880523,-0.30018868109770097,0.07793260139839495
17.09,0.0,0.0,0.0,0.05203415952050756,0.0,0.0,0.0,0.0,0.0,-0.30363566864114605,0.0,0.0,2.981337731035554,-0.30363566864114605,0.07781378845449335
17.1,0.0,0.0,0.0,0.0489978028340961,0.0,0.0,0.0,0.0,0.0,-0.3068656888982397,0.0,0.0,2.80736730780785,-0.3068656888982397,0.07769007883282425
17.11,0.0,0.0,0.0,0.0459291459451137,0.0,0.0,0.0,0.0,0.0,-0.3098766860728916,0.0,0.0,2.6315462192954135,-0.3098766860728916,0.07756170464156306
17.12,0.0,0.0,0.0,0.042830379084384786,0.0,0.0,0.0,0.0,0.0,-0.3126667702982548,0.0,0.0,2.4539999564806436,-0.3126667702982548,0.07742891597505616
17.13,0.0,0.0,0.0,0.03970371138140224,0.0,0.0,0.0,0.0,0.0,-0.3152342184349756,0.0,0.0,2.27485509315988,-0.3152342184349756,0.07729197998588194
17.14,0.0,0.0,0.0,0.036551369197052486,0.0,0.0,0.0,0.0,0.0,-0.31757747471514414,0.0,0.0,2.094239190415588,-0.31757747471514414,0.07715117987076317
17.150000000000002,0.0,0.0,0.0,0.03337559444990104,0.0,0.0,0.0,0.0,0.0,-0.3196951512326247,0.0,0.0,1.9122807007195841,-0.3196951512326247,0.07700681377579874
17.16,0.0,0.0,0.0,0.030178642937574794,0.0,0.0,0.0,0.0,0.0,-0.32158602828068533,0.0,0.0,1.7291088717553245,-0.32158602828068533,0.076859193626882
17.17,0.0,0.0,0.0,0.02696278265476794,0.0,0.0,0.0,0.0,0.0,-0.3232490545380829,0.0,0.0,1.5448536500467442,-0.3232490545380829,0.07670864389164
17.18,0.0,0.0,0.0,0.02373029210938711,0.0,0.0,0.0,0.0,0.0,-0.32468334710499613,0.0,0.0,1.3596455844804811,-0.32468334710499613,0.07655550027955892
17.19,0.0,0.0,0.0,0.02048345863833715,0.0,0.0,0.0,0.0,0.0,-0.3258881913904299,0.0,0.0,1.1736157298075067,-0.3258881913904299,0.07640010838731855
17.2,0.0,0.0,0.0,0.017224576724432852,0.0,0.0,0.0,0.0,0.0,-0.32686304085294254,0.0,0.0,0.9868955502092744,-0.32686304085294254,0.0762428222966198
17.21,0.0,0.0,0.0,0.013955946315903427,0.0,0.0,0.0,0.0,0.0,-0.32760751659677123,0.0,0.0,0.7996168230124163,-0.32760751659677123,0.07608400313205953
17.22,0.0,0.0,0.0,0.010679871149935714,0.0,0.0,0.0,0.0,0.0,-0.328121406825647,0.0,0.0,0.6119115426348456,-0.328121406825647,0.07592401758677077
17.23,0.0,0.0,0.0,0.0073986570816792436,0.0,0.0,0.0,0.0,0.0,-0.3284046661568024,0.0,0.0,0.42391182484479906,-0.3284046661568024,0.07576323642371632
17.240000000000002,0.0,0.0,0.0,0.0041146104201112196,0.0,0.0,0.0,0.0,0.0,-0.3284574147978791,0.0,0.0,0.23574981141292348,-0.3284574147978791,0.07560203296058642
17.25,0.0,0.0,0.0,0.0008300362721324287,0.0,0.0,0.0,0.0,0.0,-0.3282799375896368,0.0,0.0,0.04755757523596043,-0.3282799375896368,0.07544078154635049
17.26,0.0,0.0,0.0,-0.0024527631037639394,0.0,0.0,0.0,0.0,0.0,-0.32787268291755467,0.0,0.0,-0.14053297399108214,-0.32787268291755467,0.07527985603746068
17.27,0.0,0.0,0.0,-0.005731489932939486,0.0,0.0,0.0,0.0,0.0,-0.3272362614955918,0.0,0.0,-0.3283901834791518,-0.3272362614955918,0.07511962828169333
17.28,0.0,0.0,0.0,-0.009003852547895404,0.0,0.0,0.0,0.0,0.0,-0.32637144502554316,0.0,0.0,-0.5158827503525195,-0.32637144502554316,0.07496046661750128
17.29,0.0,0.0,0.0,-0.012267566998150835,0.0,0.0,0.0,0.0,0.0,-0.3252791647355834,0.0,0.0,-0.7028798138880155,-0.3252791647355834,0.07480273439661377
17.3,0.0,0.0,0.0,-0.015520358645506669,0.0,0.0,0.0,0.0,0.0,-0.32396050980173835,0.0,0.0,-0.8892510469169111,-0.32396050980173835,0.07464678853745757
17.31,0.0,0.0,0.0,-0.018759963743524052,0.0,0.0,0.0,0.0,0.0,-0.3224167256561583,0.0,0.0,-1.0748667463223727,-0.3224167256561583,0.0744929781166909
17.32,0.0,0.0,0.0,-0.021984131000085637,0.0,0.0,0.0,0.0,0.0,-0.3206492121861887,0.0,0.0,-1.2595979225676246,-0.3206492121861887,0.07434164300594728
17.330000000000002,0.0,0.0,0.0,-0.025190623121947524,0.0,0.0,0.0,0.0,0.0,-0.3186595218283452,0.0,0.0,-1.4433163881922588,-0.3186595218283452,0.07419311256051414
17.34,0.0,0.0,0.0,-0.028377218340230978,0.0,0.0,0.0,0.0,0.0,-0.31644935756139697,0.0,0.0,-1.62589484521647,-0.31644935756139697,0.07404770436636343
17.35,0.0,0.0,0.0,-0.03154171191584495,0.0,0.0,0.0,0.0,0.0,-0.3140205708028445,0.0,0.0,-1.8072069713954135,-0.3140205708028445,0.07390572305158073
17.36,0.0,0.0,0.0,-0.03468191762387339,0.0,0.0,0.0,0.0,0.0,-0.3113751592131504,0.0,0.0,-1.9871275052683337,-0.3113751592131504,0.07376745916778685
17.37,0.0,0.0,0.0,-0.03779566921600489,0.0,0.0,0.0,0.0,0.0,-0.30851526441213717,0.0,0.0,-2.165532329949609,-0.30851526441213717,0.07363318814677278
17.38,0.0,0.0,0.0,-0.04088082186012626,0.0,0.0,0.0,0.0,0.0,-0.30544316961200924,0.0,0.0,-2.34229855561139,-0.30544316961200924,0.07350316933705685
17.39,0.0,0.0,0.0,-0.043935253556246355,0.0,0.0,0.0,0.0,0.0,-0.3021612971714853,0.0,0.0,-2.517304600610057,-0.3021612971714853,0.07337764512461166
17.400000000000002,0.0,0.0,0.0,-0.04695686652796121,0.0,0.0,0.0,0.0,0.0,-0.29867220607554296,0.0,0.0,-2.690430271211301,-0.29867220607554296,0.07325684014150916
17.41,0.0,0.0,0.0,-0.04994358858871664,0.0,0.0,0.0,0.0,0.0,-0.2949785893452772,0.0,0.0,-2.861556839871203,-0.2949785893452772,0.07314096056570954
17.42,0.0,0.0,0.0,-0.052893374482169415,0.0,0.0,0.0,0.0,0.0,-0.2910832713823641,0.0,0.0,-3.0305671220332737,-0.2910832713823641,0.07303019351468015
17.43,0.0,0.0,0.0,-0.05580420719599306,0.0,0.0,0.0,0.0,0.0,-0.2869892052525933,0.0,0.0,-3.19734555140398,-0.2869892052525933,0.07292470653502388
17.44,0.0,0.0,0.0,-0.05867409924851899,0.0,0.0,0.0,0.0,0.0,-0.2826994699128939,0.0,0.0,-3.3617782536718535,-0.2826994699128939,0.07282464718970412
17.45,0.0,0.0,0.0,-0.06150109394764793,0.0,0.0,0.0,0.0,0.0,-0.2782172673862272,0.0,0.0,-3.5237531186377975,-0.2782172673862272,0.07273014274396652
17.46,0.0,0.0,0.0,-0.06428326662151021,0.0,0.0,0.0,0.0,0.0,-0.2735459198886525,0.0,0.0,-3.6831598707267332,-0.2735459198886525,0.07264129995044678
17.47,0.0,0.0,0.0,-0.06701872582039674,0.0,0.0,0.0,0.0,0.0,-0.26868886691279686,0.0,0.0,-3.839890137853169,-0.26868886691279686,0.07255820493347884
17.48,0.0,0.0,0.0,-0.06970561448952471,0.0,0.0,0.0,0.0,0.0,-0.263649662271869,0.0,0.0,-3.9938375186157242,-0.263649662271869,0.07248092317202251
17.490000000000002,0.0,0.0,0.0,-0.0723421111122434,0.0,0.0,0.0,0.0,0.0,-0.25843197110825783,0.0,0.0,-4.144897647798,-0.25843197110825783,0.07240949958015741
17.5,0.0,0.0,0.0,-0.07492643082332598,0.0,0.0,0.0,0.0,0.0,-0.253039566870644,0.0,0.0,-4.292968260155501,-0.253039566870644,0.0723439586835407
17.51,0.0,0.0,0.0,-0.07745682649203242,0.0,0.0,0.0,0.0,0.0,-0.2474763282634311,0.0,0.0,-4.437949252470563,-0.2474763282634311,0.07228430488974191
17.52,0.0,0.0,0.0,-0.07993158977466673,0.0,0.0,0.0,0.0,0.0,-0.24174623617217267,0.0,0.0,-4.579742743859451,-0.24174623617217267,0.07223052284991818
17.53,0.0,0.0,0.0,-0.08234905213638846,0.0,0.0,0.0,0.0,0.0,-0.2358533705685294,0.0,0.0,-4.718253134317834,-0.2358533705685294,0.0721825779087733
17.54,0.0,0.0,0.0,-0.08470758584207376,0.0,0.0,0.0,0.0,0.0,-0.22980190739814388,0.0,0.0,-4.853387161492952,-0.22980190739814388,0.07214041663938034
17.55,0.0,0.0,0.0,-0.0870056049160552,0.0,0.0,0.0,0.0,0.0,-0.2235961154546625,0.0,0.0,-4.98505395567265,-0.2235961154546625,0.07210396745899078
17.56,0.0,0.0,0.0,-0.08924156607060182,0.0,0.0,0.0,0.0,0.0,-0.2172403532429725,0.0,0.0,-5.113165092983371,-0.2172403532429725,0.07207314132158595
17.57,0.0,0.0,0.0,-0.09141396960303155,0.0,0.0,0.0,0.0,0.0,-0.21073906583455226,0.0,0.0,-5.237634646790905,-0.21073906583455226,0.07204783248256717
17.580000000000002,0.0,0.0,0.0,-0.09352136026137707,0.0,0.0,0.0,0.0,0.0,-0.2040967817176586,0.0,0.0,-5.3583792372994,-0.2040967817176586,0.07202791933066845
17.59,0.0,0.0,0.0,-0.09556232807855365,0.0,0.0,0.0,0.0,0.0,-0.19731810964489685,0.0,0.0,-5.475318079345646,-0.19731810964489685,0.07201326528186616
17.6,0.0,0.0,0.0,-0.09753550917500262,0.0,0.0,0.0,0.0,0.0,-0.19040773548053608,0.0,0.0,-5.588373028387168,-0.19040773548053608,0.07200371972980199
17.61,0.0,0.0,0.0,-0.09943958652980797,0.0,0.0,0.0,0.0,0.0,-0.1833704190497474,0.0,0.0,-5.697468624683949,-0.1833704190497474,0.0719991190470225
17.62,0.0,0.0,0.0,-0.10127329072030544,0.0,0.0,0.0,0.0,0.0,-0.17621099099175533,0.0,0.0,-5.802532135674907,-0.17621099099175533,0.07199928763111421
17.63,0.0,0.0,0.0,-0.103035400630223,0.0,0.0,0.0,0.0,0.0,-0.1689343496187043,0.0,0.0,-5.90349359655136,-0.1689343496187043,0.07200403898968688
17.64,0.0,0.0,0.0,-0.10472474412641004,0.0,0.0,0.0,0.0,0.0,-0.16154545778185353,0.0,0.0,-6.000285849030753,-0.16154545778185353,0.07201317685799895
17.650000000000002,0.0,0.0,0.0,-0.10634019870422858,0.0,0.0,0.0,0.0,0.0,-0.15404933974652454,0.0,0.0,-6.092844578334843,-0.15404933974652454,0.07202649634295574
17.66,0.0,0.0,0.0,-0.10788069210169382,0.0,0.0,0.0,0.0,0.0,-0.14645107807703953,0.0,0.0,-6.1811083483773706,-0.14645107807703953,0.07204378508713737
17.67,0.0,0.0,0.0,-0.10934520288246422,0.0,0.0,0.0,0.0,0.0,-0.1387558105327026,0.0,0.0,-6.265018635166923,-0.1387558105327026,0.07206482444649338
17.68,0.0,0.0,0.0,-0.11073276098779124,0.0,0.0,0.0,0.0,0.0,-0.13096872697569484,0.0,0.0,-6.3445198584313305,-0.13096872697569484,0.0720893906753597
17.69,0.0,0.0,0.0,-0.11204244825754818,0.0,0.0,0.0,0.0,0.0,-0.1230950662915743,0.0,0.0,-6.4195594114704155,-0.1230950662915743,0.07211725611250015
17.7,0.0,0.0,0.0,-0.11327339892046392,0.0,0.0,0.0,0.0,0.0,-0.11514011332289899,0.0,0.0,-6.4900876892443184,-0.11514011332289899,0.07214819036192524
17.71,0.0,0.0,0.0,-0.11442480005369292,0.0,0.0,0.0,0.0,0.0,-0.10710919581632052,0.0,0.0,-6.5560581147049195,-0.10710919581632052,0.07218196146241188
17.72,0.0,0.0,0.0,-0.11549589201185613,0.0,0.0,0.0,0.0,0.0,-0.09900768138333317,0.0,0.0,-6.617427163378075,-0.09900768138333317,0.07221833703970827
17.73,0.0,0.0,0.0,-0.11648596882568946,0.0,0.0,0.0,0.0,0.0,-0.09084097447470581,0.0,0.0,-6.674154386204484,-0.09084097447470581,0.07225708543565398
17.740000000000002,0.0,0.0,0.0,-0.11739437857043651,0.0,0.0,0.0,0.0,0.0,-0.08261451336847368,0.0,0.0,-6.726202430647047,-0.08261451336847368,0.0722979768085885
17.75,0.0,0.0,0.0,-0.11822052370412124,0.0,0.0,0.0,0.0,0.0,-0.07433376717122502,0.0,0.0,-6.773537060072453,-0.07433376717122502,0.07234078419968683
17.76,0.0,0.0,0.0,-0.1189638613758335,0.0,0.0,0.0,0.0,0.0,-0.0660042328322823,0.0,0.0,-6.816127171414646,-0.0660042328322823,0.07238528456008954
17.77,0.0,0.0,0.0,-0.11962390370415632,0.0,0.0,0.0,0.0,0.0,-0.05763143217025304,0.0,0.0,-6.8539448111275325,-0.05763143217025304,0.07243125973397173
17.78,0.0,0.0,0.0,-0.12020021802585885,0.0,0.0,0.0,0.0,0.0,-0.049220908911307856,0.0,0.0,-6.886965189434032,-0.049220908911307856,0.0724784973930164
17.79,0.0,0.0,0.0,-0.12069242711497194,0.0,0.0,0.0,0.0,0.0,-0.040778225738436896,0.0,0.0,-6.9151666928781905,-0.040778225738436896,0.07252679191803897
17.8,0.0,0.0,0.0,-0.12110020937235631,0.0,0.0,0.0,0.0,0.0,-0.032308961350838855,0.0,0.0,-6.9385308951866325,-0.032308961350838855,0.07257594522389127
17.81,0.0,0.0,0.0,-0.12142329898586471,0.0,0.0,0.0,0.0,0.0,-0.023818707532510364,0.0,0.0,-6.9570425664451765,-0.023818707532510364,0.07262576752408974
17.82,0.0,0.0,0.0,-0.12166148606118982,0.0,0.0,0.0,0.0,0.0,-0.015313066229027691,0.0,0.0,-6.9706896805958705,-0.015313066229027691,0.07267607803200568
17.830000000000002,0.0,0.0,0.0,-0.1218146167234801,0.0,0.0,0.0,0.0,0.0,-0.006797646631448164,0.0,0.0,-6.979463421259146,-0.006797646631448164,0.07272670559583722
17.84,0.0,0.0,0.0,-0.12188259318979458,0.0,0.0,0.0,0.0,0.0,0.0017219377337947765,0.0,0.0,-6.983358185885179,0.0017219377337947765,0.07277748926495842
17.85,0.0,0.0,0.0,-0.12186537381245663,0.0,0.0,0.0,0.0,0.0,0.010240059202729886,0.0,0.0,-6.982371588237871,0.010240059202729886,0.07282827860350141
17.86,0.0,0.0,0.0,-0.12176297322042932,0.0,0.0,0.0,0.0,0.0,0.01875068031887243,0.0,0.0,-6.976504466495066,0.01875068031887243,0.07287892304566718
17.87,0.0,0.0,0.0,-0.1215754664172406,0.0,0.0,0.0,0.0,0.0,0.02724757152938962,0.0,0.0,-6.965761118042361,0.02724757152938962,0.07292926087066913
17.88,0.0,0.0,0.0,-0.1213029907019467,0.0,0.0,0.0,0.0,0.0,0.03572451427353141,0.0,0.0,-6.950149409536213,0.03572451427353141,0.0729791202211077
17.89,0.0,0.0,0.0,-0.12094574555921138,0.0,0.0,0.0,0.0,0.0,0.044175306027987804,0.0,0.0,-6.9296807706059305,0.044175306027987804,0.07302831972306627
17.900000000000002,0.0,0.0,0.0,-0.1205039924989315,0.0,0.0,0.0,0.0,0.0,0.052593765336451576,0.0,0.0,-6.904370184664905,0.052593765336451576,0.07307666918135101
17.91,0.0,0.0,0.0,-0.11997805484556698,0.0,0.0,0.0,0.0,0.0,0.06097373681845016,0.0,0.0,-6.874236176840104,0.06097373681845016,0.07312397034669024
17.92,0.0,0.0,0.0,-0.11936831747738248,0.0,0.0,0.0,0.0,0.0,0.06930909615253032,0.0,0.0,-6.839300799031718,0.06930909615253032,0.07317001775121455
17.93,0.0,0.0,0.0,-0.11867522651585719,0.0,0.0,0.0,0.0,0.0,0.07759375502890285,0.0,0.0,-6.7995896121176544,0.07759375502890285,0.07321459960805109
17.94,0.0,0.0,0.0,-0.11789928896556816,0.0,0.0,0.0,0.0,0.0,0.08582166606668219,0.0,0.0,-6.755131665320373,0.08582166606668219,0.07325749877040227
17.95,0.0,0.0,0.0,-0.11704107230490134,0.0,0.0,0.0,0.0,0.0,0.09398682769088736,0.0,0.0,-6.705959472756353,0.09398682769088736,0.07329849374503786
17.96,0.0,0.0,0.0,-0.11610120402799247,0.0,0.0,0.0,0.0,0.0,0.1020832889644063,0.0,0.0,-6.652108987191242,0.1020832889644063,0.07333735975473481
17.97,0.0,0.0,0.0,-0.1150803711383484,0.0,0.0,0.0,0.0,0.0,0.11010515437016588,0.0,0.0,-6.593619571026493,0.11010515437016588,0.07337386984383089
17.98,0.0,0.0,0.0,-0.11397931959464674,0.0,0.0,0.0,0.0,0.0,0.11804658853879378,0.0,0.0,-6.530533964546024,0.11804658853879378,0.07340779602071468
17.990000000000002,0.0,0.0,0.0,-0.11279885370925881,0.0,0.0,0.0,0.0,0.0,0.1259018209171079,0.0,0.0,-6.462898251454121,0.1259018209171079,0.07343891043079108
18.0,0.0,0.0,0.0,-0.11153983550008773,0.0,0.0,0.0,0.0,0.0,0.13366515037282234,0.0,0.0,-6.390761821738499,0.13366515037282234,0.0734669865532038
18.01,0.0,0.0,0.0,-0.1102031839963595,0.0,0.0,0.0,0.0,0.0,0.1413309497309178,0.0,0.0,-6.314177331895056,0.1413309497309178,0.07349180041438413
18.02,0.0,0.0,0.0,-0.10878987449905032,0.0,0.0,0.0,0.0,0.0,0.14889367023718805,0.0,0.0,-6.233200662553484,0.14889367023718805,0.07351313181134128
18.03,0.0,0.0,0.0,-0.10730093779667844,0.0,0.0,0.0,0.0,0.0,0.1563478459445432,0.0,0.0,-6.14789087354545,0.1563478459445432,0.07353076553746926
18.04,0.0,0.0,0.0,-0.10573745933723301,0.0,0.0,0.0,0.0,0.0,0.1636880980177255,0.0,0.0,-6.05831015645961,0.1636880980177255,0.07354449260359681
18.05,0.0,0.0,0.0,-0.10410057835705576,0.0,0.0,0.0,0.0,0.0,0.1709091389521734,0.0,0.0,-5.964523784730217,0.1709091389521734,0.07355411144696485
18.06,0.0,0.0,0.0,-0.10239148696753403,0.0,0.0,0.0,0.0,0.0,0.1780057767028566,0.0,0.0,-5.866600061308472,0.1780057767028566,0.07355942912083929
18.07,0.0,0.0,0.0,-0.10061142920050546,0.0,0.0,0.0,0.0,0.0,0.18497291871899635,0.0,0.0,-5.764610263968254,0.18497291871899635,0.07356026245754495
18.080000000000002,0.0,0.0,0.0,-0.0987617000133155,0.0,0.0,0.0,0.0,0.0,0.1918055758806855,0.0,0.0,-5.658628588300104,0.1918055758806855,0.07355643919781224
18.09,0.0,0.0,0.0,-0.09684364425450864,0.0,0.0,0.0,0.0,0.0,0.19849886633352654,0.0,0.0,-5.548732088449709,0.19849886633352654,0.07354779907949927
18.1,0.0,0.0,0.0,-0.09485865559117337,0.0,0.0,0.0,0.0,0.0,0.20504801921751853,0.0,0.0,-5.435000615659283,0.20504801921751853,0.07353419487896005
18.11,0.0,0.0,0.0,-0.09280817539899819,0.0,0.0,0.0,0.0,0.0,0.21144837828654223,0.0,0.0,-5.3175167546724715,0.21144837828654223,0.0735154933985687
18.12,0.0,0.0,0.0,-0.09069369161613276,0.0,0.0,0.0,0.0,0.0,0.21769540541491755,0.0,0.0,-5.196365758065426,0.21769540541491755,0.07349157639422192
18.13,0.0,0.0,0.0,-0.08851673756198358,0.0,0.0,0.0,0.0,0.0,0.22378468398763998,0.0,0.0,-5.071635478568783,0.22378468398763998,0.07346234143697078
18.14,0.0,0.0,0.0,-0.08627889072210718,0.0,0.0,0.0,0.0,0.0,0.2297119221710414,0.0,0.0,-4.943416299447177,0.2297119221710414,0.07342770270329166
18.150000000000002,0.0,0.0,0.0,-0.08398177150039676,0.0,0.0,0.0,0.0,0.0,0.23547295606076632,0.0,0.0,-4.811801063004793,0.23547295606076632,0.07338759168893522
18.16,0.0,0.0,0.0,-0.0816270419397891,0.0,0.0,0.0,0.0,0.0,0.2410637527041076,0.0,0.0,-4.676884997287281,0.2410637527041076,0.07334195784172443
18.17,0.0,0.0,0.0,-0.07921640441274803,0.0,0.0,0.0,0.0,0.0,0.24648041299390436,0.0,0.0,-4.538765641051973,0.24648041299390436,0.0732907691091319
18.18,0.0,0.0,0.0,-0.07675160028280899,0.0,0.0,0.0,0.0,0.0,0.25171917443137154,0.0,0.0,-4.397542767080051,0.25171917443137154,0.07323401239699312
18.19,0.0,0.0,0.0,-0.07423440853849528,0.0,0.0,0.0,0.0,0.0,0.25677641375540244,0.0,0.0,-4.253318303905701,0.25677641375540244,0.0731716939361995
18.2,0.0,0.0,0.0,-0.07166664440094125,0.0,0.0,0.0,0.0,0.0,0.2616486494360647,0.0,0.0,-4.106196256038806,0.2616486494360647,0.07310383955478214
18.21,0.0,0.0,0.0,-0.0690501579065806,0.0,0.0,0.0,0.0,0.0,0.2663325440301944,0.0,0.0,-3.9562826227589603,0.2663325440301944,0.07303049485333925
18.22,0.0,0.0,0.0,-0.06638683246627866,0.0,0.0,0.0,0.0,0.0,0.2708249063971843,0.0,0.0,-3.803685315559837,0.2708249063971843,0.07295172528233707
18.23,0.0,0.0,0.0,-0.06367858340230682,0.0,0.0,0.0,0.0,0.0,0.27512269377325727,0.0,0.0,-3.6485140743239954,0.27512269377325727,0.07286761612039538
18.240000000000002,0.0,0.0,0.0,-0.06092735646457425,0.0,0.0,0.0,0.0,0.0,0.27922301370271807,0.0,0.0,-3.490880382309217,0.27922301370271807,0.07277827235323776
18.25,0.0,0.0,0.0,-0.05813512632754707,0.0,0.0,0.0,0.0,0.0,0.28312312582488175,0.0,0.0,-3.330897380028324,0.28312312582488175,0.072683818453585
18.26,0.0,0.0,0.0,-0.05530389506929825,0.0,0.0,0.0,0.0,0.0,0.2868204435155869,0.0,0.0,-3.168679778105153,0.2868204435155869,0.07258439806285875
18.27,0.0,0.0,0.0,-0.052435690634142385,0.0,0.0,0.0,0.0,0.0,0.29031253538241647,0.0,0.0,-3.004343769190018,0.29031253538241647,0.07248017357610843
18.28,0.0,0.0,0.0,-0.04953256528031822,0.0,0.0,0.0,0.0,0.0,0.2935971266129653,0.0,0.0,-2.8380069390184697,0.2935971266129653,0.07237132563217699
18.29,0.0,0.0,0.0,-0.046596594014188565,0.0,0.0,0.0,0.0,0.0,0.2966721001757132,0.0,0.0,-2.6697881766975597,0.2966721001757132,0.0722580525116378
18.3,0.0,0.0,0.0,-0.04362987301243143,0.0,0.0,0.0,0.0,0.0,0.29953549787328587,0.0,0.0,-2.499807584304052,0.29953549787328587,0.07214056944560146
18.31,0.0,0.0,0.0,-0.04063451803369857,0.0,0.0,0.0,0.0,0.0,0.30218552124810616,0.0,0.0,-2.3281863858791607,0.30218552124810616,0.07201910783898158
18.32,0.0,0.0,0.0,-0.03761266282121751,0.0,0.0,0.0,0.0,0.0,0.30462053234066666,0.0,0.0,-2.1550468359043875,0.30462053234066666,0.07189391441229732
18.330000000000002,0.0,0.0,0.0,-0.03456645749781084,0.0,0.0,0.0,0.0,0.0,0.30683905430087555,0.0,0.0,-1.9805121273429014,0.30683905430087555,0.07176525026657736
18.34,0.0,0.0,0.0,-0.03149806695480209,0.0,0.0,0.0,0.0,0.0,0.30883977185315387,0.0,0.0,-1.8047062993306449,0.30883977185315387,0.07163338987633774
18.35,0.0,0.0,0.0,-0.02840966923627055,0.0,0.0,0.0,0.0,0.0,0.3106215316161841,0.0,0.0,-1.6277541446009554,0.3106215316161841,0.0714986200160182
18.36,0.0,0.0,0.0,-0.025303453920108708,0.0,0.0,0.0,0.0,0.0,0.3121833422784323,0.0,0.0,-1.449781116725987,0.3121833422784323,0.0713612386256155
18.37,0.0,0.0,0.0,-0.022181620497324386,0.0,0.0,0.0,0.0,0.0,0.3135243746307831,0.0,0.0,-1.2709132372575656,0.3135243746307831,0.07122155362161728
18.38,0.0,0.0,0.0,-0.019046376751016555,0.0,0.0,0.0,0.0,0.0,0.31464396145784285,0.0,0.0,-1.0912770028493417,0.31464396145784285,0.0710798816595739
18.39,0.0,0.0,0.0,-0.015899937136438128,0.0,0.0,0.0,0.0,0.0,0.3155415972896777,0.0,0.0,-0.9109992924412285,0.3155415972896777,0.07093654685494533
18.400000000000002,0.0,0.0,0.0,-0.01274452116354135,0.0,0.0,0.0,0.0,0.0,0.3162169380159585,0.0,0.0,-0.7302072745860766,0.3162169380159585,0.07079187946905605
18.41,0.0,0.0,0.0,-0.009582351783381765,0.0,0.0,0.0,0.0,0.0,0.31666980036468734,0.0,0.0,-0.5490283149974328,0.31666980036468734,0.0706462145671338
18.42,0.0,0.0,0.0,-0.0064156537797348916,0.0,0.0,0.0,0.0,0.0,0.3169001612478729,0.0,0.0,-0.3675898843959636,0.3169001612478729,0.07049989065557966
18.43,0.0,0.0,0.0,-0.0032466521672561625,0.0,0.0,0.0,0.0,0.0,0.3169081569767122,0.0,0.0,-0.18601946673077996,0.3169081569767122,0.07035324830564625
18.44,0.0,0.0,0.0,-7.757059748904034e-05,0.0,0.0,0.0,0.0,0.0,0.31669408234901514,0.0,0.0,-0.004444467850430113,0.31669408234901514,0.07020662877077373
18.45,0.0,0.0,0.0,0.003089370226001111,0.0,0.0,0.0,0.0,0.0,0.3162583896117811,0.0,0.0,0.17700787530324097,0.3162583896117811,0.0700603726048215
18.46,0.0,0.0,0.0,0.006251954122118922,0.0,0.0,0.0,0.0,0.0,0.31560168730200056,0.0,0.0,0.35821058490683194,0.31560168730200056,0.06991481828836878
18.47,0.0,0.0,0.0,0.009407970995138928,0.0,0.0,0.0,0.0,0.0,0.31472473896890857,0.0,0.0,0.5390370318029537,0.31472473896890857,0.06977030087018647
18.48,0.0,0.0,0.0,0.012555218384828013,0.0,0.0,0.0,0.0,0.0,0.3136284617810622,0.0,0.0,0.7193610243157034,0.3136284617810622,0.06962715063083819
18.490000000000002,0.0,0.0,0.0,0.015691503002638635,0.0,0.0,0.0,0.0,0.0,0.31231392502174643,0.0,0.0,0.8990568962680524,0.31231392502174643,0.0694856917752037
18.5,0.0,0.0,0.0,0.0188146422528561,0.0,0.0,0.0,0.0,0.0,0.31078234847633845,0.0,0.0,1.0779995941371656,0.31078234847633845,0.06934624116050979
18.51,0.0,0.0,0.0,0.021922465737619485,0.0,0.0,0.0,0.0,0.0,0.30903510071537,0.0,0.0,1.2560647632857476,0.30903510071537,0.06920910706619941
18.52,0.0,0.0,0.0,0.025012816744773184,0.0,0.0,0.0,0.0,0.0,0.30707369727712924,0.0,0.0,1.433128833209658,0.30707369727712924,0.06907458801169572
18.53,0.0,0.0,0.0,0.028083553717544476,0.0,0.0,0.0,0.0,0.0,0.30489979875373163,0.0,0.0,1.6090691017442318,0.30489979875373163,0.06894297162780827
18.54,0.0,0.0,0.0,0.031132551705081793,0.0,0.0,0.0,0.0,0.0,0.30251520878466526,0.0,0.0,1.7837638181740014,0.30251520878466526,0.06881453358718265
18.55,0.0,0.0,0.0,0.03415770379292844,0.0,0.0,0.0,0.0,0.0,0.29992187196188,0.0,0.0,1.9570922651928038,0.29992187196188,0.0686895365988156
18.56,0.0,0.0,0.0,0.03715692251254724,0.0,0.0,0.0,0.0,0.0,0.2971218716505416,0.0,0.0,2.1289348396635916,0.2971218716505416,0.06856822947127639
18.57,0.0,0.0,0.0,0.04012814122905266,0.0,0.0,0.0,0.0,0.0,0.2941174277296086,0.0,0.0,2.2991731321296296,0.2941174277296086,0.06845084624885253
18.580000000000002,0.0,0.0,0.0,0.043069315506348745,0.0,0.0,0.0,0.0,0.0,0.29091089425641836,0.0,0.0,2.4676900050311352,0.29091089425641836,0.06833760542439446
18.59,0.0,0.0,0.0,0.045978424448912925,0.0,0.0,0.0,0.0,0.0,0.2875047570594793,0.0,0.0,2.6343696695838283,0.2875047570594793,0.06822870923218877
18.6,0.0,0.0,0.0,0.04885347201950772,0.0,0.0,0.0,0.0,0.0,0.28390163126366713,0.0,0.0,2.799097761278251,0.28390163126366713,0.06812434302371893
18.61,0.0,0.0,0.0,0.05169248833214439,0.0,0.0,0.0,0.0,0.0,0.28010425875201167,0.0,0.0,2.9617614139611255,0.28010425875201167,0.068024674728689
18.62,0.0,0.0,0.0,0.05449353091966451,0.0,0.0,0.0,0.0,0.0,0.2761155055682351,0.0,0.0,3.122249332462432,0.2761155055682351,0.06792985440320337
18.63,0.0,0.0,0.0,0.05725468597534686,0.0,0.0,0.0,0.0,0.0,0.2719383592641659,0.0,0.0,3.2804518637342404,0.2719383592641659,0.06784001386651199
18.64,0.0,0.0,0.0,0.059974069567988515,0.0,0.0,0.0,0.0,0.0,0.2675759261961039,0.0,0.0,3.43626106646973,0.2675759261961039,0.06775526642722733
18.650000000000002,0.0,0.0,0.0,0.06264982882994956,0.0,0.0,0.0,0.0,0.0,0.26303142877415153,0.0,0.0,3.589570779173138,0.26303142877415153,0.06767570669942063
18.66,0.0,0.0,0.0,0.06528014311769108,0.0,0.0,0.0,0.0,0.0,0.2583082026684551,0.0,0.0,3.7402766866536865,0.2583082026684551,0.06760141050854848
18.67,0.0,0.0,0.0,0.06786322514437564,0.0,0.0,0.0,0.0,0.0,0.2534096939762158,0.0,0.0,3.888276384918811,0.2534096939762158,0.06753243488663035
18.68,0.0,0.0,0.0,0.07039732208413779,0.0,0.0,0.0,0.0,0.0,0.24833945635323995,0.0,0.0,4.0334694444442,0.24833945635323995,0.06746881815567704
18.69,0.0,0.0,0.0,0.0728807166476702,0.0,0.0,0.0,0.0,0.0,0.24310114811369277,0.0,0.0,4.17575747180034,0.24310114811369277,0.06741058009786893
18.7,0.0,0.0,0.0,0.07531172812880713,0.0,0.0,0.0,0.0,0.0,0.23769852930160926,0.0,0.0,4.315044169617333,0.23769852930160926,0.06735772221056002
18.71,0.0,0.0,0.0,0.07768871342182322,0.0,0.0,0.0,0.0,0.0,0.23213545873759472,0.0,0.0,4.451235394871823,0.23213545873759472,0.06731022804373604
18.72,0.0,0.0,0.0,0.08001006800919917,0.0,0.0,0.0,0.0,0.0,0.2264158910440183,0.0,0.0,4.584239215481797,0.2264158910440183,0.06726806361717191
18.73,0.0,0.0,0.0,0.08227422691963936,0.0,0.0,0.0,0.0,0.0,0.22054387365186648,0.0,0.0,4.713965965196959,0.22054387365186648,0.06723117791410209
18.740000000000002,0.0,0.0,0.0,0.08447966565615803,0.0,0.0,0.0,0.0,0.0,0.21452354379228053,0.0,0.0,4.8403282967741434,0.21452354379228053,0.06719950344788733
18.75,0.0,0.0,0.0,0.08662490109408083,0.0,0.0,0.0,0.0,0.0,0.20835912547565175,0.0,0.0,4.963241233429019,0.20835912547565175,0.06717295689779404
18.76,0.0,0.0,0.0,0.08870849234883735,0.0,0.0,0.0,0.0,0.0,0.202054926460994,0.0,0.0,5.082622218556935,0.202054926460994,0.06715143980969276
18.77,0.0,0.0,0.0,0.09072904161344729,0.0,0.0,0.0,0.0,0.0,0.19561533521815308,0.0,0.0,5.198391163717346,0.19561533521815308,0.06713483935719683
18.78,0.0,0.0,0.0,0.09268519496562883,0.0,0.0,0.0,0.0,0.0,0.18904481788524866,0.0,0.0,5.310470494877717,0.18904481788524866,0.067123029158472
18.79,0.0,0.0,0.0,0.09457564314448132,0.0,0.0,0.0,0.0,0.0,0.18234791522357788,0.0,0.0,5.418785196914158,0.18234791522357788,0.06711587014375547
18.8,0.0,0.0,0.0,0.0963991222967171,0.0,0.0,0.0,0.0,0.0,0.17552923957204003,0.0,0.0,5.523262856367361,0.17552923957204003,0.06711321146838443
18.81,0.0,0.0,0.0,0.0981544146924375,0.0,0.0,0.0,0.0,0.0,0.16859347180297055,0.0,0.0,5.623833702453547,0.16859347180297055,0.0671148914659714
18.82,0.0,0.0,0.0,0.09984034941046721,0.0,0.0,0.0,0.0,0.0,0.16154535828110053,0.0,0.0,5.720430646331228,0.16154535828110053,0.06712073863623223
18.830000000000002,0.0,0.0,0.0,0.10145580299327822,0.0,0.0,0.0,0.0,0.0,0.1543897078271853,0.0,0.0,5.812989318625586,0.1543897078271853,0.06713057266183482
18.84,0.0,0.0,0.0,0.10299970007155007,0.0,0.0,0.0,0.0,0.0,0.14713138868767373,0.0,0.0,5.9014481052131424,0.14713138868767373,0.06714420544859231
18.85,0.0,0.0,0.0,0.10447101395842681,0.0,0.0,0.0,0.0,0.0,0.13977532551161936,0.0,0.0,5.985748181270169,0.13977532551161936,0.06716144218324423
18.86,0.0,0.0,0.0,0.105868767213543,0.0,0.0,0.0,0.0,0.0,0.13232649633586593,0.0,0.0,6.065833543588999,0.13232649633586593,0.06718208240307486
18.87,0.0,0.0,0.0,0.10719203217690167,0.0,0.0,0.0,0.0,0.0,0.12478992957937282,0.0,0.0,6.141651041166984,0.12478992957937282,0.06720592107160425
18.88,0.0,0.0,0.0,0.1084399314726954,0.0,0.0,0.0,0.0,0.0,0.11717070104738485,0.0,0.0,6.213150404073312,0.11717070104738485,0.06723274965468398
18.89,0.0,0.0,0.0,0.10961163848316925,0.0,0.0,0.0,0.0,0.0,0.10947393094599084,0.0,0.0,6.2802842705993545,0.10947393094599084,0.0672623571913211
18.900000000000002,0.0,0.0,0.0,0.11070637779262917,0.0,0.0,0.0,0.0,0.0,0.10170478090746222,0.0,0.0,6.343008212698474,0.10170478090746222,0.06729453135375348
18.91,0.0,0.0,0.0,0.11172342560170379,0.0,0.0,0.0,0.0,0.0,0.09386845102661406,0.0,0.0,6.401280759721477,0.09386845102661406,0.06732905949134273
18.92,0.0,0.0,0.0,0.11266211011196993,0.0,0.0,0.0,0.0,0.0,0.08597017690828834,0.0,0.0,6.455063420454032,0.08597017690828834,0.0673657296530673
18.93,0.0,0.0,0.0,0.11352181188105281,0.0,0.0,0.0,0.0,0.0,0.07801522672592325,0.0,0.0,6.504320703462411,0.07801522672592325,0.06740433158355572
18.94,0.0,0.0,0.0,0.11430196414831205,0.0,0.0,0.0,0.0,0.0,0.07000889829104283,0.0,0.0,6.549020135753928,0.07000889829104283,0.06744465768781621
18.95,0.0,0.0,0.0,0.11500205313122248,0.0,0.0,0.0,0.0,0.0,0.06195651613338031,0.0,0.0,6.589132279758302,0.06195651613338031,0.06748650396003641
18.96,0.0,0.0,0.0,0.1156216182925563,0.0,0.0,0.0,0.0,0.0,0.05386342859123437,0.0,0.0,6.624630748636071,0.05386342859123437,0.06752967087211048
18.97,0.0,0.0,0.0,0.11616025257846864,0.0,0.0,0.0,0.0,0.0,0.04573500491155317,0.0,0.0,6.655492219919892,0.04573500491155317,0.06757396421778104
18.98,0.0,0.0,0.0,0.11661760262758417,0.0,0.0,0.0,0.0,0.0,0.03757663235914445,0.0,0.0,6.681696447494312,0.03757663235914445,0.06761919590861894
18.990000000000002,0.0,0.0,0.0,0.11699336895117561,0.0,0.0,0.0,0.0,0.0,0.02939371333432346,0.0,0.0,6.703226271919249,0.02939371333432346,0.0676651847183415
19.0,0.0,0.0,0.0,0.11728730608451884,0.0,0.0,0.0,0.0,0.0,0.02119166249823307,0.0,0.0,6.72006762910199,0.02119166249823307,0.06771175697229943
19.01,0.0,0.0,0.0,0.11749922270950118,0.0,0.0,0.0,0.0,0.0,0.012975903905003326,0.0,0.0,6.732209557322135,0.012975903905003326,0.06775874717932452
19.02,0.0,0.0,0.0,0.11762898174855121,0.0,0.0,0.0,0.0,0.0,0.004751868139860416,0.0,0.0,6.739644202613375,0.004751868139860416,0.06780599860343091
19.03,0.0,0.0,0.0,0.11767650042994982,0.0,0.0,0.0,0.0,0.0,-0.0034750105377516875,0.0,0.0,6.7423668225055415,-0.0034750105377516875,0.06785336377328427
19.04,0.0,0.0,0.0,0.1176417503245723,0.0,0.0,0.0,0.0,0.0,-0.011699245294017373,0.0,0.0,6.740375788129776,-0.011699245294017373,0.0679007040799988
19.05,0.0,0.0,0.0,0.11752475787163214,0.0,0.0,0.0,0.0,0.0,-0.019914920021143187,0.0,0.0,6.733672614341421,-0.019914920021143187,0.06794787719376466
19.06,0.0,0.0,0.0,0.11732560867142071,0.0,0.0,0.0,0.0,0.0,-0.028116028618539513,0.0,0.0,6.7222622056759,-0.028116028618539513,0.06799473081614986
19.07,0.0,0.0,0.0,0.11704444838523531,0.0,0.0,0.0,0.0,0.0,-0.0362965766234951,0.0,0.0,6.706152907910787,-0.0362965766234951,0.06804110366722356
19.080000000000002,0.0,0.0,0.0,0.11668148261900035,0.0,0.0,0.0,0.0,0.0,-0.0444505860581141,0.0,0.0,6.685356501397791,-0.0444505860581141,0.06808682607171007
19.09,0.0,0.0,0.0,0.11623697675841921,0.0,0.0,0.0,0.0,0.0,-0.05257210026007885,0.0,0.0,6.659888191617662,-0.05257210026007885,0.0681317206120168
19.1,0.0,0.0,0.0,0.11571125575581842,0.0,0.0,0.0,0.0,0.0,-0.06065518869250365,0.0,0.0,6.62976659696725,-0.06065518869250365,0.06817560284513112
19.11,0.0,0.0,0.0,0.11510470386889339,0.0,0.0,0.0,0.0,0.0,-0.0686939517281651,0.0,0.0,6.59501373379075,-0.0686939517281651,0.06821828207994643
19.12,0.0,0.0,0.0,0.11441776435161174,0.0,0.0,0.0,0.0,0.0,-0.07668252540341909,0.0,0.0,6.555654998669757,-0.07668252540341909,0.06825956221114496
19.13,0.0,0.0,0.0,0.11365093909757755,0.0,0.0,0.0,0.0,0.0,-0.0846150861371428,0.0,0.0,6.511719147989551,-0.0846150861371428,0.06829924260536072
19.14,0.0,0.0,0.0,0.11280478823620613,0.0,0.0,0.0,0.0,0.0,-0.09248585541007251,0.0,0.0,6.463238274801609,-0.09248585541007251,0.06833711903493156
19.150000000000002,0.0,0.0,0.0,0.1118799296821054,0.0,0.0,0.0,0.0,0.0,-0.10028910439994451,0.0,0.0,6.410247783005065,-0.10028910439994451,0.06837298465425515
19.16,0.0,0.0,0.0,0.11087703863810595,0.0,0.0,0.0,0.0,0.0,-0.10801915856788738,0.0,0.0,6.352786358872429,-0.10801915856788738,0.06840663101336991
19.17,0.0,0.0,0.0,0.10979684705242708,0.0,0.0,0.0,0.0,0.0,-0.11567040219155901,0.0,0.0,6.290895939947485,-0.11567040219155901,0.06843784910314511
19.18,0.0,0.0,0.0,0.10864014303051149,0.0,0.0,0.0,0.0,0.0,-0.1232372828405717,0.0,0.0,6.224621681345914,-0.1232372828405717,0.06846643042617397
19.19,0.0,0.0,0.0,0.10740777020210578,0.0,0.0,0.0,0.0,0.0,-0.130714315789803,0.0,0.0,6.1540119194916665,-0.130714315789803,0.06849216808728392
19.2,0.0,0.0,0.0,0.10610062704420775,0.0,0.0,0.0,0.0,0.0,-0.13809608836624962,0.0,0.0,6.079118133324707,-0.13809608836624962,0.06851485789734102
19.21,0.0,0.0,0.0,0.10471966616054526,0.0,0.0,0.0,0.0,0.0,-0.14537726422514585,0.0,0.0,5.999994903018189,-0.14537726422514585,0.06853429948395758
19.22,0.0,0.0,0.0,0.10326589351829381,0.0,0.0,0.0,0.0,0.0,-0.15255258755113765,0.0,0.0,5.916699866245599,-0.15255258755113765,0.06855029740255442
19.23,0.0,0.0,0.0,0.10174036764278244,0.0,0.0,0.0,0.0,0.0,-0.1596168871803787,0.0,0.0,5.829293672040798,-0.1596168871803787,0.06856266224121291
19.240000000000002,0.0,0.0,0.0,0.10014419877097865,0.0,0.0,0.0,0.0,0.0,-0.16656508063949477,0.0,0.0,5.737839932296282,-0.16656508063949477,0.06857121171271569
19.25,0.0,0.0,0.0,0.0984785479645837,0.0,0.0,0.0,0.0,0.0,-0.17339217809744942,0.0,0.0,5.64240517094729,-0.17339217809744942,0.06857577172722
19.26,0.0,0.0,0.0,0.09674462618360921,0.0,0.0,0.0,0.0,0.0,-0.18009328622643553,0.0,0.0,5.543058770891644,-0.18009328622643553,0.06857617743907586
19.27,0.0,0.0,0.0,0.09494369332134486,0.0,0.0,0.0,0.0,0.0,-0.18666361196801523,0.0,0.0,5.439872918697482,-0.18666361196801523,0.06857227426140812
19.28,0.0,0.0,0.0,0.09307705720166472,0.0,0.0,0.0,0.0,0.0,-0.19309846620083498,0.0,0.0,5.3329225471531325,-0.19309846620083498,0.06856391884224994
19.29,0.0,0.0,0.0,0.09114607253965637,0.0,0.0,0.0,0.0,0.0,-0.19939326730635218,0.0,0.0,5.222285275715559,-0.19939326730635218,0.06855097999620592
19.3,0.0,0.0,0.0,0.08915213986659284,0.0,0.0,0.0,0.0,0.0,-0.2055435446291264,0.0,0.0,5.10804134891578,-0.2055435446291264,0.06853333958585853
19.31,0.0,0.0,0.0,0.08709670442030158,0.0,0.0,0.0,0.0,0.0,-0.21154494182835087,0.0,0.0,4.990273572781702,-0.21154494182835087,0.06851089334739968
19.32,0.0,0.0,0.0,0.08498125500201807,0.0,0.0,0.0,0.0,0.0,-0.21739322011742862,0.0,0.0,4.8690672493406515,-0.21739322011742862,0.06848355165530254
19.330000000000002,0.0,0.0,0.0,0.08280732280084378,0.0,0.0,0.0,0.0,0.0,-0.2230842613885331,0.0,0.0,4.7445101092657795,-0.2230842613885331,0.06845124022114679
19.34,0.0,0.0,0.0,0.08057648018695845,0.0,0.0,0.0,0.0,0.0,-0.22861407121923472,0.0,0.0,4.616692242732218,-0.22861407121923472,0.06841390072213877
19.35,0.0,0.0,0.0,0.0782903394747661,0.0,0.0,0.0,0.0,0.0,-0.2339787817584221,0.0,0.0,4.485706028550564,-0.2339787817584221,0.06837149135522962
19.36,0.0,0.0,0.0,0.07595055165718188,0.0,0.0,0.0,0.0,0.0,-0.23917465448890135,0.0,0.0,4.351646061646862,-0.23917465448890135,0.06832398731317516
19.37,0.0,0.0,0.0,0.07355880511229287,0.0,0.0,0.0,0.0,0.0,-0.24419808286421585,0.0,0.0,4.214609078959725,-0.24419808286421585,0.06827138117935491
19.38,0.0,0.0,0.0,0.07111682428365071,0.0,0.0,0.0,0.0,0.0,-0.24904559481739547,0.0,0.0,4.0746938838266695,-0.24904559481739547,0.06821368323861275
19.39,0.0,0.0,0.0,0.06862636833547675,0.0,0.0,0.0,0.0,0.0,-0.25371385513951494,0.0,0.0,3.93200126893305,-0.25371385513951494,0.0681509217018816
19.400000000000002,0.0,0.0,0.0,0.0660892297840816,0.0,0.0,0.0,0.0,0.0,-0.2581996677261183,0.0,0.0,3.786633937898173,-0.2581996677261183,0.0680831428428732
19.41,0.0,0.0,0.0,0.06350723310682042,0.0,0.0,0.0,0.0,0.0,-0.262499977689748,0.0,0.0,3.638696425574305,-0.262499977689748,0.06801041104560937
19.42,0.0,0.0,0.0,0.060882233329922944,0.0,0.0,0.0,0.0,0.0,-0.26661187333700387,0.0,0.0,3.4882950171352967,-0.26661187333700387,0.06793280876210307
19.43,0.0,0.0,0.0,0.058216114596552904,0.0,0.0,0.0,0.0,0.0,-0.27053258800874896,0.0,0.0,3.3355376660324287,-0.27053258800874896,0.06785043638003409
19.44,0.0,0.0,0.0,0.05551078871646541,0.0,0.0,0.0,0.0,0.0,-0.27425950178227343,0.0,0.0,3.1805339108959005,-0.27425950178227343,0.06776341200075744
19.45,0.0,0.0,0.0,0.052768193698642676,0.0,0.0,0.0,0.0,0.0,-0.2777901430344278,0.0,0.0,3.0233947914610506,-0.2777901430344278,0.06767187112855937
19.46,0.0,0.0,0.0,0.049990292268298396,0.0,0.0,0.0,0.0,0.0,-0.2811221898649382,0.0,0.0,2.864232763598969,-0.2811221898649382,0.0675759662725418
19.47,0.0,0.0,0.0,0.047179070369649016,0.0,0.0,0.0,0.0,0.0,-0.2842534713793217,0.0,0.0,2.7031616135316052,-0.2842534713793217,0.06747586646304404
19.48,0.0,0.0,0.0,0.0443365356558558,0.0,0.0,0.0,0.0,0.0,-0.28718196883102615,0.0,0.0,2.5402963713118263,-0.28718196883102615,0.0673717566850237
19.490000000000002,0.0,0.0,0.0,0.041464715967545536,0.0,0.0,0.0,0.0,0.0,-0.2899058166226285,0.0,0.0,2.375753223649073,-0.2899058166226285,0.06726383723126514
19.5,0.0,0.0,0.0,0.03856565780131925,0.0,0.0,0.0,0.0,0.0,-0.2924233031661354,0.0,0.0,2.209649426161371,-0.2924233031661354,0.06715232297876306
19.51,0.0,0.0,0.0,0.0356414247696579,0.0,0.0,0.0,0.0,0.0,-0.2947328716026395,0.0,0.0,2.04210321513443,-0.2947328716026395,0.06703744259205009
19.52,0.0,0.0,0.0,0.0326940960536315,0.0,0.0,0.0,0.0,0.0,-0.2968331203817959,0.0,0.0,1.8732337188684054,-0.2968331203817959,0.06691943765768885
19.53,0.0,0.0,0.0,0.02972576484981354,0.0,0.0,0.0,0.0,0.0,-0.29872280370179277,0.0,0.0,1.7031608686926494,-0.29872280370179277,0.06679856175446727
19.54,0.0,0.0,0.0,0.026738536812795612,0.0,0.0,0.0,0.0,0.0,-0.3004008318106983,0.0,0.0,1.5320053097283723,-0.3004008318106983,0.06667507946426776
19.55,0.0,0.0,0.0,0.023734528494688628,0.0,0.0,0.0,0.0,0.0,-0.3018662711702715,0.0,0.0,1.3598883114786493,-0.3018662711702715,0.0665492653288471
19.56,0.0,0.0,0.0,0.020715865782985912,0.0,0.0,0.0,0.0,0.0,-0.3031183444835294,0.0,0.0,1.1869316783245674,-0.3031183444835294,0.06642140275808205
19.57,0.0,0.0,0.0,0.01768468233815062,0.0,0.0,0.0,0.0,0.0,-0.30415643058756314,0.0,0.0,1.013257660005579,-0.30415643058756314,0.06629178289549675
19.580000000000002,0.0,0.0,0.0,0.014643118032274988,0.0,0.0,0.0,0.0,0.0,-0.3049800642132897,0.0,0.0,0.8389888621612677,-0.3049800642132897,0.0661607034470845
19.59,0.0,0.0,0.0,0.011593317390142091,0.0,0.0,0.0,0.0,0.0,-0.305588935614021,0.0,0.0,0.6642481570107642,-0.305588935614021,0.06602846747965395
19.6,0.0,0.0,0.0,0.00853742803400188,0.0,0.0,0.0,0.0,0.0,-0.3059828900649155,0.0,0.0,0.48915859424497965,-0.3059828900649155,0.06589538219503191
19.61,0.0,0.0,0.0,0.005477599133352726,0.0,0.0,0.0,0.0,0.0,-0.3061619272355597,0.0,0.0,0.3138433122056286,-0.3061619272355597,0.06576175768660318
19.62,0.0,0.0,0.0,0.002415979860997129,0.0,0.0,0.0,0.0,0.0,-0.30612620043809946,0.0,0.0,0.13842544942373877,-0.30612620043809946,0.06562790568470925
19.63,0.0,0.0,0.0,-0.0006452821433838656,0.0,0.0,0.0,0.0,0.0,-0.3058760157535098,0.0,0.0,-0.03697194341105114,-0.3058760157535098,0.06549413829746183
19.64,0.0,0.0,0.0,-0.0037040423009189636,0.0,0.0,0.0,0.0,0.0,-0.3054118310387483,0.0,0.0,-0.21222599098058306,-0.3054118310387483,0.06536076675351254
19.650000000000002,0.0,0.0,0.0,-0.006758160611306447,0.0,0.0,0.0,0.0,0.0,-0.3047342548176905,0.0,0.0,-0.38721408029941184,-0.3047342548176905,0.06522810015328462
19.66,0.0,0.0,0.0,-0.009805503159483352,0.0,0.0,0.0,0.0,0.0,-0.30384404505888685,0.0,0.0,-0.5618139470405902,-0.30384404505888685,0.06509644423507266
19.67,0.0,0.0,0.0,-0.01284394361007222,0.0,0.0,0.0,0.0,0.0,-0.3027421078433128,0.0,0.0,-0.7359037611611605,-0.3027421078433128,0.06496610016228228
19.68,0.0,0.0,0.0,-0.01587136468850535,0.0,0.0,0.0,0.0,0.0,-0.30142949592540846,0.0,0.0,-0.909362211764323,-0.30142949592540846,0.0648373633379576
19.69,0.0,0.0,0.0,-0.018885659647759435,0.0,0.0,0.0,0.0,0.0,-0.2999074071908162,0.0,0.0,-1.0820685911371406,-0.2999074071908162,0.0647105222525134
19.7,0.0,0.0,0.0,-0.021884733719667596,0.0,0.0,0.0,0.0,0.0,-0.2981771830143273,0.0,0.0,-1.2539028779045926,-0.2981771830143273,0.06458585737037394
19.71,0.0,0.0,0.0,-0.024866505549810868,0.0,0.0,0.0,0.0,0.0,-0.2962403065216409,0.0,0.0,-1.4247458192428013,-0.2962403065216409,0.06446364006098385
19.72,0.0,0.0,0.0,-0.02782890861502728,0.0,0.0,0.0,0.0,0.0,-0.2940984007586195,0.0,0.0,-1.5944790120963201,-0.2940984007586195,0.06434413157932917
19.73,0.0,0.0,0.0,-0.030769892622613475,0.0,0.0,0.0,0.0,0.0,-0.2917532267717934,0.0,0.0,-1.7629849833464801,-0.2917532267717934,0.06422758210083587
19.740000000000002,0.0,0.0,0.0,-0.033687424890331406,0.0,0.0,0.0,0.0,0.0,-0.2892066816039267,0.0,0.0,-1.9301472688799497,-0.2892066816039267,0.06411422981514556
19.75,0.0,0.0,0.0,-0.036579491706370676,0.0,0.0,0.0,0.0,0.0,-0.2864607962085011,0.0,0.0,-2.0958504915088376,-0.2864607962085011,0.06400430008292095
19.76,0.0,0.0,0.0,-0.03944409966845569,0.0,0.0,0.0,0.0,0.0,-0.28351773328701096,0.0,0.0,-2.259980437695881,-0.28351773328701096,0.06389800465944988
19.77,0.0,0.0,0.0,-0.0422792770013258,0.0,0.0,0.0,0.0,0.0,-0.2803797850529838,0.0,0.0,-2.4224241330404954,-0.2803797850529838,0.0637955409884169
19.78,0.0,0.0,0.0,-0.045083074851855635,0.0,0.0,0.0,0.0,0.0,-0.277049370926653,0.0,0.0,-2.583069916483707,-0.277049370926653,0.06369709156880615
19.79,0.0,0.0,0.0,-0.04785356856112216,0.0,0.0,0.0,0.0,0.0,-0.27352903516420857,0.0,0.0,-2.7418075131922235,-0.27352903516420857,0.06360282339747292
19.8,0.0,0.0,0.0,-0.05058885891276425,0.0,0.0,0.0,0.0,0.0,-0.2698214444255389,0.0,0.0,-2.8985281060841697,-0.2698214444255389,0.06351288748946927
19.81,0.0,0.0,0.0,-0.05328707335701963,0.0,0.0,0.0,0.0,0.0,-0.26592938528435406,0.0,0.0,-3.0531244059612406,-0.26592938528435406,0.06342741847780176
19.82,0.0,0.0,0.0,-0.05594636720986317,0.0,0.0,0.0,0.0,0.0,-0.2618557616845458,0.0,0.0,-3.205490720214259,-0.2618557616845458,0.06334653429382753
19.830000000000002,0.0,0.0,0.0,-0.05856492482670863,0.0,0.0,0.0,0.0,0.0,-0.257603592346594,0.0,0.0,-3.3555230200713386,-0.257603592346594,0.0632703359290581
19.84,0.0,0.0,0.0,-0.06114096075017457,0.0,0.0,0.0,0.0,0.0,-0.2531760081277734,0.0,0.0,-3.5031190063600226,-0.2531760081277734,0.063198907278686
19.85,0.0,0.0,0.0,-0.0636727208314523,0.0,0.0,0.0,0.0,0.0,-0.248576249339846,0.0,0.0,-3.6481781737569348,-0.248576249339846,0.06313231506673367
19.86,0.0,0.0,0.0,-0.06615848332485076,0.0,0.0,0.0,0.0,0.0,-0.24380766302785162,0.0,0.0,-3.7906018735005826,-0.24380766302785162,0.06307060885225503
19.87,0.0,0.0,0.0,-0.06859655995512928,0.0,0.0,0.0,0.0,0.0,-0.23887370021351928,0.0,0.0,-3.9302933745450197,-0.23887370021351928,0.06301382111560459
19.88,0.0,0.0,0.0,-0.07098529695726448,0.0,0.0,0.0,0.0,0.0,-0.2337779131067297,0.0,0.0,-4.067157923134099,-0.2337779131067297,0.06296196742339467
19.89,0.0,0.0,0.0,-0.07332307608833177,0.0,0.0,0.0,0.0,0.0,-0.22852395228835462,0.0,0.0,-4.201102800778016,-0.22852395228835462,0.06291504667032394
19.900000000000002,0.0,0.0,0.0,-0.07560831561121532,0.0,0.0,0.0,0.0,0.0,-0.22311556386768752,0.0,0.0,-4.332037380615733,-0.22311556386768752,0.06287304139568967
19.91,0.0,0.0,0.0,-0.0778394712498922,0.0,0.0,0.0,0.0,0.0,-0.21755658661756158,0.0,0.0,-4.459873182148733,-0.21755658661756158,0.06283591817202785
19.92,0.0,0.0,0.0,-0.08001503711606782,0.0,0.0,0.0,0.0,0.0,-0.2118509490901245,0.0,0.0,-4.58452392433332,-0.2118509490901245,0.06280362806296702
19.93,0.0,0.0,0.0,-0.08213354660696906,0.0,0.0,0.0,0.0,0.0,-0.2060026667161084,0.0,0.0,-4.70590557702037,-0.2060026667161084,0.06277610714704232
19.94,0.0,0.0,0.0,-0.08419357327413014,0.0,0.0,0.0,0.0,0.0,-0.20001583889029542,0.0,0.0,-4.8239364107331015,-0.20001583889029542,0.06275327710393086
19.95,0.0,0.0,0.0,-0.0861937316630331,0.0,0.0,0.0,0.0,0.0,-0.19389464604573703,0.0,0.0,-4.938537044774927,-0.19389464604573703,0.06273504585924951
19.96,0.0,0.0,0.0,-0.08813267812349046,0.0,0.0,0.0,0.0,0.0,-0.18764334671913824,0.0,0.0,-5.049630493660963,-0.18764334671913824,0.0627213082838248
19.97,0.0,0.0,0.0,-0.09000911159068184,0.0,0.0,0.0,0.0,0.0,-0.1812662746096681,0.0,0.0,-5.15714221186813,-0.1812662746096681,0.06271194694308312
19.98,0.0,0.0,0.0,-0.09182177433677852,0.0,0.0,0.0,0.0,0.0,-0.17476783563330425,0.0,0.0,-5.261000136900063,-0.17476783563330425,0.06270683289202574
19.990000000000002,0.0,0.0,0.0,-0.09356945269311157,0.0,0.0,0.0,0.0,0.0,-0.16815250497466377,0.0,0.0,-5.361134730664308,-0.16815250497466377,0.0627058265110455
20.0,0.0,0.0,0.0,-0.0952509777428582,0.0,0.0,0.0,0.0,0.0,-0.16142482413811615,0.0,0.0,-5.457479019160315,-0.16142482413811615,0.06270877837769592
20.01,0.0,0.0,0.0,-0.09686522598423937,0.0,0.0,0.0,0.0,0.0,-0.1545893979998158,0.0,0.0,-5.5499686304778715,-0.1545893979998158,0.06271553016941436
20.02,0.0,0.0,0.0,-0.09841111996423753,0.0,0.0,0.0,0.0,0.0,-0.14765089186213423,0.0,0.0,-5.638541831106448,-0.14765089186213423,0.06272591559206858
20.03,0.0,0.0,0.0,-0.09988762888285888,0.0,0.0,0.0,0.0,0.0,-0.14061402851181412,0.0,0.0,-5.723139560556875,-0.14061402851181412,0.06273976132916675
20.04,0.0,0.0,0.0,-0.10129376916797701,0.0,0.0,0.0,0.0,0.0,-0.13348358528301185,0.0,0.0,-5.803705464297467,-0.13348358528301185,0.06275688800648536
20.05,0.0,0.0,0.0,-0.10262860502080713,0.0,0.0,0.0,0.0,0.0,-0.12626439112624063,0.0,0.0,-5.880185925007379,-0.12626439112624063,0.06277711116690325
20.06,0.0,0.0,0.0,-0.10389124893206954,0.0,0.0,0.0,0.0,0.0,-0.11896132368407455,0.0,0.0,-5.952530092150606,-0.11896132368407455,0.06280024225020957
20.07,0.0,0.0,0.0,-0.10508086216891029,0.0,0.0,0.0,0.0,0.0,-0.11157930637432589,0.0,0.0,-6.020689909874477,-0.11157930637432589,0.06282608957271282
20.080000000000002,0.0,0.0,0.0,-0.10619665523265355,0.0,0.0,0.0,0.0,0.0,-0.10412330548126285,0.0,0.0,-6.084620143236938,-0.10412330548126285,0.06285445930155756
20.09,0.0,0.0,0.0,-0.10723788828746618,0.0,0.0,0.0,0.0,0.0,-0.09659832725529485,0.0,0.0,-6.144278402767216,-0.09659832725529485,0.06288515641871273
20.1,0.0,0.0,0.0,-0.10820387156001912,0.0,0.0,0.0,0.0,0.0,-0.08900941502141742,0.0,0.0,-6.199625167364735,-0.08900941502141742,0.06291798566977899
20.11,0.0,0.0,0.0,-0.10909396571023329,0.0,0.0,0.0,0.0,0.0,-0.08136164629657855,0.0,0.0,-6.25062380554129,-0.08136164629657855,0.06295275249284332
20.12,0.0,0.0,0.0,-0.10990758217319907,0.0,0.0,0.0,0.0,0.0,-0.07366012991600532,0.0,0.0,-6.2972405950115915,-0.07366012991600532,0.06298926392283229
20.13,0.0,0.0,0.0,-0.11064418347235912,0.0,0.0,0.0,0.0,0.0,-0.0659100031684118,0.0,0.0,-6.339444740637315,-0.0659100031684118,0.06302732946697209
20.14,0.0,0.0,0.0,-0.11130328350404324,0.0,0.0,0.0,0.0,0.0,-0.05811642893989986,0.0,0.0,-6.377208390729755,-0.05811642893989986,0.06306676194719055
20.150000000000002,0.0,0.0,0.0,-0.11188444779344224,0.0,0.0,0.0,0.0,0.0,-0.05028459286626141,0.0,0.0,-6.4105066517160365,-0.05028459286626141,0.0631073783055299
20.16,0.0,0.0,0.0,-0.11238729372210486,0.0,0.0,0.0,0.0,0.0,-0.04241970049329617,0.0,0.0,-6.439317601173741,-0.04241970049329617,0.06314900036888803
20.17,0.0,0.0,0.0,-0.11281149072703782,0.0,0.0,0.0,0.0,0.0,-0.03452697444467234,0.0,0.0,-6.46362229923849,-0.03452697444467234,0.06319145556966739
20.18,0.0,0.0,0.0,-0.11315676047148454,0.0,0.0,0.0,0.0,0.0,-0.02661165159678005,0.0,0.0,-6.483404798388848,-0.02661165159678005,0.06323457761920805
20.19,0.0,0.0,0.0,-0.11342287698745235,0.0,0.0,0.0,0.0,0.0,-0.018678980259957997,0.0,0.0,-6.498652151612529,-0.018678980259957997,0.06327820713115445
20.2,0.0,0.0,0.0,-0.11360966679005192,0.0,0.0,0.0,0.0,0.0,-0.010734217365414316,0.0,0.0,-6.5093544189575665,-0.010734217365414316,0.06332219219224983
20.21,0.0,0.0,0.0,-0.11371700896370607,0.0,0.0,0.0,0.0,0.0,-0.002782625657111886,0.0,0.0,-6.515504672471709,-0.002782625657111886,0.06336638887832825
20.22,0.0,0.0,0.0,-0.11374483522027719,0.0,0.0,0.0,0.0,0.0,0.005170529112152229,0.0,0.0,-6.517098999532882,0.005170529112152229,0.06341066171364355
20.23,0.0,0.0,0.0,-0.11369312992915566,0.0,0.0,0.0,0.0,0.0,0.013119866405397864,0.0,0.0,-6.514136504573123,0.013119866405397864,0.06345488196745876
20.240000000000002,0.0,0.0,0.0,-0.11356193126510168,0.0,0.0,0.0,0.0,0.0,0.02105961437449208,0.0,0.0,-6.506619374845076,0.02105961437449208,0.06349891466556301
20.25,0.0,0.0,0.0,-0.11335133512135676,0.0,0.0,0.0,0.0,0.0,0.02898397558060338,0.0,0.0,-6.494553104626761,0.02898397558060338,0.06354261612915194
20.26,0.0,0.0,0.0,-0.11306149536555073,0.0,0.0,0.0,0.0,0.0,0.036887164852959196,0.0,0.0,-6.4779465098839735,0.036887164852959196,0.06358583470793844
20.27,0.0,0.0,0.0,-0.11269262371702113,0.0,0.0,0.0,0.0,0.0,0.04476341395110019,0.0,0.0,-6.456811721241194,0.04476341395110019,0.06362841133518539
20.28,0.0,0.0,0.0,-0.11224498957751013,0.0,0.0,0.0,0.0,0.0,0.0526069762105831,0.0,0.0,-6.4311641742812435,0.0526069762105831,0.06367018014240441
20.29,0.0,0.0,0.0,-0.1117189198154043,0.0,0.0,0.0,0.0,0.0,0.06041213116758684,0.0,0.0,-6.401022597183128,0.06041213116758684,0.06371096913086202
20.3,0.0,0.0,0.0,-0.11111479850372843,0.0,0.0,0.0,0.0,0.0,0.06817318915789748,0.0,0.0,-6.366408995710194,0.06817318915789748,0.06375060089670109
20.31,0.0,0.0,0.0,-0.11043306661214947,0.0,0.0,0.0,0.0,0.0,0.07588449588577294,0.0,0.0,-6.327348635563249,0.07588449588577294,0.06378889340604277
20.32,0.0,0.0,0.0,-0.10967422165329174,0.0,0.0,0.0,0.0,0.0,0.08354043695821703,0.0,0.0,-6.283870022115923,0.08354043695821703,0.06382566081610369
20.330000000000002,0.0,0.0,0.0,-0.10883881728370957,0.0,0.0,0.0,0.0,0.0,0.09113544238022582,0.0,0.0,-6.2360048775520776,0.09113544238022582,0.06386071433801452
20.34,0.0,0.0,0.0,-0.10792746285990731,0.0,0.0,0.0,0.0,0.0,0.09866399100660628,0.0,0.0,-6.183788115427631,0.09866399100660628,0.06389386313670875
20.35,0.0,0.0,0.0,-0.10694082294984125,0.0,0.0,0.0,0.0,0.0,0.10612061494600891,0.0,0.0,-6.127257812681679,0.10612061494600891,0.0639249152629818
20.36,0.0,0.0,0.0,-0.10587961680038116,0.0,0.0,0.0,0.0,0.0,0.11349990391286198,0.0,0.0,-6.066455179124286,0.11349990391286198,0.06395367861254324
20.37,0.0,0.0,0.0,-0.10474461776125255,0.0,0.0,0.0,0.0,0.0,0.12079650952294516,0.0,0.0,-6.001424524430813,0.12079650952294516,0.06397996190668342
20.38,0.0,0.0,0.0,-0.10353665266602309,0.0,0.0,0.0,0.0,0.0,0.12800514952839576,0.0,0.0,-5.932213222675046,0.12800514952839576,0.06400357568897279
20.39,0.0,0.0,0.0,-0.10225660117073913,0.0,0.0,0.0,0.0,0.0,0.13512061198800024,0.0,0.0,-5.858871674435865,0.13512061198800024,0.06402433333227951
20.400000000000002,0.0,0.0,0.0,-0.10090539505085913,0.0,0.0,0.0,0.0,0.0,0.14213775936868858,0.0,0.0,-5.781453266514493,0.14213775936868858,0.0640420520502544
20.41,0.0,0.0,0.0,-0.09948401745717225,0.0,0.0,0.0,0.0,0.0,0.1490515325742188,0.0,0.0,-5.700014329301774,0.1490515325742188,0.06405655390736296
20.42,0.0,0.0,0.0,-0.09799350213143007,0.0,0.0,0.0,0.0,0.0,0.1558569548971136,0.0,0.0,-5.61461409183718,0.1558569548971136,0.06406766682151216
20.43,0.0,0.0,0.0,-0.09643493258245893,0.0,0.0,0.0,0.0,0.0,0.1625491358899917,0.0,0.0,-5.525314634603525,0.1625491358899917,0.06407522555329763
20.44,0.0,0.0,0.0,-0.09480944122355901,0.0,0.0,0.0,0.0,0.0,0.16912327515252168,0.0,0.0,-5.432180840103575,0.16912327515252168,0.06407907267596107
20.45,0.0,0.0,0.0,-0.0931182084720338,0.0,0.0,0.0,0.0,0.0,0.17557466603031735,0.0,0.0,-5.335280341266882,0.17557466603031735,0.06407905952019667
20.46,0.0,0.0,0.0,-0.09136246181173062,0.0,0.0,0.0,0.0,0.0,0.18189869922219046,0.0,0.0,-5.234683467737321,0.18189869922219046,0.06407504708806708
20.47,0.0,0.0,0.0,-0.08954347481950871,0.0,0.0,0.0,0.0,0.0,0.18809086629227917,0.0,0.0,-5.13046319009381,0.18809086629227917,0.06406690693045534
20.48,0.0,0.0,0.0,-0.08766256615658592,0.0,0.0,0.0,0.0,0.0,0.1941467630836785,0.0,0.0,-5.022695062058739,0.1941467630836785,0.0640545219826383
20.490000000000002,0.0,0.0,0.0,-0.08572109852574913,0.0,0.0,0.0,0.0,0.0,0.20006209303031355,0.0,0.0,-4.911457160750529,0.20006209303031355,0.06403778735281293
20.5,0.0,0.0,0.0,-0.083720477595446,0.0,0.0,0.0,0.0,0.0,0.2058326703639156,0.0,0.0,-4.796830025038623,0.2058326703639156,0.06401661105863264
20.51,0.0,0.0,0.0,-0.08166215089180684,0.0,0.0,0.0,0.0,0.0,0.21145442321308758,0.0,0.0,-4.678896592061023,0.21145442321308758,0.06399091470714768
20.52,0.0,0.0,0.0,-0.07954760665967596,0.0,0.0,0.0,0.0,0.0,0.2169233965915766,0.0,0.0,-4.557742131966193,0.2169233965915766,0.06396063411379188
20.53,0.0,0.0,0.0,-0.07737837269376019,0.0,0.0,0.0,0.0,0.0,0.22223575527300843,0.0,0.0,-4.433454180942793,0.22223575527300843,0.06392571985646758
20.54,0.0,0.0,0.0,-0.07515601514103011,0.0,0.0,0.0,0.0,0.0,0.22738778654948216,0.0,0.0,-4.306122472602338,0.22738778654948216,0.06388613776110581
20.55,0.0,0.0,0.0,-0.07288213727553529,0.0,0.0,0.0,0.0,0.0,0.23237590287157206,0.0,0.0,-4.175838867781268,0.23237590287157206,0.06384186931550834
20.56,0.0,0.0,0.0,-0.07055837824681957,0.0,0.0,0.0,0.0,0.0,0.2371966443674373,0.0,0.0,-4.042697282830438,0.2371966443674373,0.0637929120086425
20.57,0.0,0.0,0.0,-0.06818641180314519,0.0,0.0,0.0,0.0,0.0,0.2418466812388998,0.0,0.0,-3.906793616461241,0.2418466812388998,0.06373927959305568
20.580000000000002,0.0,0.0,0.0,-0.0657679449907562,0.0,0.0,0.0,0.0,0.0,0.24632281603251507,0.0,0.0,-3.768225675218894,0.24632281603251507,0.06368100226847147
20.59,0.0,0.0,0.0,-0.06330471683043104,0.0,0.0,0.0,0.0,0.0,0.2506219857838299,0.0,0.0,-3.6270930976544884,0.2506219857838299,0.06361812678510677
20.6,0.0,0.0,0.0,-0.06079849697259274,0.0,0.0,0.0,0.0,0.0,0.2547412640331946,0.0,0.0,-3.483497277268477,0.2547412640331946,0.0635507164657222
20.61,0.0,0.0,0.0,-0.0582510843322608,0.0,0.0,0.0,0.0,0.0,0.25867786271167637,0.0,0.0,-3.3375412842991787,0.25867786271167637,0.0634788511458866
20.62,0.0,0.0,0.0,-0.05566430570514403,0.0,0.0,0.0,0.0,0.0,0.2624291338958008,0.0,0.0,-3.1893297864307426,0.2624291338958008,0.06340262703240825
20.63,0.0,0.0,0.0,-0.05304001436618602,0.0,0.0,0.0,0.0,0.0,0.2659925714300359,0.0,0.0,-3.038968968495713,0.2659925714300359,0.06332215648037098
20.64,0.0,0.0,0.0,-0.05038008865188566,0.0,0.0,0.0,0.0,0.0,0.26936581241612045,0.0,0.0,-2.886566451247982,0.26936581241612045,0.06323756768967842
20.650000000000002,0.0,0.0,0.0,-0.047686430527724456,0.0,0.0,0.0,0.0,0.0,0.2725466385685309,0.0,0.0,-2.7322312092824186,0.2725466385685309,0.06314900432248462
20.66,0.0,0.0,0.0,-0.04496096414203915,0.0,0.0,0.0,0.0,0.0,0.27553297743557387,0.0,0.0,-2.5760734881778755,0.27553297743557387,0.06305662504333573
20.67,0.0,0.0,0.0,-0.04220563436768341,0.0,0.0,0.0,0.0,0.0,0.2783229034857876,0.0,0.0,-2.418204720940558,0.2783229034857876,0.0629606029842955
20.68,0.0,0.0,0.0,-0.03942240533282553,0.0,0.0,0.0,0.0,0.0,0.28091463905953235,0.0,0.0,-2.2587374438249324,0.28091463905953235,0.06286112513777756
20.69,0.0,0.0,0.0,-0.036613258942230206,0.0,0.0,0.0,0.0,0.0,0.2833065551858468,0.0,0.0,-2.097785211609412,0.2833065551858468,0.06275839168017583
20.7,0.0,0.0,0.0,-0.033780193390371735,0.0,0.0,0.0,0.0,0.0,0.28549717226484617,0.0,0.0,-1.9354625124040197,0.28549717226484617,0.0626526152298267
20.71,0.0,0.0,0.0,-0.030925221667723272,0.0,0.0,0.0,0.0,0.0,0.2874851606161343,0.0,0.0,-1.7718846820670686,0.2874851606161343,0.06254402004315977
20.72,0.0,0.0,0.0,-0.028050370061561927,0.0,0.0,0.0,0.0,0.0,0.28926934089389944,0.0,0.0,-1.6071678183076177,0.28926934089389944,0.06243284115328555
20.73,0.0,0.0,0.0,-0.02515767665262293,0.0,0.0,0.0,0.0,0.0,0.290848684369557,0.0,0.0,-1.4414286945501025,0.290848684369557,0.062319323455529055
20.740000000000002,0.0,0.0,0.0,-0.02224918980892736,0.0,0.0,0.0,0.0,0.0,0.2922223130829974,0.0,0.0,-1.2747846736370203,0.2922223130829974,0.06220372074477466
20.75,0.0,0.0,0.0,-0.019326966678097388,0.0,0.0,0.0,0.0,0.0,0.29338949986368523,0.0,0.0,-1.107353621444957,0.29338949986368523,0.06208629470967701
20.76,0.0,0.0,0.0,-0.016393071679460535,0.0,0.0,0.0,0.0,0.0,0.29434966822304404,0.0,0.0,-0.9392538204885249,0.29434966822304404,0.06196731388907302
20.77,0.0,0.0,0.0,-0.013449574997230094,0.0,0.0,0.0,0.0,0.0,0.2951023921197437,0.0,0.0,-0.7706038835859603,0.2951023921197437,0.06184705259609968
20.78,0.0,0.0,0.0,-0.010498551076032658,0.0,0.0,0.0,0.0,0.0,0.29564739559968545,0.0,0.0,-0.6015226676592004,0.29564739559968545,0.06172578981567657
20.79,0.0,0.0,0.0,-0.007542077120035804,0.0,0.0,0.0,0.0,0.0,0.29598455231265286,0.0,0.0,-0.43212918774023434,0.29598455231265286,0.06160380808115939
20.8,0.0,0.0,0.0,-0.004582231596909275,0.0,0.0,0.0,0.0,0.0,0.2961138849077653,0.0,0.0,-0.2625425312543929,0.2961138849077653,0.06148139233604354
20.81,0.0,0.0,0.0,-0.0016210927478316215,0.0,0.0,0.0,0.0,0.0,0.2960355643100312,0.0,0.0,-0.09288177265001735,0.2960355643100312,0.06135882878665248
20.82,0.0,0.0,0.0,0.0013392628952686907,0.0,0.0,0.0,0.0,0.0,0.2957499088804526,0.0,0.0,0.07673411155736716,0.2957499088804526,0.0612364037517712
20.830000000000002,0.0,0.0,0.0,0.004296761984073217,0.0,0.0,0.0,0.0,0.0,0.2952573834622813,0.0,0.0,0.24618632725965317,0.2952573834622813,0.061114402515174
20.84,0.0,0.0,0.0,0.00724933581869603,0.0,0.0,0.0,0.0,0.0,0.2945585983161648,0.0,0.0,0.4153563466842979,0.2945585983161648,0.06099310818693168
20.85,0.0,0.0,0.0,0.010194921801857678,0.0,0.0,0.0,0.0,0.0,0.2936543079470524,0.0,0.0,0.5841259917123535,0.2936543079470524,0.06087280057931044
20.86,0.0,0.0,0.0,0.013131464881328202,0.0,0.0,0.0,0.0,0.0,0.29254540982585375,0.0,0.0,0.7523775165243644,0.29254540982585375,0.06075375510294284
20.87,0.0,0.0,0.0,0.01605691897958674,0.0,0.0,0.0,0.0,0.0,0.2912329430089576,0.0,0.0,0.9199936895138288,0.2912329430089576,0.06063624168884082
20.88,0.0,0.0,0.0,0.018969248409676318,0.0,0.0,0.0,0.0,0.0,0.28971808665881893,0.0,0.0,1.0868578744097017,0.28971808665881893,0.06052052374156833
20.89,0.0,0.0,0.0,0.021866429276264508,0.0,0.0,0.0,0.0,0.0,0.28800215846892124,0.0,0.0,1.2528541105512594,0.28800215846892124,0.06040685712877132
20.900000000000002,0.0,0.0,0.0,0.02474645086095372,0.0,0.0,0.0,0.0,0.0,0.28608661299650145,0.0,0.0,1.4178671922605306,0.28608661299650145,0.06029548921193786
20.91,0.0,0.0,0.0,0.027607316990918736,0.0,0.0,0.0,0.0,0.0,0.2839730399065013,0.0,0.0,1.5817827472594512,0.2839730399065013,0.060186657923071166
20.92,0.0,0.0,0.0,0.030447047389983748,0.0,0.0,0.0,0.0,0.0,0.2816631621302711,0.0,0.0,1.7444873140808774,0.2816631621302711,0.06008059089161924
20.93,0.0,0.0,0.0,0.03326367901128646,0.0,0.0,0.0,0.0,0.0,0.27915883394260543,0.0,0.0,1.9058684184246133,0.27915883394260543,0.05997750462571661
20.94,0.0,0.0,0.0,0.03605526735071252,0.0,0.0,0.0,0.0,0.0,0.27646203896073157,0.0,0.0,2.06581464841166,0.27646203896073157,0.05987760375146917
20.95,0.0,0.0,0.0,0.03881988774031983,0.0,0.0,0.0,0.0,0.0,0.27357488806890357,0.0,0.0,2.2242157286919726,0.27357488806890357,0.0597810803136482
20.96,0.0,0.0,0.0,0.04155563662100887,0.0,0.0,0.0,0.0,0.0,0.2704996172722743,0.0,0.0,2.3809625933630936,0.2704996172722743,0.05968811314081996
20.97,0.0,0.0,0.0,0.04426063279373161,0.0,0.0,0.0,0.0,0.0,0.2672385854837282,0.0,0.0,2.535947457659147,0.2672385854837282,0.059598867277526245
20.98,0.0,0.0,0.0,0.04693301864856889,0.0,0.0,0.0,0.0,0.0,0.26379427224735497,0.0,0.0,2.689063888371784,0.26379427224735497,0.05951349348578653
20.990000000000002,0.0,0.0,0.0,0.049570961371042443,0.0,0.0,0.0,0.0,0.0,0.26016927540223383,0.0,0.0,2.840206872966769,0.26016927540223383,0.059432127817765794
21.0,0.0,0.0,0.0,0.052172654125064784,0.0,0.0,0.0,0.0,0.0,0.2563663086901745,0.0,0.0,2.989272887362017,0.2563663086901745,0.059354891261063594
21.01,0.0,0.0,0.0,0.05473631721196653,0.0,0.0,0.0,0.0,0.0,0.25238819931102874,0.0,0.0,3.136159962334967,0.25238819931102874,0.059281889457669545
21.02,0.0,0.0,0.0,0.057260199205076814,0.0,0.0,0.0,0.0,0.0,0.24823788542914343,0.0,0.0,3.280767748529253,0.24823788542914343,0.05921321249724063
21.03,0.0,0.0,0.0,0.05974257805936825,0.0,0.0,0.0,0.0,0.0,0.2439184136344735,0.0,0.0,3.422997580032673,0.2439184136344735,0.05914893478491723
21.04,0.0,0.0,0.0,0.06218176219571299,0.0,0.0,0.0,0.0,0.0,0.23943293636181098,0.0,0.0,3.562752536500489,0.23943293636181098,0.05908911498353704
21.05,0.0,0.0,0.0,0.0645760915593311,0.0,0.0,0.0,0.0,0.0,0.23478470927151546,0.0,0.0,3.699937503800051,0.23478470927151546,0.05903379602967572
21.06,0.0,0.0,0.0,0.06692393865204625,0.0,0.0,0.0,0.0,0.0,0.2299770885950513,0.0,0.0,3.83445923315469,0.2299770885950513,0.05898300522257806
21.07,0.0,0.0,0.0,0.06922370953799677,0.0,0.0,0.0,0.0,0.0,0.22501352844854922,0.0,0.0,3.9662263987667163,0.22501352844854922,0.05893675438464206
21.080000000000002,0.0,0.0,0.0,0.07147384482248226,0.0,0.0,0.0,0.0,0.0,0.21989757811751323,0.0,0.0,4.095149653901204,0.21989757811751323,0.05889504009178835
21.09,0.0,0.0,0.0,0.07367282060365739,0.0,0.0,0.0,0.0,0.0,0.21463287931569208,0.0,0.0,4.221141685414022,0.21463287931569208,0.05885784397166054
21.1,0.0,0.0,0.0,0.0758191493968143,0.0,0.0,0.0,0.0,0.0,0.2092231634210233,0.0,0.0,4.344117266709321,0.2092231634210233,0.05882513306728594
21.11,0.0,0.0,0.0,0.07791138103102455,0.0,0.0,0.0,0.0,0.0,0.20367224869144235,0.0,0.0,4.463993309113327,0.20367224869144235,0.058796860263503906
21.12,0.0,0.0,0.0,0.07994810351793898,0.0,0.0,0.0,0.0,0.0,0.19798403746322793,0.0,0.0,4.580688911652913,0.19798403746322793,0.0587729647731678
21.13,0.0,0.0,0.0,0.08192794389257126,0.0,0.0,0.0,0.0,0.0,0.19216251333442674,0.0,0.0,4.694125409228942,0.19216251333442674,0.05875337267984644
21.14,0.0,0.0,0.0,0.08384956902591552,0.0,0.0,0.0,0.0,0.0,0.18621173833577093,0.0,0.0,4.804226419175833,0.18621173833577093,0.05873799753349433
21.150000000000002,0.0,0.0,0.0,0.08571168640927322,0.0,0.0,0.0,0.0,0.0,0.18013585009136515,0.0,0.0,4.910917886200173,0.18013585009136515,0.058726740995318036
21.16,0.0,0.0,0.0,0.08751304491018687,0.0,0.0,0.0,0.0,0.0,0.17393905897128265,0.0,0.0,5.014128125692538,0.17393905897128265,0.05871949352786948
21.17,0.0,0.0,0.0,0.0892524354998997,0.0,0.0,0.0,0.0,0.0,0.1676256452380683,0.0,0.0,5.113787865407854,0.1676256452380683,0.058716135126188625
21.18,0.0,0.0,0.0,0.09092869195228039,0.0,0.0,0.0,0.0,0.0,0.16119995618900398,0.0,0.0,5.20983028551084,0.16119995618900398,0.058716536085668306
21.19,0.0,0.0,0.0,0.09254069151417042,0.0,0.0,0.0,0.0,0.0,0.15466640329584702,0.0,0.0,5.302191056984077,0.15466640329584702,0.058720557802164
21.2,0.0,0.0,0.0,0.0940873555471289,0.0,0.0,0.0,0.0,0.0,0.148029459343608,0.0,0.0,5.39080837839728,0.148029459343608,0.058728053599786265
21.21,0.0,0.0,0.0,0.09556765014056498,0.0,0.0,0.0,0.0,0.0,0.14129365556978904,0.0,0.0,5.475623011037202,0.14129365556978904,0.058738869581678094
21.22,0.0,0.0,0.0,0.09698058669626287,0.0,0.0,0.0,0.0,0.0,0.1344635788053592,0.0,0.0,5.556578312398442,0.1344635788053592,0.05875284549908352
21.23,0.0,0.0,0.0,0.09832522248431647,0.0,0.0,0.0,0.0,0.0,0.12754386861860106,0.0,0.0,5.633620268036161,0.12754386861860106,0.05876981563391635
21.240000000000002,0.0,0.0,0.0,0.09960066117050248,0.0,0.0,0.0,0.0,0.0,0.12053921446282066,0.0,0.0,5.70669752178233,0.12053921446282066,0.05878960969006954
21.25,0.0,0.0,0.0,0.10080605331513069,0.0,0.0,0.0,0.0,0.0,0.1134543528287744,0.0,0.0,5.775761404327749,0.1134543528287744,0.05881205368872608
21.26,0.0,0.0,0.0,0.10194059684341844,0.0,0.0,0.0,0.0,0.0,0.10629406440253104,0.0,0.0,5.840765960172519,0.10629406440253104,0.05883697086293328
21.27,0.0,0.0,0.0,0.10300353748744374,0.0,0.0,0.0,0.0,0.0,0.09906317122935417,0.0,0.0,5.901667972948086,0.09906317122935417,0.058864182546822325
21.28,0.0,0.0,0.0,0.10399416919973728,0.0,0.0,0.0,0.0,0.0,0.09176653388406276,0.0,0.0,5.958426989114324,0.09176653388406276,0.05889350905490256
21.29,0.0,0.0,0.0,0.10491183453857791,0.0,0.0,0.0,0.0,0.0,0.08440904864820424,0.0,0.0,6.011005340035335,0.08440904864820424,0.058924770547008995
21.3,0.0,0.0,0.0,0.10575592502505995,0.0,0.0,0.0,0.0,0.0,0.07699564469425574,0.0,0.0,6.0593681624379006,0.07699564469425574,0.05895778787458111
21.31,0.0,0.0,0.0,0.10652588147200251,0.0,0.0,0.0,0.0,0.0,0.06953128127695744,0.0,0.0,6.103483417256597,0.06953128127695744,0.05899238340414677
21.32,0.0,0.0,0.0,0.10722119428477209,0.0,0.0,0.0,0.0,0.0,0.06202094493177483,0.0,0.0,6.143321906869664,0.06202094493177483,0.059028381814033935
21.330000000000002,0.0,0.0,0.0,0.10784140373408983,0.0,0.0,0.0,0.0,0.0,0.054469646680387285,0.0,0.0,6.178857290729704,0.054469646680387285,0.05906561086053924
21.34,0.0,0.0,0.0,0.1083861002008937,0.0,0.0,0.0,0.0,0.0,0.04688241924300736,0.0,0.0,6.210066099393253,0.04688241924300736,0.059103902110005276
21.35,0.0,0.0,0.0,0.10885492439332378,0.0,0.0,0.0,0.0,0.0,0.0392643142572496,0.0,0.0,6.236927746953126,0.0392643142572496,0.05914309163347547
21.36,0.0,0.0,0.0,0.10924756753589628,0.0,0.0,0.0,0.0,0.0,0.031620399503189824,0.0,0.0,6.259424541877284,0.031620399503189824,0.05918302066085034
21.37,0.0,0.0,0.0,0.10956377153092818,0.0,0.0,0.0,0.0,0.0,0.023955756134185973,0.0,0.0,6.277541696257787,0.023955756134185973,0.059223536191734136
21.38,0.0,0.0,0.0,0.10980332909227004,0.0,0.0,0.0,0.0,0.0,0.016275475912969756,0.0,0.0,6.291267333473122,0.016275475912969756,0.05926449156040855
21.39,0.0,0.0,0.0,0.10996608385139973,0.0,0.0,0.0,0.0,0.0,0.008584658452465428,0.0,0.0,6.300592494266922,0.008584658452465428,0.059305746952696595
21.400000000000002,0.0,0.0,0.0,0.11005193043592439,0.0,0.0,0.0,0.0,0.0,0.0008884084607473208,0.0,0.0,6.305511141245797,0.0008884084607473208,0.05934716987272717
21.41,0.0,0.0,0.0,0.11006081452053186,0.0,0.0,0.0,0.0,0.0,-0.006808167010487747,0.0,0.0,6.306020161798643,-0.006808167010487747,0.05938863555793778
21.42,0.0,0.0,0.0,0.10999273285042699,0.0,0.0,0.0,0.0,0.0,-0.014499762666849207,0.0,0.0,6.302119369439431,-0.014499762666849207,0.05943002330844803
21.43,0.0,0.0,0.0,0.1098477352237585,0.0,0.0,0.0,0.0,0.0,-0.022180771396272544,0.0,0.0,6.293811617391913,-0.022180771396272544,0.05947120494808085
21.44,0.0,0.0,0.0,0.10962592750979577,0.0,0.0,0.0,0.0,0.0,-0.029845591082243293,0.0,0.0,6.281102971518404,-0.029845591082243293,0.05951204471301746
21.45,0.0,0.0,0.0,0.10932747159897334,0.0,0.0,0.0,0.0,0.0,-0.037488632488909546,0.0,0.0,6.264002707457546,-0.037488632488909546,0.05955239975477503
21.46,0.0,0.0,0.0,0.10895258527408425,0.0,0.0,0.0,0.0,0.0,-0.045104323751025535,0.0,0.0,6.242523303244231,-0.045104323751025535,0.059592120666577535
21.47,0.0,0.0,0.0,0.10850154203657399,0.0,0.0,0.0,0.0,0.0,-0.05268711484697285,0.0,0.0,6.216680429356976,-0.05268711484697285,0.05963105206306266
21.48,0.0,0.0,0.0,0.10797467088810425,0.0,0.0,0.0,0.0,0.0,-0.06023148205049225,0.0,0.0,6.18649293620245,-0.06023148205049225,0.059669033210646864
21.490000000000002,0.0,0.0,0.0,0.10737235606759933,0.0,0.0,0.0,0.0,0.0,-0.06773193235678061,0.0,0.0,6.151982839049338,-0.06773193235678061,0.059705898705528684
21.5,0.0,0.0,0.0,0.10669503674403152,0.0,0.0,0.0,0.0,0.0,-0.07518300787863329,0.0,0.0,6.1131753004262475,-0.07518300787863329,0.05974147919593785
21.51,0.0,0.0,0.0,0.10594320666524519,0.0,0.0,0.0,0.0,0.0,-0.0825792902083415,0.0,0.0,6.070098610000802,-0.0825792902083415,0.05977560214495239
21.52,0.0,0.0,0.0,0.10511741376316178,0.0,0.0,0.0,0.0,0.0,-0.08991540474108847,0.0,0.0,6.022784161959562,-0.08991540474108847,0.05980809262987248
21.53,0.0,0.0,0.0,0.1042182597157509,0.0,0.0,0.0,0.0,0.0,-0.09718602495562535,0.0,0.0,5.971266429910813,-0.09718602495562535,0.05983877417387673
21.54,0.0,0.0,0.0,0.10324639946619464,0.0,0.0,0.0,0.0,0.0,-0.10438587664805038,0.0,0.0,5.915582939334708,-0.10438587664805038,0.05986746960544553
21.55,0.0,0.0,0.0,0.10220254069971414,0.0,0.0,0.0,0.0,0.0,-0.11150974211456108,0.0,0.0,5.855774237607644,-0.11150974211456108,0.059894001940793945
21.56,0.0,0.0,0.0,0.10108744327856853,0.0,0.0,0.0,0.0,0.0,-0.11855246427909998,0.0,0.0,5.791883861630078,-0.11855246427909998,0.05991819528437699
21.57,0.0,0.0,0.0,0.09990191863577753,0.0,0.0,0.0,0.0,0.0,-0.12550895076186971,0.0,0.0,5.7239583030893995,-0.12550895076186971,0.05993987574237034
21.580000000000002,0.0,0.0,0.0,0.09864682912815884,0.0,0.0,0.0,0.0,0.0,-0.13237417788475367,0.0,0.0,5.652046971391695,-0.13237417788475367,0.05995887234389415
21.59,0.0,0.0,0.0,0.0973230873493113,0.0,0.0,0.0,0.0,0.0,-0.1391431946097425,0.0,0.0,5.576202154298592,-0.1391431946097425,0.0599750179646471
21.6,0.0,0.0,0.0,0.09593165540321388,0.0,0.0,0.0,0.0,0.0,-0.14581112640653712,0.0,0.0,5.496478976307535,-0.14581112640653712,0.05998815024757922
21.61,0.0,0.0,0.0,0.09447354413914852,0.0,0.0,0.0,0.0,0.0,-0.15237317904557296,0.0,0.0,5.4129353548161045,-0.15237317904557296,0.05999811251516317
21.62,0.0,0.0,0.0,0.09294981234869279,0.0,0.0,0.0,0.0,0.0,-0.1588246423127901,0.0,0.0,5.325631954113079,-0.1588246423127901,0.06000475466788191
21.63,0.0,0.0,0.0,0.0913615659255649,0.0,0.0,0.0,0.0,0.0,-0.16516089364255862,0.0,0.0,5.234632137241101,-0.16516089364255862,0.060007934063546806
21.64,0.0,0.0,0.0,0.0897099569891393,0.0,0.0,0.0,0.0,0.0,-0.17137740166525894,0.0,0.0,5.140001915777824,-0.17137740166525894,0.06000751637217165
21.650000000000002,0.0,0.0,0.0,0.08799618297248672,0.0,0.0,0.0,0.0,0.0,-0.17746972966611174,0.0,0.0,5.041809897584448,-0.17746972966611174,0.060003376401212505
21.66,0.0,0.0,0.0,0.0862214856758256,0.0,0.0,0.0,0.0,0.0,-0.1834335389519534,0.0,0.0,4.94012723257249,-0.1834335389519534,0.059995398886146634
21.67,0.0,0.0,0.0,0.08438715028630607,0.0,0.0,0.0,0.0,0.0,-0.189264592122759,0.0,0.0,4.835027556541535,-0.189264592122759,0.059983479241532765
21.68,0.0,0.0,0.0,0.08249450436507848,0.0,0.0,0.0,0.0,0.0,-0.1949587562448263,0.0,0.0,4.726586933142544,-0.1949587562448263,0.05996752426790079
21.69,0.0,0.0,0.0,0.08054491680263022,0.0,0.0,0.0,0.0,0.0,-0.20051200592265167,0.0,0.0,4.6148837940230605,-0.20051200592265167,0.05994745281006643
21.7,0.0,0.0,0.0,0.07853979674340371,0.0,0.0,0.0,0.0,0.0,-0.20592042626665097,0.0,0.0,4.49999887721236,-0.20592042626665097,0.05992319636271917
21.71,0.0,0.0,0.0,0.0764805924807372,0.0,0.0,0.0,0.0,0.0,-0.21118021575400703,0.0,0.0,4.38201516380622,-0.21118021575400703,0.05989469961944235
21.72,0.0,0.0,0.0,0.07436879032319713,0.0,0.0,0.0,0.0,0.0,-0.21628768898005787,0.0,0.0,4.261017813012553,-0.21628768898005787,0.059861920961629865
21.73,0.0,0.0,0.0,0.07220591343339655,0.0,0.0,0.0,0.0,0.0,-0.22123927929777892,0.0,0.0,4.137094095620598,-0.22123927929777892,0.05982483288410717
21.740000000000002,0.0,0.0,0.0,0.06999352064041876,0.0,0.0,0.0,0.0,0.0,-0.22603154134305553,0.0,0.0,4.01033332595781,-0.22603154134305553,0.059783422354630064
21.75,0.0,0.0,0.0,0.06773320522698821,0.0,0.0,0.0,0.0,0.0,-0.2306611534435913,0.0,0.0,3.880826792399872,-0.2306611534435913,0.059737691104815145
21.76,0.0,0.0,0.0,0.0654265936925523,0.0,0.0,0.0,0.0,0.0,-0.23512491990945053,0.0,0.0,3.7486676865004993,-0.23512491990945053,0.05968765585044188
21.77,0.0,0.0,0.0,0.0630753444934578,0.0,0.0,0.0,0.0,0.0,-0.23941977320339103,0.0,0.0,3.613951030808869,-0.23941977320339103,0.059633348439484694
21.78,0.0,0.0,0.0,0.06068114676142388,0.0,0.0,0.0,0.0,0.0,-0.24354277598930638,0.0,0.0,3.4767736054435323,-0.24354277598930638,0.059574815926644716
21.79,0.0,0.0,0.0,0.05824571900153082,0.0,0.0,0.0,0.0,0.0,-0.24749112305726229,0.0,0.0,3.3372338734926594,-0.24749112305726229,0.05951212057358124
21.8,0.0,0.0,0.0,0.0557708077709582,0.0,0.0,0.0,0.0,0.0,-0.2512621431237822,0.0,0.0,3.1954319053113194,-0.2512621431237822,0.05944533977447916
21.81,0.0,0.0,0.0,0.053258186339720376,0.0,0.0,0.0,0.0,0.0,-0.2548533005062109,0.0,0.0,3.0514693017872716,-0.2548533005062109,0.059374565906996614
21.82,0.0,0.0,0.0,0.05070965333465827,0.0,0.0,0.0,0.0,0.0,-0.25826219667016137,0.0,0.0,2.9054491166474197,-0.25826219667016137,0.05929990610910782
21.830000000000002,0.0,0.0,0.0,0.04812703136795665,0.0,0.0,0.0,0.0,0.0,-0.26148657164922906,0.0,0.0,2.757475777877641,-0.26148657164922906,0.05922148198274821
21.84,0.0,0.0,0.0,0.04551216565146436,0.0,0.0,0.0,0.0,0.0,-0.2645243053363409,0.0,0.0,2.6076550083291807,-0.2645243053363409,0.05913942922561593
21.85,0.0,0.0,0.0,0.04286692259810095,0.0,0.0,0.0,0.0,0.0,-0.26737341864628766,0.0,0.0,2.456093745585158,-0.26737341864628766,0.059053897192886715
21.86,0.0,0.0,0.0,0.040193188411638076,0.0,0.0,0.0,0.0,0.0,-0.27003207454917527,0.0,0.0,2.3029000611609907,-0.27003207454917527,0.05896504839098844
21.87,0.0,0.0,0.0,0.037492867666146325,0.0,0.0,0.0,0.0,0.0,-0.27249857897471574,0.0,0.0,2.1481830791126932,-0.27249857897471574,0.05887305790600261
21.88,0.0,0.0,0.0,0.03476788187639917,0.0,0.0,0.0,0.0,0.0,-0.2747713815874642,0.0,0.0,1.9920528941270577,-0.2747713815874642,0.05877811276959709
21.89,0.0,0.0,0.0,0.032020168060524525,0.0,0.0,0.0,0.0,0.0,-0.27684907643329626,0.0,0.0,1.834620489167654,-0.27684907643329626,0.058680411265755746
21.900000000000002,0.0,0.0,0.0,0.02925167729619156,0.0,0.0,0.0,0.0,0.0,-0.27873040245760417,0.0,0.0,1.6759976527504277,-0.27873040245760417,0.058580162181923245
21.91,0.0,0.0,0.0,0.02646437327161552,0.0,0.0,0.0,0.0,0.0,-0.28041424389587605,0.0,0.0,1.516296895922392,-0.28041424389587605,0.05847758400845115
21.92,0.0,0.0,0.0,0.02366023083265676,0.0,0.0,0.0,0.0,0.0,-0.28189963053750466,0.0,0.0,1.355631369016534,-0.28189963053750466,0.05837290409055874
21.93,0.0,0.0,0.0,0.020841234527281715,0.0,0.0,0.0,0.0,0.0,-0.2831857378638533,0.0,0.0,1.1941147782555717,-0.2831857378638533,0.058266357737240544
21.94,0.0,0.0,0.0,0.01800937714864318,0.0,0.0,0.0,0.0,0.0,-0.2842718870617846,0.0,0.0,1.031861302276603,-0.2842718870617846,0.0581581872918173
21.95,0.0,0.0,0.0,0.015166658278025335,0.0,0.0,0.0,0.0,0.0,-0.2851575449140322,0.0,0.0,0.8689855086480044,-0.2851575449140322,0.05804864116899088
21.96,0.0,0.0,0.0,0.012315082828885012,0.0,0.0,0.0,0.0,0.0,-0.2858423235679669,0.0,0.0,0.7056022704491418,-0.2858423235679669,0.05793797286347456
21.97,0.0,0.0,0.0,0.009456659593205343,0.0,0.0,0.0,0.0,0.0,-0.286325980184474,0.0,0.0,0.5418266829825681,-0.286325980184474,0.05782643993537129
21.98,0.0,0.0,0.0,0.006593399791360604,0.0,0.0,0.0,0.0,0.0,-0.28660841646882224,0.0,0.0,0.37777398068740015,-0.28660841646882224,0.05771430297760902
21.990000000000002,0.0,0.0,0.0,0.0037273156266723812,0.0,0.0,0.0,0.0,0.0,-0.28668967808555795,0.0,0.0,0.213559454321487,-0.28668967808555795,0.05760182457080207
22.0,0.0,0.0,0.0,0.0008604188458168015,0.0,0.0,0.0,0.0,0.0,-0.2865699539596112,0.0,0.0,0.049298368478820236,-0.2865699539596112,0.05748926823096106
22.01,0.0,0.0,0.0,-0.002005280693779311,0.0,0.0,0.0,0.0,0.0,-0.286249575465942,0.0,0.0,-0.11489412049262014,-0.286249575465942,0.057376897355484166
22.02,0.0,0.0,0.0,-0.004867776448438731,0.0,0.0,0.0,0.0,0.0,-0.28572901551019186,0.0,0.0,-0.2789030461087205,-0.28572901551019186,0.057264974172840336
22.03,0.0,0.0,0.0,-0.007725066603540651,0.0,0.0,0.0,0.0,0.0,-0.28500888750293707,0.0,0.0,-0.44261371284034084,-0.28500888750293707,0.05715375870129639
22.04,0.0,0.0,0.0,-0.010575155478570021,0.0,0.0,0.0,0.0,0.0,-0.2840899442302588,0.0,0.0,-0.6059117766167125,-0.2840899442302588,0.05704350772198772
22.05,0.0,0.0,0.0,-0.01341605492087261,0.0,0.0,0.0,0.0,0.0,-0.2829730766234612,0.0,0.0,-0.7686833246817202,-0.2829730766234612,0.05693447377147985
22.06,0.0,0.0,0.0,-0.01624578568710722,0.0,0.0,0.0,0.0,0.0,-0.28165931243087167,0.0,0.0,-0.9308149547452839,-0.28165931243087167,0.056826904158858424
22.07,0.0,0.0,0.0,-0.019062378811415936,0.0,0.0,0.0,0.0,0.0,-0.2801498147947548,0.0,0.0,-1.0921938533737396,-0.2801498147947548,0.05672104001220628
22.080000000000002,0.0,0.0,0.0,-0.021863876959363485,0.0,0.0,0.0,0.0,0.0,-0.27844588073645776,0.0,0.0,-1.252707873564851,-0.27844588073645776,0.056617115359126335
22.09,0.0,0.0,0.0,-0.024648335766728063,0.0,0.0,0.0,0.0,0.0,-0.2765489395529821,0.0,0.0,-1.412245611454872,-0.2765489395529821,0.05651535624575571
22.1,0.0,0.0,0.0,-0.027413825162257884,0.0,0.0,0.0,0.0,0.0,-0.27446055112824624,0.0,0.0,-1.570696482106916,-0.27446055112824624,0.05641597989847551
22.11,0.0,0.0,0.0,-0.030158430673540345,0.0,0.0,0.0,0.0,0.0,-0.27218240416235934,0.0,0.0,-1.7279507943317465,-0.27218240416235934,0.05631919393224037
22.12,0.0,0.0,0.0,-0.03288025471516394,0.0,0.0,0.0,0.0,0.0,-0.26971631432227633,0.0,0.0,-1.8838998244940186,-0.26971631432227633,0.056225195609200314
22.13,0.0,0.0,0.0,-0.0355774178583867,0.0,0.0,0.0,0.0,0.0,-0.2670642223172425,0.0,0.0,-2.038435889258922,-0.2670642223172425,0.056134171150924915
22.14,0.0,0.0,0.0,-0.03824806008155913,0.0,0.0,0.0,0.0,0.0,-0.26422819190246316,0.0,0.0,-2.191452417236137,-0.26422819190246316,0.056046295107304855
22.150000000000002,0.0,0.0,0.0,-0.04089034200058376,0.0,0.0,0.0,0.0,0.0,-0.2612104078144528,0.0,0.0,-2.3428440194799767,-0.2612104078144528,0.055961729784785634
22.16,0.0,0.0,0.0,-0.04350244607872829,0.0,0.0,0.0,0.0,0.0,-0.2580131736415258,0.0,0.0,-2.4925065588065687,-0.2580131736415258,0.05588062473630982
22.17,0.0,0.0,0.0,-0.04608257781514355,0.0,0.0,0.0,0.0,0.0,-0.25463890963288865,0.0,0.0,-2.6403372178909237,-0.25463890963288865,0.05580311631495904
22.18,0.0,0.0,0.0,-0.048628966911472435,0.0,0.0,0.0,0.0,0.0,-0.25109015044978267,0.0,0.0,-2.7862345661087007,-0.25109015044978267,0.055729327292932306
22.19,0.0,0.0,0.0,-0.05113986841597026,0.0,0.0,0.0,0.0,0.0,-0.24736954286210364,0.0,0.0,-2.930098625089475,-0.24736954286210364,0.05565936654713147
22.2,0.0,0.0,0.0,-0.0536135638445913,0.0,0.0,0.0,0.0,0.0,-0.2434798433938944,0.0,0.0,-3.0718309329502653,-0.2434798433938944,0.05559332881225346
22.21,0.0,0.0,0.0,-0.056048362278530245,0.0,0.0,0.0,0.0,0.0,-0.23942391592106615,0.0,0.0,-3.2113346071800293,-0.23942391592106615,0.05553129450193367
22.22,0.0,0.0,0.0,-0.05844260143774091,0.0,0.0,0.0,0.0,0.0,-0.23520472922465477,0.0,0.0,-3.348514406147751,-0.23520472922465477,0.055473329598081864
22.23,0.0,0.0,0.0,-0.06079464872998746,0.0,0.0,0.0,0.0,0.0,-0.2308253545028606,0.0,0.0,-3.483276789208652,-0.2308253545028606,0.05541948560823024
22.240000000000002,0.0,0.0,0.0,-0.06310290227501607,0.0,0.0,0.0,0.0,0.0,-0.22628896284505393,0.0,0.0,-3.6155299753849017,-0.22628896284505393,0.05536979959031746
22.25,0.0,0.0,0.0,-0.06536579190346661,0.0,0.0,0.0,0.0,0.0,-0.22159882267085382,0.0,0.0,-3.745184000599045,-0.22159882267085382,0.05532429424400605
22.26,0.0,0.0,0.0,-0.06758178013017516,0.0,0.0,0.0,0.0,0.0,-0.21675829713730654,0.0,0.0,-3.872150773440124,-0.21675829713730654,0.05528297806726438
22.27,0.0,0.0,0.0,-0.06974936310154822,0.0,0.0,0.0,0.0,0.0,-0.21177084151710054,0.0,0.0,-3.9963441294442266,-0.21177084151710054,0.055245845576636775
22.28,0.0,0.0,0.0,-0.07186707151671923,0.0,0.0,0.0,0.0,0.0,-0.20664000055065945,0.0,0.0,-4.117679883872864,-0.20664000055065945,0.05521287758928811
22.29,0.0,0.0,0.0,-0.07393347152222582,0.0,0.0,0.0,0.0,0.0,-0.20136940577485246,0.0,0.0,-4.236075882974202,-0.20136940577485246,0.055184041564614206
22.3,0.0,0.0,0.0,-0.07594716557997434,0.0,0.0,0.0,0.0,0.0,-0.19596277283095453,0.0,0.0,-4.351452053713765,-0.19596277283095453,0.055159292002906396
22.31,0.0,0.0,0.0,-0.07790679330828389,0.0,0.0,0.0,0.0,0.0,-0.19042389875437563,0.0,0.0,-4.463730451962711,-0.19042389875437563,0.055138570898323094
22.32,0.0,0.0,0.0,-0.07981103229582764,0.0,0.0,0.0,0.0,0.0,-0.18475665924856102,0.0,0.0,-4.572835309133233,-0.18475665924856102,0.05512180824310868
22.330000000000002,0.0,0.0,0.0,-0.08165859888831326,0.0,0.0,0.0,0.0,0.0,-0.1789650059453439,0.0,0.0,-4.678693077252025,-0.1789650059453439,0.055108922579840576
22.34,0.0,0.0,0.0,-0.0834482489477667,0.0,0.0,0.0,0.0,0.0,-0.17305296365390593,0.0,0.0,-4.781232472464045,-0.17305296365390593,0.05509982159819456
22.35,0.0,0.0,0.0,-0.08517877858430577,0.0,0.0,0.0,0.0,0.0,-0.1670246276003744,0.0,0.0,-4.880384516960041,-0.1670246276003744,0.055094402772598576
22.36,0.0,0.0,0.0,-0.08684902486030951,0.0,0.0,0.0,0.0,0.0,-0.16088416065995417,0.0,0.0,-4.976082579322499,-0.16088416065995417,0.05509255403692315
22.37,0.0,0.0,0.0,-0.08845786646690906,0.0,0.0,0.0,0.0,0.0,-0.15463579058336138,0.0,0.0,-5.0682624132857,-0.15463579058336138,0.05509415449224038
22.38,0.0,0.0,0.0,-0.09000422437274268,0.0,0.0,0.0,0.0,0.0,-0.1482838072191923,0.0,0.0,-5.156862194906655,-0.1482838072191923,0.055099075143546374
22.39,0.0,0.0,0.0,-0.0914870624449346,0.0,0.0,0.0,0.0,0.0,-0.14183255973372808,0.0,0.0,-5.241822558144567,-0.14183255973372808,0.05510717966125386
22.400000000000002,0.0,0.0,0.0,-0.09290538804227187,0.0,0.0,0.0,0.0,0.0,-0.13528645382954263,0.0,0.0,-5.323086628847364,-0.13528645382954263,0.05511832516316663
22.41,0.0,0.0,0.0,-0.0942582525805673,0.0,0.0,0.0,0.0,0.0,-0.1286499489641477,0.0,0.0,-5.400600057144607,-0.1286499489641477,0.05513236301262836
22.42,0.0,0.0,0.0,-0.09554475207020878,0.0,0.0,0.0,0.0,0.0,-0.1219275555697785,0.0,0.0,-5.474311048246798,-0.1219275555697785,0.055149139628467916
22.43,0.0,0.0,0.0,-0.09676402762590657,0.0,0.0,0.0,0.0,0.0,-0.11512383227529319,0.0,0.0,-5.5441703916517495,-0.11512383227529319,0.055168497302393635
22.44,0.0,0.0,0.0,-0.0979152659486595,0.0,0.0,0.0,0.0,0.0,-0.10824338313103204,0.0,0.0,-5.610131488759212,-0.10824338313103204,0.055190275019504034
22.45,0.0,0.0,0.0,-0.09899769977996982,0.0,0.0,0.0,0.0,0.0,-0.10129085483735804,0.0,0.0,-5.672150378895469,-0.10129085483735804,0.055214309277596706
22.46,0.0,0.0,0.0,-0.1000106083283434,0.0,0.0,0.0,0.0,0.0,-0.09427093397747931,0.0,0.0,-5.730185763749998,-0.09427093397747931,0.05524043490105061
22.47,0.0,0.0,0.0,-0.10095331766811819,0.0,0.0,0.0,0.0,0.0,-0.08718834425503692,0.0,0.0,-5.784199030226658,-0.08718834425503692,0.05526848584514305
22.48,0.0,0.0,0.0,-0.10182520111066856,0.0,0.0,0.0,0.0,0.0,-0.08004784373682865,0.0,0.0,-5.834154271712131,-0.08004784373682865,0.05529829598673977
22.490000000000002,0.0,0.0,0.0,-0.10262567954803685,0.0,0.0,0.0,0.0,0.0,-0.07285422210093144,0.0,0.0,-5.880018307764561,-0.07285422210093144,0.055329699897466875
22.5,0.0,0.0,0.0,-0.10335422176904617,0.0,0.0,0.0,0.0,0.0,-0.06561229789038316,0.0,0.0,-5.921760702225483,-0.06561229789038316,0.05536253359557187
22.51,0.0,0.0,0.0,-0.10401034474795,0.0,0.0,0.0,0.0,0.0,-0.058326915772486665,0.0,0.0,-5.9593537797582234,-0.058326915772486665,0.0553966352729044
22.52,0.0,0.0,0.0,-0.10459361390567487,0.0,0.0,0.0,0.0,0.0,-0.051002943803709476,0.0,0.0,-5.992772640816009,-0.051002943803709476,0.055431845993565564
22.53,0.0,0.0,0.0,-0.10510364334371196,0.0,0.0,0.0,0.0,0.0,-0.043645270700067164,0.0,0.0,-6.021995175042963,-0.043645270700067164,0.0554680103610266
22.54,0.0,0.0,0.0,-0.10554009605071263,0.0,0.0,0.0,0.0,0.0,-0.036258803112802065,0.0,0.0,-6.047002073111162,-0.036258803112802065,0.0555049771507082
22.55,0.0,0.0,0.0,-0.10590268408184064,0.0,0.0,0.0,0.0,0.0,-0.0288484629090981,0.0,0.0,-6.067776836996755,-0.0288484629090981,0.055542599905226274
22.56,0.0,0.0,0.0,-0.10619116871093162,0.0,0.0,0.0,0.0,0.0,-0.02141918445751002,0.0,0.0,-6.084305788698065,-0.02141918445751002,0.05558073748978648
22.57,0.0,0.0,0.0,-0.10640536055550673,0.0,0.0,0.0,0.0,0.0,-0.013975911917730092,0.0,0.0,-6.09657807739834,-0.013975911917730092,0.05561925460542016
22.580000000000002,0.0,0.0,0.0,-0.10654511967468402,0.0,0.0,0.0,0.0,0.0,-0.006523596534268092,0.0,0.0,-6.104585685075666,-0.006523596534268092,0.05565802225805211
22.59,0.0,0.0,0.0,-0.1066103556400267,0.0,0.0,0.0,0.0,0.0,0.0009328060664187503,0.0,0.0,-6.108323430562263,0.0009328060664187503,0.055696918181624276
22.6,0.0,0.0,0.0,-0.10660102757936252,0.0,0.0,0.0,0.0,0.0,0.008388334846723751,0.0,0.0,-6.107788972055163,0.008388334846723751,0.055735827170012145
22.61,0.0,0.0,0.0,-0.10651714423089528,0.0,0.0,0.0,0.0,0.0,0.015837739413669373,0.0,0.0,-6.102982810216565,0.015837739413669373,0.055774634892824436
22.62,0.0,0.0,0.0,-0.10635876683675859,0.0,0.0,0.0,0.0,0.0,0.023275591769552524,0.0,0.0,-6.093908453962253,0.023275591769552524,0.05581321963172778
22.63,0.0,0.0,0.0,-0.10612601091906305,0.0,0.0,0.0,0.0,0.0,0.03069647304923569,0.0,0.0,-6.080572522221604,0.03069647304923569,0.05585145291549671
22.64,0.0,0.0,0.0,-0.1058190461885707,0.0,0.0,0.0,0.0,0.0,0.03809497786202335,0.0,0.0,-6.062984738705021,0.03809497786202335,0.05588919996989477
22.650000000000002,0.0,0.0,0.0,-0.10543809640995047,0.0,0.0,0.0,0.0,0.0,0.04546571862047151,0.0,0.0,-6.041157924183639,0.04546571862047151,0.05592632021752973
22.66,0.0,0.0,0.0,-0.10498343922374576,0.0,0.0,0.0,0.0,0.0,0.05280332985191289,0.0,0.0,-6.0151079862888155,0.05280332985191289,0.05596266782549459
22.67,0.0,0.0,0.0,-0.10445540592522663,0.0,0.0,0.0,0.0,0.0,0.06010247248849875,0.0,0.0,-5.984853906841298,0.06010247248849875,0.055998092298254636
22.68,0.0,0.0,0.0,-0.10385438120034164,0.0,0.0,0.0,0.0,0.0,0.06735783813158028,0.0,0.0,-5.950417726722376,0.06735783813158028,0.056032439112935
22.69,0.0,0.0,0.0,-0.10318080281902584,0.0,0.0,0.0,0.0,0.0,0.07456415328627874,0.0,0.0,-5.911824528301727,0.07456415328627874,0.056065550393833895
22.7,0.0,0.0,0.0,-0.10243516128616305,0.0,0.0,0.0,0.0,0.0,0.08171618356212383,0.0,0.0,-5.869102415439024,0.08171618356212383,0.05609726562273554
22.71,0.0,0.0,0.0,-0.10161799945054181,0.0,0.0,0.0,0.0,0.0,0.08880873783567342,0.0,0.0,-5.822282491078765,0.08880873783567342,0.05612742238127783
22.72,0.0,0.0,0.0,-0.10072991207218508,0.0,0.0,0.0,0.0,0.0,0.09583667237106673,0.0,0.0,-5.771398832460085,0.09583667237106673,0.056155857121445385
22.73,0.0,0.0,0.0,-0.09977154534847442,0.0,0.0,0.0,0.0,0.0,0.10279489489450494,0.0,0.0,-5.7164884639656846,0.10279489489450494,0.05618240595997755
22.740000000000002,0.0,0.0,0.0,-0.09874359639952937,0.0,0.0,0.0,0.0,0.0,0.10967836861870023,0.0,0.0,-5.657591327636224,0.10967836861870023,0.05620690549234129
22.75,0.0,0.0,0.0,-0.09764681271334237,0.0,0.0,0.0,0.0,0.0,0.11648211621338517,0.0,0.0,-5.594750251378908,0.11648211621338517,0.05622919362171262
22.76,0.0,0.0,0.0,-0.09648199155120851,0.0,0.0,0.0,0.0,0.0,0.12320122371803006,0.0,0.0,-5.528010914901114,0.12320122371803006,0.05624911039828424
22.77,0.0,0.0,0.0,-0.09524997931402822,0.0,0.0,0.0,0.0,0.0,0.1298308443929756,0.0,0.0,-5.457421813402213,0.1298308443929756,0.05626649886412027
22.78,0.0,0.0,0.0,-0.09395167087009847,0.0,0.0,0.0,0.0,0.0,0.136366202505253,0.0,0.0,-5.383034219058841,0.136366202505253,0.05628120589867148
22.79,0.0,0.0,0.0,-0.09258800884504594,0.0,0.0,0.0,0.0,0.0,0.14280259704543335,0.0,0.0,-5.304902140341068,0.14280259704543335,0.056293083060056606
22.8,0.0,0.0,0.0,-0.09115998287459161,0.0,0.0,0.0,0.0,0.0,0.14913540537192133,0.0,0.0,-5.2230822791989615,0.14913540537192133,0.05630198741714867
22.81,0.0,0.0,0.0,-0.0896686288208724,0.0,0.0,0.0,0.0,0.0,0.15536008677918822,0.0,0.0,-5.1376339861611235,0.15536008677918822,0.05630778236757232
22.82,0.0,0.0,0.0,-0.08811502795308052,0.0,0.0,0.0,0.0,0.0,0.16147218598652277,0.0,0.0,-5.048619213388787,0.16147218598652277,0.05631033843672449
22.830000000000002,0.0,0.0,0.0,-0.08650030609321528,0.0,0.0,0.0,0.0,0.0,0.16746733654396698,0.0,0.0,-4.956102465730994,0.16746733654396698,0.05630953405302779
22.84,0.0,0.0,0.0,-0.08482563272777562,0.0,0.0,0.0,0.0,0.0,0.1733412641521987,0.0,0.0,-4.860150749828332,0.1733412641521987,0.05630525629474005
22.85,0.0,0.0,0.0,-0.08309222008625362,0.0,0.0,0.0,0.0,0.0,0.17908978989322097,0.0,0.0,-4.760833521314498,0.17908978989322097,0.05629740160375285
22.86,0.0,0.0,0.0,-0.08130132218732142,0.0,0.0,0.0,0.0,0.0,0.18470883336882318,0.0,0.0,-4.6582226301668355,0.18470883336882318,0.056285876462028935
22.87,0.0,0.0,0.0,-0.07945423385363319,0.0,0.0,0.0,0.0,0.0,0.19019441574388735,0.0,0.0,-4.552392264258649,0.19019441574388735,0.056270598026469214
22.88,0.0,0.0,0.0,-0.07755228969619432,0.0,0.0,0.0,0.0,0.0,0.19554266269172815,0.0,0.0,-4.443418891167836,0.19554266269172815,0.056251494718274814
22.89,0.0,0.0,0.0,-0.07559686306927704,0.0,0.0,0.0,0.0,0.0,0.2007498072387738,0.0,0.0,-4.331381198297973,0.2007498072387738,0.056228506763071465
22.900000000000002,0.0,0.0,0.0,-0.07358936499688931,0.0,0.0,0.0,0.0,0.0,0.20581219250602006,0.0,0.0,-4.216360031369508,0.20581219250602006,0.05620158667838669
22.91,0.0,0.0,0.0,-0.0715312430718291,0.0,0.0,0.0,0.0,0.0,0.21072627434481814,0.0,0.0,-4.098438331340218,0.21072627434481814,0.05617069970531227
22.92,0.0,0.0,0.0,-0.06942398032838093,0.0,0.0,0.0,0.0,0.0,0.21548862386469217,0.0,0.0,-3.9777010698154784,0.21548862386469217,0.05613582418154274
22.93,0.0,0.0,0.0,-0.06726909408973401,0.0,0.0,0.0,0.0,0.0,0.22009592985102,0.0,0.0,-3.8542351830101893,0.22009592985102,0.05609695185329144
22.94,0.0,0.0,0.0,-0.06506813479122381,0.0,0.0,0.0,0.0,0.0,0.22454500107055467,0.0,0.0,-3.72812950432548,0.22454500107055467,0.05605408812394047
22.95,0.0,0.0,0.0,-0.06282268478051826,0.0,0.0,0.0,0.0,0.0,0.22883276846291162,0.0,0.0,-3.599474695604447,0.22883276846291162,0.0560072522376365
22.96,0.0,0.0,0.0,-0.06053435709588915,0.0,0.0,0.0,0.0,0.0,0.23295628721629824,0.0,0.0,-3.468363177132255,0.23295628721629824,0.05595647739644269
22.97,0.0,0.0,0.0,-0.05820479422372617,0.0,0.0,0.0,0.0,0.0,0.23691273872591814,0.0,0.0,-3.3348890564469422,0.23691273872591814,0.05590181080999797
22.98,0.0,0.0,0.0,-0.055835666836466985,0.0,0.0,0.0,0.0,0.0,0.24069943243364172,0.0,0.0,-3.199148056028135,0.24069943243364172,0.05584331367707
22.990000000000002,0.0,0.0,0.0,-0.05342867251213057,0.0,0.0,0.0,0.0,0.0,0.24431380754769744,0.0,0.0,-3.0612374399317153,0.24431380754769744,0.055781061098748204
23.0,0.0,0.0,0.0,-0.050985534436653594,0.0,0.0,0.0,0.0,0.0,0.2477534346413035,0.0,0.0,-2.9212559394391704,0.2477534346413035,0.05571514192342153
23.01,0.0,0.0,0.0,-0.04850800009024056,0.0,0.0,0.0,0.0,0.0,0.2510160171293286,0.0,0.0,-2.7793036777910007,0.2510160171293286,0.0556456585241101
23.02,0.0,0.0,0.0,-0.04599783991894728,0.0,0.0,0.0,0.0,0.0,0.25409939262223996,0.0,0.0,-2.6354820940740598,0.25409939262223996,0.05557272650905079
23.03,0.0,0.0,0.0,-0.043456845992724875,0.0,0.0,0.0,0.0,0.0,0.25700153415677146,0.0,0.0,-2.4898938663331394,0.25700153415677146,0.05549647436688242
23.04,0.0,0.0,0.0,-0.04088683065115716,0.0,0.0,0.0,0.0,0.0,0.2597205513029161,0.0,0.0,-2.342642833977437,0.2597205513029161,0.05541704304810378
23.05,0.0,0.0,0.0,-0.038289625138128,0.0,0.0,0.0,0.0,0.0,0.26225469114702515,0.0,0.0,-2.1938339195527563,0.26225469114702515,0.05533458548486294
23.06,0.0,0.0,0.0,-0.03566707822665775,0.0,0.0,0.0,0.0,0.0,0.26460233915097003,0.0,0.0,-2.043573049950442,0.26460233915097003,0.05524926605148537
23.07,0.0,0.0,0.0,-0.033021054835148056,0.0,0.0,0.0,0.0,0.0,0.26676201988750053,0.0,0.0,-1.891967077124044,0.26676201988750053,0.05516125996847142
23.080000000000002,0.0,0.0,0.0,-0.03035343463627305,0.0,0.0,0.0,0.0,0.0,0.26873239765210805,0.0,0.0,-1.7391236983846567,0.26873239765210805,0.055070752653028306
23.09,0.0,0.0,0.0,-0.02766611065975197,0.0,0.0,0.0,0.0,0.0,0.2705122769518779,0.0,0.0,-1.5851513763456853,0.2705122769518779,0.05497793901947341
23.1,0.0,0.0,0.0,-0.02496098789023319,0.0,0.0,0.0,0.0,0.0,0.27210060287198884,0.0,0.0,-1.4301592585875187,0.27210060287198884,0.05488302273316193
23.11,0.0,0.0,0.0,-0.0222399818615133,0.0,0.0,0.0,0.0,0.0,0.27349646132068944,0.0,0.0,-1.2742570971122162,0.27349646132068944,0.0547862154217953
23.12,0.0,0.0,0.0,-0.019505017248306406,0.0,0.0,0.0,0.0,0.0,0.2746990791537514,0.0,0.0,-1.1175551676578315,0.2746990791537514,0.05468773584824404
23.13,0.0,0.0,0.0,-0.016758026456768892,0.0,0.0,0.0,0.0,0.0,0.27570782417956635,0.0,0.0,-0.9601641889414306,0.27570782417956635,0.05458780904919124
23.14,0.0,0.0,0.0,-0.01400094821497323,0.0,0.0,0.0,0.0,0.0,0.27652220504621705,0.0,0.0,-0.8021952418991897,0.27652220504621705,0.05448666544409823
23.150000000000002,0.0,0.0,0.0,-0.011235726164511059,0.0,0.0,0.0,0.0,0.0,0.2771418710120135,0.0,0.0,-0.6437596889911957,0.2771418710120135,0.05438453991912351
23.16,0.0,0.0,0.0,-0.008464307454390925,0.0,0.0,0.0,0.0,0.0,0.2775666116011399,0.0,0.0,-0.48496909363772156,0.2775666116011399,0.054281670890782
23.17,0.0,0.0,0.0,-0.005688641338379526,0.0,0.0,0.0,0.0,0.0,0.27779635614621007,0.0,0.0,-0.32593513985279887,0.27779635614621007,0.0541782993541888
23.18,0.0,0.0,0.0,-0.0029106777769174253,0.0,0.0,0.0,0.0,0.0,0.2778311732196739,0.0,0.0,-0.16676955213988942,0.2778311732196739,0.05407466792081494
23.19,0.0,0.0,0.0,-0.00013236604472068644,0.0,0.0,0.0,0.0,0.0,0.27767126995615754,0.0,0.0,-0.0075840157133352445,0.27767126995615754,0.053971019850721225
23.2,0.0,0.0,0.0,0.002644346654840889,0.0,0.0,0.0,0.0,0.0,0.27731699126795456,0.0,0.0,0.15150990289192037,0.27731699126795456,0.0538675980842289
23.21,0.0,0.0,0.0,0.005417516567520434,0.0,0.0,0.0,0.0,0.0,0.27676881895601063,0.0,0.0,0.31040083476112135,0.27676881895601063,0.0537646442779692
23.22,0.0,0.0,0.0,0.00818520475708054,0.0,0.0,0.0,0.0,0.0,0.2760273707188672,0.0,0.0,0.4689776870311192,0.2760273707188672,0.05366239785020779
23.23,0.0,0.0,0.0,0.010945478464269211,0.0,0.0,0.0,0.0,0.0,0.2750933990621399,0.0,0.0,0.6271297207539597,0.2750933990621399,0.05356109504024927
23.240000000000002,0.0,0.0,0.0,0.013696412454890611,0.0,0.0,0.0,0.0,0.0,0.273967790111215,0.0,0.0,0.784746628135647,0.273967790111215,0.0534609679866367
23.25,0.0,0.0,0.0,0.016436090356002762,0.0,0.0,0.0,0.0,0.0,0.27265156232994164,0.0,0.0,0.941718609094633,0.27265156232994164,0.05336224382870128
23.26,0.0,0.0,0.0,0.01916260597930218,0.0,0.0,0.0,0.0,0.0,0.27114586514818967,0.0,0.0,1.0979364470861708,0.27114586514818967,0.05326514383589393
23.27,0.0,0.0,0.0,0.021874064630784076,0.0,0.0,0.0,0.0,0.0,0.26945197750122035,0.0,0.0,1.253291584140317,0.26945197750122035,0.05316988256911959
23.28,0.0,0.0,0.0,0.02456858440579628,0.0,0.0,0.0,0.0,0.0,0.2675713062838902,0.0,0.0,1.4076761950630563,0.2675713062838902,0.053076667078108465
23.29,0.0,0.0,0.0,0.02724429746863518,0.0,0.0,0.0,0.0,0.0,0.26550538472277024,0.0,0.0,1.5609832607517482,0.26550538472277024,0.05298569613862081
23.3,0.0,0.0,0.0,0.029899351315862882,0.0,0.0,0.0,0.0,0.0,0.26325587066931677,0.0,0.0,1.7131066405778674,0.26325587066931677,0.05289715953304408
23.31,0.0,0.0,0.0,0.03253191002255605,0.0,0.0,0.0,0.0,0.0,0.2608245448172731,0.0,0.0,1.8639411437918045,0.2608245448172731,0.05281123737767937
23.32,0.0,0.0,0.0,0.03514015547072878,0.0,0.0,0.0,0.0,0.0,0.25821330884751703,0.0,0.0,2.01338259990631,0.25821330884751703,0.05272809949973037
23.330000000000002,0.0,0.0,0.0,0.037722288559203954,0.0,0.0,0.0,0.0,0.0,0.25542418350359475,0.0,0.0,2.1613279280170175,0.25542418350359475,0.05264790486671015
23.34,0.0,0.0,0.0,0.0402765303942399,0.0,0.0,0.0,0.0,0.0,0.25245930660119625,0.0,0.0,2.307675205020328,0.25245930660119625,0.05257080107069478
23.35,0.0,0.0,0.0,0.04280112346025187,0.0,0.0,0.0,0.0,0.0,0.24932093097483626,0.0,0.0,2.452323732690806,0.24932093097483626,0.052496923869509715
23.36,0.0,0.0,0.0,0.04529433277000023,0.0,0.0,0.0,0.0,0.0,0.24601142236500054,0.0,0.0,2.5951741035821123,0.24601142236500054,0.052426396786634404
23.37,0.0,0.0,0.0,0.04775444699365024,0.0,0.0,0.0,0.0,0.0,0.24253325724900662,0.0,0.0,2.736128265717361,0.24253325724900662,0.05235933077126943
23.38,0.0,0.0,0.0,0.0501797795661403,0.0,0.0,0.0,0.0,0.0,0.23888902061880707,0.0,0.0,2.8750895860366485,0.23888902061880707,0.052295823919662136
23.39,0.0,0.0,0.0,0.05256866977232837,0.0,0.0,0.0,0.0,0.0,0.23508140370893413,0.0,0.0,3.011962912571362,0.23508140370893413,0.05223596125848453
23.400000000000002,0.0,0.0,0.0,0.05491948380941771,0.0,0.0,0.0,0.0,0.0,0.23111320167774668,0.0,0.0,3.1466546353166915,0.23111320167774668,0.05217981459067869
23.41,0.0,0.0,0.0,0.05723061582619518,0.0,0.0,0.0,0.0,0.0,0.22698731124509414,0.0,0.0,3.279072745775599,0.22698731124509414,0.052127442403873146
23.42,0.0,0.0,0.0,0.05950048893864612,0.0,0.0,0.0,0.0,0.0,0.22270672828945742,0.0,0.0,3.409126895149262,0.22270672828945742,0.05207888984113389
23.43,0.0,0.0,0.0,0.0617275562215407,0.0,0.0,0.0,0.0,0.0,0.21827454540756563,0.0,0.0,3.536728451150789,0.21827454540756563,0.05203418873348682
23.44,0.0,0.0,0.0,0.06391030167561636,0.0,0.0,0.0,0.0,0.0,0.21369394943941744,0.0,0.0,3.6617905534206905,0.21369394943941744,0.05199335769331849
23.45,0.0,0.0,0.0,0.06604724117001053,0.0,0.0,0.0,0.0,0.0,0.20896821896155976,0.0,0.0,3.7842281675242964,0.20896821896155976,0.05195640226746852
23.46,0.0,0.0,0.0,0.06813692335962612,0.0,0.0,0.0,0.0,0.0,0.20410072175139404,0.0,0.0,3.9039581375129266,0.20410072175139404,0.051923315148501896
23.47,0.0,0.0,0.0,0.07017793057714006,0.0,0.0,0.0,0.0,0.0,0.19909491222519116,0.0,0.0,4.020899237032215,0.19909491222519116,0.051894076442377965
23.48,0.0,0.0,0.0,0.07216887969939197,0.0,0.0,0.0,0.0,0.0,0.19395432885240116,0.0,0.0,4.134972218962525,0.19395432885240116,0.05186865399044634
23.490000000000002,0.0,0.0,0.0,0.07410842298791598,0.0,0.0,0.0,0.0,0.0,0.18868259154874487,0.0,0.0,4.246099863577875,0.18868259154874487,0.0518470037434392
23.5,0.0,0.0,0.0,0.07599524890340342,0.0,0.0,0.0,0.0,0.0,0.1832833990504696,0.0,0.0,4.354207025211213,0.1832833990504696,0.05182907018489327
23.51,0.0,0.0,0.0,0.07782808289390812,0.0,0.0,0.0,0.0,0.0,0.17776052627204214,0.0,0.0,4.459220677415254,0.17776052627204214,0.0518147868011745
23.52,0.0,0.0,0.0,0.07960568815662854,0.0,0.0,0.0,0.0,0.0,0.17211782164944087,0.0,0.0,4.561069956609377,0.17211782164944087,0.051804076595123594
23.53,0.0,0.0,0.0,0.08132686637312295,0.0,0.0,0.0,0.0,0.0,0.16635920447109204,0.0,0.0,4.659686204204362,0.16635920447109204,0.0517968526400787
23.54,0.0,0.0,0.0,0.08299045841783387,0.0,0.0,0.0,0.0,0.0,0.16048866219837862,0.0,0.0,4.755003007197836,0.16048866219837862,0.05179301867092289
23.55,0.0,0.0,0.0,0.08459534503981765,0.0,0.0,0.0,0.0,0.0,0.1545102477775286,0.0,0.0,4.846956237234514,0.1545102477775286,0.05179246970860998
23.56,0.0,0.0,0.0,0.08614044751759294,0.0,0.0,0.0,0.0,0.0,0.14842807694456883,0.0,0.0,4.935484088126245,0.14842807694456883,0.05179509271450433
23.57,0.0,0.0,0.0,0.08762472828703863,0.0,0.0,0.0,0.0,0.0,0.14224632552490807,0.0,0.0,5.020527111827913,0.14224632552490807,0.05180076727077546
23.580000000000002,0.0,0.0,0.0,0.08904719154228771,0.0,0.0,0.0,0.0,0.0,0.13596922672898865,0.0,0.0,5.102028252866126,0.13596922672898865,0.05180936628296378
23.59,0.0,0.0,0.0,0.09040688380957759,0.0,0.0,0.0,0.0,0.0,0.12960106844532487,0.0,0.0,5.17993288121841,0.12960106844532487,0.05182075670082128
23.6,0.0,0.0,0.0,0.09170289449403084,0.0,0.0,0.0,0.0,0.0,0.12314619053212301,0.0,0.0,5.254188823641441,0.12314619053212301,0.05183480025341601
23.61,0.0,0.0,0.0,0.09293435639935206,0.0,0.0,0.0,0.0,0.0,0.11660898210855693,0.0,0.0,5.324746393447487,0.11660898210855693,0.051851354194552
23.62,0.0,0.0,0.0,0.09410044622043763,0.0,0.0,0.0,0.0,0.0,0.10999387884665454,0.0,0.0,5.391558418728855,0.10999387884665454,0.051870272054461666
23.63,0.0,0.0,0.0,0.09520038500890418,0.0,0.0,0.0,0.0,0.0,0.10330536026463294,0.0,0.0,5.454580269030722,0.10330536026463294,0.05189140439384168
23.64,0.0,0.0,0.0,0.09623343861155051,0.0,0.0,0.0,0.0,0.0,0.09654794702240567,0.0,0.0,5.513769880473141,0.09654794702240567,0.05191459955626723
23.650000000000002,0.0,0.0,0.0,0.09719891808177457,0.0,0.0,0.0,0.0,0.0,0.08972619821987514,0.0,0.0,5.569087779323506,0.08972619821987514,0.05193970441512136
23.66,0.0,0.0,0.0,0.09809618006397332,0.0,0.0,0.0,0.0,0.0,0.08284470869851523,0.0,0.0,5.620497104021037,0.08284470869851523,0.05196656511126507
23.67,0.0,0.0,0.0,0.09892462715095847,0.0,0.0,0.0,0.0,0.0,0.07590810634664652,0.0,0.0,5.667963625655194,0.07590810634664652,0.051995027777735625
23.68,0.0,0.0,0.0,0.09968370821442493,0.0,0.0,0.0,0.0,0.0,0.06892104940870748,0.0,0.0,5.711455766900124,0.06892104940870748,0.05202493924793199
23.69,0.0,0.0,0.0,0.100372918708512,0.0,0.0,0.0,0.0,0.0,0.061888223798732024,0.0,0.0,5.75094461940744,0.061888223798732024,0.052056147743828836
23.7,0.0,0.0,0.0,0.10099180094649933,0.0,0.0,0.0,0.0,0.0,0.05481434041815489,0.0,0.0,5.786403959659724,0.05481434041815489,0.052088503540967765
23.71,0.0,0.0,0.0,0.10153994435068088,0.0,0.0,0.0,0.0,0.0,0.04770413247798439,0.0,0.0,5.817810263287261,0.04770413247798439,0.052121859607100036
23.72,0.0,0.0,0.0,0.10201698567546072,0.0,0.0,0.0,0.0,0.0,0.04056235282530546,0.0,0.0,5.845142717850475,0.04056235282530546,0.05215607221156545
23.73,0.0,0.0,0.0,0.10242260920371378,0.0,0.0,0.0,0.0,0.0,0.033393771274005855,0.0,0.0,5.868383234090581,0.033393771274005855,0.05219100150269048
23.740000000000002,0.0,0.0,0.0,0.10275654691645383,0.0,0.0,0.0,0.0,0.0,0.026203171939555195,0.0,0.0,5.887516455650838,0.026203171939555195,0.05222651205067798
23.75,0.0,0.0,0.0,0.10301857863584939,0.0,0.0,0.0,0.0,0.0,0.0189953505776099,0.0,0.0,5.902529767270759,0.0189953505776099,0.052262473353704424
23.76,0.0,0.0,0.0,0.10320853214162548,0.0,0.0,0.0,0.0,0.0,0.011775111926167921,0.0,0.0,5.913413301455444,0.011775111926167921,0.05229876030516988
23.77,0.0,0.0,0.0,0.10332628326088716,0.0,0.0,0.0,0.0,0.0,0.004547267050955229,0.0,0.0,5.92015994362208,0.004547267050955229,0.05233525362026717
23.78,0.0,0.0,0.0,0.10337175593139672,0.0,0.0,0.0,0.0,0.0,-0.0026833693063085494,0.0,0.0,5.922765335725466,-0.0026833693063085494,0.05237184022031232
23.79,0.0,0.0,0.0,0.10334492223833364,0.0,0.0,0.0,0.0,0.0,-0.009911950517983843,0.0,0.0,5.921227878364202,-0.009911950517983843,0.05240841314529144
23.8,0.0,0.0,0.0,0.1032458027331538,0.0,0.0,0.0,0.0,0.0,-0.017133303117462258,0.0,0.0,5.9155487490499725,-0.017133303117462258,0.052444863463525365
23.81,0.0,0.0,0.0,0.10307446970197917,0.0,0.0,0.0,0.0,0.0,-0.024342170676297473,0.0,0.0,5.905732089472483,-0.024342170676297473,0.052481075485454776
23.82,0.0,0.0,0.0,0.1028310479952162,0.0,0.0,0.0,0.0,0.0,-0.03153330662333755,0.0,0.0,5.891785053033093,-0.03153330662333755,0.05251692747965325
23.830000000000002,0.0,0.0,0.0,0.10251571492898282,0.0,0.0,0.0,0.0,0.0,-0.0387014784361025,0.0,0.0,5.873717799197001,-0.0387014784361025,0.05255229210309556
23.84,0.0,0.0,0.0,0.10212870014462179,0.0,0.0,0.0,0.0,0.0,-0.04584147181858618,0.0,0.0,5.8515434854439485,-0.04584147181858618,0.05258703687640737
23.85,0.0,0.0,0.0,0.10167028542643593,0.0,0.0,0.0,0.0,0.0,-0.05294809486142296,0.0,0.0,5.82527825682522,-0.05294809486142296,0.05262102470199667
23.86,0.0,0.0,0.0,0.1011408044778217,0.0,0.0,0.0,0.0,0.0,-0.06001618218037819,0.0,0.0,5.794941233137042,-0.06001618218037819,0.05265411442267126
23.87,0.0,0.0,0.0,0.10054064265601792,0.0,0.0,0.0,0.0,0.0,-0.06704059902914436,0.0,0.0,5.760554493722802,-0.06704059902914436,0.05268616141803142
23.88,0.0,0.0,0.0,0.09987023666572648,0.0,0.0,0.0,0.0,0.0,-0.07401624538245138,0.0,0.0,5.722143059918814,-0.07401624538245138,0.052717018235691075
23.89,0.0,0.0,0.0,0.09913007421190197,0.0,0.0,0.0,0.0,0.0,-0.08093805998553008,0.0,0.0,5.679734875160623,-0.08093805998553008,0.05274653525409781
23.900000000000002,0.0,0.0,0.0,0.09832069361204666,0.0,0.0,0.0,0.0,0.0,-0.08780102436600239,0.0,0.0,5.633360782769147,-0.08780102436600239,0.05277456137347819
23.91,0.0,0.0,0.0,0.09744268336838664,0.0,0.0,0.0,0.0,0.0,-0.09460016680431067,0.0,0.0,5.583054501438175,-0.09460016680431067,0.05280094473124846
23.92,0.0,0.0,0.0,0.09649668170034353,0.0,0.0,0.0,0.0,0.0,-0.10133056625884107,0.0,0.0,5.528852598446969,-0.10133056625884107,0.052825533438010865
23.93,0.0,0.0,0.0,0.09548337603775513,0.0,0.0,0.0,0.0,0.0,-0.10798735624194268,0.0,0.0,5.470794460623946,-0.10798735624194268,0.05284817633008547
23.94,0.0,0.0,0.0,0.0944035024753357,0.0,0.0,0.0,0.0,0.0,-0.11456572864309586,0.0,0.0,5.408922263089556,-0.11456572864309586,0.05286872373440496
23.95,0.0,0.0,0.0,0.09325784518890474,0.0,0.0,0.0,0.0,0.0,-0.12106093749553817,0.0,0.0,5.343280935808651,-0.12106093749553817,0.05288702824145475
23.96,0.0,0.0,0.0,0.09204723581394936,0.0,0.0,0.0,0.0,0.0,-0.12746830268271647,0.0,0.0,5.273918127984737,-0.12746830268271647,0.052902945481857366
23.97,0.0,0.0,0.0,0.0907725527871222,0.0,0.0,0.0,0.0,0.0,-0.133783213580998,0.0,0.0,5.200884170330579,-0.133783213580998,0.052916334902150496
23.98,0.0,0.0,0.0,0.08943472065131221,0.0,0.0,0.0,0.0,0.0,-0.14000113263514233,0.0,0.0,5.124232035251694,-0.14000113263514233,0.05292706053524706
23.990000000000002,0.0,0.0,0.0,0.08803470932496078,0.0,0.0,0.0,0.0,0.0,-0.14611759886310938,0.0,0.0,5.044017294981245,-0.14611759886310938,0.05293499176107969
24.0,0.0,0.0,0.0,0.0865735333363297,0.0,0.0,0.0,0.0,0.0,-0.1521282312868571,0.0,0.0,4.960298077706828,-0.1521282312868571,0.05294000405293629
24.01,0.0,0.0,0.0,0.08505225102346112,0.0,0.0,0.0,0.0,0.0,-0.15802873228586498,0.0,0.0,4.873135021731558,-0.15802873228586498,0.05294197970506302
24.02,0.0,0.0,0.0,0.08347196370060246,0.0,0.0,0.0,0.0,0.0,-0.1638148908702075,0.0,0.0,4.78259122771373,-0.1638148908702075,0.05294080853716794
24.03,0.0,0.0,0.0,0.08183381479190038,0.0,0.0,0.0,0.0,0.0,-0.16948258587009393,0.0,0.0,4.688732209031139,-0.16948258587009393,0.05293638857158765
24.04,0.0,0.0,0.0,0.08013898893319944,0.0,0.0,0.0,0.0,0.0,-0.175027789038888,0.0,0.0,4.591625840317939,-0.175027789038888,0.052928626678989815
24.05,0.0,0.0,0.0,0.07838871104281056,0.0,0.0,0.0,0.0,0.0,-0.18044656806672302,0.0,0.0,4.491342304223595,-0.18044656806672302,0.052917439188661514
24.060000000000002,0.0,0.0,0.0,0.07658424536214332,0.0,0.0,0.0,0.0,0.0,-0.18573508950193512,0.0,0.0,4.387954036445161,-0.18573508950193512,0.05290275245961905
24.07,0.0,0.0,0.0,0.07472689446712397,0.0,0.0,0.0,0.0,0.0,-0.19088962157764816,0.0,0.0,4.281535669085706,-0.19088962157764816,0.052884503408966076
24.080000000000002,0.0,0.0,0.0,0.07281799825134748,0.0,0.0,0.0,0.0,0.0,-0.19590653694096088,0.0,0.0,4.17216397239322,-0.19590653694096088,0.05286263999419631
24.09,0.0,0.0,0.0,0.07085893288193787,0.0,0.0,0.0,0.0,0.0,-0.20078231528230725,0.0,0.0,4.059917794935811,-0.20078231528230725,0.052837121646340246
24.1,0.0,0.0,0.0,0.06885110972911479,0.0,0.0,0.0,0.0,0.0,-0.20551354586268647,0.0,0.0,3.944878002270398,-0.20551354586268647,0.052807919651181645
24.11,0.0,0.0,0.0,0.06679597427048793,0.0,0.0,0.0,0.0,0.0,-0.21009692993658918,0.0,0.0,3.8271274141633964,-0.21009692993658918,0.05277501747602108
24.12,0.0,0.0,0.0,0.06469500497112204,0.0,0.0,0.0,0.0,0.0,-0.21452928306858013,0.0,0.0,3.7067507404231734,-0.21452928306858013,0.052738411039801626
24.13,0.0,0.0,0.0,0.06254971214043624,0.0,0.0,0.0,0.0,0.0,-0.21880753734163635,0.0,0.0,3.5838345154052034,-0.21880753734163635,0.05269810892470535
24.14,0.0,0.0,0.0,0.060361636767019874,0.0,0.0,0.0,0.0,0.0,-0.2229287434554816,0.0,0.0,3.458467031251934,-0.2229287434554816,0.05265413252769212
24.150000000000002,0.0,0.0,0.0,0.058132349332465055,0.0,0.0,0.0,0.0,0.0,-0.22689007271330416,0.0,0.0,3.330738269930396,-0.22689007271330416,0.05260651615076671
24.16,0.0,0.0,0.0,0.05586344860533202,0.0,0.0,0.0,0.0,0.0,-0.23068881889539422,0.0,0.0,3.2007398341315096,-0.23068881889539422,0.052555307029146826
24.17,0.0,0.0,0.0,0.053556560416378074,0.0,0.0,0.0,0.0,0.0,-0.23432240001839003,0.0,0.0,3.0685648770958704,-0.23432240001839003,0.05250056529681098
24.18,0.0,0.0,0.0,0.051213336416194175,0.0,0.0,0.0,0.0,0.0,-0.23778835997897754,0.0,0.0,2.9343080314315713,-0.23778835997897754,0.05244236388932294
24.19,0.0,0.0,0.0,0.0488354528164044,0.0,0.0,0.0,0.0,0.0,-0.24108437008104652,0.0,0.0,2.7980653369902413,-0.24108437008104652,0.05238078838414184
24.2,0.0,0.0,0.0,0.04642460911559393,0.0,0.0,0.0,0.0,0.0,-0.24420823044546683,0.0,0.0,2.6599341678681014,-0.24420823044546683,0.0523159367790099
24.21,0.0,0.0,0.0,0.04398252681113926,0.0,0.0,0.0,0.0,0.0,-0.24715787130181124,0.0,0.0,2.5200131585992667,-0.24715787130181124,0.05224791920935936
24.22,0.0,0.0,0.0,0.04151094809812115,0.0,0.0,0.0,0.0,0.0,-0.2499313541615156,0.0,0.0,2.3784021296089533,-0.2499313541615156,0.05217685760601642
24.23,0.0,0.0,0.0,0.03901163455650599,0.0,0.0,0.0,0.0,0.0,-0.2525268728721322,0.0,0.0,2.2352020119945104,-0.2525268728721322,0.05210288529485102
24.240000000000002,0.0,0.0,0.0,0.03648636582778467,0.0,0.0,0.0,0.0,0.0,-0.25494275455249893,0.0,0.0,2.0905147717024115,-0.25494275455249893,0.05202614654030467
24.25,0.0,0.0,0.0,0.03393693828225968,0.0,0.0,0.0,0.0,0.0,-0.2571774604088136,0.0,0.0,1.9444433331694335,-0.2571774604088136,0.05194679603508874
24.26,0.0,0.0,0.0,0.03136516367817155,0.0,0.0,0.0,0.0,0.0,-0.2592295864317694,0.0,0.0,1.7970915024962553,-0.2592295864317694,0.05186499833862783
24.27,0.0,0.0,0.0,0.028772867813853853,0.0,0.0,0.0,0.0,0.0,-0.26109786397507334,0.0,0.0,1.6485638902216333,-0.26109786397507334,0.051780927267095773
24.28,0.0,0.0,0.0,0.026161889174103118,0.0,0.0,0.0,0.0,0.0,-0.2627811602158362,0.0,0.0,1.4989658337651077,-0.2627811602158362,0.05169476523819488
24.29,0.0,0.0,0.0,0.023534077571944756,0.0,0.0,0.0,0.0,0.0,-0.26427847849748487,0.0,0.0,1.3484033196059224,-0.26427847849748487,0.05160670257404709
24.3,0.0,0.0,0.0,0.020891292786969908,0.0,0.0,0.0,0.0,0.0,-0.2655889585560113,0.0,0.0,1.196982905265475,-0.2655889585560113,0.051516936765804225
24.310000000000002,0.0,0.0,0.0,0.018235403201409796,0.0,0.0,0.0,0.0,0.0,-0.26671187663053136,0.0,0.0,1.0448116411601311,-0.26671187663053136,0.0514256717037916
24.32,0.0,0.0,0.0,0.015568284435104482,0.0,0.0,0.0,0.0,0.0,-0.26764664545928507,0.0,0.0,0.8919969923906977,-0.26764664545928507,0.05133311687717427
24.330000000000002,0.0,0.0,0.0,0.01289181798051163,0.0,0.0,0.0,0.0,0.0,-0.2683928141623616,0.0,0.0,0.7386467605341845,-0.2683928141623616,0.05123948654730731
24.34,0.0,0.0,0.0,0.010207889838888014,0.0,0.0,0.0,0.0,0.0,-0.2689500680125848,0.0,0.0,0.5848690055027611,-0.2689500680125848,0.05114499889904304
24.35,0.0,0.0,0.0,0.007518389158762166,0.0,0.0,0.0,0.0,0.0,-0.26931822809613903,0.0,0.0,0.43077196753398556,-0.26931822809613903,0.05104987517438828
24.36,0.0,0.0,0.0,0.004825206877800775,0.0,0.0,0.0,0.0,0.0,-0.2694972508646576,0.0,0.0,0.27646398937548156,-0.2694972508646576,0.050954338792984354
24.37,0.0,0.0,0.0,0.002130234369154199,0.0,0.0,0.0,0.0,0.0,-0.26948722758063137,0.0,0.0,0.12205343872624899,-0.26948722758063137,0.0508586144639325
24.38,0.0,0.0,0.0,-0.0005646379066521147,0.0,0.0,0.0,0.0,0.0,-0.2692883836581272,0.0,0.0,-0.032351369004267924,-0.2692883836581272,0.050762927293514705
24.39,0.0,0.0,0.0,-0.0032575217432333865,0.0,0.0,0.0,0.0,0.0,-0.26890107790092926,0.0,0.0,-0.18664224755937167,-0.26890107790092926,0.05066750189335785
24.400000000000002,0.0,0.0,0.0,-0.005946532522242679,0.0,0.0,0.0,0.0,0.0,-0.2683258016403361,0.0,0.0,-0.34071121626178985,-0.2683258016403361,0.05057256149357435
24.41,0.0,0.0,0.0,-0.00862979053864604,0.0,0.0,0.0,0.0,0.0,-0.26756317777495736,0.0,0.0,-0.4944505759463474,-0.26756317777495736,0.050478327065344865
24.42,0.0,0.0,0.0,-0.011305422316395614,0.0,0.0,0.0,0.0,0.0,-0.26661395971496044,0.0,0.0,-0.6477529843424835,-0.26661395971496044,0.05038501645734405
24.43,0.0,0.0,0.0,-0.013971561913545219,0.0,0.0,0.0,0.0,0.0,-0.2654790302333135,0.0,0.0,-0.8005115308518654,-0.2654790302333135,0.050292843550294286
24.44,0.0,0.0,0.0,-0.016626352215878354,0.0,0.0,0.0,0.0,0.0,-0.26415940022666257,0.0,0.0,-0.9526198106678139,-0.26415940022666257,0.0502020174338377
24.45,0.0,0.0,0.0,-0.01926794621814498,0.0,0.0,0.0,0.0,0.0,-0.26265620738856277,0.0,0.0,-1.103971998184763,-0.26265620738856277,0.05011274160970893
24.46,0.0,0.0,0.0,-0.021894508292030608,0.0,0.0,0.0,0.0,0.0,-0.2609707147978573,0.0,0.0,-1.2544629196475383,-0.2609707147978573,0.05002521322510325
24.47,0.0,0.0,0.0,-0.02450421544000918,0.0,0.0,0.0,0.0,0.0,-0.2591043094250644,0.0,0.0,-1.4039881249918336,-0.2591043094250644,0.049939622339853044
24.48,0.0,0.0,0.0,-0.027095258534259824,0.0,0.0,0.0,0.0,0.0,-0.2570585005596907,0.0,0.0,-1.552443958828913,-0.2570585005596907,0.04985615123089981
24.490000000000002,0.0,0.0,0.0,-0.029665843539856733,0.0,0.0,0.0,0.0,0.0,-0.254834918161437,0.0,0.0,-1.699727630529229,-0.254834918161437,0.0497749737372569
24.5,0.0,0.0,0.0,-0.0322141927214711,0.0,0.0,0.0,0.0,0.0,-0.25243531113830425,0.0,0.0,-1.8457372833613497,-0.25243531113830425,0.049696254648452606
24.51,0.0,0.0,0.0,-0.03473854583285414,0.0,0.0,0.0,0.0,0.0,-0.24986154555463905,0.0,0.0,-1.9903720626443158,-0.24986154555463905,0.049620149139175354
24.52,0.0,0.0,0.0,-0.03723716128840053,0.0,0.0,0.0,0.0,0.0,-0.24711560277218006,0.0,0.0,-2.133532182873281,-0.24711560277218006,0.04954680225255657
24.53,0.0,0.0,0.0,-0.03970831731612233,0.0,0.0,0.0,0.0,0.0,-0.24419957752718266,0.0,0.0,-2.2751189937800538,-0.24419957752718266,0.04947634843427545
24.54,0.0,0.0,0.0,-0.04215031309139416,0.0,0.0,0.0,0.0,0.0,-0.24111567594670313,0.0,0.0,-2.415035045291907,-0.24111567594670313,0.04940891111935439
24.55,0.0,0.0,0.0,-0.044561469850861186,0.0,0.0,0.0,0.0,0.0,-0.23786621350712187,0.0,0.0,-2.553184151353808,-0.23786621350712187,0.04934460237321367
24.560000000000002,0.0,0.0,0.0,-0.04694013198593241,0.0,0.0,0.0,0.0,0.0,-0.23445361293797298,0.0,0.0,-2.689471452580966,-0.23445361293797298,0.04928352258828446
24.57,0.0,0.0,0.0,-0.04928466811531214,0.0,0.0,0.0,0.0,0.0,-0.23088040207412833,0.0,0.0,-2.8238034777103627,-0.23088040207412833,0.04922576023711259
24.580000000000002,0.0,0.0,0.0,-0.05159347213605342,0.0,0.0,0.0,0.0,0.0,-0.22714921165935587,0.0,0.0,-2.956088203821673,-0.22714921165935587,0.04917139168264213
24.59,0.0,0.0,0.0,-0.05386496425264698,0.0,0.0,0.0,0.0,0.0,-0.22326277310423615,0.0,0.0,-3.0862351152997225,-0.22326277310423615,0.04912048104599929
24.6,0.0,0.0,0.0,-0.05609759198368934,0.0,0.0,0.0,0.0,0.0,-0.219223916201378,0.0,0.0,-3.214155261512319,-0.219223916201378,0.04907308013182993
24.61,0.0,0.0,0.0,-0.05828983114570312,0.0,0.0,0.0,0.0,0.0,-0.21503556680082228,0.0,0.0,-3.3397613131790047,-0.21503556680082228,0.049029228410919
24.62,0.0,0.0,0.0,-0.06044018681371135,0.0,0.0,0.0,0.0,0.0,-0.21070074444846607,0.0,0.0,-3.462967617407911,-0.21070074444846607,0.04898895305952164
24.63,0.0,0.0,0.0,-0.062547194258196,0.0,0.0,0.0,0.0,0.0,-0.20622255999027325,0.0,0.0,-3.5836902513795272,-0.20622255999027325,0.04895226905454923
24.64,0.0,0.0,0.0,-0.06460941985809873,0.0,0.0,0.0,0.0,0.0,-0.20160421314496765,0.0,0.0,-3.7018470746577874,-0.20160421314496765,0.048919179323457476
24.650000000000002,0.0,0.0,0.0,-0.06662546198954841,0.0,0.0,0.0,0.0,0.0,-0.1968489900478266,0.0,0.0,-3.817357780110413,-0.1968489900478266,0.048889674947432335
24.66,0.0,0.0,0.0,-0.06859395189002668,0.0,0.0,0.0,0.0,0.0,-0.19196026076811054,0.0,0.0,-3.930143943421945,-0.19196026076811054,0.04886373541615943
24.67,0.0,0.0,0.0,-0.07051355449770778,0.0,0.0,0.0,0.0,0.0,-0.18694147680257606,0.0,0.0,-4.04012907118438,-0.18694147680257606,0.04884132893226345
24.68,0.0,0.0,0.0,-0.07238296926573354,0.0,0.0,0.0,0.0,0.0,-0.18179616854742686,0.0,0.0,-4.147238647551683,-0.18179616854742686,0.048822412763235526
24.69,0.0,0.0,0.0,-0.0742009309512078,0.0,0.0,0.0,0.0,0.0,-0.17652794275096031,0.0,0.0,-4.251400179445848,-0.17652794275096031,0.048806933638433206
24.7,0.0,0.0,0.0,-0.07596621037871741,0.0,0.0,0.0,0.0,0.0,-0.17114047994906575,0.0,0.0,-4.352543240303419,-0.17114047994906575,0.04879482818856522
24.71,0.0,0.0,0.0,-0.07767761517820806,0.0,0.0,0.0,0.0,0.0,-0.16563753188562744,0.0,0.0,-4.4505995123526665,-0.16563753188562744,0.04878602342484693
24.72,0.0,0.0,0.0,-0.07933399049706434,0.0,0.0,0.0,0.0,0.0,-0.16002291891977688,0.0,0.0,-4.545502827412767,-0.16002291891977688,0.048780437254862835
24.73,0.0,0.0,0.0,-0.0809342196862621,0.0,0.0,0.0,0.0,0.0,-0.15430052742183062,0.0,0.0,-4.637189206207441,-0.15430052742183062,0.0487779790319945
24.740000000000002,0.0,0.0,0.0,-0.0824772249604804,0.0,0.0,0.0,0.0,0.0,-0.14847430715963794,0.0,0.0,-4.725596896186575,-0.14847430715963794,0.04877855013516812
24.75,0.0,0.0,0.0,-0.08396196803207678,0.0,0.0,0.0,0.0,0.0,-0.14254826867695053,0.0,0.0,-4.810666407850338,-0.14254826867695053,0.048782044575514515
24.76,0.0,0.0,0.0,-0.08538745071884629,0.0,0.0,0.0,0.0,0.0,-0.1365264806653125,0.0,0.0,-4.8923405495712,-0.1365264806653125,0.048788349626479044
24.77,0.0,0.0,0.0,-0.08675271552549942,0.0,0.0,0.0,0.0,0.0,-0.13041306733085606,0.0,0.0,-4.970564460910168,-0.13041306733085606,0.04879734647381923
24.78,0.0,0.0,0.0,-0.08805684619880798,0.0,0.0,0.0,0.0,0.0,-0.12421220575727379,0.0,0.0,-5.045285644424303,-0.12421220575727379,0.0488089108818629
24.79,0.0,0.0,0.0,-0.08929896825638071,0.0,0.0,0.0,0.0,0.0,-0.11792812326612662,0.0,0.0,-5.116453995963327,-0.11792812326612662,0.048822913872388365
24.8,0.0,0.0,0.0,-0.09047824948904198,0.0,0.0,0.0,0.0,0.0,-0.11156509477553438,0.0,0.0,-5.184021833453803,-0.11156509477553438,0.04883922241244625
24.810000000000002,0.0,0.0,0.0,-0.09159390043679733,0.0,0.0,0.0,0.0,0.0,-0.10512744015818631,0.0,0.0,-5.247943924169954,-0.10512744015818631,0.048857700107445
24.82,0.0,0.0,0.0,-0.0926451748383792,0.0,0.0,0.0,0.0,0.0,-0.09861952159950106,0.0,0.0,-5.3081775104907365,-0.09861952159950106,0.04887820789587411
24.830000000000002,0.0,0.0,0.0,-0.0936313700543742,0.0,0.0,0.0,0.0,0.0,-0.09204574095666067,0.0,0.0,-5.364682334143243,-0.09204574095666067,0.04890060474204207
24.84,0.0,0.0,0.0,-0.09455182746394081,0.0,0.0,0.0,0.0,0.0,-0.08541053711914108,0.0,0.0,-5.417420658932954,-0.08541053711914108,0.04892474832327652
24.85,0.0,0.0,0.0,-0.09540593283513221,0.0,0.0,0.0,0.0,0.0,-0.07871838337126334,0.0,0.0,-5.4663572919616765,-0.07871838337126334,0.048950495708141493
24.86,0.0,0.0,0.0,-0.09619311666884485,0.0,0.0,0.0,0.0,0.0,-0.07197378475719479,0.0,0.0,-5.511459603334338,-0.07197378475719479,0.04897770402227917
24.87,0.0,0.0,0.0,-0.09691285451641679,0.0,0.0,0.0,0.0,0.0,-0.06518127544873972,0.0,0.0,-5.5526975443560405,-0.06518127544873972,0.04900623109861556
24.88,0.0,0.0,0.0,-0.09756466727090418,0.0,0.0,0.0,0.0,0.0,-0.05834541611617322,0.0,0.0,-5.590043664220965,-0.05834541611617322,0.04903593610881966
24.89,0.0,0.0,0.0,-0.09814812143206592,0.0,0.0,0.0,0.0,0.0,-0.051470791302291465,0.0,0.0,-5.623473125194878,-0.051470791302291465,0.049066680172996396
24.900000000000002,0.0,0.0,0.0,-0.09866282934508883,0.0,0.0,0.0,0.0,0.0,-0.04456200679977669,0.0,0.0,-5.652963716293078,-0.04456200679977669,0.04909832694482087
24.91,0.0,0.0,0.0,-0.0991084494130866,0.0,0.0,0.0,0.0,0.0,-0.03762368703190573,0.0,0.0,-5.678495865455683,-0.03762368703190573,0.04913074316942461
24.92,0.0,0.0,0.0,-0.09948468628340565,0.0,0.0,0.0,0.0,0.0,-0.030660472436567443,0.0,0.0,-5.700052650222175,-0.030660472436567443,0.04916379921158361
24.93,0.0,0.0,0.0,-0.09979129100777133,0.0,0.0,0.0,0.0,0.0,-0.02367701685349728,0.0,0.0,-5.717619806907101,-0.02367701685349728,0.049197369551918904
24.94,0.0,0.0,0.0,-0.1000280611763063,0.0,0.0,0.0,0.0,0.0,-0.01667798491458655,0.0,0.0,-5.731185738278756,-0.01667798491458655,0.0492313332490459
24.95,0.0,0.0,0.0,-0.10019484102545217,0.0,0.0,0.0,0.0,0.0,-0.0096680494370798,0.0,0.0,-5.740741519742643,-0.0096680494370798,0.049265574365809854
24.96,0.0,0.0,0.0,-0.10029152151982297,0.0,0.0,0.0,0.0,0.0,-0.0026518888194365852,0.0,0.0,-5.746280904031328,-0.0026518888194365852,0.04929998235797236
24.97,0.0,0.0,0.0,-0.10031804040801734,0.0,0.0,0.0,0.0,0.0,0.004365815560396283,0.0,0.0,-5.747800324402244,0.004365815560396283,0.049334452423955746
24.98,0.0,0.0,0.0,-0.10027438225241338,0.0,0.0,0.0,0.0,0.0,0.01138030025738403,0.0,0.0,-5.745298896344812,0.01138030025738403,0.0493688845129727
24.990000000000002,0.0,0.0,0.0,-0.10016057924983954,0.0,0.0,0.0,0.0,0.0,0.018386494112156215,0.0,0.0,-5.738778464601414,0.018386494112156215,0.04940317451313688
25.0,0.0,0.0,0.0,-0.09997671430871798,0.0,0.0,0.0,0.0,0.0,0.0253793023185927,0.0,0.0,-5.728243779474727,0.0253793023185927,0.04943721234913971
25.01,0.0,0.0,0.0,-0.09972292128553205,0.0,0.0,0.0,0.0,0.0,0.032353640623538196,0.0,0.0,-5.713702510376308,0.032353640623538196,0.04947088253589434
25.02,0.0,0.0,0.0,-0.09939938487929667,0.0,0.0,0.0,0.0,0.0,0.03930443937686046,0.0,0.0,-5.695165239780191,0.03930443937686046,0.049504064590331694
25.03,0.0,0.0,0.0,-0.09900634048552806,0.0,0.0,0.0,0.0,0.0,0.04622664756744534,0.0,0.0,-5.672645454855972,0.04622664756744534,0.049536633483740246
25.04,0.0,0.0,0.0,-0.09854407400985361,0.0,0.0,0.0,0.0,0.0,0.0531152368412178,0.0,0.0,-5.646159536789439,0.0531152368412178,0.0495684601326593
25.05,0.0,0.0,0.0,-0.09801292164144143,0.0,0.0,0.0,0.0,0.0,0.05996520549729736,0.0,0.0,-5.615726747801043,0.05996520549729736,0.04959941192601942
25.060000000000002,0.0,0.0,0.0,-0.09741326958646845,0.0,0.0,0.0,0.0,0.0,0.06677158245841959,0.0,0.0,-5.581369215874744,0.06677158245841959,0.04962935328601454
25.07,0.0,0.0,0.0,-0.09674555376188426,0.0,0.0,0.0,0.0,0.0,0.07352943121178249,0.0,0.0,-5.543111917211973,0.07352943121178249,0.04965814625988918
25.080000000000002,0.0,0.0,0.0,-0.09601025944976643,0.0,0.0,0.0,0.0,0.0,0.08023385371650721,0.0,0.0,-5.500982656427646,0.08023385371650721,0.049685651139636446
25.09,0.0,0.0,0.0,-0.09520792091260136,0.0,0.0,0.0,0.0,0.0,0.08687999427393807,0.0,0.0,-5.455012044507387,0.08687999427393807,0.04971172710637141
25.1,0.0,0.0,0.0,-0.09433912096986198,0.0,0.0,0.0,0.0,0.0,0.09346304335704515,0.0,0.0,-5.405233474547213,0.09346304335704515,0.049736232895962226
25.11,0.0,0.0,0.0,-0.09340449053629153,0.0,0.0,0.0,0.0,0.0,0.09997824139523603,0.0,0.0,-5.351683095299144,0.09997824139523603,0.04975902748231063
25.12,0.0,0.0,0.0,-0.09240470812233917,0.0,0.0,0.0,0.0,0.0,0.10642088251093014,0.0,0.0,-5.294399782548272,0.10642088251093014,0.04977997077455647
25.13,0.0,0.0,0.0,-0.09134049929722987,0.0,0.0,0.0,0.0,0.0,0.11278631820430053,0.0,0.0,-5.233425108348934,0.11278631820430053,0.04979892432431957
25.14,0.0,0.0,0.0,-0.09021263611518687,0.0,0.0,0.0,0.0,0.0,0.11906996098264308,0.0,0.0,-5.168803308149674,0.11906996098264308,0.0498157520390197
25.150000000000002,0.0,0.0,0.0,-0.08902193650536044,0.0,0.0,0.0,0.0,0.0,0.1252672879308929,0.0,0.0,-5.100581245838746,0.1252672879308929,0.049830320897216604
25.16,0.0,0.0,0.0,-0.08776926362605152,0.0,0.0,0.0,0.0,0.0,0.13137384421987178,0.0,0.0,-5.028808376743844,0.13137384421987178,0.04984250166188306
25.17,0.0,0.0,0.0,-0.0864555251838528,0.0,0.0,0.0,0.0,0.0,0.13738524654891887,0.0,0.0,-4.953536708621766,0.13738524654891887,0.04985216958746515
25.18,0.0,0.0,0.0,-0.08508167271836362,0.0,0.0,0.0,0.0,0.0,0.1432971865196293,0.0,0.0,-4.874820760675593,0.1432971865196293,0.04985920511662317
25.19,0.0,0.0,0.0,-0.08364870085316732,0.0,0.0,0.0,0.0,0.0,0.14910543393750314,0.0,0.0,-4.792717520638856,0.14910543393750314,0.049863494562551784
25.2,0.0,0.0,0.0,-0.08215764651379229,0.0,0.0,0.0,0.0,0.0,0.15480584003838846,0.0,0.0,-4.707286399967999,0.15480584003838846,0.04986493077282138
25.21,0.0,0.0,0.0,-0.0806095881134084,0.0,0.0,0.0,0.0,0.0,0.16039434063668895,0.0,0.0,-4.618589187186229,0.16039434063668895,0.049863413770791745
25.22,0.0,0.0,0.0,-0.07900564470704151,0.0,0.0,0.0,0.0,0.0,0.16586695919239675,0.0,0.0,-4.52668999942357,0.16586695919239675,0.04985885137072554
25.23,0.0,0.0,0.0,-0.07734697511511754,0.0,0.0,0.0,0.0,0.0,0.17121980979410714,0.0,0.0,-4.43165523219964,0.17121980979410714,0.04985115976287341
25.240000000000002,0.0,0.0,0.0,-0.07563477701717647,0.0,0.0,0.0,0.0,0.0,0.1764491000552712,0.0,0.0,-4.333553507497289,0.1764491000552712,0.049840264064940965
25.25,0.0,0.0,0.0,-0.07387028601662375,0.0,0.0,0.0,0.0,0.0,0.18155113392104702,0.0,0.0,-4.232455620176803,0.18155113392104702,0.04982609883655414
25.26,0.0,0.0,0.0,-0.07205477467741328,0.0,0.0,0.0,0.0,0.0,0.1865223143832188,0.0,0.0,-4.128434482781898,0.1865223143832188,0.049808608553495226
25.27,0.0,0.0,0.0,-0.0701895515335811,0.0,0.0,0.0,0.0,0.0,0.19135914610076654,0.0,0.0,-4.021565068790192,0.19135914610076654,0.04978774803873058
25.28,0.0,0.0,0.0,-0.06827596007257343,0.0,0.0,0.0,0.0,0.0,0.1960582379237861,0.0,0.0,-3.9119243543621796,0.1960582379237861,0.049763482847480014
25.29,0.0,0.0,0.0,-0.06631537769333556,0.0,0.0,0.0,0.0,0.0,0.2006163053185818,0.0,0.0,-3.7995912586441323,0.2006163053185818,0.049735789603834124
25.3,0.0,0.0,0.0,-0.06430921464014974,0.0,0.0,0.0,0.0,0.0,0.2050301726918787,0.0,0.0,-3.6846465826815056,0.2050301726918787,0.04970465628669003
25.310000000000002,0.0,0.0,0.0,-0.062258912913230956,0.0,0.0,0.0,0.0,0.0,0.20929677561223206,0.0,0.0,-3.5671729470006746,0.20929677561223206,0.049670082463067755
25.32,0.0,0.0,0.0,-0.06016594515710864,0.0,0.0,0.0,0.0,0.0,0.21341316292684448,0.0,0.0,-3.4472547279178998,0.21341316292684448,0.049632079467164636
25.330000000000002,0.0,0.0,0.0,-0.05803181352784019,0.0,0.0,0.0,0.0,0.0,0.2173764987721387,0.0,0.0,-3.3249779926354397,0.2173764987721387,0.04959067052382404
25.34,0.0,0.0,0.0,-0.055858048540118804,0.0,0.0,0.0,0.0,0.0,0.22118406447657427,0.0,0.0,-3.200430433185697,0.22118406447657427,0.04954589081538782
25.35,0.0,0.0,0.0,-0.053646207895353064,0.0,0.0,0.0,0.0,0.0,0.22483326035434,0.0,0.0,-3.0737012992851254,0.22483326035434,0.0494977874912374
25.36,0.0,0.0,0.0,-0.05139787529180966,0.0,0.0,0.0,0.0,0.0,0.22832160738870036,0.0,0.0,-2.944881330160428,0.22832160738870036,0.04944641961967852
25.37,0.0,0.0,0.0,-0.04911465921792266,0.0,0.0,0.0,0.0,0.0,0.2316467488039235,0.0,0.0,-2.814062685410273,0.2316467488039235,0.04939185808210163
25.38,0.0,0.0,0.0,-0.04679819172988342,0.0,0.0,0.0,0.0,0.0,0.2348064515248701,0.0,0.0,-2.681338874966353,0.2348064515248701,0.04933418540972986
25.39,0.0,0.0,0.0,-0.04445012721463472,0.0,0.0,0.0,0.0,0.0,0.23779860752347498,0.0,0.0,-2.5468046882181707,0.23779860752347498,0.04927349556356992
25.400000000000002,0.0,0.0,0.0,-0.04207214113939997,0.0,0.0,0.0,0.0,0.0,0.24062123505150976,0.0,0.0,-2.4105561223663408,0.24062123505150976,0.04920989365850578
25.41,0.0,0.0,0.0,-0.03966592878888488,0.0,0.0,0.0,0.0,0.0,0.2432724797591703,0.0,0.0,-2.2726903100695726,0.2432724797591703,0.04914349563279301
25.42,0.0,0.0,0.0,-0.03723320399129317,0.0,0.0,0.0,0.0,0.0,0.2457506156991911,0.0,0.0,-2.13330544645075,0.2457506156991911,0.049074427864531804
25.43,0.0,0.0,0.0,-0.03477569783430126,0.0,0.0,0.0,0.0,0.0,0.24805404621634602,0.0,0.0,-1.9925007155276995,0.24805404621634602,0.049002826736982204
25.44,0.0,0.0,0.0,-0.0322951573721378,0.0,0.0,0.0,0.0,0.0,0.250181304722354,0.0,0.0,-1.8503762161343025,0.250181304722354,0.048928838154868384
25.45,0.0,0.0,0.0,-0.029793344324914258,0.0,0.0,0.0,0.0,0.0,0.25213105535636565,0.0,0.0,-1.70703288739763,0.25213105535636565,0.048852617014130996
25.46,0.0,0.0,0.0,-0.027272033771350603,0.0,0.0,0.0,0.0,0.0,0.2539020935313647,0.0,0.0,-1.5625724338366391,0.2539020935313647,0.048774326627771716
25.47,0.0,0.0,0.0,-0.024733012836036954,0.0,0.0,0.0,0.0,0.0,0.2554933463669748,0.0,0.0,-1.4170972501478083,0.2554933463669748,0.048694138110771126
25.48,0.0,0.0,0.0,-0.022178079372367206,0.0,0.0,0.0,0.0,0.0,0.2569038730093159,0.0,0.0,-1.2707103457427906,0.2569038730093159,0.04861222972718993
25.490000000000002,0.0,0.0,0.0,-0.019609040642274048,0.0,0.0,0.0,0.0,0.0,0.25813286483871,0.0,0.0,-1.123515269102804,0.25813286483871,0.048528786202845335
25.5,0.0,0.0,0.0,-0.017027711993886946,0.0,0.0,0.0,0.0,0.0,0.25917964556618395,0.0,0.0,-0.9756160320140138,0.25917964556618395,0.04844399800708177
25.51,0.0,0.0,0.0,-0.014435915538225107,0.0,0.0,0.0,0.0,0.0,0.26004367121986693,0.0,0.0,-0.8271170337476249,0.26004367121986693,0.04835806060735495
25.52,0.0,0.0,0.0,-0.011835478826026438,0.0,0.0,0.0,0.0,0.0,0.26072453002252444,0.0,0.0,-0.6781229852477653,0.26072453002252444,0.04827117370046738
25.53,0.0,0.0,0.0,-0.009228233525801193,0.0,0.0,0.0,0.0,0.0,0.26122194216161093,0.0,0.0,-0.5287388333895394,0.26122194216161093,0.048183540424422154
25.54,0.0,0.0,0.0,-0.006616014104185084,0.0,0.0,0.0,0.0,0.0,0.26153575945336177,0.0,0.0,-0.37906968536883145,0.26153575945336177,0.04809536655493098
25.55,0.0,0.0,0.0,-0.004000656509651467,0.0,0.0,0.0,0.0,0.0,0.26166596490257626,0.0,0.0,-0.22922073328456793,0.26166596490257626,0.048006859690721375
25.560000000000002,0.0,0.0,0.0,-0.0013839968606257041,0.0,0.0,0.0,0.0,0.0,0.2616126721598724,0.0,0.0,-0.07929717897320847,0.2616126721598724,0.04791822843179759
25.57,0.0,0.0,0.0,0.0012321298609730197,0.0,0.0,0.0,0.0,0.0,0.2613761248783154,0.0,0.0,0.07059584084579491,0.2613761248783154,0.047829681554833234
25.580000000000002,0.0,0.0,0.0,0.003845891109756174,0.0,0.0,0.0,0.0,0.0,0.26095669597144006,0.0,0.0,0.22035332905591323,0.26095669597144006,0.04774142718989912
25.59,0.0,0.0,0.0,0.006455458069470574,0.0,0.0,0.0,0.0,0.0,0.26035488677479646,0.0,0.0,0.3698705022043341,0.26035488677479646,0.04765367200265328
25.6,0.0,0.0,0.0,0.009059006937218539,0.0,0.0,0.0,0.0,0.0,0.2595713261132545,0.0,0.0,0.5190428640823566,0.2595713261132545,0.0475666203861159
25.61,0.0,0.0,0.0,0.011654720198351084,0.0,0.0,0.0,0.0,0.0,0.2586067692763996,0.0,0.0,0.6677662787713908,0.2586067692763996,0.04748047366604295
25.62,0.0,0.0,0.0,0.01424078789111508,0.0,0.0,0.0,0.0,0.0,0.2574620969044434,0.0,0.0,0.8159370431019023,0.2574620969044434,0.047395429323827176
25.63,0.0,0.0,0.0,0.016815408860159513,0.0,0.0,0.0,0.0,0.0,0.2561383137871577,0.0,0.0,0.9634519584740304,0.2561383137871577,0.04731168024074165
25.64,0.0,0.0,0.0,0.01937679199803109,0.0,0.0,0.0,0.0,0.0,0.2546365475784149,0.0,0.0,1.1102084019900471,0.2546365475784149,0.04722941396718627
25.650000000000002,0.0,0.0,0.0,0.02192315747381524,0.0,0.0,0.0,0.0,0.0,0.2529580474289893,0.0,0.0,1.2561043968503007,0.2529580474289893,0.047148812020443395
25.66,0.0,0.0,0.0,0.02445273794810513,0.0,0.0,0.0,0.0,0.0,0.2511041825403321,0.0,0.0,1.4010386819658127,0.2511041825403321,0.047070049214288534
25.67,0.0,0.0,0.0,0.026963779773508452,0.0,0.0,0.0,0.0,0.0,0.24907644064208959,0.0,0.0,1.544910780742249,0.24907644064208959,0.046993293023567397
25.68,0.0,0.0,0.0,0.02945454417992935,0.0,0.0,0.0,0.0,0.0,0.24687642639617535,0.0,0.0,1.687621068991574,0.24687642639617535,0.04691870298668094
25.69,0.0,0.0,0.0,0.0319233084438911,0.0,0.0,0.0,0.0,0.0,0.24450585973024824,0.0,0.0,1.8290708419293038,0.24450585973024824,0.046846430148663736
25.7,0.0,0.0,0.0,0.03436836704119359,0.0,0.0,0.0,0.0,0.0,0.241966574103474,0.0,0.0,1.9691623802169134,0.241966574103474,0.04677661654731358
25.71,0.0,0.0,0.0,0.03678803278222833,0.0,0.0,0.0,0.0,0.0,0.2392605147074709,0.0,0.0,2.107799015010599,0.2392605147074709,0.04670939474458746
25.72,0.0,0.0,0.0,0.03918063792930304,0.0,0.0,0.0,0.0,0.0,0.2363897366053521,0.0,0.0,2.2448851919792574,0.2363897366053521,0.0466448874052005
25.73,0.0,0.0,0.0,0.041544535295356566,0.0,0.0,0.0,0.0,0.0,0.23335640281178152,0.0,0.0,2.3803265342562163,0.23335640281178152,0.04658320692411077
25.740000000000002,0.0,0.0,0.0,0.04387809932347438,0.0,0.0,0.0,0.0,0.0,0.2301627823169577,0.0,0.0,2.514029904290915,0.2301627823169577,0.04652445510428478
25.75,0.0,0.0,0.0,0.04617972714664396,0.0,0.0,0.0,0.0,0.0,0.22681124805742758,0.0,0.0,2.6459034645684145,0.22681124805742758,0.046468722885882136
25.76,0.0,0.0,0.0,0.048447839627218235,0.0,0.0,0.0,0.0,0.0,0.22330427483661455,0.0,0.0,2.7758567371662686,0.22330427483661455,0.04641609012767606
25.77,0.0,0.0,0.0,0.05068088237558438,0.0,0.0,0.0,0.0,0.0,0.21964443719791701,0.0,0.0,2.9038006621199424,0.21964443719791701,0.04636662544128342
25.78,0.0,0.0,0.0,0.05287732674756355,0.0,0.0,0.0,0.0,0.0,0.21583440725320122,0.0,0.0,3.0296476545696116,0.21583440725320122,0.04632038607846335
25.79,0.0,0.0,0.0,0.05503567082009556,0.0,0.0,0.0,0.0,0.0,0.21187695246947003,0.0,0.0,3.153311660662774,0.21187695246947003,0.04627741787146412
25.8,0.0,0.0,0.0,0.05715444034479027,0.0,0.0,0.0,0.0,0.0,0.20777493341644193,0.0,0.0,3.27470821218872,0.20777493341644193,0.046237755226142666
25.810000000000002,0.0,0.0,0.0,0.05923218967895469,0.0,0.0,0.0,0.0,0.0,0.20353130147771986,0.0,0.0,3.393754479922458,0.20353130147771986,0.04620142116727253
25.82,0.0,0.0,0.0,0.061267502693731886,0.0,0.0,0.0,0.0,0.0,0.19914909652816887,0.0,0.0,3.5103693256572392,0.19914909652816887,0.046168427435196696
25.830000000000002,0.0,0.0,0.0,0.06325899365901358,0.0,0.0,0.0,0.0,0.0,0.19463144458005488,0.0,0.0,3.624473352906315,0.19463144458005488,0.04613877463275398
25.84,0.0,0.0,0.0,0.06520530810481413,0.0,0.0,0.0,0.0,0.0,0.18998155540042472,0.0,0.0,3.7359889562560302,0.18998155540042472,0.046112452421094685
25.85,0.0,0.0,0.0,0.06710512365881838,0.0,0.0,0.0,0.0,0.0,0.1852027201021301,0.0,0.0,3.844840369353782,0.1852027201021301,0.0460894397628132
25.86,0.0,0.0,0.0,0.06895715085983968,0.0,0.0,0.0,0.0,0.0,0.18029830871081623,0.0,0.0,3.9509537115157296,0.18029830871081623,0.046069705210571646
25.87,0.0,0.0,0.0,0.07076013394694784,0.0,0.0,0.0,0.0,0.0,0.17527176771010922,0.0,0.0,4.054257032940495,0.17527176771010922,0.04605320723916938
25.88,0.0,0.0,0.0,0.07251285162404894,0.0,0.0,0.0,0.0,0.0,0.17012661756714595,0.0,0.0,4.154680358516361,0.17012661756714595,0.046039894618822894
25.89,0.0,0.0,0.0,0.0742141177997204,0.0,0.0,0.0,0.0,0.0,0.16486645024049632,0.0,0.0,4.252155730210698,0.16486645024049632,0.04602970682721032
25.900000000000002,0.0,0.0,0.0,0.07586278230212536,0.0,0.0,0.0,0.0,0.0,0.15949492667243068,0.0,0.0,4.346617248031539,0.15949492667243068,0.04602257449769192
25.91,0.0,0.0,0.0,0.07745773156884966,0.0,0.0,0.0,0.0,0.0,0.1540157742673861,0.0,0.0,4.438001109552326,0.1540157742673861,0.04601841990093184
25.92,0.0,0.0,0.0,0.07899788931152353,0.0,0.0,0.0,0.0,0.0,0.14843278435838303,0.0,0.0,4.526245647991935,0.14843278435838303,0.046017157457012195
25.93,0.0,0.0,0.0,0.08048221715510737,0.0,0.0,0.0,0.0,0.0,0.14274980966304104,0.0,0.0,4.611291368843044,0.14274980966304104,0.04601869427502849
25.94,0.0,0.0,0.0,0.08190971525173778,0.0,0.0,0.0,0.0,0.0,0.1369707617307381,0.0,0.0,4.693080985042924,0.1369707617307381,0.046022930717019725
25.95,0.0,0.0,0.0,0.08327942286904516,0.0,0.0,0.0,0.0,0.0,0.13109960838235243,0.0,0.0,4.771559450681557,0.13109960838235243,0.04602976098302546
25.96,0.0,0.0,0.0,0.08459041895286869,0.0,0.0,0.0,0.0,0.0,0.12514037114392082,0.0,0.0,4.846673993242824,0.12514037114392082,0.04603907371396444
25.97,0.0,0.0,0.0,0.0858418226643079,0.0,0.0,0.0,0.0,0.0,0.11909712267544262,0.0,0.0,4.918374144375298,0.11909712267544262,0.04605075260902082
25.98,0.0,0.0,0.0,0.08703279389106232,0.0,0.0,0.0,0.0,0.0,0.11297398419595413,0.0,0.0,4.986611769189845,0.11297398419595413,0.04606467705414195
25.990000000000002,0.0,0.0,0.0,0.08816253373302185,0.0,0.0,0.0,0.0,0.0,0.10677512290589503,0.0,0.0,5.051341094081903,0.10677512290589503,0.046080722758285377
26.0,0.0,0.0,0.0,0.0892302849620808,0.0,0.0,0.0,0.0,0.0,0.10050474940768743,0.0,0.0,5.112518733076887,0.10050474940768743,0.046098762394021484
26.01,0.0,0.0,0.0,0.09023533245615767,0.0,0.0,0.0,0.0,0.0,0.09416711512534853,0.0,0.0,5.170103712697691,0.09416711512534853,0.04611866623915063
26.02,0.0,0.0,0.0,0.09117700360741116,0.0,0.0,0.0,0.0,0.0,0.08776650972386126,0.0,0.0,5.224057495353741,0.08776650972386126,0.046140302816001795
26.03,0.0,0.0,0.0,0.09205466870464976,0.0,0.0,0.0,0.0,0.0,0.0813072585289334,0.0,0.0,5.274344001251452,0.0813072585289334,0.04616353952517774
26.04,0.0,0.0,0.0,0.09286774128993909,0.0,0.0,0.0,0.0,0.0,0.0747937199476854,0.0,0.0,5.320929628826321,0.0747937199476854,0.04618824327054362
26.05,0.0,0.0,0.0,0.09361567848941595,0.0,0.0,0.0,0.0,0.0,0.06823028289071983,0.0,0.0,5.363783273697179,0.06823028289071983,0.046214281072388126
26.060000000000002,0.0,0.0,0.0,0.09429798131832315,0.0,0.0,0.0,0.0,0.0,0.0616213641959435,0.0,0.0,5.402876346143399,0.0616213641959435,0.04624152066575196
26.07,0.0,0.0,0.0,0.09491419496028258,0.0,0.0,0.0,0.0,0.0,0.0549714060544342,0.0,0.0,5.438182787106061,0.0549714060544342,0.04626983108108303
26.080000000000002,0.0,0.0,0.0,0.09546390902082692,0.0,0.0,0.0,0.0,0.0,0.048284873438571164,0.0,0.0,5.46967908271425,0.048284873438571164,0.04629908320446826
26.09,0.0,0.0,0.0,0.09594675775521264,0.0,0.0,0.0,0.0,0.0,0.04156625153257964,0.0,0.0,5.497344277337785,0.04156625153257964,0.04632915031487596
26.1,0.0,0.0,0.0,0.09636242027053843,0.0,0.0,0.0,0.0,0.0,0.03482004316557687,0.0,0.0,5.521159985167745,0.03482004316557687,0.046359908595990096
26.11,0.0,0.0,0.0,0.0967106207021942,0.0,0.0,0.0,0.0,0.0,0.02805076624714944,0.0,0.0,5.541110400326254,0.02805076624714944,0.0463912376203729
26.12,0.0,0.0,0.0,0.0969911283646657,0.0,0.0,0.0,0.0,0.0,0.02126295120544029,0.0,0.0,5.5571823055069505,0.02126295120544029,0.04642302080391414
26.13,0.0,0.0,0.0,0.0972037578767201,0.0,0.0,0.0,0.0,0.0,0.014461138427677912,0.0,0.0,5.569365079147594,0.014461138427677912,0.04645514582867038
26.14,0.0,0.0,0.0,0.09734836926099688,0.0,0.0,0.0,0.0,0.0,0.0076498757030413035,0.0,0.0,5.577650701136198,0.0076498757030413035,0.046487505032426546
26.150000000000002,0.0,0.0,0.0,0.0974248680180273,0.0,0.0,0.0,0.0,0.0,0.0008337156677208878,0.0,0.0,5.582033757052038,0.0008337156677208878,0.04651999576351972
26.16,0.0,0.0,0.0,0.09743320517470451,0.0,0.0,0.0,0.0,0.0,-0.005982786747990491,0.0,0.0,5.582511440942781,-0.005982786747990491,0.046552520699649
26.17,0.0,0.0,0.0,0.0973733773072246,0.0,0.0,0.0,0.0,0.0,-0.012794923469031192,0.0,0.0,5.579083556638914,-0.012794923469031192,0.04658498538175936
26.18,0.0,0.0,0.0,0.09724542807253429,0.0,0.0,0.0,0.0,0.0,-0.019597747918504587,0.0,0.0,5.571752605499231,-0.019597747918504587,0.04661729020179949
26.19,0.0,0.0,0.0,0.09704945059334924,0.0,0.0,0.0,0.0,0.0,-0.02638631783307078,0.0,0.0,5.5605239230623145,-0.02638631783307078,0.04664933032461206
26.2,0.0,0.0,0.0,0.09678558741501853,0.0,0.0,0.0,0.0,0.0,-0.033155702169750514,0.0,0.0,5.545405676575057,-0.033155702169750514,0.046680996068946726
26.21,0.0,0.0,0.0,0.09645403039332102,0.0,0.0,0.0,0.0,0.0,-0.03990098502302456,0.0,0.0,5.526408858563863,-0.03990098502302456,0.04671217330181677
26.22,0.0,0.0,0.0,0.09605502054309079,0.0,0.0,0.0,0.0,0.0,-0.04661726952740381,0.0,0.0,5.5035472781615224,-0.04661726952740381,0.0467427438694549
26.23,0.0,0.0,0.0,0.09558884784781675,0.0,0.0,0.0,0.0,0.0,-0.053299681741699696,0.0,0.0,5.476837550198082,-0.053299681741699696,0.046772586062967796
26.240000000000002,0.0,0.0,0.0,0.09505585103039975,0.0,0.0,0.0,0.0,0.0,-0.0599433745112444,0.0,0.0,5.446299082066183,-0.0599433745112444,0.0468015751165091
26.25,0.0,0.0,0.0,0.09445641728528731,0.0,0.0,0.0,0.0,0.0,-0.06654353130433405,0.0,0.0,5.41195405837352,-0.06654353130433405,0.04682958373554939
26.26,0.0,0.0,0.0,0.09379098197224396,0.0,0.0,0.0,0.0,0.0,-0.07309537001919543,0.0,0.0,5.373827423397169,-0.07309537001919543,0.04685648265264666
26.27,0.0,0.0,0.0,0.09306002827205201,0.0,0.0,0.0,0.0,0.0,-0.07959414675780827,0.0,0.0,5.331946861356699,-0.07959414675780827,0.046882141207847054
26.28,0.0,0.0,0.0,0.09226408680447393,0.0,0.0,0.0,0.0,0.0,-0.08603515956295019,0.0,0.0,5.286342774525027,-0.08603515956295019,0.04690642795072594
26.29,0.0,0.0,0.0,0.09140373520884443,0.0,0.0,0.0,0.0,0.0,-0.09241375211487063,0.0,0.0,5.23704825919811,-0.09241375211487063,0.04692921126085221
26.3,0.0,0.0,0.0,0.09047959768769571,0.0,0.0,0.0,0.0,0.0,-0.09872531738404305,0.0,0.0,5.184099079546606,-0.09872531738404305,0.046950359983353236
26.310000000000002,0.0,0.0,0.0,0.08949234451385528,0.0,0.0,0.0,0.0,0.0,-0.10496530123649185,0.0,0.0,5.127533639374654,-0.10496530123649185,0.04696974407608669
26.32,0.0,0.0,0.0,0.08844269150149037,0.0,0.0,0.0,0.0,0.0,-0.11112920598824157,0.0,0.0,5.067392951812952,-0.11112920598824157,0.0469872352648529
26.330000000000002,0.0,0.0,0.0,0.08733139944160795,0.0,0.0,0.0,0.0,0.0,-0.11721259390549107,0.0,0.0,5.00372060697529,-0.11721259390549107,0.0470027077029566
26.34,0.0,0.0,0.0,0.08615927350255304,0.0,0.0,0.0,0.0,0.0,-0.12321109064717484,0.0,0.0,4.936562737609635,-0.12321109064717484,0.04701603863141651
26.35,0.0,0.0,0.0,0.08492716259608128,0.0,0.0,0.0,0.0,0.0,-0.12912038864663694,0.0,0.0,4.865967982776765,-0.12912038864663694,0.047027109036004384
26.36,0.0,0.0,0.0,0.08363595870961492,0.0,0.0,0.0,0.0,0.0,-0.13493625042921115,0.0,0.0,4.791987449591353,-0.13493625042921115,0.04703580429736856
26.37,0.0,0.0,0.0,0.0822865962053228,0.0,0.0,0.0,0.0,0.0,-0.1406545118625723,0.0,0.0,4.714674673062212,-0.1406545118625723,0.04704201483041523
26.38,0.0,0.0,0.0,0.08088005108669707,0.0,0.0,0.0,0.0,0.0,-0.14627108533680086,0.0,0.0,4.63408557407023,-0.14627108533680086,0.04704563670923363
26.39,0.0,0.0,0.0,0.07941734023332907,0.0,0.0,0.0,0.0,0.0,-0.15178196287118256,0.0,0.0,4.550278415524264,-0.15178196287118256,0.04704657227383385
26.400000000000002,0.0,0.0,0.0,0.07789952060461725,0.0,0.0,0.0,0.0,0.0,-0.15718321914485034,0.0,0.0,4.463313756736963,-0.15718321914485034,0.04704473071510284
26.41,0.0,0.0,0.0,0.07632768841316874,0.0,0.0,0.0,0.0,0.0,-0.1624710144484646,0.0,0.0,4.373254406064165,-0.1624710144484646,0.04704002863445206
26.42,0.0,0.0,0.0,0.07470297826868409,0.0,0.0,0.0,0.0,0.0,-0.16764159755422164,0.0,0.0,4.280165371853104,-0.16764159755422164,0.047032390574759636
26.43,0.0,0.0,0.0,0.07302656229314188,0.0,0.0,0.0,0.0,0.0,-0.17269130850157757,0.0,0.0,4.184113811746228,-0.17269130850157757,0.04702174951937815
26.44,0.0,0.0,0.0,0.07129964920812609,0.0,0.0,0.0,0.0,0.0,-0.17761658129617683,0.0,0.0,4.085168980388907,-0.17761658129617683,0.0470080473561067
26.45,0.0,0.0,0.0,0.06952348339516433,0.0,0.0,0.0,0.0,0.0,-0.18241394651958107,0.0,0.0,3.9834021755907756,-0.18241394651958107,0.04699123530325022
26.46,0.0,0.0,0.0,0.06769934392996851,0.0,0.0,0.0,0.0,0.0,-0.1870800338475038,0.0,0.0,3.878886682991804,-0.1870800338475038,0.046971274295072196
26.47,0.0,0.0,0.0,0.06582854359149348,0.0,0.0,0.0,0.0,0.0,-0.1916115744743706,0.0,0.0,3.7716977192855388,-0.1916115744743706,0.04694813532417878
26.48,0.0,0.0,0.0,0.06391242784674978,0.0,0.0,0.0,0.0,0.0,-0.19600540344214304,0.0,0.0,3.661912374053158,-0.19600540344214304,0.04692179973859999
26.490000000000002,0.0,0.0,0.0,0.06195237381232835,0.0,0.0,0.0,0.0,0.0,-0.20025846187146565,0.0,0.0,3.5496095502632206,-0.20025846187146565,0.04689225949160359
26.5,0.0,0.0,0.0,0.05994978919361369,0.0,0.0,0.0,0.0,0.0,-0.20436779909332178,0.0,0.0,3.4348699034930554,-0.20436779909332178,0.04685951734251775
26.51,0.0,0.0,0.0,0.05790611120268047,0.0,0.0,0.0,0.0,0.0,-0.2083305746795121,0.0,0.0,3.3177757799288066,-0.2083305746795121,0.04682358700714258
26.52,0.0,0.0,0.0,0.05582280545588535,0.0,0.0,0.0,0.0,0.0,-0.2121440603704022,0.0,0.0,3.198411153202096,-0.2121440603704022,0.04678449325659423
26.53,0.0,0.0,0.0,0.053701364852181334,0.0,0.0,0.0,0.0,0.0,-0.21580564189852125,0.0,0.0,3.0768615601221705,-0.21580564189852125,0.046742271963715915
26.54,0.0,0.0,0.0,0.05154330843319612,0.0,0.0,0.0,0.0,0.0,-0.21931282070673117,0.0,0.0,2.9532140353632017,-0.21931282070673117,0.04669697009651358
26.55,0.0,0.0,0.0,0.04935018022612881,0.0,0.0,0.0,0.0,0.0,-0.2226632155598269,0.0,0.0,2.8275570451671515,-0.2226632155598269,0.04664864565834303
26.560000000000002,0.0,0.0,0.0,0.04712354807053054,0.0,0.0,0.0,0.0,0.0,-0.22585456404857152,0.0,0.0,2.699980420123254,-0.22585456404857152,0.04659736757490039
26.57,0.0,0.0,0.0,0.04486500243004483,0.0,0.0,0.0,0.0,0.0,-0.22888472398531431,0.0,0.0,2.570575287085751,-0.22888472398531431,0.04654321552835536
26.580000000000002,0.0,0.0,0.0,0.042576155190191686,0.0,0.0,0.0,0.0,0.0,-0.23175167469048782,0.0,0.0,2.4394340002919983,-0.23175167469048782,0.04648627973928156
26.59,0.0,0.0,0.0,0.04025863844328681,0.0,0.0,0.0,0.0,0.0,-0.234453518169427,0.0,0.0,2.306650071743461,-0.234453518169427,0.04642666069732244
26.6,0.0,0.0,0.0,0.03791410326159254,0.0,0.0,0.0,0.0,0.0,-0.23698848017910384,0.0,0.0,2.1723181009124413,-0.23698848017910384,0.04636446884181946
26.61,0.0,0.0,0.0,0.0355442184598015,0.0,0.0,0.0,0.0,0.0,-0.23935491118452062,0.0,0.0,2.036533703837617,-0.23935491118452062,0.04629982419392717
26.62,0.0,0.0,0.0,0.03315066934795629,0.0,0.0,0.0,0.0,0.0,-0.24155128720465516,0.0,0.0,1.8993934416716,-0.24155128720465516,0.04623285594199716
26.63,0.0,0.0,0.0,0.03073515647590974,0.0,0.0,0.0,0.0,0.0,-0.24357621054800246,0.0,0.0,1.7609947487438087,-0.24357621054800246,0.04616370198227418
26.64,0.0,0.0,0.0,0.028299394370429713,0.0,0.0,0.0,0.0,0.0,-0.24542841043790717,0.0,0.0,1.621435860201904,-0.24542841043790717,0.04609250841721271
26.650000000000002,0.0,0.0,0.0,0.02584511026605064,0.0,0.0,0.0,0.0,0.0,-0.24710674352803005,0.0,0.0,1.480815739294938,-0.24710674352803005,0.04601942901393144
26.66,0.0,0.0,0.0,0.02337404283077034,0.0,0.0,0.0,0.0,0.0,-0.24861019430844114,0.0,0.0,1.33923400436116,-0.24861019430844114,0.04594462462556891
26.67,0.0,0.0,0.0,0.02088794088768593,0.0,0.0,0.0,0.0,0.0,-0.24993787540297757,0.0,0.0,1.1967908555831501,-0.24993787540297757,0.04586826257848454
26.68,0.0,0.0,0.0,0.018388562133656153,0.0,0.0,0.0,0.0,0.0,-0.25108902775865,0.0,0.0,1.0535870015725777,-0.25108902775865,0.04579051602843426
26.69,0.0,0.0,0.0,0.015877671856069652,0.0,0.0,0.0,0.0,0.0,-0.25206302072802317,0.0,0.0,0.9097235858464393,-0.25206302072802317,0.045711563289038824
26.7,0.0,0.0,0.0,0.01335704164878942,0.0,0.0,0.0,0.0,0.0,-0.2528593520456359,0.0,0.0,0.7653021132560962,-0.2528593520456359,0.04563158713597231
26.71,0.0,0.0,0.0,0.01082844812833306,0.0,0.0,0.0,0.0,0.0,-0.2534776476996627,0.0,0.0,0.62042437642982,-0.2534776476996627,0.04555077409044432
26.72,0.0,0.0,0.0,0.008293671651336433,0.0,0.0,0.0,0.0,0.0,-0.25391766170015123,0.0,0.0,0.47519238228887367,-0.25391766170015123,0.04546931368564809
26.73,0.0,0.0,0.0,0.00575449503433492,0.0,0.0,0.0,0.0,0.0,-0.2541792757453,0.0,0.0,0.3297082786963807,-0.2541792757453,0.045387397719925844
26.740000000000002,0.0,0.0,0.0,0.00321270227688192,0.0,0.0,0.0,0.0,0.0,-0.2542624987873638,0.0,0.0,0.18407428129740405,-0.2542624987873638,0.04530521950045772
26.75,0.0,0.0,0.0,0.0006700772890082824,0.0,0.0,0.0,0.0,0.0,-0.2541674664998953,0.0,0.0,0.03839260060774249,-0.2541674664998953,0.045222973081326605
26.76,0.0,0.0,0.0,-0.0018715973759906705,0.0,0.0,0.0,0.0,0.0,-0.25389444064814654,0.0,0.0,-0.10723463059202488,-0.25389444064814654,0.04514085249980802
26.77,0.0,0.0,0.0,-0.004410541782472136,0.0,0.0,0.0,0.0,0.0,-0.2534438083645617,0.0,0.0,-0.2527054295017606,-0.2534438083645617,0.0450590510147429
26.78,0.0,0.0,0.0,-0.0069449798661177535,0.0,0.0,0.0,0.0,0.0,-0.2528160813313985,0.0,0.0,-0.3979180351318788,-0.2528160813313985,0.04497776035081777
26.79,0.0,0.0,0.0,-0.009473140679431738,0.0,0.0,0.0,0.0,0.0,-0.25201189487261166,0.0,0.0,-0.5427709796651318,-0.25201189487261166,0.044897169952506234
26.8,0.0,0.0,0.0,-0.011993259628157855,0.0,0.0,0.0,0.0,0.0,-0.25103200695722466,0.0,0.0,-0.6871631592980841,-0.25103200695722466,0.044817466251381874
26.810000000000002,0.0,0.0,0.0,-0.014503579697730102,0.0,0.0,0.0,0.0,0.0,-0.24987729711649956,0.0,0.0,-0.8309939045115611,-0.24987729711649956,0.044738831950388164
26.82,0.0,0.0,0.0,-0.017002352668895097,0.0,0.0,0.0,0.0,0.0,-0.24854876527729472,0.0,0.0,-0.9741630497206802,-0.24854876527729472,0.044661445328566994
26.830000000000002,0.0,0.0,0.0,-0.019487840321668046,0.0,0.0,0.0,0.0,0.0,-0.24704753051406952,0.0,0.0,-1.1165710022564477,-0.24704753051406952,0.04458547956958194
26.84,0.0,0.0,0.0,-0.021958315626808743,0.0,0.0,0.0,0.0,0.0,-0.24537482972206062,0.0,0.0,-1.2581188106323038,-0.24537482972206062,0.04451110211726372
26.85,0.0,0.0,0.0,-0.02441206392402935,0.0,0.0,0.0,0.0,0.0,-0.2435320162142105,0.0,0.0,-1.398708232050457,-0.2435320162142105,0.044438474061185056
26.86,0.0,0.0,0.0,-0.026847384086171457,0.0,0.0,0.0,0.0,0.0,-0.24152055824447835,0.0,0.0,-1.538241799104315,-0.24152055824447835,0.0443677495551411
26.87,0.0,0.0,0.0,-0.02926258966861624,0.0,0.0,0.0,0.0,0.0,-0.23934203746020544,0.0,0.0,-1.6766228856348369,-0.23934203746020544,0.04429907527118591
26.88,0.0,0.0,0.0,-0.031656010043218295,0.0,0.0,0.0,0.0,0.0,-0.23699814728624077,0.0,0.0,-1.8137557717001551,-0.23699814728624077,0.04423258989165686
26.89,0.0,0.0,0.0,-0.034025991516080704,0.0,0.0,0.0,0.0,0.0,-0.2344906912435601,0.0,0.0,-1.9495457076193698,-0.2344906912435601,0.04416842364142803
26.900000000000002,0.0,0.0,0.0,-0.036370898428516305,0.0,0.0,0.0,0.0,0.0,-0.2318215812051296,0.0,0.0,-2.0838989770529825,-0.2318215812051296,0.04410669786237488
26.91,0.0,0.0,0.0,-0.038689114240567604,0.0,0.0,0.0,0.0,0.0,-0.22899283559177738,0.0,0.0,-2.2167229590840147,-0.22899283559177738,0.044047524631794004
26.92,0.0,0.0,0.0,-0.040979042596485375,0.0,0.0,0.0,0.0,0.0,-0.22600657751083925,0.0,0.0,-2.3479261892654346,-0.22600657751083925,0.043991006426289184
26.93,0.0,0.0,0.0,-0.04323910837159377,0.0,0.0,0.0,0.0,0.0,-0.22286503284034204,0.0,0.0,-2.4774184196011086,-0.22286503284034204,0.04393723583235517
26.94,0.0,0.0,0.0,-0.04546775869999719,0.0,0.0,0.0,0.0,0.0,-0.21957052826147602,0.0,0.0,-2.6051106774290695,-0.21957052826147602,0.043886295304670225
26.95,0.0,0.0,0.0,-0.047663463982611946,0.0,0.0,0.0,0.0,0.0,-0.21612548924209038,0.0,0.0,-2.7309153231774745,-0.21612548924209038,0.043838256972786455
26.96,0.0,0.0,0.0,-0.04982471887503285,0.0,0.0,0.0,0.0,0.0,-0.2125324379739198,0.0,0.0,-2.854746106965193,-0.2125324379739198,0.043793182496722954
26.97,0.0,0.0,0.0,-0.051950043254772045,0.0,0.0,0.0,0.0,0.0,-0.20879399126621834,0.0,0.0,-2.976518224020509,-0.20879399126621834,0.043751122971624715
26.98,0.0,0.0,0.0,-0.05403798316743423,0.0,0.0,0.0,0.0,0.0,-0.20491285839843806,0.0,0.0,-3.0961483688929654,-0.20491285839843806,0.04371211888144959
26.990000000000002,0.0,0.0,0.0,-0.05608711175141861,0.0,0.0,0.0,0.0,0.0,-0.20089183893454454,0.0,0.0,-3.213554788434889,-0.20089183893454454,0.04367620010136639
27.0,0.0,0.0,0.0,-0.05809603014076405,0.0,0.0,0.0,0.0,0.0,-0.1967338205015102,0.0,0.0,-3.328657333530602,-0.1967338205015102,0.043643385948274355
27.01,0.0,0.0,0.0,-0.060063368345779154,0.0,0.0,0.0,0.0,0.0,-0.19244177653446976,0.0,0.0,-3.4413775095528107,-0.19244177653446976,0.04361368527864766
27.02,0.0,0.0,0.0,-0.06198778611112385,0.0,0.0,0.0,0.0,0.0,-0.18801876399095882,0.0,0.0,-3.551638525527059,-0.18801876399095882,0.0435870966326425
27.03,0.0,0.0,0.0,-0.06386797375103344,0.0,0.0,0.0,0.0,0.0,-0.18346792103659015,0.0,0.0,-3.659365341986541,-0.18346792103659015,0.043563608423178045
27.04,0.0,0.0,0.0,-0.06570265296139934,0.0,0.0,0.0,0.0,0.0,-0.1787924647044487,0.0,0.0,-3.7644847175009017,-0.1787924647044487,0.04354319916847673
27.05,0.0,0.0,0.0,-0.06749057760844382,0.0,0.0,0.0,0.0,0.0,-0.1739956885304105,0.0,0.0,-3.866925253863968,-0.1739956885304105,0.04352583776636025
27.060000000000002,0.0,0.0,0.0,-0.06923053449374793,0.0,0.0,0.0,0.0,0.0,-0.1690809601665095,0.0,0.0,-3.9666174399266216,-0.1690809601665095,0.043511483808375134
27.07,0.0,0.0,0.0,-0.07092134409541302,0.0,0.0,0.0,0.0,0.0,-0.16405171897439197,0.0,0.0,-4.0634936940622275,-0.16405171897439197,0.04350008793164567
27.080000000000002,0.0,0.0,0.0,-0.07256186128515695,0.0,0.0,0.0,0.0,0.0,-0.15891147360081087,0.0,0.0,-4.157488405253217,-0.15891147360081087,0.04349159220618112
27.09,0.0,0.0,0.0,-0.07415097602116505,0.0,0.0,0.0,0.0,0.0,-0.15366379953702203,0.0,0.0,-4.248537972788527,-0.15366379953702203,0.04348593055520436
27.1,0.0,0.0,0.0,-0.07568761401653527,0.0,0.0,0.0,0.0,0.0,-0.14831233666385152,0.0,0.0,-4.336580844562684,-0.14831233666385152,0.04348302920593253
27.11,0.0,0.0,0.0,-0.07717073738317379,0.0,0.0,0.0,0.0,0.0,-0.14286078678410927,0.0,0.0,-4.421557553968305,-0.14286078678410927,0.04348280716809744
27.12,0.0,0.0,0.0,-0.07859934525101488,0.0,0.0,0.0,0.0,0.0,-0.13731291114392763,0.0,0.0,-4.503410755374783,-0.13731291114392763,0.043485176737399475
27.13,0.0,0.0,0.0,-0.07997247436245415,0.0,0.0,0.0,0.0,0.0,-0.1316725279445072,0.0,0.0,-4.582085258186802,-0.1316725279445072,0.043490044020998035
27.14,0.0,0.0,0.0,-0.08128919964189922,0.0,0.0,0.0,0.0,0.0,-0.12594350984565428,0.0,0.0,-4.657528059477189,-0.12594350984565428,0.04349730948202432
27.150000000000002,0.0,0.0,0.0,-0.08254863474035576,0.0,0.0,0.0,0.0,0.0,-0.12012978146239714,0.0,0.0,-4.729688375189391,-0.12012978146239714,0.04350686850011381
27.16,0.0,0.0,0.0,-0.08374993255497973,0.0,0.0,0.0,0.0,0.0,-0.11423531685587086,0.0,0.0,-4.7985176699056336,-0.11423531685587086,0.04351861194482451
27.17,0.0,0.0,0.0,-0.08489228572353844,0.0,0.0,0.0,0.0,0.0,-0.10826413701956379,0.0,0.0,-4.8639696851774445,-0.10826413701956379,0.04353242675886422
27.18,0.0,0.0,0.0,-0.08597492709373407,0.0,0.0,0.0,0.0,0.0,-0.10222030736192383,0.0,0.0,-4.926000466415915,-0.10222030736192383,0.043548196547981984
27.19,0.0,0.0,0.0,-0.0869971301673533,0.0,0.0,0.0,0.0,0.0,-0.09610793518622886,0.0,0.0,-4.984568388339597,-0.09610793518622886,0.04356580217440067
27.2,0.0,0.0,0.0,-0.0879582095192156,0.0,0.0,0.0,0.0,0.0,-0.08993116716853372,0.0,0.0,-5.039634178978475,-0.08993116716853372,0.043585122350726764
27.21,0.0,0.0,0.0,-0.08885752119090093,0.0,0.0,0.0,0.0,0.0,-0.08369418683441746,0.0,0.0,-5.0911609422329,-0.08369418683441746,0.0436060342312487
27.22,0.0,0.0,0.0,-0.0896944630592451,0.0,0.0,0.0,0.0,0.0,-0.0774012120351676,0.0,0.0,-5.139114178986814,-0.0774012120351676,0.04362841399765863
27.23,0.0,0.0,0.0,-0.09046847517959677,0.0,0.0,0.0,0.0,0.0,-0.07105649242395526,0.0,0.0,-5.183461806774938,-0.07105649242395526,0.04365213743624959
27.240000000000002,0.0,0.0,0.0,-0.09117904010383633,0.0,0.0,0.0,0.0,0.0,-0.06466430693247502,0.0,0.0,-5.2241741780038975,-0.06466430693247502,0.043677080503765876
27.25,0.0,0.0,0.0,-0.09182568317316109,0.0,0.0,0.0,0.0,0.0,-0.0582289612484479,0.0,0.0,-5.261224096727592,-0.0582289612484479,0.0437031198791653
27.26,0.0,0.0,0.0,-0.09240797278564557,0.0,0.0,0.0,0.0,0.0,-0.051754785294313606,0.0,0.0,-5.29458683397726,-0.051754785294313606,0.043730133498661526
27.27,0.0,0.0,0.0,-0.09292552063858871,0.0,0.0,0.0,0.0,0.0,-0.04524613070737168,0.0,0.0,-5.32424014164696,-0.04524613070737168,0.04375800107156755
27.28,0.0,0.0,0.0,-0.09337798194566242,0.0,0.0,0.0,0.0,0.0,-0.03870736832156815,0.0,0.0,-5.350164264935256,-0.03870736832156815,0.043786604574564215
27.29,0.0,0.0,0.0,-0.0937650556288781,0.0,0.0,0.0,0.0,0.0,-0.03214288565106747,0.0,0.0,-5.372341953344098,-0.03214288565106747,0.04381582872220519
27.3,0.0,0.0,0.0,-0.09408648448538878,0.0,0.0,0.0,0.0,0.0,-0.02555708437569692,0.0,0.0,-5.390758470235877,-0.02555708437569692,0.04384556141159446
27.310000000000002,0.0,0.0,0.0,-0.09434205532914575,0.0,0.0,0.0,0.0,0.0,-0.018954377828304485,0.0,0.0,-5.405401600949748,-0.018954377828304485,0.04387569413937798
27.32,0.0,0.0,0.0,-0.0945315991074288,0.0,0.0,0.0,0.0,0.0,-0.012339188484029907,0.0,0.0,-5.41626165947833,-0.012339188484029907,0.04390612238933279
27.330000000000002,0.0,0.0,0.0,-0.0946549909922691,0.0,0.0,0.0,0.0,0.0,-0.0057159454514536835,0.0,0.0,-5.423331493705843,-0.0057159454514536835,0.04393674598904972
27.34,0.0,0.0,0.0,-0.09471215044678363,0.0,0.0,0.0,0.0,0.0,0.0009109180344403344,0.0,0.0,-5.426606489208797,0.0009109180344403344,0.04396746943439049
27.35,0.0,0.0,0.0,-0.09470304126643923,0.0,0.0,0.0,0.0,0.0,0.007536963561411913,0.0,0.0,-5.426084571620239,0.007536963561411913,0.04399820214305747
27.36,0.0,0.0,0.0,-0.09462767163082511,0.0,0.0,0.0,0.0,0.0,0.014157520817223022,0.0,0.0,-5.421766209596111,0.014157520817223022,0.044028854036138605
27.37,0.0,0.0,0.0,-0.09448609642265288,0.0,0.0,0.0,0.0,0.0,0.020767783714274266,0.0,0.0,-5.413654547684156,0.020767783714274266,0.044059329864794515
27.38,0.0,0.0,0.0,-0.09427841858551013,0.0,0.0,0.0,0.0,0.0,0.027362954222257815,0.0,0.0,-5.401755484117471,0.027362954222257815,0.04408952969509976
27.39,0.0,0.0,0.0,-0.09400478904328755,0.0,0.0,0.0,0.0,0.0,0.03393824617125209,0.0,0.0,-5.3860776661980205,0.03393824617125209,0.044119349251184554
27.400000000000002,0.0,0.0,0.0,-0.09366540658157503,0.0,0.0,0.0,0.0,0.0,0.04048888904349651,0.0,0.0,-5.3666324835011325,0.04048888904349651,0.044148680293096286
27.41,0.0,0.0,0.0,-0.09326051769114006,0.0,0.0,0.0,0.0,0.0,0.047010131750192134,0.0,0.0,-5.343434058907475,0.047010131750192134,0.04417741102775521
27.42,0.0,0.0,0.0,-0.09279041637363813,0.0,0.0,0.0,0.0,0.0,0.053497246389690487,0.0,0.0,-5.316499237471074,0.053497246389690487,0.0442054265511682
27.43,0.0,0.0,0.0,-0.09225544390974123,0.0,0.0,0.0,0.0,0.0,0.05994553198345353,0.0,0.0,-5.285847573134067,0.05994553198345353,0.04423260931982195
27.44,0.0,0.0,0.0,-0.0916559885899067,0.0,0.0,0.0,0.0,0.0,0.06635031818619161,0.0,0.0,-5.251501313300883,0.06635031818619161,0.04425883964898761
27.45,0.0,0.0,0.0,-0.09099248540804479,0.0,0.0,0.0,0.0,0.0,0.07270696896661409,0.0,0.0,-5.213485381286695,0.07270696896661409,0.044283996235445565
27.46,0.0,0.0,0.0,-0.09026541571837865,0.0,0.0,0.0,0.0,0.0,0.07901088625525918,0.0,0.0,-5.171827356656938,0.07901088625525918,0.04430795670197693
27.47,0.0,0.0,0.0,-0.08947530685582605,0.0,0.0,0.0,0.0,0.0,0.08525751355590473,0.0,0.0,-5.126557453476793,0.08525751355590473,0.04433059816078391
27.48,0.0,0.0,0.0,-0.08862273172026701,0.0,0.0,0.0,0.0,0.0,0.09144233951710108,0.0,0.0,-5.077708496491465,0.09144233951710108,0.04435179779285765
27.490000000000002,0.0,0.0,0.0,-0.087708308325096,0.0,0.0,0.0,0.0,0.0,0.0975609014604102,0.0,0.0,-5.025315895260143,0.0975609014604102,0.044371433440182
27.5,0.0,0.0,0.0,-0.0867326993104919,0.0,0.0,0.0,0.0,0.0,0.10360878886198246,0.0,0.0,-4.969417616268411,0.10360878886198246,0.044389384207529164
27.51,0.0,0.0,0.0,-0.08569661142187208,0.0,0.0,0.0,0.0,0.0,0.10958164678415322,0.0,0.0,-4.910054153045875,0.10958164678415322,0.04440553107054173
27.52,0.0,0.0,0.0,-0.08460079495403056,0.0,0.0,0.0,0.0,0.0,0.11547517925379641,0.0,0.0,-4.847268494317622,0.11547517925379641,0.04441975748668742
27.53,0.0,0.0,0.0,-0.0834460431614926,0.0,0.0,0.0,0.0,0.0,0.12128515258423136,0.0,0.0,-4.781106090220031,0.12128515258423136,0.044431950005641124
27.54,0.0,0.0,0.0,-0.08223319163565028,0.0,0.0,0.0,0.0,0.0,0.1270073986375419,0.0,0.0,-4.711614816613264,0.1270073986375419,0.044441998875610234
27.55,0.0,0.0,0.0,-0.08096311764927486,0.0,0.0,0.0,0.0,0.0,0.132637818024234,0.0,0.0,-4.638844937524596,0.132637818024234,0.04444979864211935
27.560000000000002,0.0,0.0,0.0,-0.07963673946903252,0.0,0.0,0.0,0.0,0.0,0.13817238323722916,0.0,0.0,-4.562849065758468,0.13817238323722916,0.04445524873576182
27.57,0.0,0.0,0.0,-0.07825501563666022,0.0,0.0,0.0,0.0,0.0,0.14360714171726632,0.0,0.0,-4.483682121710894,0.14360714171726632,0.044458254045491495
27.580000000000002,0.0,0.0,0.0,-0.07681894421948755,0.0,0.0,0.0,0.0,0.0,0.14893821884686376,0.0,0.0,-4.401401290427529,0.14893821884686376,0.04445872547406324
27.59,0.0,0.0,0.0,-0.07532956203101891,0.0,0.0,0.0,0.0,0.0,0.1541618208700767,0.0,0.0,-4.316065976946318,0.1541618208700767,0.044456580472308355
27.6,0.0,0.0,0.0,-0.07378794382231814,0.0,0.0,0.0,0.0,0.0,0.15927423773537325,0.0,0.0,-4.227737759967245,0.15927423773537325,0.04445174354904093
27.61,0.0,0.0,0.0,-0.07219520144496441,0.0,0.0,0.0,0.0,0.0,0.1642718458590428,0.0,0.0,-4.136480343893243,0.1642718458590428,0.04444414675351892
27.62,0.0,0.0,0.0,-0.07055248298637398,0.0,0.0,0.0,0.0,0.0,0.1691511108066474,0.0,0.0,-4.042359509287776,0.1691511108066474,0.04443373012748915
27.63,0.0,0.0,0.0,-0.0688609718783075,0.0,0.0,0.0,0.0,0.0,0.173908589890125,0.0,0.0,-3.945443061796069,0.173908589890125,0.04442044212404487
27.64,0.0,0.0,0.0,-0.06712188597940626,0.0,0.0,0.0,0.0,0.0,0.17854093467825793,0.0,0.0,-3.8458007795783127,0.17854093467825793,0.04440423999067582
27.650000000000002,0.0,0.0,0.0,-0.06533647663262368,0.0,0.0,0.0,0.0,0.0,0.1830448934183269,0.0,0.0,-3.743504359304462,0.1830448934183269,0.04438509011409228
27.66,0.0,0.0,0.0,-0.06350602769844041,0.0,0.0,0.0,0.0,0.0,0.1874173133668815,0.0,0.0,-3.6386273607615407,0.1874173133668815,0.04436296832459982
27.67,0.0,0.0,0.0,-0.0616318545647716,0.0,0.0,0.0,0.0,0.0,0.19165514302767364,0.0,0.0,-3.5312451501255095,0.19165514302767364,0.0443378601580648
27.68,0.0,0.0,0.0,-0.059715303134494864,0.0,0.0,0.0,0.0,0.0,0.19575543429491718,0.0,0.0,-3.4214348419508913,0.19575543429491718,0.044309761073673945
27.69,0.0,0.0,0.0,-0.057757748791545695,0.0,0.0,0.0,0.0,0.0,0.19971534450016012,0.0,0.0,-3.3092752399323992,0.19971534450016012,0.044278676626021675
27.7,0.0,0.0,0.0,-0.055760595346544095,0.0,0.0,0.0,0.0,0.0,0.20353213836117873,0.0,0.0,-3.1948467764937947,0.20353213836117873,0.044244622590246856
27.71,0.0,0.0,0.0,-0.05372527396293231,0.0,0.0,0.0,0.0,0.0,0.20720318983143154,0.0,0.0,-3.078231451260112,0.20720318983143154,0.04420762503924163
27.72,0.0,0.0,0.0,-0.051653242064617994,0.0,0.0,0.0,0.0,0.0,0.21072598384874144,0.0,0.0,-2.959512768470222,0.21072598384874144,0.04416772037221617
27.73,0.0,0.0,0.0,-0.04954598222613058,0.0,0.0,0.0,0.0,0.0,0.21409811798200634,0.0,0.0,-2.8387756733874734,0.21409811798200634,0.04412495529417628
27.740000000000002,0.0,0.0,0.0,-0.04740500104631052,0.0,0.0,0.0,0.0,0.0,0.21731730397487506,0.0,0.0,-2.716106487766844,0.21731730397487506,0.04407938674614071
27.75,0.0,0.0,0.0,-0.04523182800656177,0.0,0.0,0.0,0.0,0.0,0.22038136918546167,0.0,0.0,-2.591592844437625,0.22038136918546167,0.04403108178623004
27.76,0.0,0.0,0.0,-0.04302801431470715,0.0,0.0,0.0,0.0,0.0,0.22328825792131102,0.0,0.0,-2.465323621061211,0.22328825792131102,0.043980117422001704
27.77,0.0,0.0,0.0,-0.04079513173549404,0.0,0.0,0.0,0.0,0.0,0.2260360326689685,0.0,0.0,-2.3373888731240138,0.2260360326689685,0.043926580394714365
27.78,0.0,0.0,0.0,-0.038534771408804354,0.0,0.0,0.0,0.0,0.0,0.22862287521764912,0.0,0.0,-2.207879766225883,0.22862287521764912,0.04387056691643806
27.79,0.0,0.0,0.0,-0.036248542656627865,0.0,0.0,0.0,0.0,0.0,0.23104708767664356,0.0,0.0,-2.0768885077247097,0.23104708767664356,0.04381218236124756
27.8,0.0,0.0,0.0,-0.033938071779861426,0.0,0.0,0.0,0.0,0.0,0.23330709338624178,0.0,0.0,-1.9445082777981015,0.23330709338624178,0.0437515409119305
27.810000000000002,0.0,0.0,0.0,-0.03160500084599901,0.0,0.0,0.0,0.0,0.0,0.23540143772209907,0.0,0.0,-1.8108331599831395,0.23540143772209907,0.04368876516393303
27.82,0.0,0.0,0.0,-0.029250986468778016,0.0,0.0,0.0,0.0,0.0,0.23732878879311142,0.0,0.0,-1.6759580712552598,0.23732878879311142,0.04362398568849976
27.830000000000002,0.0,0.0,0.0,-0.0268776985808469,0.0,0.0,0.0,0.0,0.0,0.23908793803301126,0.0,0.0,-1.5399786917072897,0.23908793803301126,0.043557340557167055
27.84,0.0,0.0,0.0,-0.024486819200516787,0.0,0.0,0.0,0.0,0.0,0.24067780068603542,0.0,0.0,-1.4029913938895207,0.24067780068603542,0.04348897483001484
27.85,0.0,0.0,0.0,-0.022080041193656433,0.0,0.0,0.0,0.0,0.0,0.24209741618715855,0.0,0.0,-1.265093171871514,0.24209741618715855,0.04341904001024129
27.86,0.0,0.0,0.0,-0.019659067031784848,0.0,0.0,0.0,0.0,0.0,0.24334594843752397,0.0,0.0,-1.1263815700860504,0.24334594843752397,0.043347693467851986
27.87,0.0,0.0,0.0,-0.017225607547409608,0.0,0.0,0.0,0.0,0.0,0.2444226859758412,0.0,0.0,-0.9869546120152677,0.2444226859758412,0.043275097835378175
27.88,0.0,0.0,0.0,-0.014781380687651197,0.0,0.0,0.0,0.0,0.0,0.24532704204665384,0.0,0.0,-0.8469107287785961,0.24532704204665384,0.04320142037871491
27.89,0.0,0.0,0.0,-0.012328110267184658,0.0,0.0,0.0,0.0,0.0,0.246058554566514,0.0,0.0,-0.7063486876815785,0.246058554566514,0.043126832346277774
27.900000000000002,0.0,0.0,0.0,-0.009867524721519519,0.0,0.0,0.0,0.0,0.0,0.2466168859892272,0.0,0.0,-0.5653675207840714,0.2466168859892272,0.04305150829981612
27.91,0.0,0.0,0.0,-0.007401355861627246,0.0,0.0,0.0,0.0,0.0,0.2470018230714589,0.0,0.0,-0.42406645354565414,0.2470018230714589,0.04297562543027531
27.92,0.0,0.0,0.0,-0.004931337630912657,0.0,0.0,0.0,0.0,0.0,0.24721327654011288,0.0,0.0,-0.28254483360533733,0.24721327654011288,0.04289936286218835
27.93,0.0,0.0,0.0,-0.0024592048655115283,0.0,0.0,0.0,0.0,0.0,0.24725128066301144,0.0,0.0,-0.1409020597518478,0.24725128066301144,0.042822900950137785
27.94,0.0,0.0,0.0,1.3307941118586002e-05,0.0,0.0,0.0,0.0,0.0,0.24711599272451842,0.0,0.0,0.0007624888601035858,0.24711599272451842,0.04274642057083846
27.95,0.0,0.0,0.0,0.0024844678683637704,0.0,0.0,0.0,0.0,0.0,0.24680769240785494,0.0,0.0,0.14234952319310823,0.24680769240785494,0.04267010241439824
27.96,0.0,0.0,0.0,0.00495254479244232,0.0,0.0,0.0,0.0,0.0,0.2463267810859601,0.0,0.0,0.2837599144564392,0.2463267810859601,0.04259412627832567
27.97,0.0,0.0,0.0,0.007415812603301921,0.0,0.0,0.0,0.0,0.0,0.2456737810228466,0.0,0.0,0.4248947638291239,0.2456737810228466,0.042518670367796614
27.98,0.0,0.0,0.0,0.009872550413530388,0.0,0.0,0.0,0.0,0.0,0.2448493344874925,0.0,0.0,0.5656554717254269,0.2448493344874925,0.04244391060565042
27.990000000000002,0.0,0.0,0.0,0.012321043758405313,0.0,0.0,0.0,0.0,0.0,0.243854202782396,0.0,0.0,0.7059438065526299,0.243854202782396,0.04237001995551169
28.0,0.0,0.0,0.0,0.014759585786229273,0.0,0.0,0.0,0.0,0.0,0.2426892651890001,0.0,0.0,0.8456619729122162,0.2426892651890001,0.042297167761347
28.01,0.0,0.0,0.0,0.017186478438119275,0.0,0.0,0.0,0.0,0.0,0.2413555178322661,0.0,0.0,0.9847126791968255,0.2413555178322661,0.04222551910665096
28.02,0.0,0.0,0.0,0.019600033616441935,0.0,0.0,0.0,0.0,0.0,0.23985407246674215,0.0,0.0,1.1229992045366586,0.23985407246674215,0.04215523419633817
28.03,0.0,0.0,0.0,0.021998574341109356,0.0,0.0,0.0,0.0,0.0,0.2381861551865322,0.0,0.0,1.260425465050352,0.2381861551865322,0.04208646776426884
28.04,0.0,0.0,0.0,0.02438043589297468,0.0,0.0,0.0,0.0,0.0,0.2363531050616237,0.0,0.0,1.3968960793567156,0.2363531050616237,0.04201936850918071
28.05,0.0,0.0,0.0,0.026743966943590915,0.0,0.0,0.0,0.0,0.0,0.2343563727030781,0.0,0.0,1.532316433305147,0.2343563727030781,0.04195407856162722
28.060000000000002,0.0,0.0,0.0,0.029087530670621697,0.0,0.0,0.0,0.0,0.0,0.23219751875962674,0.0,0.0,1.6665927438839603,0.23219751875962674,0.041890732984347104
28.07,0.0,0.0,0.0,0.031409505858217966,0.0,0.0,0.0,0.0,0.0,0.22987821234824618,0.0,0.0,1.7996321222673242,0.22987821234824618,0.041829459308271935
28.080000000000002,0.0,0.0,0.0,0.033708287981700426,0.0,0.0,0.0,0.0,0.0,0.22740022942131186,0.0,0.0,1.9313426359629904,0.22740022942131186,0.04177037710619861
28.09,0.0,0.0,0.0,0.03598229027591354,0.0,0.0,0.0,0.0,0.0,0.22476545107294552,0.0,0.0,2.0616333700244684,0.22476545107294552,0.04171359760591236
28.1,0.0,0.0,0.0,0.038229944786642996,0.0,0.0,0.0,0.0,0.0,0.22197586178718234,0.0,0.0,2.190414487292808,0.22197586178718234,0.041659223344341176
28.11,0.0,0.0,0.0,0.04044970340451482,0.0,0.0,0.0,0.0,0.0,0.21903354763058638,0.0,0.0,2.3175972876346567,0.21903354763058638,0.041607347864076834
28.12,0.0,0.0,0.0,0.042640038880820685,0.0,0.0,0.0,0.0,0.0,0.2159406943919392,0.0,0.0,2.4430942661447594,0.2159406943919392,0.0415580554533753
28.13,0.0,0.0,0.0,0.044799445824740075,0.0,0.0,0.0,0.0,0.0,0.21269958567161554,0.0,0.0,2.5668191702825838,0.21269958567161554,0.04151142093049644
28.14,0.0,0.0,0.0,0.04692644168145623,0.0,0.0,0.0,0.0,0.0,0.20931260092324247,0.0,0.0,2.688687055914232,0.20931260092324247,0.0414675094730127
28.150000000000002,0.0,0.0,0.0,0.04901956769068866,0.0,0.0,0.0,0.0,0.0,0.20578221345021375,0.0,0.0,2.8086143422323113,0.20578221345021375,0.041426376492466256
28.16,0.0,0.0,0.0,0.0510773898251908,0.0,0.0,0.0,0.0,0.0,0.20211098835960148,0.0,0.0,2.9265188655278864,0.20211098835960148,0.04138806755451294
28.17,0.0,0.0,0.0,0.053098499708786814,0.0,0.0,0.0,0.0,0.0,0.19830158047596952,0.0,0.0,3.0423199317901153,0.19830158047596952,0.041352618344460364
28.18,0.0,0.0,0.0,0.05508151551354651,0.0,0.0,0.0,0.0,0.0,0.19435673221755134,0.0,0.0,3.155938368110584,0.19435673221755134,0.04132005467785059
28.19,0.0,0.0,0.0,0.057025082835722024,0.0,0.0,0.0,0.0,0.0,0.1902792714372061,0.0,0.0,3.2672965728707846,0.1902792714372061,0.04129039255552465
28.2,0.0,0.0,0.0,0.058927875550094086,0.0,0.0,0.0,0.0,0.0,0.1860721092305137,0.0,0.0,3.3763185646925455,0.1860721092305137,0.041263638262376355
28.21,0.0,0.0,0.0,0.060788596642399224,0.0,0.0,0.0,0.0,0.0,0.1817382377133103,0.0,0.0,3.4829300301326023,0.1817382377133103,0.041239788508764
28.22,0.0,0.0,0.0,0.06260597901953233,0.0,0.0,0.0,0.0,0.0,0.17728072777090303,0.0,0.0,3.587058370103782,0.17728072777090303,0.04121883061336928
28.23,0.0,0.0,0.0,0.06437878629724135,0.0,0.0,0.0,0.0,0.0,0.1727027267811344,0.0,0.0,3.688632745006586,0.1727027267811344,0.041200742726054354
28.240000000000002,0.0,0.0,0.0,0.0661058135650527,0.0,0.0,0.0,0.0,0.0,0.16800745631339514,0.0,0.0,3.787584118556186,0.16800745631339514,0.041185494089111235
28.25,0.0,0.0,0.0,0.06778588812818664,0.0,0.0,0.0,0.0,0.0,0.16319820980560884,0.0,0.0,3.8838453002910467,0.16319820980560884,0.04117304533507861
28.26,0.0,0.0,0.0,0.06941787022624274,0.0,0.0,0.0,0.0,0.0,0.1582783502211328,0.0,0.0,3.977350986750566,0.1582783502211328,0.04116334881917271
28.27,0.0,0.0,0.0,0.07100065372845407,0.0,0.0,0.0,0.0,0.0,0.15325130768743803,0.0,0.0,4.0680378013102105,0.15325130768743803,0.04115634898417865
28.28,0.0,0.0,0.0,0.07253316680532845,0.0,0.0,0.0,0.0,0.0,0.14812057711834672,0.0,0.0,4.155844332663721,0.14812057711834672,0.041151982755546206
28.29,0.0,0.0,0.0,0.07401437257651192,0.0,0.0,0.0,0.0,0.0,0.1428897158215196,0.0,0.0,4.240711171942953,0.1428897158215196,0.04115017996427557
28.3,0.0,0.0,0.0,0.0754432697347271,0.0,0.0,0.0,0.0,0.0,0.13756234109279736,0.0,0.0,4.322580948466921,0.13756234109279736,0.04115086379507138
28.310000000000002,0.0,0.0,0.0,0.07681889314565508,0.0,0.0,0.0,0.0,0.0,0.13214212779891102,0.0,0.0,4.4013983641124845,0.13214212779891102,0.0411539512571576
28.32,0.0,0.0,0.0,0.07814031442364419,0.0,0.0,0.0,0.0,0.0,0.12663280594998633,0.0,0.0,4.477110226300044,0.12663280594998633,0.041159353675037466
28.330000000000002,0.0,0.0,0.0,0.07940664248314405,0.0,0.0,0.0,0.0,0.0,0.12103815826317618,0.0,0.0,4.549665479588377,0.12103815826317618,0.04116697719643264
28.34,0.0,0.0,0.0,0.08061702406577581,0.0,0.0,0.0,0.0,0.0,0.11536201771866465,0.0,0.0,4.619015235873542,0.11536201771866465,0.04117672331457161
28.35,0.0,0.0,0.0,0.08177064424296246,0.0,0.0,0.0,0.0,0.0,0.10960826510919629,0.0,0.0,4.685112803187471,0.10960826510919629,0.04118848940196646
28.36,0.0,0.0,0.0,0.08286672689405442,0.0,0.0,0.0,0.0,0.0,0.10378082658419435,0.0,0.0,4.747913713092551,0.10378082658419435,0.04120216925279746
28.37,0.0,0.0,0.0,0.08390453515989636,0.0,0.0,0.0,0.0,0.0,0.0978836711894439,0.0,0.0,4.807375746669085,0.0978836711894439,0.041217653630995055
28.38,0.0,0.0,0.0,0.0848833718717908,0.0,0.0,0.0,0.0,0.0,0.0919208084032285,0.0,0.0,4.8634589590931,0.0919208084032285,0.041234830821170354
28.39,0.0,0.0,0.0,0.08580257995582309,0.0,0.0,0.0,0.0,0.0,0.08589628566972497,0.0,0.0,4.916125702802456,0.08589628566972497,0.041253587179504024
28.400000000000002,0.0,0.0,0.0,0.08666154281252034,0.0,0.0,0.0,0.0,0.0,0.079814185930378,0.0,0.0,4.965340649249709,0.079814185930378,0.04127380768179717
28.41,0.0,0.0,0.0,0.08745968467182412,0.0,0.0,0.0,0.0,0.0,0.07367862515389673,0.0,0.0,5.0110708092405405,0.07367862515389673,0.04129537646592249
28.42,0.0,0.0,0.0,0.0881964709233631,0.0,0.0,0.0,0.0,0.0,0.0674937498654387,0.0,0.0,5.0532855518569875,0.0674937498654387,0.04131817736597389
28.43,0.0,0.0,0.0,0.08887140842201748,0.0,0.0,0.0,0.0,0.0,0.06126373467547347,0.0,0.0,5.091956621965001,0.06126373467547347,0.041342094435504476
28.44,0.0,0.0,0.0,0.08948404576877221,0.0,0.0,0.0,0.0,0.0,0.05499277980874809,0.0,0.0,5.1270581563061395,0.05499277980874809,0.041367012457353
28.45,0.0,0.0,0.0,0.09003397356685969,0.0,0.0,0.0,0.0,0.0,0.04868510863371132,0.0,0.0,5.158566698173475,0.04868510863371132,0.041392817437631374
28.46,0.0,0.0,0.0,0.0905208246531968,0.0,0.0,0.0,0.0,0.0,0.042344965192691895,0.0,0.0,5.1864612106719505,0.042344965192691895,0.04141939708160091
28.47,0.0,0.0,0.0,0.09094427430512372,0.0,0.0,0.0,0.0,0.0,0.0359766117330691,0.0,0.0,5.210723088563647,0.0359766117330691,0.04144664124927629
28.48,0.0,0.0,0.0,0.09130404042245441,0.0,0.0,0.0,0.0,0.0,0.02958432623962175,0.0,0.0,5.231336168698504,0.02958432623962175,0.04147444238873554
28.490000000000002,0.0,0.0,0.0,0.09159988368485063,0.0,0.0,0.0,0.0,0.0,0.023172399968194583,0.0,0.0,5.2482867390311885,0.023172399968194583,0.04150269594528627
28.5,0.0,0.0,0.0,0.09183160768453258,0.0,0.0,0.0,0.0,0.0,0.016745134980778634,0.0,0.0,5.261563546224855,0.016745134980778634,0.04153130074475858
28.51,0.0,0.0,0.0,0.09199905903434037,0.0,0.0,0.0,0.0,0.0,0.010306841682065717,0.0,0.0,5.271157801842611,0.010306841682065717,0.04156015934940552
28.52,0.0,0.0,0.0,0.09210212745116103,0.0,0.0,0.0,0.0,0.0,0.003861836357505641,0.0,0.0,5.2770631871275295,0.003861836357505641,0.04158917838502531
28.53,0.0,0.0,0.0,0.0921407458147361,0.0,0.0,0.0,0.0,0.0,-0.0025855612871308166,0.0,0.0,5.279275856372082,-0.0025855612871308166,0.041618268838128865
28.54,0.0,0.0,0.0,0.09211489020186478,0.0,0.0,0.0,0.0,0.0,-0.00903100193415516,0.0,0.0,5.277794438877832,-0.00903100193415516,0.041647345959888935
28.55,0.0,0.0,0.0,0.09202458018252323,0.0,0.0,0.0,0.0,0.0,-0.01546987419443361,0.0,0.0,5.2726200559218155,-0.01546987419443361,0.041676323379599194
28.560000000000002,0.0,0.0,0.0,0.0918698814405789,0.0,0.0,0.0,0.0,0.0,-0.02189750785770362,0.0,0.0,5.263756470912422,-0.02189750785770362,0.0417051099769965
28.57,0.0,0.0,0.0,0.09165090636200186,0.0,0.0,0.0,0.0,0.0,-0.028309241502407156,0.0,0.0,5.251210123091413,-0.028309241502407156,0.041733610411263146
28.580000000000002,0.0,0.0,0.0,0.0913678139469778,0.0,0.0,0.0,0.0,0.0,-0.03470042618099793,0.0,0.0,5.234990122498368,-0.03470042618099793,0.04176172545176021
28.59,0.0,0.0,0.0,0.09102080968516782,0.0,0.0,0.0,0.0,0.0,-0.0410664290933796,0.0,0.0,5.215108242823604,-0.0410664290933796,0.04178935234027274
28.6,0.0,0.0,0.0,0.09061014539423402,0.0,0.0,0.0,0.0,0.0,-0.04740263724494587,0.0,0.0,5.1915789121563645,-0.04740263724494587,0.041816385183205775
28.61,0.0,0.0,0.0,0.09013611902178456,0.0,0.0,0.0,0.0,0.0,-0.053704461085710635,0.0,0.0,5.164419201637114,-0.053704461085710635,0.04184271537196685
28.62,0.0,0.0,0.0,0.08959907441092746,0.0,0.0,0.0,0.0,0.0,-0.05996733812703719,0.0,0.0,5.133648812024756,-0.05996733812703719,0.04186823202955903
28.63,0.0,0.0,0.0,0.08899940102965709,0.0,0.0,0.0,0.0,0.0,-0.06618673653249985,0.0,0.0,5.099290058191625,-0.06618673653249985,0.04189282248122998
28.64,0.0,0.0,0.0,0.08833753366433209,0.0,0.0,0.0,0.0,0.0,-0.07235815867943984,0.0,0.0,5.061367851561059,-0.07235815867943984,0.04191637274681356
28.650000000000002,0.0,0.0,0.0,0.0876139520775377,0.0,0.0,0.0,0.0,0.0,-0.07847714468780903,0.0,0.0,5.019909680504361,-0.07847714468780903,0.04193876805228762
28.66,0.0,0.0,0.0,0.0868291806306596,0.0,0.0,0.0,0.0,0.0,-0.0845392759129305,0.0,0.0,4.974945588715871,-0.0845392759129305,0.041959893357862835
28.67,0.0,0.0,0.0,0.0859837878715303,0.0,0.0,0.0,0.0,0.0,-0.0905401783988449,0.0,0.0,4.926508151586842,-0.0905401783988449,0.041979633899829644
28.68,0.0,0.0,0.0,0.08507838608754185,0.0,0.0,0.0,0.0,0.0,-0.09647552628895399,0.0,0.0,4.874632450600688,-0.09647552628895399,0.04199787574323904
28.69,0.0,0.0,0.0,0.08411363082465231,0.0,0.0,0.0,0.0,0.0,-0.10234104519072032,0.0,0.0,4.819356045774084,-0.10234104519072032,0.042014506342426414
28.7,0.0,0.0,0.0,0.0830902203727451,0.0,0.0,0.0,0.0,0.0,-0.10813251549123229,0.0,0.0,4.760718946170225,-0.10813251549123229,0.04202941510626129
28.71,0.0,0.0,0.0,0.08200889521783278,0.0,0.0,0.0,0.0,0.0,-0.11384577562049883,0.0,0.0,4.698763578512418,-0.11384577562049883,0.04204249396500395
28.72,0.0,0.0,0.0,0.0808704374616278,0.0,0.0,0.0,0.0,0.0,-0.11947672525939618,0.0,0.0,4.633534753927939,-0.11947672525939618,0.04205363793554063
28.73,0.0,0.0,0.0,0.07967567020903384,0.0,0.0,0.0,0.0,0.0,-0.1250213284892519,0.0,0.0,4.565079632853864,-0.1250213284892519,0.04206274568180087
28.740000000000002,0.0,0.0,0.0,0.07842545692414132,0.0,0.0,0.0,0.0,0.0,-0.13047561688011725,0.0,0.0,4.493447688138336,-0.13047561688011725,0.04206972006713674
28.75,0.0,0.0,0.0,0.07712070075534015,0.0,0.0,0.0,0.0,0.0,-0.13583569251484948,0.0,0.0,4.41869066637237,-0.13583569251484948,0.04207446869544386
28.76,0.0,0.0,0.0,0.07576234383019166,0.0,0.0,0.0,0.0,0.0,-0.14109773094619998,0.0,0.0,4.340862547488994,-0.14109773094619998,0.042076904437881174
28.77,0.0,0.0,0.0,0.07435136652072966,0.0,0.0,0.0,0.0,0.0,-0.14625798408418153,0.0,0.0,4.260019502668097,-0.14625798408418153,0.04207694594207352
28.78,0.0,0.0,0.0,0.07288878667988784,0.0,0.0,0.0,0.0,0.0,-0.15131278301107076,0.0,0.0,4.1762198505869454,-0.15131278301107076,0.042074518120769844
28.79,0.0,0.0,0.0,0.07137565884977713,0.0,0.0,0.0,0.0,0.0,-0.1562585407214873,0.0,0.0,4.089524012057813,-0.1562585407214873,0.04206955261702121
28.8,0.0,0.0,0.0,0.06981307344256225,0.0,0.0,0.0,0.0,0.0,-0.16109175478508067,0.0,0.0,3.99999446309567,-0.16109175478508067,0.042061988243078025
28.810000000000002,0.0,0.0,0.0,0.06820215589471144,0.0,0.0,0.0,0.0,0.0,-0.16580900992945,0.0,0.0,3.907695686460255,-0.16580900992945,0.04205177139031242
28.82,0.0,0.0,0.0,0.06654406579541694,0.0,0.0,0.0,0.0,0.0,-0.170406980541018,0.0,0.0,3.812694121718252,-0.170406980541018,0.042038856407631234
28.830000000000002,0.0,0.0,0.0,0.06483999599000675,0.0,0.0,0.0,0.0,0.0,-0.17488243308168272,0.0,0.0,3.715058113872569,-0.17488243308168272,0.04202320594603394
28.84,0.0,0.0,0.0,0.06309117165918993,0.0,0.0,0.0,0.0,0.0,-0.1792322284191738,0.0,0.0,3.6148578606069743,-0.1792322284191738,0.042004791267117564
28.85,0.0,0.0,0.0,0.06129884937499819,0.0,0.0,0.0,0.0,0.0,-0.18345332406914883,0.0,0.0,3.5121653581955403,-0.18345332406914883,0.0419835925135459
28.86,0.0,0.0,0.0,0.0594643161343067,0.0,0.0,0.0,0.0,0.0,-0.1875427763471762,0.0,0.0,3.4070543461274605,-0.1875427763471762,0.041959598939706716
28.87,0.0,0.0,0.0,0.05758888837083494,0.0,0.0,0.0,0.0,0.0,-0.19149774242886566,0.0,0.0,3.299600250498869,-0.19149774242886566,0.04193280910100826
28.88,0.0,0.0,0.0,0.05567391094654628,0.0,0.0,0.0,0.0,0.0,-0.195315482316525,0.0,0.0,3.189880126224296,-0.195315482316525,0.041903231000469304
28.89,0.0,0.0,0.0,0.05372075612338103,0.0,0.0,0.0,0.0,0.0,-0.1989933607108422,0.0,0.0,3.0779725981213066,-0.1989933607108422,0.041870882191527355
28.900000000000002,0.0,0.0,0.0,0.051730822516272604,0.0,0.0,0.0,0.0,0.0,-0.20252884878621527,0.0,0.0,2.9639578009227496,-0.20252884878621527,0.04183578983621892
28.91,0.0,0.0,0.0,0.04970553402841045,0.0,0.0,0.0,0.0,0.0,-0.20591952586847795,0.0,0.0,2.847917318271816,-0.20591952586847795,0.041797990718130645
28.92,0.0,0.0,0.0,0.04764633876972567,0.0,0.0,0.0,0.0,0.0,-0.20916308101389716,0.0,0.0,2.729934120755828,-0.20916308101389716,0.0417575312097957
28.93,0.0,0.0,0.0,0.045554707959586695,0.0,0.0,0.0,0.0,0.0,-0.21225731448844865,0.0,0.0,2.6100925030353355,-0.21225731448844865,0.041714467194435716
28.94,0.0,0.0,0.0,0.043432134814702206,0.0,0.0,0.0,0.0,0.0,-0.21520013914650862,0.0,0.0,2.488478020125644,-0.21520013914650862,0.04166886394224104
28.95,0.0,0.0,0.0,0.04128013342323712,0.0,0.0,0.0,0.0,0.0,-0.2179895817082333,0.0,0.0,2.3651774228884146,-0.2179895817082333,0.04162079594160558
28.96,0.0,0.0,0.0,0.03910023760615479,0.0,0.0,0.0,0.0,0.0,-0.2206237839350324,0.0,0.0,2.2402785927913746,-0.2206237839350324,0.04157034668600688
28.97,0.0,0.0,0.0,0.036893999766804464,0.0,0.0,0.0,0.0,0.0,-0.22310100370267885,0.0,0.0,2.1138704759945393,-0.22310100370267885,0.041517608417469
28.98,0.0,0.0,0.0,0.034662989729777674,0.0,0.0,0.0,0.0,0.0,-0.22541961597173313,0.0,0.0,1.9860430168215786,-0.22541961597173313,0.04146268182777053
28.990000000000002,0.0,0.0,0.0,0.032408793570060344,0.0,0.0,0.0,0.0,0.0,-0.22757811365509767,0.0,0.0,1.8568870906751775,-0.22757811365509767,0.041405675718828513
29.0,0.0,0.0,0.0,0.030133012433509368,0.0,0.0,0.0,0.0,0.0,-0.22957510838265355,0.0,0.0,1.726494436455321,-0.22957510838265355,0.04134670662388402
29.01,0.0,0.0,0.0,0.027837261349682833,0.0,0.0,0.0,0.0,0.0,-0.23140933116306814,0.0,0.0,1.594957588539476,-0.23140933116306814,0.04128589839135412
29.02,0.0,0.0,0.0,0.02552316803805215,0.0,0.0,0.0,0.0,0.0,-0.2330796329429987,0.0,0.0,1.4623698083835859,-0.2330796329429987,0.04122338173341401
29.03,0.0,0.0,0.0,0.023192371708622164,0.0,0.0,0.0,0.0,0.0,-0.2345849850640514,0.0,0.0,1.3288250158026638,-0.2345849850640514,0.041159293741557676
29.04,0.0,0.0,0.0,0.02084652185798165,0.0,0.0,0.0,0.0,0.0,-0.23592447961798974,0.0,0.0,1.1944177199895678,-0.23592447961798974,0.04109377737158257
29.05,0.0,0.0,0.0,0.018487277061801755,0.0,0.0,0.0,0.0,0.0,-0.23709732970081726,0.0,0.0,1.0592429503302578,-0.23709732970081726,0.04102698090059153
29.060000000000002,0.0,0.0,0.0,0.01611630376479358,0.0,0.0,0.0,0.0,0.0,-0.23810286956649052,0.0,0.0,0.9233961870734716,-0.23810286956649052,0.040959057358767724
29.07,0.0,0.0,0.0,0.013735275069128677,0.0,0.0,0.0,0.0,0.0,-0.2389405546811453,0.0,0.0,0.7869732919123332,-0.2389405546811453,0.04089016393880046
29.080000000000002,0.0,0.0,0.0,0.011345869522317224,0.0,0.0,0.0,0.0,0.0,-0.23960996167884419,0.0,0.0,0.6500704385348883,-0.23960996167884419,0.040820461385952224
29.09,0.0,0.0,0.0,0.008949769905528782,0.0,0.0,0.0,0.0,0.0,-0.24011078821997528,0.0,0.0,0.5127840431999967,-0.24011078821997528,0.04075011337188169
29.1,0.0,0.0,0.0,0.006548662023329029,0.0,0.0,0.0,0.0,0.0,-0.2404428527535506,0.0,0.0,0.37521069539435564,-0.2404428527535506,0.04067928585536688
29.11,0.0,0.0,0.0,0.004144233495793523,0.0,0.0,0.0,0.0,0.0,-0.2406060941847671,0.0,0.0,0.2374470886257161,-0.2406060941847671,0.04060814643319318
29.12,0.0,0.0,0.0,0.001738172553945852,0.0,0.0,0.0,0.0,0.0,-0.2406005714493042,0.0,0.0,0.09958995140657272,-0.2406005714493042,0.04053686368445395
29.13,0.0,0.0,0.0,-0.0006678331605471902,0.0,0.0,0.0,0.0,0.0,-0.24042646299593742,0.0,0.0,-0.03826402151823672,-0.24042646299593742,0.040465606511579086
29.14,0.0,0.0,0.0,-0.0030720977905065645,0.0,0.0,0.0,0.0,0.0,-0.24008406617915035,0.0,0.0,-0.1760182376474915,-0.24008406617915035,0.040394543481385145
29.150000000000002,0.0,0.0,0.0,-0.005472938452298068,0.0,0.0,0.0,0.0,0.0,-0.23957379656352262,0.0,0.0,-0.3135762748515401,-0.23957379656352262,0.04032384216943709
29.16,0.0,0.0,0.0,-0.007868676417933294,0.0,0.0,0.0,0.0,0.0,-0.23889618714176405,0.0,0.0,-0.4508419491016964,-0.23889618714176405,0.040253668510966976
29.17,0.0,0.0,0.0,-0.010257638289350935,0.0,0.0,0.0,0.0,0.0,-0.23805188746835046,0.0,0.0,-0.5877193817516021,-0.23805188746835046,0.04018418616155203
29.18,0.0,0.0,0.0,-0.01263815716403444,0.0,0.0,0.0,0.0,0.0,-0.23704166271079713,0.0,0.0,-0.7241130663221991,-0.23704166271079713,0.04011555587068926
29.19,0.0,0.0,0.0,-0.015008573791142411,0.0,0.0,0.0,0.0,0.0,-0.2358663926206805,0.0,0.0,-0.8599279347431217,-0.2358663926206805,0.04004793487129334
29.2,0.0,0.0,0.0,-0.017367237717349215,0.0,0.0,0.0,0.0,0.0,-0.23452707042658663,0.0,0.0,-0.9950694230045278,-0.23452707042658663,0.039981476288068016
29.21,0.0,0.0,0.0,-0.019712508421615083,0.0,0.0,0.0,0.0,0.0,-0.23302480165122721,0.0,0.0,-1.1294435361746362,-0.23302480165122721,0.03991632856757343
29.22,0.0,0.0,0.0,-0.022042756438127354,0.0,0.0,0.0,0.0,0.0,-0.23136080285501937,0.0,0.0,-1.2629569127395208,-0.23136080285501937,0.039852634932657345
29.23,0.0,0.0,0.0,-0.02435636446667755,0.0,0.0,0.0,0.0,0.0,-0.2295364003084749,0.0,0.0,-1.3955168882230298,-0.2295364003084749,0.0397905328638039
29.240000000000002,0.0,0.0,0.0,-0.026651728469762298,0.0,0.0,0.0,0.0,0.0,-0.22755302859578688,0.0,0.0,-1.5270315580460396,-0.22755302859578688,0.03973015360976763
29.25,0.0,0.0,0.0,-0.028927258755720168,0.0,0.0,0.0,0.0,0.0,-0.22541222915203715,0.0,0.0,-1.657409839585623,-0.22541222915203715,0.03967162172969876
29.26,0.0,0.0,0.0,-0.03118138104724054,0.0,0.0,0.0,0.0,0.0,-0.22311564873647804,0.0,0.0,-1.7865615333960978,-0.22311564873647804,0.039615054668767725
29.27,0.0,0.0,0.0,-0.03341253753460532,0.0,0.0,0.0,0.0,0.0,-0.22066503784436317,0.0,0.0,-1.9143973835553334,-0.22066503784436317,0.039560562369128936
29.28,0.0,0.0,0.0,-0.03561918791304895,0.0,0.0,0.0,0.0,0.0,-0.21806224905981827,0.0,0.0,-2.0408291371011,-0.21806224905981827,0.03950824691784008
29.29,0.0,0.0,0.0,-0.03779981040364713,0.0,0.0,0.0,0.0,0.0,-0.215309235352252,0.0,0.0,-2.1657696025236812,-0.215309235352252,0.03945820223314523
29.3,0.0,0.0,0.0,-0.03995290275716965,0.0,0.0,0.0,0.0,0.0,-0.2124080483188086,0.0,0.0,-2.2891327072824112,-0.2124080483188086,0.03941051379033551
29.310000000000002,0.0,0.0,0.0,-0.04207698324035774,0.0,0.0,0.0,0.0,0.0,-0.20936083637536043,0.0,0.0,-2.410833554315197,-0.20936083637536043,0.03936525838815492
29.32,0.0,0.0,0.0,-0.044170591604111346,0.0,0.0,0.0,0.0,0.0,-0.20616984289852733,0.0,0.0,-2.5307884775115688,-0.20616984289852733,0.03932250395652074
29.330000000000002,0.0,0.0,0.0,-0.04623229003309662,0.0,0.0,0.0,0.0,0.0,-0.20283740432119338,0.0,0.0,-2.6489150961211774,-0.20283740432119338,0.03928230940608368
29.34,0.0,0.0,0.0,-0.04826066407630855,0.0,0.0,0.0,0.0,0.0,-0.19936594818396788,0.0,0.0,-2.7651323680711077,-0.19936594818396788,0.039244724519951944
29.35,0.0,0.0,0.0,-0.05025432355814823,0.0,0.0,0.0,0.0,0.0,-0.19575799114500886,0.0,0.0,-2.87936064216676,-0.19575799114500886,0.03920978988764433
29.36,0.0,0.0,0.0,-0.05221190346959832,0.0,0.0,0.0,0.0,0.0,-0.19201613695059228,0.0,0.0,-2.9915217091524435,-0.19201613695059228,0.0391775368811555
29.37,0.0,0.0,0.0,-0.054132064839104245,0.0,0.0,0.0,0.0,0.0,-0.18814307436877037,0.0,0.0,-3.101538851609193,-0.18814307436877037,0.03914798767277507
29.38,0.0,0.0,0.0,-0.05601349558279195,0.0,0.0,0.0,0.0,0.0,-0.1841415750884163,0.0,0.0,-3.209336892668658,-0.1841415750884163,0.0391211552940798
29.39,0.0,0.0,0.0,-0.057854911333676116,0.0,0.0,0.0,0.0,0.0,-0.18001449158590266,0.0,0.0,-3.3148422435232345,-0.18001449158590266,0.03909704373533212
29.400000000000002,0.0,0.0,0.0,-0.05965505624953514,0.0,0.0,0.0,0.0,0.0,-0.17576475496160548,0.0,0.0,-3.417982949713889,-0.17576475496160548,0.039075648084302764
29.41,0.0,0.0,0.0,-0.061412703799151196,0.0,0.0,0.0,0.0,0.0,-0.17139537274836633,0.0,0.0,-3.5186887361784,-0.17139537274836633,0.0390569547033415
29.42,0.0,0.0,0.0,-0.06312665752663486,0.0,0.0,0.0,0.0,0.0,-0.1669094266939812,0.0,0.0,-3.61689105104393,-0.1669094266939812,0.03904094144332901
29.43,0.0,0.0,0.0,-0.06479575179357468,0.0,0.0,0.0,0.0,0.0,-0.16231007051971774,0.0,0.0,-3.712523108149063,-0.16231007051971774,0.03902757789297995
29.44,0.0,0.0,0.0,-0.06641885249877186,0.0,0.0,0.0,0.0,0.0,-0.1576005276567914,0.0,0.0,-3.8055199282815693,-0.1576005276567914,0.039016825661794846
29.45,0.0,0.0,0.0,-0.06799485777533977,0.0,0.0,0.0,0.0,0.0,-0.15278408896265758,0.0,0.0,-3.895818379119259,-0.15278408896265758,0.03900863869478498
29.46,0.0,0.0,0.0,-0.06952269866496634,0.0,0.0,0.0,0.0,0.0,-0.14786411041890052,0.0,0.0,-3.9833572138623743,-0.14786411041890052,0.039002963616995484
29.47,0.0,0.0,0.0,-0.07100133976915535,0.0,0.0,0.0,0.0,0.0,-0.14284401081242037,0.0,0.0,-4.0680771085469685,-0.14284401081242037,0.038999740105667355
29.48,0.0,0.0,0.0,-0.07242977987727955,0.0,0.0,0.0,0.0,0.0,-0.1377272694015403,0.0,0.0,-4.149920698029696,-0.1377272694015403,0.03899890128781025
29.490000000000002,0.0,0.0,0.0,-0.07380705257129495,0.0,0.0,0.0,0.0,0.0,-0.1325174235685724,0.0,0.0,-4.228832610635392,-0.1325174235685724,0.039000374160811646
29.5,0.0,0.0,0.0,-0.07513222680698067,0.0,0.0,0.0,0.0,0.0,-0.127218066460299,0.0,0.0,-4.304759501459658,-0.127218066460299,0.03900408003365362
29.51,0.0,0.0,0.0,-0.07640440747158367,0.0,0.0,0.0,0.0,0.0,-0.1218328446177406,0.0,0.0,-4.377650084319558,-0.1218328446177406,0.03900993498621905
29.52,0.0,0.0,0.0,-0.07762273591776107,0.0,0.0,0.0,0.0,0.0,-0.11636545559649888,0.0,0.0,-4.447455162346254,-0.11636545559649888,0.03901785034408824
29.53,0.0,0.0,0.0,-0.07878639047372606,0.0,0.0,0.0,0.0,0.0,-0.11081964557887805,0.0,0.0,-4.5141276572142175,-0.11081964557887805,0.03902773316621431
29.54,0.0,0.0,0.0,-0.07989458692951484,0.0,0.0,0.0,0.0,0.0,-0.10519920697890409,0.0,0.0,-4.577622637002271,-0.10519920697890409,0.039039486742814856
29.55,0.0,0.0,0.0,-0.08094657899930388,0.0,0.0,0.0,0.0,0.0,-0.09950797604127856,0.0,0.0,-4.6378973426824155,-0.09950797604127856,0.039053011100797536
29.560000000000002,0.0,0.0,0.0,-0.08194165875971667,0.0,0.0,0.0,0.0,0.0,-0.09374983043522186,0.0,0.0,-4.694911213232957,-0.09374983043522186,0.03906820351403883
29.57,0.0,0.0,0.0,-0.08287915706406888,0.0,0.0,0.0,0.0,0.0,-0.08792868684408015,0.0,0.0,-4.74862590937301,-0.08792868684408015,0.039084959015857526
29.580000000000002,0.0,0.0,0.0,-0.08375844393250968,0.0,0.0,0.0,0.0,0.0,-0.08204849855149204,0.0,0.0,-4.799005335915942,-0.08204849855149204,0.03910317091102621
29.59,0.0,0.0,0.0,-0.0845789289180246,0.0,0.0,0.0,0.0,0.0,-0.07611325302483511,0.0,0.0,-4.8460156627397994,-0.07611325302483511,0.039122731284728415
29.6,0.0,0.0,0.0,-0.08534006144827296,0.0,0.0,0.0,0.0,0.0,-0.07012696949659798,0.0,0.0,-4.889625344373144,-0.07012696949659798,0.03914353150590813
29.61,0.0,0.0,0.0,-0.08604133114323893,0.0,0.0,0.0,0.0,0.0,-0.06409369654425387,0.0,0.0,-4.929805138195121,-0.06409369654425387,0.03916546272252149
29.62,0.0,0.0,0.0,-0.08668226810868147,0.0,0.0,0.0,0.0,0.0,-0.05801750966914341,0.0,0.0,-4.966528121248901,-0.05801750966914341,0.03918841634630077
29.63,0.0,0.0,0.0,-0.08726244320537291,0.0,0.0,0.0,0.0,0.0,-0.05190250887481062,0.0,0.0,-4.999769705667915,-0.05190250887481062,0.0392122845247004
29.64,0.0,0.0,0.0,-0.08778146829412102,0.0,0.0,0.0,0.0,0.0,-0.04575281624517577,0.0,0.0,-5.029507652714584,-0.04575281624517577,0.039236960597822966
29.650000000000002,0.0,0.0,0.0,-0.08823899645657278,0.0,0.0,0.0,0.0,0.0,-0.039572573522872447,0.0,0.0,-5.055722085431446,-0.039572573522872447,0.03926233953822341
29.66,0.0,0.0,0.0,-0.0886347221918015,0.0,0.0,0.0,0.0,0.0,-0.033365939688024225,0.0,0.0,-5.078395499904763,-0.033365939688024225,0.03928831837161571
29.67,0.0,0.0,0.0,-0.08896838158868174,0.0,0.0,0.0,0.0,0.0,-0.02713708853768877,0.0,0.0,-5.097512775140882,-0.02713708853768877,0.039314796576638826
29.68,0.0,0.0,0.0,-0.08923975247405863,0.0,0.0,0.0,0.0,0.0,-0.020890206266154322,0.0,0.0,-5.113061181555706,-0.020890206266154322,0.03934167646197699
29.69,0.0,0.0,0.0,-0.08944865453672017,0.0,0.0,0.0,0.0,0.0,-0.014629489046235575,0.0,0.0,-5.12503038807779,-0.014629489046235575,0.03936886351928324
29.7,0.0,0.0,0.0,-0.08959494942718253,0.0,0.0,0.0,0.0,0.0,-0.00835914061168283,0.0,0.0,-5.133412467865612,-0.00835914061168283,0.03939626675050365
29.71,0.0,0.0,0.0,-0.08967854083329936,0.0,0.0,0.0,0.0,0.0,-0.0020833698407905993,0.0,0.0,-5.13820190263967,-0.0020833698407905993,0.0394237989683643
29.72,0.0,0.0,0.0,-0.08969937453170727,0.0,0.0,0.0,0.0,0.0,0.004193611658730888,0.0,0.0,-5.1393955856300915,0.004193611658730888,0.03945137706895308
29.73,0.0,0.0,0.0,-0.08965743841511996,0.0,0.0,0.0,0.0,0.0,0.010467516593380351,0.0,0.0,-5.13699282314047,0.010467516593380351,0.03947892117096327
29.740000000000002,0.0,0.0,0.0,-0.08955276324918615,0.0,0.0,0.0,0.0,0.0,0.016733816346558687,0.0,0.0,-5.130995377912631,0.016733816346558687,0.039506348247986434
29.75,0.0,0.0,0.0,-0.08938542508572056,0.0,0.0,0.0,0.0,0.0,0.02298796960515946,0.0,0.0,-5.121407607394583,0.02298796960515946,0.03953357107343212
29.76,0.0,0.0,0.0,-0.08915554538966897,0.0,0.0,0.0,0.0,0.0,0.02922544454442079,0.0,0.0,-5.1082364710150765,0.02922544454442079,0.03956049861857103
29.77,0.0,0.0,0.0,-0.08886329094422477,0.0,0.0,0.0,0.0,0.0,0.03544172240182963,0.0,0.0,-5.0914915247471875,0.03544172240182963,0.03958703637133557
29.78,0.0,0.0,0.0,-0.08850887372020647,0.0,0.0,0.0,0.0,0.0,0.04163230103863497,0.0,0.0,-5.071184913624196,0.04163230103863497,0.03961308668376538
29.79,0.0,0.0,0.0,-0.08809255070982011,0.0,0.0,0.0,0.0,0.0,0.047792698485559476,0.0,0.0,-5.0473313622148765,0.047792698485559476,0.03963854914658015
29.8,0.0,0.0,0.0,-0.08761462372496452,0.0,0.0,0.0,0.0,0.0,0.05391845646931679,0.0,0.0,-5.019948163067238,0.05391845646931679,0.03966332098917889
29.810000000000002,0.0,0.0,0.0,-0.08707543916027136,0.0,0.0,0.0,0.0,0.0,0.060005143916562954,0.0,0.0,-4.989055163131722,0.060005143916562954,0.039687297503204794
29.82,0.0,0.0,0.0,-0.08647538772110573,0.0,0.0,0.0,0.0,0.0,0.06604836043193546,0.0,0.0,-4.954674748176781,0.06604836043193546,0.03971037248759597
29.830000000000002,0.0,0.0,0.0,-0.08581490411678638,0.0,0.0,0.0,0.0,0.0,0.07204373974686176,0.0,0.0,-4.916831825211693,0.07204373974686176,0.03973243871292698
29.84,0.0,0.0,0.0,-0.08509446671931777,0.0,0.0,0.0,0.0,0.0,0.07798695313585137,0.0,0.0,-4.875553802933353,0.07798695313585137,0.03975338840266165
29.85,0.0,0.0,0.0,-0.08431459718795925,0.0,0.0,0.0,0.0,0.0,0.08387371279702133,0.0,0.0,-4.830870570215664,0.08387371279702133,0.039773113728842305
29.86,0.0,0.0,0.0,-0.08347586005998904,0.0,0.0,0.0,0.0,0.0,0.08969977519364432,0.0,0.0,-4.782814472662047,0.08969977519364432,0.03979150731956287
29.87,0.0,0.0,0.0,-0.0825788623080526,0.0,0.0,0.0,0.0,0.0,0.09546094435355185,0.0,0.0,-4.731420287243366,0.09546094435355185,0.03980846277554457
29.88,0.0,0.0,0.0,-0.08162425286451708,0.0,0.0,0.0,0.0,0.0,0.10115307512327161,0.0,0.0,-4.6767251950454485,0.10115307512327161,0.03982387519297568
29.89,0.0,0.0,0.0,-0.08061272211328437,0.0,0.0,0.0,0.0,0.0,0.10677207637382882,0.0,0.0,-4.618768752152117,0.10677207637382882,0.03983764168975688
29.900000000000002,0.0,0.0,0.0,-0.07954500134954608,0.0,0.0,0.0,0.0,0.0,0.11231391415519547,0.0,0.0,-4.557592858691428,0.11231391415519547,0.03984966193221393
29.91,0.0,0.0,0.0,-0.07842186220799412,0.0,0.0,0.0,0.0,0.0,0.11777461479642946,0.0,0.0,-4.4932417260745545,0.11777461479642946,0.03985983865931133
29.92,0.0,0.0,0.0,-0.07724411606002982,0.0,0.0,0.0,0.0,0.0,0.1231502679486075,0.0,0.0,-4.425761842458409,0.1231502679486075,0.03986807820140405
29.93,0.0,0.0,0.0,-0.07601261338054374,0.0,0.0,0.0,0.0,0.0,0.12843702956772096,0.0,0.0,-4.355201936464805,0.12843702956772096,0.039874290990535785
29.94,0.0,0.0,0.0,-0.07472824308486653,0.0,0.0,0.0,0.0,0.0,0.13363112483477316,0.0,0.0,-4.2816129391905315,0.13363112483477316,0.03987839205933283
29.95,0.0,0.0,0.0,-0.07339193183651879,0.0,0.0,0.0,0.0,0.0,0.13872885101039004,0.0,0.0,-4.205047944544348,0.13872885101039004,0.03988030152559502
29.96,0.0,0.0,0.0,-0.07200464332641489,0.0,0.0,0.0,0.0,0.0,0.1437265802213324,0.0,0.0,-4.125562167948402,0.1437265802213324,0.039879945059711694
29.97,0.0,0.0,0.0,-0.07056737752420156,0.0,0.0,0.0,0.0,0.0,0.1486207621763786,0.0,0.0,-4.043212903443093,0.1486207621763786,0.039877254332137874
29.98,0.0,0.0,0.0,-0.06908116990243778,0.0,0.0,0.0,0.0,0.0,0.15340792680913107,0.0,0.0,-3.9580594792358537,0.15340792680913107,0.039872167438248785
29.990000000000002,0.0,0.0,0.0,-0.06754709063434647,0.0,0.0,0.0,0.0,0.0,0.15808468684538743,0.0,0.0,-3.8701632117357034,0.15808468684538743,0.03986462929799276
30.0,0.0,0.0,0.0,-0.0659662437658926,0.0,0.0,0.0,0.0,0.0,0.16264774029280868,0.0,0.0,-3.7795873581168236,0.16264774029280868,0.03985459202791221
30.01,0.0,0.0,0.0,-0.06433976636296451,0.0,0.0,0.0,0.0,0.0,0.16709387285071178,0.0,0.0,-3.6863970674556454,0.16709387285071178,0.03984201528322891
30.02,0.0,0.0,0.0,-0.0626688276344574,0.0,0.0,0.0,0.0,0.0,0.17141996023791234,0.0,0.0,-3.5906593304872314,0.17141996023791234,0.0398268665678541
30.03,0.0,0.0,0.0,-0.060954628032078274,0.0,0.0,0.0,0.0,0.0,0.17562297043664477,0.0,0.0,-3.492442928027904,0.17562297043664477,0.039809121510353596
30.04,0.0,0.0,0.0,-0.05919839832771183,0.0,0.0,0.0,0.0,0.0,0.17969996585069256,0.0,0.0,-3.391818378112198,0.17969996585069256,0.03978876410408111
30.05,0.0,0.0,0.0,-0.057401398669204906,0.0,0.0,0.0,0.0,0.0,0.18364810537596896,0.0,0.0,-3.288857881893301,0.18364810537596896,0.039765786909904434
30.060000000000002,0.0,0.0,0.0,-0.055564917615445214,0.0,0.0,0.0,0.0,0.0,0.18746464638189955,0.0,0.0,-3.183635268357133,0.18746464638189955,0.03974019122012401
30.07,0.0,0.0,0.0,-0.053690271151626216,0.0,0.0,0.0,0.0,0.0,0.19114694660207263,0.0,0.0,-3.0762259379011803,0.19114694660207263,0.03971198718242637
30.080000000000002,0.0,0.0,0.0,-0.05177880168560549,0.0,0.0,0.0,0.0,0.0,0.1946924659327389,0.0,0.0,-2.9667068048300673,0.1946924659327389,0.03968119388293366
30.09,0.0,0.0,0.0,-0.0498318770262781,0.0,0.0,0.0,0.0,0.0,0.19809876813786187,0.0,0.0,-2.8551562388206624,0.19809876813786187,0.03964783938761181
30.1,0.0,0.0,0.0,-0.047850889344899485,0.0,0.0,0.0,0.0,0.0,0.20136352245954123,0.0,0.0,-2.741654005410261,0.20136352245954123,0.039611960741572194
30.11,0.0,0.0,0.0,-0.04583725412030407,0.0,0.0,0.0,0.0,0.0,0.2044845051327551,0.0,0.0,-2.6262812055620666,0.2044845051327551,0.039573603926004626
30.12,0.0,0.0,0.0,-0.04379240906897652,0.0,0.0,0.0,0.0,0.0,0.20745960080349207,0.0,0.0,-2.5091202143627855,0.20745960080349207,0.039532823772747645
30.13,0.0,0.0,0.0,-0.041717813060941605,0.0,0.0,0.0,0.0,0.0,0.21028680384947113,0.0,0.0,-2.3902546189076963,0.21028680384947113,0.03948968383669747
30.14,0.0,0.0,0.0,-0.0396149450224469,0.0,0.0,0.0,0.0,0.0,0.21296421960277517,0.0,0.0,-2.2697691554289956,0.21296421960277517,0.03944425622653945
30.150000000000002,0.0,0.0,0.0,-0.037485302826419147,0.0,0.0,0.0,0.0,0.0,0.21549006547385405,0.0,0.0,-2.147749645723633,0.21549006547385405,0.03939662139449487
30.16,0.0,0.0,0.0,-0.035330402171680604,0.0,0.0,0.0,0.0,0.0,0.2178626719764821,0.0,0.0,-2.024282932937137,0.2178626719764821,0.03934686788599681
30.17,0.0,0.0,0.0,-0.033151775451915784,0.0,0.0,0.0,0.0,0.0,0.22008048365338673,0.0,0.0,-1.8994568167601817,0.22008048365338673,0.03929509205046079
30.18,0.0,0.0,0.0,-0.030950970615381917,0.0,0.0,0.0,0.0,0.0,0.22214205990239455,0.0,0.0,-1.773359988094812,0.22214205990239455,0.039241397714499984
30.19,0.0,0.0,0.0,-0.02872955001635797,0.0,0.0,0.0,0.0,0.0,0.2240460757030732,0.0,0.0,-1.646081963247317,0.2240460757030732,0.039185895819175996
30.2,0.0,0.0,0.0,-0.026489089259327237,0.0,0.0,0.0,0.0,0.0,0.2257913222439765,0.0,0.0,-1.5177130177047704,0.2257913222439765,0.03912870402303972
30.21,0.0,0.0,0.0,-0.024231176036887472,0.0,0.0,0.0,0.0,0.0,0.22737670745073105,0.0,0.0,-1.3883441195521886,0.22737670745073105,0.03906994627293621
30.22,0.0,0.0,0.0,-0.021957408962380163,0.0,0.0,0.0,0.0,0.0,0.2288012564153302,0.0,0.0,-1.2580668625871114,0.2288012564153302,0.03900975234470193
30.23,0.0,0.0,0.0,-0.01966939639822686,0.0,0.0,0.0,0.0,0.0,0.23006411172712907,0.0,0.0,-1.1269733991882218,0.23006411172712907,0.03894825735605349
30.240000000000002,0.0,0.0,0.0,-0.01736875528095557,0.0,0.0,0.0,0.0,0.0,0.2311645337061596,0.0,0.0,-0.9951563729943146,0.2311645337061596,0.03888560125412252
30.25,0.0,0.0,0.0,-0.015057109943893974,0.0,0.0,0.0,0.0,0.0,0.23210190053950805,0.0,0.0,-0.8627088514495885,0.23210190053950805,0.03882192828020731
30.26,0.0,0.0,0.0,-0.012736090938498893,0.0,0.0,0.0,0.0,0.0,0.23287570832161852,0.0,0.0,-0.7297242582707983,0.23287570832161852,0.038757386414455516
30.27,0.0,0.0,0.0,-0.010407333855282709,0.0,0.0,0.0,0.0,0.0,0.2334855709995047,0.0,0.0,-0.5962963058913151,0.2334855709995047,0.0386921268032625
30.28,0.0,0.0,0.0,-0.008072478145287661,0.0,0.0,0.0,0.0,0.0,0.23393122022396676,0.0,0.0,-0.46251892793657756,0.23393122022396676,0.038626303172300355
30.29,0.0,0.0,0.0,-0.005733165943047994,0.0,0.0,0.0,0.0,0.0,0.2342125051080235,0.0,0.0,-0.32848621178479054,0.2342125051080235,0.03856007122811499
30.3,0.0,0.0,0.0,-0.003391040891967759,0.0,0.0,0.0,0.0,0.0,0.2343293918938771,0.0,0.0,-0.19429233126603074,0.2343293918938771,0.0384935880513118
30.310000000000002,0.0,0.0,0.0,-0.0010477469730289877,0.0,0.0,0.0,0.0,0.0,0.2342819635298333,0.0,0.0,-0.06003147955216829,0.2342819635298333,0.038427011484377674
30.32,0.0,0.0,0.0,0.0012950726622693452,0.0,0.0,0.0,0.0,0.0,0.2340704191586994,0.0,0.0,0.07420219771080494,0.2340704191586994,0.038360499517189006
30.330000000000002,0.0,0.0,0.0,0.0036357768538563392,0.0,0.0,0.0,0.0,0.0,0.2336950735192789,0.0,0.0,0.20831466897732095,0.2336950735192789,0.03829420967329167
30.34,0.0,0.0,0.0,0.005972727589049128,0.0,0.0,0.0,0.0,0.0,0.2331563562626722,0.0,0.0,0.3422120830338626,0.2331563562626722,0.03822829839996091
30.35,0.0,0.0,0.0,0.00830429115167585,0.0,0.0,0.0,0.0,0.0,0.23245481118517883,0.0,0.0,0.47580083483886004,0.23245481118517883,0.03816292046509046
30.36,0.0,0.0,0.0,0.010628839263527638,0.0,0.0,0.0,0.0,0.0,0.2315910953796779,0.0,0.0,0.6089876309230718,0.2315910953796779,0.038098228363828944
30.37,0.0,0.0,0.0,0.012944750217324417,0.0,0.0,0.0,0.0,0.0,0.23056597830743855,0.0,0.0,0.7416795543037442,0.23056597830743855,0.03803437173787948
30.38,0.0,0.0,0.0,0.015250410000398801,0.0,0.0,0.0,0.0,0.0,0.2293803407923819,0.0,0.0,0.8737841288669554,0.2293803407923819,0.03797149681025006
30.39,0.0,0.0,0.0,0.01754421340832262,0.0,0.0,0.0,0.0,0.0,0.2280351739398801,0.0,0.0,1.0052093831737154,0.2280351739398801,0.03790974583817094
30.400000000000002,0.0,0.0,0.0,0.019824565147721424,0.0,0.0,0.0,0.0,0.0,0.22653157798223625,0.0,0.0,1.135863913646583,0.22653157798223625,0.037849256586751825
30.41,0.0,0.0,0.0,0.022089880927543788,0.0,0.0,0.0,0.0,0.0,0.22487076105304069,0.0,0.0,1.2656569470947914,0.22487076105304069,0.03779016182587182
30.42,0.0,0.0,0.0,0.024338588538074194,0.0,0.0,0.0,0.0,0.0,0.223054037892645,0.0,0.0,1.3944984025371316,0.223054037892645,0.03773258885259186
30.43,0.0,0.0,0.0,0.026569128917000643,0.0,0.0,0.0,0.0,0.0,0.22108282848703475,0.0,0.0,1.5222989522831285,0.22108282848703475,0.037676659041285074
30.44,0.0,0.0,0.0,0.02877995720187099,0.0,0.0,0.0,0.0,0.0,0.21895865664241518,0.0,0.0,1.648970082234346,0.21895865664241518,0.03762248742349309
30.45,0.0,0.0,0.0,0.03096954376829514,0.0,0.0,0.0,0.0,0.0,0.21668314849785075,0.0,0.0,1.7744241513689911,0.21668314849785075,0.03757018229932362
30.46,0.0,0.0,0.0,0.03313637525327365,0.0,0.0,0.0,0.0,0.0,0.21425803097832044,0.0,0.0,1.8985744503743243,0.21425803097832044,0.03751984488207474
30.47,0.0,0.0,0.0,0.03527895556305685,0.0,0.0,0.0,0.0,0.0,0.21168513019056437,0.0,0.0,2.0213352593927345,0.21168513019056437,0.037471568977535
30.48,0.0,0.0,0.0,0.037395806864962494,0.0,0.0,0.0,0.0,0.0,0.2089663697641057,0.0,0.0,2.1426219048487014,0.2089663697641057,0.03742544069923049
30.490000000000002,0.0,0.0,0.0,0.03948547056260355,0.0,0.0,0.0,0.0,0.0,0.2061037691398333,0.0,0.0,2.2623508153252354,0.2061037691398333,0.037381538220710234
30.5,0.0,0.0,0.0,0.041546508254001885,0.0,0.0,0.0,0.0,0.0,0.20309944180852585,0.0,0.0,2.380439576459747,0.20309944180852585,0.037339931565710284
30.51,0.0,0.0,0.0,0.04357750267208714,0.0,0.0,0.0,0.0,0.0,0.19995559350168865,0.0,0.0,2.4968069848306604,0.19995559350168865,0.03730068243689101
30.52,0.0,0.0,0.0,0.04557705860710402,0.0,0.0,0.0,0.0,0.0,0.19667452033705665,0.0,0.0,2.611373100807463,0.19667452033705665,0.03726384408357815
30.53,0.0,0.0,0.0,0.04754380381047459,0.0,0.0,0.0,0.0,0.0,0.1932586069210962,0.0,0.0,2.7240593003381957,0.1932586069210962,0.037229461208758516
30.54,0.0,0.0,0.0,0.049476389879685556,0.0,0.0,0.0,0.0,0.0,0.18971032441081015,0.0,0.0,2.8347883256497615,0.18971032441081015,0.037197569915380695
30.55,0.0,0.0,0.0,0.051373493123793655,0.0,0.0,0.0,0.0,0.0,0.18603222853711757,0.0,0.0,2.943484334837732,0.18603222853711757,0.03716819769178163
30.560000000000002,0.0,0.0,0.0,0.05323381540916483,0.0,0.0,0.0,0.0,0.0,0.1822269575920417,0.0,0.0,3.0500729503236323,0.1822269575920417,0.0371413634358705
30.57,0.0,0.0,0.0,0.05505608498508525,0.0,0.0,0.0,0.0,0.0,0.1782972303818967,0.0,0.0,3.1544813061589667,0.1782972303818967,0.037117077517511865
30.580000000000002,0.0,0.0,0.0,0.05683905728890422,0.0,0.0,0.0,0.0,0.0,0.174245844148616,0.0,0.0,3.2566380941565107,0.174245844148616,0.03709534187833817
30.59,0.0,0.0,0.0,0.05858151573039038,0.0,0.0,0.0,0.0,0.0,0.17007567246131294,0.0,0.0,3.356473608830611,0.17007567246131294,0.03707615016804393
30.6,0.0,0.0,0.0,0.06028227245500351,0.0,0.0,0.0,0.0,0.0,0.1657896630801092,0.0,0.0,3.453919791129437,0.1657896630801092,0.03705948791605364
30.61,0.0,0.0,0.0,0.0619401690858046,0.0,0.0,0.0,0.0,0.0,0.16139083579420538,0.0,0.0,3.5489102709432983,0.16139083579420538,0.037045332737235606
30.62,0.0,0.0,0.0,0.06355407744374665,0.0,0.0,0.0,0.0,0.0,0.15688228023610623,0.0,0.0,3.6413804083742667,0.15688228023610623,0.03703365457023271
30.63,0.0,0.0,0.0,0.06512290024610771,0.0,0.0,0.0,0.0,0.0,0.15226715367384575,0.0,0.0,3.731267333753442,0.15226715367384575,0.03702441594678314
30.64,0.0,0.0,0.0,0.06664557178284618,0.0,0.0,0.0,0.0,0.0,0.1475486787829888,0.0,0.0,3.8185099863932552,0.1475486787829888,0.03701757229027264
30.650000000000002,0.0,0.0,0.0,0.06812105857067606,0.0,0.0,0.0,0.0,0.0,0.14273014140011403,0.0,0.0,3.9030491520632222,0.14273014140011403,0.037013072241651714
30.66,0.0,0.0,0.0,0.0695483599846772,0.0,0.0,0.0,0.0,0.0,0.13781488825940946,0.0,0.0,3.9848274991785426,0.13781488825940946,0.03701085801070127
30.67,0.0,0.0,0.0,0.0709265088672713,0.0,0.0,0.0,0.0,0.0,0.13280632471393664,0.0,0.0,4.0637896136918545,0.13280632471393664,0.037010865750537074
30.68,0.0,0.0,0.0,0.07225457211441066,0.0,0.0,0.0,0.0,0.0,0.12770791244304278,0.0,0.0,4.13988203267938,0.12770791244304278,0.03701302595316289
30.69,0.0,0.0,0.0,0.07353165123884109,0.0,0.0,0.0,0.0,0.0,0.12252316714732238,0.0,0.0,4.213053276613506,0.12252316714732238,0.03701726386376179
30.7,0.0,0.0,0.0,0.0747568829103143,0.0,0.0,0.0,0.0,0.0,0.11725565623245161,0.0,0.0,4.283253880314681,0.11725565623245161,0.03702349991140554
30.71,0.0,0.0,0.0,0.07592943947263882,0.0,0.0,0.0,0.0,0.0,0.11190899648314032,0.0,0.0,4.3504364225762435,0.11190899648314032,0.03703165015374045
30.72,0.0,0.0,0.0,0.07704852943747022,0.0,0.0,0.0,0.0,0.0,0.10648685172836785,0.0,0.0,4.414555554456526,0.10648685172836785,0.037041626733232594
30.73,0.0,0.0,0.0,0.0781133979547539,0.0,0.0,0.0,0.0,0.0,0.10099293049899108,0.0,0.0,4.475568026233235,0.10099293049899108,0.03705333834247509
30.740000000000002,0.0,0.0,0.0,0.07912332725974382,0.0,0.0,0.0,0.0,0.0,0.0954309836787357,0.0,0.0,4.5334327130157375,0.0954309836787357,0.03706669069607299
30.75,0.0,0.0,0.0,0.08007763709653118,0.0,0.0,0.0,0.0,0.0,0.08980480214950587,0.0,0.0,4.5881106390114725,0.08980480214950587,0.037081587006628065
30.76,0.0,0.0,0.0,0.08097568511802623,0.0,0.0,0.0,0.0,0.0,0.08411821443187287,0.0,0.0,4.639565000443213,0.08411821443187287,0.037097928462336525
30.77,0.0,0.0,0.0,0.08181686726234497,0.0,0.0,0.0,0.0,0.0,0.07837508432153073,0.0,0.0,4.6877611871144405,0.07837508432153073,0.03711561470374539
30.78,0.0,0.0,0.0,0.08260061810556027,0.0,0.0,0.0,0.0,0.0,0.0725793085224362,0.0,0.0,4.732666802620497,0.0725793085224362,0.03713454429727861
30.79,0.0,0.0,0.0,0.08332641119078463,0.0,0.0,0.0,0.0,0.0,0.06673481427728245,0.0,0.0,4.774251683203631,0.06673481427728245,0.0371546152031501
30.8,0.0,0.0,0.0,0.08399375933355745,0.0,0.0,0.0,0.0,0.0,0.06084555699589062,0.0,0.0,4.812487915250408,0.06084555699589062,0.03717572523538789
30.810000000000002,0.0,0.0,0.0,0.08460221490351635,0.0,0.0,0.0,0.0,0.0,0.05491551788204111,0.0,0.0,4.84734985143028,0.05491551788204111,0.03719777251173494
30.82,0.0,0.0,0.0,0.08515137008233677,0.0,0.0,0.0,0.0,0.0,0.048948701559207476,0.0,0.0,4.878814125474442,0.048948701559207476,0.03722065589131326
30.830000000000002,0.0,0.0,0.0,0.08564085709792885,0.0,0.0,0.0,0.0,0.0,0.042949133695600654,0.0,0.0,4.906859665594323,0.042949133695600654,0.03724427539799182
30.84,0.0,0.0,0.0,0.08607034843488486,0.0,0.0,0.0,0.0,0.0,0.03692085862887946,0.0,0.0,4.931467706539332,0.03692085862887946,0.037268532627551886
30.85,0.0,0.0,0.0,0.08643955702117365,0.0,0.0,0.0,0.0,0.0,0.03086793699083601,0.0,0.0,4.952621800293672,0.03086793699083601,0.03729333113681867
30.86,0.0,0.0,0.0,0.086748236391082,0.0,0.0,0.0,0.0,0.0,0.024794443332321222,0.0,0.0,4.970307825412179,0.024794443332321222,0.03731857681309043
30.87,0.0,0.0,0.0,0.08699618082440522,0.0,0.0,0.0,0.0,0.0,0.018704463748636907,0.0,0.0,4.984513994995361,0.018704463748636907,0.03734417822228476
30.88,0.0,0.0,0.0,0.08718322546189158,0.0,0.0,0.0,0.0,0.0,0.012602093505586396,0.0,0.0,4.995230863303885,0.012602093505586396,0.03737004693440703
30.89,0.0,0.0,0.0,0.08730924639694745,0.0,0.0,0.0,0.0,0.0,0.006491434666346269,0.0,0.0,5.002451331012878,0.006491434666346269,0.03739609782505549
30.900000000000002,0.0,0.0,0.0,0.08737416074361092,0.0,0.0,0.0,0.0,0.0,0.0003765937192969169,0.0,0.0,5.006170649106544,0.0003765937192969169,0.037422249351851546
30.91,0.0,0.0,0.0,0.08737792668080388,0.0,0.0,0.0,0.0,0.0,-0.005738320793070142,0.0,0.0,5.0063864214136125,-0.005738320793070142,0.03744842380481259
30.92,0.0,0.0,0.0,0.08732054347287319,0.0,0.0,0.0,0.0,0.0,-0.011849059522669937,0.0,0.0,5.0030986057842615,-0.011849059522669937,0.03747454518885507
30.93,0.0,0.0,0.0,0.08720205287764649,0.0,0.0,0.0,0.0,0.0,-0.017951197548485977,0.0,0.0,4.996309594765779,-0.017951197548485977,0.03750053366391092
30.94,0.0,0.0,0.0,0.08702254090216163,0.0,0.0,0.0,0.0,0.0,-0.024040316021491204,0.0,0.0,4.986024316198441,-0.024040316021491204,0.037526305680638
30.95,0.0,0.0,0.0,0.08678213774194672,0.0,0.0,0.0,0.0,0.0,-0.030112006250414523,0.0,0.0,4.972250229736519,-0.030112006250414523,0.03755177426532906
30.96,0.0,0.0,0.0,0.08648101767944258,0.0,0.0,0.0,0.0,0.0,-0.03616187317011191,0.0,0.0,4.9549973210283165,-0.03616187317011191,0.03757684932725672
30.970000000000002,0.0,0.0,0.0,0.08611939894774145,0.0,0.0,0.0,0.0,0.0,-0.04218553879705038,0.0,0.0,4.9342780939089685,-0.04218553879705038,0.037601437992064245
30.98,0.0,0.0,0.0,0.08569754355977095,0.0,0.0,0.0,0.0,0.0,-0.048178645668606766,0.0,0.0,4.910107560613405,-0.048178645668606766,0.03762544495975054
30.990000000000002,0.0,0.0,0.0,0.08521575710308489,0.0,0.0,0.0,0.0,0.0,-0.05413686026290143,0.0,0.0,4.882503230018731,-0.05413686026290143,0.03764877288560764
31.0,0.0,0.0,0.0,0.08467438850045587,0.0,0.0,0.0,0.0,0.0,-0.060055876395908876,0.0,0.0,4.851485093927193,-0.060055876395908876,0.03767132278233734
31.01,0.0,0.0,0.0,0.08407382973649678,0.0,0.0,0.0,0.0,0.0,-0.0659314185926123,0.0,0.0,4.8170756114027435,-0.0659314185926123,0.037692994441372994
31.02,0.0,0.0,0.0,0.08341451555057065,0.0,0.0,0.0,0.0,0.0,-0.07175924542899809,0.0,0.0,4.779299691176073,-0.07175924542899809,0.037713686871318215
31.03,0.0,0.0,0.0,0.08269692309628067,0.0,0.0,0.0,0.0,0.0,-0.07753515284171854,0.0,0.0,4.738184672134822,-0.07753515284171854,0.037733298751276595
31.04,0.0,0.0,0.0,0.08192157156786349,0.0,0.0,0.0,0.0,0.0,-0.08325497740228689,0.0,0.0,4.6937603019175,-0.08325497740228689,0.037751728896708955
31.05,0.0,0.0,0.0,0.08108902179384062,0.0,0.0,0.0,0.0,0.0,-0.08891459955270833,0.0,0.0,4.646058713631419,-0.08891459955270833,0.03776887673537018
31.060000000000002,0.0,0.0,0.0,0.08019987579831353,0.0,0.0,0.0,0.0,0.0,-0.09450994679949361,0.0,0.0,4.595114400716759,-0.09450994679949361,0.03778464279077869
31.07,0.0,0.0,0.0,0.07925477633031859,0.0,0.0,0.0,0.0,0.0,-0.10003699686304857,0.0,0.0,4.54096418998059,-0.10003699686304857,0.03779892917058494
31.080000000000002,0.0,0.0,0.0,0.07825440636168811,0.0,0.0,0.0,0.0,0.0,-0.1054917807794832,0.0,0.0,4.483647212826429,-0.1054917807794832,0.03781164005717198
31.09,0.0,0.0,0.0,0.07719948855389328,0.0,0.0,0.0,0.0,0.0,-0.11087038595193743,0.0,0.0,4.423204874706592,-0.11087038595193743,0.037822682197745094
31.1,0.0,0.0,0.0,0.0760907846943739,0.0,0.0,0.0,0.0,0.0,-0.11616895914857883,0.0,0.0,4.359680822826266,-0.11616895914857883,0.037831965391168565
31.11,0.0,0.0,0.0,0.07492909510288812,0.0,0.0,0.0,0.0,0.0,-0.12138370944448784,0.0,0.0,4.2931209121298535,-0.12138370944448784,0.03783940296878463
31.12,0.0,0.0,0.0,0.07371525800844324,0.0,0.0,0.0,0.0,0.0,-0.12651091110471166,0.0,0.0,4.22357316960174,-0.12651091110471166,0.03784491226646531
31.13,0.0,0.0,0.0,0.07245014889739612,0.0,0.0,0.0,0.0,0.0,-0.13154690640583558,0.0,0.0,4.151087756915192,-0.13154690640583558,0.037848415085166356
31.14,0.0,0.0,0.0,0.07113467983333777,0.0,0.0,0.0,0.0,0.0,-0.13648810839349282,0.0,0.0,4.075716931464624,-0.13648810839349282,0.03784983813729275
31.150000000000002,0.0,0.0,0.0,0.06976979874940284,0.0,0.0,0.0,0.0,0.0,-0.1413310035733094,0.0,0.0,3.997515005817912,-0.1413310035733094,0.03784911347626501
31.16,0.0,0.0,0.0,0.06835648871366974,0.0,0.0,0.0,0.0,0.0,-0.14607215453285974,0.0,0.0,3.9165383056269216,-0.14607215453285974,0.037846178906725286
31.17,0.0,0.0,0.0,0.06689576716834114,0.0,0.0,0.0,0.0,0.0,-0.1507082024922907,0.0,0.0,3.8328451260357657,-0.1507082024922907,0.0378409783729237
31.18,0.0,0.0,0.0,0.06538868514341824,0.0,0.0,0.0,0.0,0.0,-0.15523586978135884,0.0,0.0,3.7464956866276533,-0.15523586978135884,0.03783346232295174
31.19,0.0,0.0,0.0,0.06383632644560465,0.0,0.0,0.0,0.0,0.0,-0.15965196224071385,0.0,0.0,3.6575520849525103,-0.15965196224071385,0.03782358804657664
31.2,0.0,0.0,0.0,0.06223980682319751,0.0,0.0,0.0,0.0,0.0,-0.16395337154535458,0.0,0.0,3.566078248678761,-0.16395337154535458,0.037811319984601674
31.21,0.0,0.0,0.0,0.06060027310774396,0.0,0.0,0.0,0.0,0.0,-0.16813707744828016,0.0,0.0,3.47213988641387,-0.16813707744828016,0.03779663000780371
31.220000000000002,0.0,0.0,0.0,0.058918902333261164,0.0,0.0,0.0,0.0,0.0,-0.17220014994245691,0.0,0.0,3.3758044372393634,-0.17220014994245691,0.03777949766368074
31.23,0.0,0.0,0.0,0.05719690083383659,0.0,0.0,0.0,0.0,0.0,-0.17613975133932508,0.0,0.0,3.2771410190071357,-0.17613975133932508,0.03775991038939058
31.240000000000002,0.0,0.0,0.0,0.05543550332044334,0.0,0.0,0.0,0.0,0.0,-0.17995313826217327,0.0,0.0,3.176220375444865,-0.17995313826217327,0.03773786368948327
31.25,0.0,0.0,0.0,0.05363597193782161,0.0,0.0,0.0,0.0,0.0,-0.183637663552817,0.0,0.0,3.073114822119298,-0.183637663552817,0.037713361277176324
31.26,0.0,0.0,0.0,0.05179959530229344,0.0,0.0,0.0,0.0,0.0,-0.18719077809012785,0.0,0.0,2.9678981913071,-0.18719077809012785,0.037686415178170105
31.27,0.0,0.0,0.0,0.04992768752139216,0.0,0.0,0.0,0.0,0.0,-0.19061003251907263,0.0,0.0,2.8606457758237567,-0.19061003251907263,0.037657045796170276
31.28,0.0,0.0,0.0,0.04802158719620143,0.0,0.0,0.0,0.0,0.0,-0.19389307888903687,0.0,0.0,2.751434271861814,-0.19389307888903687,0.0376252819395197
31.29,0.0,0.0,0.0,0.04608265640731106,0.0,0.0,0.0,0.0,0.0,-0.19703767220032434,0.0,0.0,2.640341720890425,-0.19703767220032434,0.03759116080855106
31.3,0.0,0.0,0.0,0.044112279685307815,0.0,0.0,0.0,0.0,0.0,-0.20004167185784322,0.0,0.0,2.527447450668817,-0.20004167185784322,0.037554727943483066
31.310000000000002,0.0,0.0,0.0,0.042111862966729384,0.0,0.0,0.0,0.0,0.0,-0.20290304303111018,0.0,0.0,2.4128320154268637,-0.20290304303111018,0.03751603713292357
31.32,0.0,0.0,0.0,0.040082832536418284,0.0,0.0,0.0,0.0,0.0,-0.20561985791982576,0.0,0.0,2.2965771352664244,-0.20561985791982576,0.037475150283244316
31.330000000000002,0.0,0.0,0.0,0.03802663395722003,0.0,0.0,0.0,0.0,0.0,-0.20819029692439758,0.0,0.0,2.178765634837568,-0.20819029692439758,0.037432137249306725
31.34,0.0,0.0,0.0,0.035944730987976056,0.0,0.0,0.0,0.0,0.0,-0.21061264972091226,0.0,0.0,2.059481381344134,-0.21061264972091226,0.03738707562727187
31.35,0.0,0.0,0.0,0.033838604490766935,0.0,0.0,0.0,0.0,0.0,-0.2128853162401816,0.0,0.0,1.9388092219333797,-0.2128853162401816,0.03734005051037422
31.36,0.0,0.0,0.0,0.03170975132836512,0.0,0.0,0.0,0.0,0.0,-0.21500680755061355,0.0,0.0,1.8168349205246772,-0.21500680755061355,0.03729115420881438
31.37,0.0,0.0,0.0,0.029559683252858987,0.0,0.0,0.0,0.0,0.0,-0.2169757466447844,0.0,0.0,1.6936450941323606,-0.2169757466447844,0.03724048593506431
31.38,0.0,0.0,0.0,0.027389925786411144,0.0,0.0,0.0,0.0,0.0,-0.21879086912971266,0.0,0.0,1.5693271487379008,-0.21879086912971266,0.037188151456123364
31.39,0.0,0.0,0.0,0.025202017095114018,0.0,0.0,0.0,0.0,0.0,-0.22045102382096077,0.0,0.0,1.4439692147665841,-0.22045102382096077,0.03713426271439433
31.400000000000002,0.0,0.0,0.0,0.02299750685690441,0.0,0.0,0.0,0.0,0.0,-0.22195517324081357,0.0,0.0,1.3176600822237938,-0.22195517324081357,0.037078937419058454
31.41,0.0,0.0,0.0,0.020777955124496275,0.0,0.0,0.0,0.0,0.0,-0.22330239402090565,0.0,0.0,1.1904891355458576,-0.22330239402090565,0.037022298609968404
31.42,0.0,0.0,0.0,0.018544931184287218,0.0,0.0,0.0,0.0,0.0,-0.22449187720979064,0.0,0.0,1.062546288220205,-0.22449187720979064,0.036964474196235844
31.43,0.0,0.0,0.0,0.016300012412189313,0.0,0.0,0.0,0.0,0.0,-0.22552292848606503,0.0,0.0,0.9339219172293041,-0.22552292848606503,0.03690559647182282
31.44,0.0,0.0,0.0,0.014044783127328663,0.0,0.0,0.0,0.0,0.0,-0.22639496827777672,0.0,0.0,0.8047067973724819,-0.22639496827777672,0.036845801610553154
31.45,0.0,0.0,0.0,0.011780833444550895,0.0,0.0,0.0,0.0,0.0,-0.22710753178896295,0.0,0.0,0.6749920355193343,-0.22710753178896295,0.03678522914309697
31.46,0.0,0.0,0.0,0.009509758126661265,0.0,0.0,0.0,0.0,0.0,-0.2276602689342756,0.0,0.0,0.5448690048479267,-0.2276602689342756,0.03672402141854826
31.470000000000002,0.0,0.0,0.0,0.007233155437318509,0.0,0.0,0.0,0.0,0.0,-0.2280529441827603,0.0,0.0,0.41442927912045385,-0.2280529441827603,0.036662323053288544
31.48,0.0,0.0,0.0,0.004952625995490906,0.0,0.0,0.0,0.0,0.0,-0.22828543631196274,0.0,0.0,0.2837645670484068,-0.22828543631196274,0.03660028036992964
31.490000000000002,0.0,0.0,0.0,0.0026697716323712786,0.0,0.0,0.0,0.0,0.0,-0.22835773807363802,0.0,0.0,0.15296664679862665,-0.22835773807363802,0.03653804082910078
31.5,0.0,0.0,0.0,0.00038619425163489854,0.0,0.0,0.0,0.0,0.0,-0.22826995577243733,0.0,0.0,0.02212730069089298,-0.22826995577243733,0.03647575245696661
31.51,0.0,0.0,0.0,-0.0018965053060894747,0.0,0.0,0.0,0.0,0.0,-0.22802230875904173,0.0,0.0,-0.10866174986309324,-0.22802230875904173,0.036413563271278857
31.52,0.0,0.0,0.0,-0.004176728393679892,0.0,0.0,0.0,0.0,0.0,-0.22761512883930254,0.0,0.0,-0.23930890913031358,-0.22761512883930254,0.036351620708843214
31.53,0.0,0.0,0.0,-0.006452879682072917,0.0,0.0,0.0,0.0,0.0,-0.22704885960103444,0.0,0.0,-0.36972277148849864,-0.22704885960103444,0.0362900710571949
31.54,0.0,0.0,0.0,-0.008723368278083262,0.0,0.0,0.0,0.0,0.0,-0.22632405566018773,0.0,0.0,-0.4998121854724752,-0.22632405566018773,0.03622905889329371
31.55,0.0,0.0,0.0,-0.010986608834685139,0.0,0.0,0.0,0.0,0.0,-0.22544138182820297,0.0,0.0,-0.6294863173886021,-0.22544138182820297,0.03616872653196243
31.560000000000002,0.0,0.0,0.0,-0.013241022652967168,0.0,0.0,0.0,0.0,0.0,-0.22440161220242152,0.0,0.0,-0.7586547144521352,-0.22440161220242152,0.036109213486741246
31.57,0.0,0.0,0.0,-0.015485038774991383,0.0,0.0,0.0,0.0,0.0,-0.2232056291814916,0.0,0.0,-0.8872273674034367,-0.2232056291814916,0.03605065594574395
31.580000000000002,0.0,0.0,0.0,-0.0177170950668063,0.0,0.0,0.0,0.0,0.0,-0.22185442240776906,0.0,0.0,-1.0151147725600522,-0.22185442240776906,0.035993186265015145
31.59,0.0,0.0,0.0,-0.01993563929088399,0.0,0.0,0.0,0.0,0.0,-0.22034908763876684,0.0,0.0,-1.1422279932628299,-0.22034908763876684,0.03593693248176189
31.6,0.0,0.0,0.0,-0.022139130167271658,0.0,0.0,0.0,0.0,0.0,-0.21869082554975525,0.0,0.0,-1.2684787206754262,-0.21869082554975525,0.035882017849733515
31.61,0.0,0.0,0.0,-0.02432603842276921,0.0,0.0,0.0,0.0,0.0,-0.21688094046965842,0.0,0.0,-1.3937793338977535,-0.21688094046965842,0.03582856039887933
31.62,0.0,0.0,0.0,-0.026494847827465792,0.0,0.0,0.0,0.0,0.0,-0.21492083905242884,0.0,0.0,-1.5180429593551483,-0.21492083905242884,0.03577667252126907
31.63,0.0,0.0,0.0,-0.028644056217990082,0.0,0.0,0.0,0.0,0.0,-0.21281202888611309,0.0,0.0,-1.6411835294262944,-0.21281202888611309,0.035726460585105466
31.64,0.0,0.0,0.0,-0.030772176506851212,0.0,0.0,0.0,0.0,0.0,-0.21055611704184618,0.0,0.0,-1.7631158402741989,-0.21055611704184618,0.03567802457852007
31.650000000000002,0.0,0.0,0.0,-0.032877737677269675,0.0,0.0,0.0,0.0,0.0,-0.20815480856503166,0.0,0.0,-1.8837556088458027,-0.20815480856503166,0.035631457784636604
31.66,0.0,0.0,0.0,-0.03495928576291999,0.0,0.0,0.0,0.0,0.0,-0.2056099049109769,0.0,0.0,-2.003019529007102,-0.2056099049109769,0.03558684648923816
31.67,0.0,0.0,0.0,-0.03701538481202976,0.0,0.0,0.0,0.0,0.0,-0.20292330232726022,0.0,0.0,-2.1208253267819535,-0.20292330232726022,0.035544269722185995
31.68,0.0,0.0,0.0,-0.039044617835302366,0.0,0.0,0.0,0.0,0.0,-0.20009699018510801,0.0,0.0,-2.237091814664046,-0.20009699018510801,0.03550379903354109
31.69,0.0,0.0,0.0,-0.041045587737153444,0.0,0.0,0.0,0.0,0.0,-0.1971330492620547,0.0,0.0,-2.351738944972819,-0.1971330492620547,0.03546549830516115
31.7,0.0,0.0,0.0,-0.04301691822977399,0.0,0.0,0.0,0.0,0.0,-0.1940336499781488,0.0,0.0,-2.4646878622254222,-0.1940336499781488,0.035429423598351564
31.71,0.0,0.0,0.0,-0.04495725472955548,0.0,0.0,0.0,0.0,0.0,-0.1908010505879525,0.0,0.0,-2.575860954498088,-0.1908010505879525,0.03539562303794487
31.720000000000002,0.0,0.0,0.0,-0.04686526523543501,0.0,0.0,0.0,0.0,0.0,-0.18743759533056045,0.0,0.0,-2.6851819037516065,-0.18743759533056045,0.03536413673301225
31.73,0.0,0.0,0.0,-0.048739641188740614,0.0,0.0,0.0,0.0,0.0,-0.18394571253983794,0.0,0.0,-2.7925757350968277,-0.18394571253983794,0.03533499673418368
31.740000000000002,0.0,0.0,0.0,-0.050579098314138995,0.0,0.0,0.0,0.0,0.0,-0.18032791271704668,0.0,0.0,-2.897968864977422,-0.18032791271704668,0.03530822702740619
31.75,0.0,0.0,0.0,-0.05238237744130946,0.0,0.0,0.0,0.0,0.0,-0.17658678656799093,0.0,0.0,-3.001289148248324,-0.17658678656799093,0.03528384356373381
31.76,0.0,0.0,0.0,-0.05414824530698937,0.0,0.0,0.0,0.0,0.0,-0.17272500300677526,0.0,0.0,-3.1024659241295574,-0.17272500300677526,0.03526185432460688
31.77,0.0,0.0,0.0,-0.05587549533705712,0.0,0.0,0.0,0.0,0.0,-0.1687453071282212,0.0,0.0,-3.2014300610162842,-0.1687453071282212,0.035242259421863736
31.78,0.0,0.0,0.0,-0.05756294840833934,0.0,0.0,0.0,0.0,0.0,-0.16465051815094012,0.0,0.0,-3.2981140001271436,-0.16465051815094012,0.03522505123157301
31.79,0.0,0.0,0.0,-0.05920945358984874,0.0,0.0,0.0,0.0,0.0,-0.16044352733300776,0.0,0.0,-3.3924517979740543,-0.16044352733300776,0.03521021456061192
31.8,0.0,0.0,0.0,-0.06081388886317882,0.0,0.0,0.0,0.0,0.0,-0.15612729586212884,0.0,0.0,-3.484379167637786,-0.15612729586212884,0.03519772684474241
31.810000000000002,0.0,0.0,0.0,-0.062375161821800106,0.0,0.0,0.0,0.0,0.0,-0.15170485272212134,0.0,0.0,-3.573833518834689,-0.15170485272212134,0.035187558376805934
31.82,0.0,0.0,0.0,-0.06389221034902132,0.0,0.0,0.0,0.0,0.0,-0.14717929253748724,0.0,0.0,-3.660753996761002,-0.14717929253748724,0.03517967256351144
31.830000000000002,0.0,0.0,0.0,-0.06536400327439619,0.0,0.0,0.0,0.0,0.0,-0.14255377339777217,0.0,0.0,-3.745081519702195,-0.14255377339777217,0.03517402620914933
31.84,0.0,0.0,0.0,-0.0667895410083739,0.0,0.0,0.0,0.0,0.0,-0.13783151466334892,0.0,0.0,-3.8267588153957615,-0.13783151466334892,0.0351705698244653
31.85,0.0,0.0,0.0,-0.0681678561550074,0.0,0.0,0.0,0.0,0.0,-0.1330157947541908,0.0,0.0,-3.9057304561368156,-0.1330157947541908,0.035169247958808415
31.86,0.0,0.0,0.0,-0.0694980141025493,0.0,0.0,0.0,0.0,0.0,-0.12810994892313093,0.0,0.0,-3.9819428926167504,-0.12810994892313093,0.035169999553569316
31.87,0.0,0.0,0.0,-0.07077911359178062,0.0,0.0,0.0,0.0,0.0,-0.12311736701503084,0.0,0.0,-4.05534448648607,-0.12311736701503084,0.03517275831483412
31.88,0.0,0.0,0.0,-0.07201028726193093,0.0,0.0,0.0,0.0,0.0,-0.11804149121321016,0.0,0.0,-4.125885541633315,-0.11804149121321016,0.03517745310312971
31.89,0.0,0.0,0.0,-0.07319070217406302,0.0,0.0,0.0,0.0,0.0,-0.11288581377441523,0.0,0.0,-4.19351833417279,-0.11288581377441523,0.03518400833805069
31.900000000000002,0.0,0.0,0.0,-0.07431956031180717,0.0,0.0,0.0,0.0,0.0,-0.10765387475353179,0.0,0.0,-4.258197141134527,-0.10765387475353179,0.0351923444155112
31.91,0.0,0.0,0.0,-0.07539609905934248,0.0,0.0,0.0,0.0,0.0,-0.10234925971917337,0.0,0.0,-4.3198782678506005,-0.10234925971917337,0.03520237813534946
31.92,0.0,0.0,0.0,-0.07641959165653421,0.0,0.0,0.0,0.0,0.0,-0.09697559746120457,0.0,0.0,-4.378520074032569,-0.09697559746120457,0.03521402313697762
31.93,0.0,0.0,0.0,-0.07738934763114626,0.0,0.0,0.0,0.0,0.0,-0.09153655769118656,0.0,0.0,-4.434082998535436,-0.09153655769118656,0.03522719034074666
31.94,0.0,0.0,0.0,-0.07830471320805812,0.0,0.0,0.0,0.0,0.0,-0.08603584873666134,0.0,0.0,-4.486529582804043,-0.08603584873666134,0.03524178839271988
31.95,0.0,0.0,0.0,-0.07916507169542474,0.0,0.0,0.0,0.0,0.0,-0.08047721523012248,0.0,0.0,-4.53582449299841,-0.08047721523012248,0.035257724110556075
31.96,0.0,0.0,0.0,-0.07996984384772596,0.0,0.0,0.0,0.0,0.0,-0.07486443579345205,0.0,0.0,-4.581934540794929,-0.07486443579345205,0.035274902928223044
31.970000000000002,0.0,0.0,0.0,-0.08071848820566048,0.0,0.0,0.0,0.0,0.0,-0.0692013207185388,0.0,0.0,-4.624828702860859,-0.0692013207185388,0.03529322933731293
31.98,0.0,0.0,0.0,-0.08141050141284586,0.0,0.0,0.0,0.0,0.0,-0.06349170964472922,0.0,0.0,-4.664478138999893,-0.06349170964472922,0.03531260732276316
31.990000000000002,0.0,0.0,0.0,-0.08204541850929316,0.0,0.0,0.0,0.0,0.0,-0.05773946923370299,0.0,0.0,-4.700856208967024,-0.05773946923370299,0.03533294079087808
32.0,0.0,0.0,0.0,-0.08262281320163019,0.0,0.0,0.0,0.0,0.0,-0.05194849084230685,0.0,0.0,-4.733938487951191,-0.05194849084230685,0.03535413398758733
32.01,0.0,0.0,0.0,-0.08314229811005326,0.0,0.0,0.0,0.0,0.0,-0.04612268819382681,0.0,0.0,-4.763702780724572,-0.04612268819382681,0.035376091904970604
32.02,0.0,0.0,0.0,-0.08360352499199153,0.0,0.0,0.0,0.0,0.0,-0.040265995048127626,0.0,0.0,-4.790129134457614,-0.040265995048127626,0.03539872067419294
32.03,0.0,0.0,0.0,-0.0840061849424728,0.0,0.0,0.0,0.0,0.0,-0.034382362871041273,0.0,0.0,-4.813199850199138,-0.034382362871041273,0.0354219279430429
32.04,0.0,0.0,0.0,-0.08435000857118322,0.0,0.0,0.0,0.0,0.0,-0.028475758503342795,0.0,0.0,-4.8328994930211175,-0.028475758503342795,0.03544562323644365
32.05,0.0,0.0,0.0,-0.08463476615621664,0.0,0.0,0.0,0.0,0.0,-0.022550161829612378,0.0,0.0,-4.84921490082787,-0.022550161829612378,0.035469718298363734
32.06,0.0,0.0,0.0,-0.08486026777451276,0.0,0.0,0.0,0.0,0.0,-0.01660956344724732,0.0,0.0,-4.8621351918296085,-0.01660956344724732,0.035494127413715
32.07,0.0,0.0,0.0,-0.08502636340898524,0.0,0.0,0.0,0.0,0.0,-0.010657962335856589,0.0,0.0,-4.871651770680429,-0.010657962335856589,0.035518767708938685
32.08,0.0,0.0,0.0,-0.08513294303234381,0.0,0.0,0.0,0.0,0.0,-0.004699363527244174,0.0,0.0,-4.877758333280969,-0.004699363527244174,0.035543559430133216
32.09,0.0,0.0,0.0,-0.08517993666761625,0.0,0.0,0.0,0.0,0.0,0.0012622242238344902,0.0,0.0,-4.880450870246057,0.0012622242238344902,0.035568426197699114
32.1,0.0,0.0,0.0,-0.08516731442537791,0.0,0.0,0.0,0.0,0.0,0.007222783939933247,0.0,0.0,-4.879727669037808,0.007222783939933247,0.035593295167582875
32.11,0.0,0.0,0.0,-0.08509508658597857,0.0,0.0,0.0,0.0,0.0,0.013178096485213498,0.0,0.0,-4.8755893186768775,0.013178096485213498,0.0356180933878334
32.12,0.0,0.0,0.0,-0.08496330562112643,0.0,0.0,0.0,0.0,0.0,0.019123852113124753,0.0,0.0,-4.868038825570688,0.019123852113124753,0.03564274414040395
32.13,0.0,0.0,0.0,-0.08477206709999519,0.0,0.0,0.0,0.0,0.0,0.025055748497144002,0.0,0.0,-4.857081665429544,0.025055748497144002,0.035667167353345984
32.14,0.0,0.0,0.0,-0.08452150961502375,0.0,0.0,0.0,0.0,0.0,0.03096949410917357,0.0,0.0,-4.842725779015268,0.03096949410917357,0.03569127987219424
32.15,0.0,0.0,0.0,-0.08421181467393202,0.0,0.0,0.0,0.0,0.0,0.03686081158778718,0.0,0.0,-4.824981565954159,0.03686081158778718,0.035714995756299335
32.160000000000004,0.0,0.0,0.0,-0.08384320655805415,0.0,0.0,0.0,0.0,0.0,0.04272544109311768,0.0,0.0,-4.803861876620088,0.04272544109311768,0.035738226598873005
32.17,0.0,0.0,0.0,-0.08341595214712297,0.0,0.0,0.0,0.0,0.0,0.048559143645195126,0.0,0.0,-4.779382002095383,0.048559143645195126,0.03576088186931852
32.18,0.0,0.0,0.0,-0.08293036071067102,0.0,0.0,0.0,0.0,0.0,0.05435770444256254,0.0,0.0,-4.751559662218992,0.05435770444256254,0.03578286927631895
32.19,0.0,0.0,0.0,-0.0823867836662454,0.0,0.0,0.0,0.0,0.0,0.06011693615801905,0.0,0.0,-4.720414991733208,0.06011693615801905,0.035804095149930486
32.2,0.0,0.0,0.0,-0.0817856143046652,0.0,0.0,0.0,0.0,0.0,0.06583268220836533,0.0,0.0,-4.685970524542089,0.06583268220836533,0.03582446484084838
32.21,0.0,0.0,0.0,-0.08112728748258155,0.0,0.0,0.0,0.0,0.0,0.07150081999505556,0.0,0.0,-4.648251176096436,0.07150081999505556,0.03584388313484804
32.22,0.0,0.0,0.0,-0.08041227928263099,0.0,0.0,0.0,0.0,0.0,0.07711726411269265,0.0,0.0,-4.607284223922023,0.07711726411269265,0.03586225468028633
32.230000000000004,0.0,0.0,0.0,-0.07964110664150406,0.0,0.0,0.0,0.0,0.0,0.08267796952233925,0.0,0.0,-4.563099286309493,0.08267796952233925,0.03587948442646328
32.24,0.0,0.0,0.0,-0.07881432694628067,0.0,0.0,0.0,0.0,0.0,0.08817893468665661,0.0,0.0,-4.51572829918608,0.08817893468665661,0.03589547807052188
32.25,0.0,0.0,0.0,-0.0779325375994141,0.0,0.0,0.0,0.0,0.0,0.09361620466392649,0.0,0.0,-4.465205491191028,0.09361620466392649,0.035910142510498524
32.26,0.0,0.0,0.0,-0.07699637555277483,0.0,0.0,0.0,0.0,0.0,0.09898587415805735,0.0,0.0,-4.411567356978269,0.09898587415805735,0.03592338630207351
32.27,0.0,0.0,0.0,-0.07600651681119426,0.0,0.0,0.0,0.0,0.0,0.10428409052172635,0.0,0.0,-4.354852628771571,0.10428409052172635,0.03593512011651613
32.28,0.0,0.0,0.0,-0.074963675905977,0.0,0.0,0.0,0.0,0.0,0.10950705670986198,0.0,0.0,-4.295102246199019,0.10950705670986198,0.03594525719727809
32.29,0.0,0.0,0.0,-0.07386860533887837,0.0,0.0,0.0,0.0,0.0,0.11465103418072897,0.0,0.0,-4.232359324435271,0.11465103418072897,0.03595371381267727
32.3,0.0,0.0,0.0,-0.07272209499707108,0.0,0.0,0.0,0.0,0.0,0.11971234574193777,0.0,0.0,-4.166669120681612,0.11971234574193777,0.03596040970211787
32.31,0.0,0.0,0.0,-0.0715249715396517,0.0,0.0,0.0,0.0,0.0,0.12468737833876456,0.0,0.0,-4.098078999015373,0.12468737833876456,0.035965268513273696
32.32,0.0,0.0,0.0,-0.07027809775626406,0.0,0.0,0.0,0.0,0.0,0.12957258578223532,0.0,0.0,-4.026638393641751,0.12957258578223532,0.03596821822774258
32.33,0.0,0.0,0.0,-0.06898237189844171,0.0,0.0,0.0,0.0,0.0,0.1343644914144983,0.0,0.0,-3.9523987705825623,0.1343644914144983,0.03596919157265857
32.34,0.0,0.0,0.0,-0.06763872698429672,0.0,0.0,0.0,0.0,0.0,0.1390596907090832,0.0,0.0,-3.8754135878378366,0.1390596907090832,0.0359681264158791
32.35,0.0,0.0,0.0,-0.0662481300772059,0.0,0.0,0.0,0.0,0.0,0.14365485380372334,0.0,0.0,-3.7957382540575866,0.14365485380372334,0.03596496614236979
32.36,0.0,0.0,0.0,-0.06481158153916866,0.0,0.0,0.0,0.0,0.0,0.14814672796349795,0.0,0.0,-3.713430085762364,0.14814672796349795,0.03595966000956413
32.37,0.0,0.0,0.0,-0.06333011425953368,0.0,0.0,0.0,0.0,0.0,0.1525321399721356,0.0,0.0,-3.6285482631525525,0.1525321399721356,0.03595216347951337
32.38,0.0,0.0,0.0,-0.06180479285981232,0.0,0.0,0.0,0.0,0.0,0.15680799844940776,0.0,0.0,-3.5411537845475314,0.15680799844940776,0.03594243852583656
32.39,0.0,0.0,0.0,-0.060236712875318246,0.0,0.0,0.0,0.0,0.0,0.16097129609263158,0.0,0.0,-3.4513094194970813,0.16097129609263158,0.03593045391353049
32.4,0.0,0.0,0.0,-0.05862699991439193,0.0,0.0,0.0,0.0,0.0,0.1650191118403947,0.0,0.0,-3.3590796606084963,0.1650191118403947,0.035916185449903305
32.410000000000004,0.0,0.0,0.0,-0.05697680879598798,0.0,0.0,0.0,0.0,0.0,0.16894861295671162,0.0,0.0,-3.264530674133977,0.16894861295671162,0.03589961620502322
32.42,0.0,0.0,0.0,-0.05528732266642086,0.0,0.0,0.0,0.0,0.0,0.1727570570339202,0.0,0.0,-3.1677302493638884,0.1727570570339202,0.035880736700230266
32.43,0.0,0.0,0.0,-0.05355975209608166,0.0,0.0,0.0,0.0,0.0,0.17644179391272896,0.0,0.0,-3.0687477468724436,0.17644179391272896,0.035859545063468466
32.44,0.0,0.0,0.0,-0.05179533415695437,0.0,0.0,0.0,0.0,0.0,0.18000026751793097,0.0,0.0,-2.9676540456632794,0.18000026751793097,0.035836047150314326
32.45,0.0,0.0,0.0,-0.04999533148177506,0.0,0.0,0.0,0.0,0.0,0.183430017608406,0.0,0.0,-2.864521489263247,0.183430017608406,0.03581025662984627
32.46,0.0,0.0,0.0,-0.048161031305691,0.0,0.0,0.0,0.0,0.0,0.18672868144014326,0.0,0.0,-2.759423830813527,0.18672868144014326,0.03578219503461923
32.47,0.0,0.0,0.0,-0.04629374449128957,0.0,0.0,0.0,0.0,0.0,0.1898939953411273,0.0,0.0,-2.6524361772078966,0.1898939953411273,0.0357518917742477
32.480000000000004,0.0,0.0,0.0,-0.044394804537878294,0.0,0.0,0.0,0.0,0.0,0.19292379619704328,0.0,0.0,-2.5436349323286613,0.19292379619704328,0.0357193841123072
32.49,0.0,0.0,0.0,-0.04246556657590786,0.0,0.0,0.0,0.0,0.0,0.19581602284687266,0.0,0.0,-2.433097739431335,0.19581602284687266,0.03568471710643163
32.5,0.0,0.0,0.0,-0.040507406347439136,0.0,0.0,0.0,0.0,0.0,0.19856871738756682,0.0,0.0,-2.320903422729704,0.19856871738756682,0.03564794351173042
32.51,0.0,0.0,0.0,-0.038521719173563465,0.0,0.0,0.0,0.0,0.0,0.20118002638710317,0.0,0.0,-2.207131928233368,0.20118002638710317,0.03560912364782355
32.52,0.0,0.0,0.0,-0.036509918909692435,0.0,0.0,0.0,0.0,0.0,0.20364820200534775,0.0,0.0,-2.0918642638902525,0.20364820200534775,0.035568325230012604
32.53,0.0,0.0,0.0,-0.034473436889638956,0.0,0.0,0.0,0.0,0.0,0.20597160302226683,0.0,0.0,-1.9751824390869122,0.20597160302226683,0.03552562316529443
32.54,0.0,0.0,0.0,-0.03241372085941629,0.0,0.0,0.0,0.0,0.0,0.20814869577315023,0.0,0.0,-1.8571694035597128,0.20814869577315023,0.03548109931412077
32.55,0.0,0.0,0.0,-0.030332233901684786,0.0,0.0,0.0,0.0,0.0,0.2101780549906291,0.0,0.0,-1.7379089857701722,0.2101780549906291,0.03543484221901029
32.56,0.0,0.0,0.0,-0.028230453351778494,0.0,0.0,0.0,0.0,0.0,0.21205836455339105,0.0,0.0,-1.6174858307978563,0.21205836455339105,0.03538694680127174
32.57,0.0,0.0,0.0,-0.026109869706244584,0.0,0.0,0.0,0.0,0.0,0.21378841814161484,0.0,0.0,-1.4959853378042973,0.21378841814161484,0.03533751402731219
32.58,0.0,0.0,0.0,-0.023971985524828435,0.0,0.0,0.0,0.0,0.0,0.21536711979926648,0.0,0.0,-1.373493597121371,0.21536711979926648,0.035286650546132454
32.59,0.0,0.0,0.0,-0.021818314326835772,0.0,0.0,0.0,0.0,0.0,0.21679348440351634,0.0,0.0,-1.2500973270175075,0.21679348440351634,0.035234468299804575
32.6,0.0,0.0,0.0,-0.019650379482800608,0.0,0.0,0.0,0.0,0.0,0.21806663804165424,0.0,0.0,-1.1258838101949402,0.21806663804165424,0.03518108410883092
32.61,0.0,0.0,0.0,-0.017469713102384064,0.0,0.0,0.0,0.0,0.0,0.21918581829599504,0.0,0.0,-1.0009408300710028,0.21918581829599504,0.03512661923446029
32.62,0.0,0.0,0.0,-0.015277854919424114,0.0,0.0,0.0,0.0,0.0,0.22015037443738086,0.0,0.0,-0.8753566068961841,0.22015037443738086,0.035071198920135056
32.63,0.0,0.0,0.0,-0.013076351175050304,0.0,0.0,0.0,0.0,0.0,0.22095976752799826,0.0,0.0,-0.7492197337613171,0.22095976752799826,0.03501495191435321
32.64,0.0,0.0,0.0,-0.010866753499770322,0.0,0.0,0.0,0.0,0.0,0.2216135704343377,0.0,0.0,-0.6226191125458561,0.2216135704343377,0.03495800997733403
32.65,0.0,0.0,0.0,-0.008650617795426946,0.0,0.0,0.0,0.0,0.0,0.22211146775122972,0.0,0.0,-0.4956438898587286,0.22211146775122972,0.03490050737395658
32.660000000000004,0.0,0.0,0.0,-0.006429503117914648,0.0,0.0,0.0,0.0,0.0,0.2224532556379964,0.0,0.0,-0.368383393022713,0.2224532556379964,0.03484258035549361
32.67,0.0,0.0,0.0,-0.004204970561534684,0.0,0.0,0.0,0.0,0.0,0.22263884156785652,0.0,0.0,-0.24092706615269321,0.22263884156785652,0.03478436663274145
32.68,0.0,0.0,0.0,-0.001978582145856119,0.0,0.0,0.0,0.0,0.0,0.22266824399182159,0.0,0.0,-0.11336440637749347,0.22266824399182159,0.03472600484316145
32.69,0.0,0.0,0.0,0.00024810029406209695,0.0,0.0,0.0,0.0,0.0,0.22254159191841216,0.0,0.0,0.014215099745712794,0.22254159191841216,0.03466763401467821
32.7,0.0,0.0,0.0,0.0024735162132462187,0.0,0.0,0.0,0.0,0.0,0.22225912441061432,0.0,0.0,0.14172203957618967,0.22225912441061432,0.03460939302879311
32.71,0.0,0.0,0.0,0.004696107457352362,0.0,0.0,0.0,0.0,0.0,0.22182119000158151,0.0,0.0,0.2690671374462026,0.22182119000158151,0.03455142008566135
32.72,0.0,0.0,0.0,0.006914319357368177,0.0,0.0,0.0,0.0,0.0,0.22122824603066799,0.0,0.0,0.39616131738280413,0.22122824603066799,0.03449385217375308
32.730000000000004,0.0,0.0,0.0,0.009126601817674856,0.0,0.0,0.0,0.0,0.0,0.2204808579014568,0.0,0.0,0.5229157654491949,0.2204808579014568,0.034436824546682406
32.74,0.0,0.0,0.0,0.011331410396689424,0.0,0.0,0.0,0.0,0.0,0.21957969826351686,0.0,0.0,0.649241991660966,0.21957969826351686,0.034380470209746467
32.75,0.0,0.0,0.0,0.013527207379324594,0.0,0.0,0.0,0.0,0.0,0.21852554611969027,0.0,0.0,0.775051891433522,0.21852554611969027,0.03432491941864978
32.76,0.0,0.0,0.0,0.015712462840521496,0.0,0.0,0.0,0.0,0.0,0.2173192858607731,0.0,0.0,0.9002578065180188,0.2173192858607731,0.03427029919279135
32.77,0.0,0.0,0.0,0.017885655699129227,0.0,0.0,0.0,0.0,0.0,0.21596190622950892,0.0,0.0,1.0247725853842125,0.21596190622950892,0.034216732845427866
32.78,0.0,0.0,0.0,0.020045274761424318,0.0,0.0,0.0,0.0,0.0,0.21445449921586565,0.0,0.0,1.1485096430097215,0.21445449921586565,0.03416433953290599
32.79,0.0,0.0,0.0,0.022189819753582973,0.0,0.0,0.0,0.0,0.0,0.21279825888561144,0.0,0.0,1.2713830200363287,0.21279825888561144,0.034113233825046795
32.8,0.0,0.0,0.0,0.024317802342439087,0.0,0.0,0.0,0.0,0.0,0.21099448014424577,0.0,0.0,1.3933074412551067,0.21099448014424577,0.03406352529864022
32.81,0.0,0.0,0.0,0.026427747143881544,0.0,0.0,0.0,0.0,0.0,0.2090445574383762,0.0,0.0,1.514198373383328,0.2090445574383762,0.03401531815586848
32.82,0.0,0.0,0.0,0.028518192718265306,0.0,0.0,0.0,0.0,0.0,0.2069499833966597,0.0,0.0,1.6339720820973187,0.2069499833966597,0.033968710869341376
32.83,0.0,0.0,0.0,0.030587692552231902,0.0,0.0,0.0,0.0,0.0,0.204712347412451,0.0,0.0,1.7525456882866293,0.204712347412451,0.03392379585526255
32.84,0.0,0.0,0.0,0.032634816026356414,0.0,0.0,0.0,0.0,0.0,0.2023333341703173,0.0,0.0,1.8698372234961225,0.2023333341703173,0.033880659176093966
32.85,0.0,0.0,0.0,0.03465814936805959,0.0,0.0,0.0,0.0,0.0,0.19981472211859105,0.0,0.0,1.9857656845238156,0.19981472211859105,0.033839380273929416
32.86,0.0,0.0,0.0,0.0366562965892455,0.0,0.0,0.0,0.0,0.0,0.19715838189013854,0.0,0.0,2.100251087143562,0.19715838189013854,0.03380003173558562
32.87,0.0,0.0,0.0,0.03862788040814688,0.0,0.0,0.0,0.0,0.0,0.19436627467352205,0.0,0.0,2.213214518922896,0.19436627467352205,0.033762679090288794
32.88,0.0,0.0,0.0,0.0405715431548821,0.0,0.0,0.0,0.0,0.0,0.19144045053672995,0.0,0.0,2.324578191107629,0.19144045053672995,0.033727380640624936
32.89,0.0,0.0,0.0,0.0424859476602494,0.0,0.0,0.0,0.0,0.0,0.18838304670563788,0.0,0.0,2.4342654895460054,0.18838304670563788,0.033694187327247785
32.9,0.0,0.0,0.0,0.044369778127305776,0.0,0.0,0.0,0.0,0.0,0.1851962857993495,0.0,0.0,2.5422010246264946,0.1851962857993495,0.03366314262767589
32.910000000000004,0.0,0.0,0.0,0.04622174098529927,0.0,0.0,0.0,0.0,0.0,0.1818824740245449,0.0,0.0,2.6483106802045073,0.1818824740245449,0.03363428248930105
32.92,0.0,0.0,0.0,0.04804056572554472,0.0,0.0,0.0,0.0,0.0,0.17844399933094005,0.0,0.0,2.75252166149455,0.17844399933094005,0.03360763529658732
32.93,0.0,0.0,0.0,0.04982500571885412,0.0,0.0,0.0,0.0,0.0,0.17488332952992988,0.0,0.0,2.8547625419055316,0.17488332952992988,0.033583221872223776
32.94,0.0,0.0,0.0,0.05157383901415342,0.0,0.0,0.0,0.0,0.0,0.17120301037845495,0.0,0.0,2.954963308798137,0.17120301037845495,0.03356105551184896
32.95,0.0,0.0,0.0,0.053285869117937965,0.0,0.0,0.0,0.0,0.0,0.1674056636300912,0.0,0.0,3.053055408144336,0.1674056636300912,0.0335411420517905
32.96,0.0,0.0,0.0,0.05495992575423888,0.0,0.0,0.0,0.0,0.0,0.16349398505532178,0.0,0.0,3.1489717880702455,0.16349398505532178,0.03352347996907641
32.97,0.0,0.0,0.0,0.0565948656047921,0.0,0.0,0.0,0.0,0.0,0.15947074243290202,0.0,0.0,3.2426469412646948,0.15947074243290202,0.03350806051285958
32.980000000000004,0.0,0.0,0.0,0.05818957302912112,0.0,0.0,0.0,0.0,0.0,0.1553387735141799,0.0,0.0,3.3340169462369253,0.1553387735141799,0.03349486786618746
32.99,0.0,0.0,0.0,0.059742960764262915,0.0,0.0,0.0,0.0,0.0,0.15110098396218097,0.0,0.0,3.423019507407936,0.15110098396218097,0.03348387933695422
33.0,0.0,0.0,0.0,0.061253970603884725,0.0,0.0,0.0,0.0,0.0,0.14676034526721052,0.0,0.0,3.5095939940210052,0.14676034526721052,0.033475065576714334
33.01,0.0,0.0,0.0,0.06272157405655683,0.0,0.0,0.0,0.0,0.0,0.14231989264066797,0.0,0.0,3.5936814778579445,0.14231989264066797,0.03346839082589226
33.02,0.0,0.0,0.0,0.0641447729829635,0.0,0.0,0.0,0.0,0.0,0.13778272288870658,0.0,0.0,3.675224769748597,0.13778272288870658,0.033463813183842
33.03,0.0,0.0,0.0,0.06552260021185057,0.0,0.0,0.0,0.0,0.0,0.1331519922673092,0.0,0.0,3.754168454862031,0.1331519922673092,0.0334612849020615
33.04,0.0,0.0,0.0,0.06685412013452366,0.0,0.0,0.0,0.0,0.0,0.12843091432028614,0.0,0.0,3.830458926768785,0.12843091432028614,0.033460752698794505
33.05,0.0,0.0,0.0,0.06813842927772652,0.0,0.0,0.0,0.0,0.0,0.12362275770163471,0.0,0.0,3.904044420264372,0.12362275770163471,0.03346215809315241
33.06,0.0,0.0,0.0,0.06937465685474287,0.0,0.0,0.0,0.0,0.0,0.11873084398363326,0.0,0.0,3.9748750429450923,0.11873084398363326,0.03346543775681672
33.07,0.0,0.0,0.0,0.0705619652945792,0.0,0.0,0.0,0.0,0.0,0.11375854545197446,0.0,0.0,4.0429028055279765,0.11375854545197446,0.03347052388130918
33.08,0.0,0.0,0.0,0.07169955074909894,0.0,0.0,0.0,0.0,0.0,0.10870928288917404,0.0,0.0,4.108081650907429,0.10870928288917404,0.033477344558772
33.09,0.0,0.0,0.0,0.07278664357799068,0.0,0.0,0.0,0.0,0.0,0.10358652334742319,0.0,0.0,4.170367481941864,0.10358652334742319,0.0334858241741494
33.1,0.0,0.0,0.0,0.07382250881146492,0.0,0.0,0.0,0.0,0.0,0.09839377791198393,0.0,0.0,4.229718187964271,0.09839377791198393,0.03349588380664122
33.11,0.0,0.0,0.0,0.07480644659058476,0.0,0.0,0.0,0.0,0.0,0.09313459945615984,0.0,0.0,4.286093670011313,0.09313459945615984,0.033507441638265585
33.12,0.0,0.0,0.0,0.07573779258514636,0.0,0.0,0.0,0.0,0.0,0.08781258038880671,0.0,0.0,4.339455864766107,0.08781258038880671,0.033520413367370064
33.13,0.0,0.0,0.0,0.07661591838903442,0.0,0.0,0.0,0.0,0.0,0.0824313503952828,0.0,0.0,4.389768767210426,0.0824313503952828,0.03353471262495233
33.14,0.0,0.0,0.0,0.07744023189298725,0.0,0.0,0.0,0.0,0.0,0.07699457417267351,0.0,0.0,4.436998451982563,0.07699457417267351,0.033550251391613564
33.15,0.0,0.0,0.0,0.07821017763471398,0.0,0.0,0.0,0.0,0.0,0.07150594916006298,0.0,0.0,4.481113093437575,0.07150594916006298,0.03356694041306453
33.160000000000004,0.0,0.0,0.0,0.0789252371263146,0.0,0.0,0.0,0.0,0.0,0.06596920326456426,0.0,0.0,4.522082984407061,0.06596920326456426,0.0335846896120964
33.17,0.0,0.0,0.0,0.07958492915896025,0.0,0.0,0.0,0.0,0.0,0.060388092583761904,0.0,0.0,4.559880553656062,0.060388092583761904,0.03360340849498084
33.18,0.0,0.0,0.0,0.08018881008479786,0.0,0.0,0.0,0.0,0.0,0.05476639912516445,0.0,0.0,4.594480382035011,0.05476639912516445,0.033623006550350505
33.19,0.0,0.0,0.0,0.0807364740760495,0.0,0.0,0.0,0.0,0.0,0.049107928523211816,0.0,0.0,4.6258592173250195,0.049107928523211816,0.03364339363864954
33.2,0.0,0.0,0.0,0.08122755336128162,0.0,0.0,0.0,0.0,0.0,0.043416507754332354,0.0,0.0,4.6539959877751205,0.043416507754332354,0.033664480370335426
33.21,0.0,0.0,0.0,0.08166171843882494,0.0,0.0,0.0,0.0,0.0,0.037695982850497606,0.0,0.0,4.678871814330323,0.037695982850497606,0.03368617847111657
33.22,0.0,0.0,0.0,0.08203867826732991,0.0,0.0,0.0,0.0,0.0,0.03195021661167966,0.0,0.0,4.700470021549633,0.03195021661167966,0.033708401132567865
33.230000000000004,0.0,0.0,0.0,0.08235818043344671,0.0,0.0,0.0,0.0,0.0,0.026183086317576102,0.0,0.0,4.718776147213414,0.026183086317576102,0.03373106334660629
33.24,0.0,0.0,0.0,0.08262001129662247,0.0,0.0,0.0,0.0,0.0,0.020398481438931762,0.0,0.0,4.733777950619652,0.020398481438931762,0.0337540822224102
33.25,0.0,0.0,0.0,0.0828239961110118,0.0,0.0,0.0,0.0,0.0,0.014600301348754539,0.0,0.0,4.745465419568919,0.014600301348754539,0.03377737728446588
33.26,0.0,0.0,0.0,0.08296999912449934,0.0,0.0,0.0,0.0,0.0,0.008792453033694556,0.0,0.0,4.7538307760379475,0.008792453033694556,0.033800870750566515
33.27,0.0,0.0,0.0,0.08305792365483629,0.0,0.0,0.0,0.0,0.0,0.00297884880583238,0.0,0.0,4.758868480541925,0.00297884880583238,0.03382448778871958
33.28,0.0,0.0,0.0,0.0830877121428946,0.0,0.0,0.0,0.0,0.0,-0.0028365959848974925,0.0,0.0,4.760575235185742,-0.0028365959848974925,0.033848156752024045
33.29,0.0,0.0,0.0,0.08305934618304563,0.0,0.0,0.0,0.0,0.0,-0.008649930753393275,0.0,0.0,4.758949985404558,-0.008649930753393275,0.03387180897315309
33.3,0.0,0.0,0.0,0.0829728468755117,0.0,0.0,0.0,0.0,0.0,-0.01445698926187216,0.0,0.0,4.75399394015206,-0.01445698926187216,0.03389537413363408
33.31,0.0,0.0,0.0,0.08282827698289297,0.0,0.0,0.0,0.0,0.0,-0.02025357207953119,0.0,0.0,4.745710695460347,-0.02025357207953119,0.03391877848946995
33.32,0.0,0.0,0.0,0.08262574126209765,0.0,0.0,0.0,0.0,0.0,-0.026035487903524116,0.0,0.0,4.734106253458135,-0.026035487903524116,0.033941945261171245
33.33,0.0,0.0,0.0,0.08236538638306241,0.0,0.0,0.0,0.0,0.0,-0.03179855684277557,0.0,0.0,4.719189017713777,-0.03179855684277557,0.03396479489671909
33.34,0.0,0.0,0.0,0.08204740081463466,0.0,0.0,0.0,0.0,0.0,-0.0375386136910951,0.0,0.0,4.700969786696798,-0.0375386136910951,0.0339872453573088
33.35,0.0,0.0,0.0,0.08167201467772371,0.0,0.0,0.0,0.0,0.0,-0.04325151118648541,0.0,0.0,4.679461745364081,-0.04325151118648541,0.034009212424697725
33.36,0.0,0.0,0.0,0.08123949956585885,0.0,0.0,0.0,0.0,0.0,-0.048933123253554936,0.0,0.0,4.654680454878596,-0.048933123253554936,0.03403061002877277
33.37,0.0,0.0,0.0,0.0807501683333233,0.0,0.0,0.0,0.0,0.0,-0.05457934822596415,0.0,0.0,4.626643840470374,-0.05457934822596415,0.03405135059385248
33.38,0.0,0.0,0.0,0.08020437485106366,0.0,0.0,0.0,0.0,0.0,-0.06018611204585732,0.0,0.0,4.595372177451148,-0.06018611204585732,0.034071345402082225
33.39,0.0,0.0,0.0,0.07960251373060509,0.0,0.0,0.0,0.0,0.0,-0.06574937143725748,0.0,0.0,4.560888075395858,-0.06574937143725748,0.034090504972140716
33.4,0.0,0.0,0.0,0.07894502001623252,0.0,0.0,0.0,0.0,0.0,-0.07126511705043165,0.0,0.0,4.523216460505929,-0.07126511705043165,0.03410873945139135
33.410000000000004,0.0,0.0,0.0,0.0782323688457282,0.0,0.0,0.0,0.0,0.0,-0.07672937657426579,0.0,0.0,4.482384556170974,-0.07672937657426579,0.03412595901946208
33.42,0.0,0.0,0.0,0.07746507507998555,0.0,0.0,0.0,0.0,0.0,-0.08213821781372536,0.0,0.0,4.43842186174722,-0.08213821781372536,0.034142074301181616
33.43,0.0,0.0,0.0,0.0766436929018483,0.0,0.0,0.0,0.0,0.0,-0.08748775172951642,0.0,0.0,4.391360129572693,-0.08748775172951642,0.03415699678668931
33.44,0.0,0.0,0.0,0.07576881538455314,0.0,0.0,0.0,0.0,0.0,-0.09277413543710515,0.0,0.0,4.341233340240796,-0.09277413543710515,0.034170639256472034
33.45,0.0,0.0,0.0,0.07484107403018209,0.0,0.0,0.0,0.0,0.0,-0.0979935751623,0.0,0.0,4.288077676155584,-0.0979935751623,0.03418291620903802
33.46,0.0,0.0,0.0,0.07386113827855909,0.0,0.0,0.0,0.0,0.0,-0.10314232915065008,0.0,0.0,4.231931493393606,-0.10314232915065008,0.03419374428887926
33.47,0.0,0.0,0.0,0.07282971498705258,0.0,0.0,0.0,0.0,0.0,-0.10821671052796636,0.0,0.0,4.172835291898792,-0.10821671052796636,0.03420304271234694
33.480000000000004,0.0,0.0,0.0,0.07174754788177291,0.0,0.0,0.0,0.0,0.0,-0.11321309010932892,0.0,0.0,4.110831684038377,-0.11321309010932892,0.03421073368906664
33.49,0.0,0.0,0.0,0.07061541698067962,0.0,0.0,0.0,0.0,0.0,-0.11812789915400278,0.0,0.0,4.045965361549389,-0.11812789915400278,0.03421674283650426
33.5,0.0,0.0,0.0,0.0694341379891396,0.0,0.0,0.0,0.0,0.0,-0.1229576320637482,0.0,0.0,3.9782830609066755,-0.1229576320637482,0.03422099958530435
33.51,0.0,0.0,0.0,0.06820456166850211,0.0,0.0,0.0,0.0,0.0,-0.1276988490220777,0.0,0.0,3.9078335271449234,-0.1276988490220777,0.03422343757309605
33.52,0.0,0.0,0.0,0.06692757317828134,0.0,0.0,0.0,0.0,0.0,-0.13234817857208167,0.0,0.0,3.83466747616849,-0.13234817857208167,0.03422399502443481
33.53,0.0,0.0,0.0,0.06560409139256052,0.0,0.0,0.0,0.0,0.0,-0.13690232013051756,0.0,0.0,3.758837555584249,-0.13690232013051756,0.03422261511468086
33.54,0.0,0.0,0.0,0.06423506819125534,0.0,0.0,0.0,0.0,0.0,-0.14135804643593355,0.0,0.0,3.6803983040939734,-0.14135804643593355,0.0342192463156482
33.55,0.0,0.0,0.0,0.062821487726896,0.0,0.0,0.0,0.0,0.0,-0.14571220592867737,0.0,0.0,3.59940610948404,-0.14571220592867737,0.034213842720943216
33.56,0.0,0.0,0.0,0.06136436566760922,0.0,0.0,0.0,0.0,0.0,-0.1499617250607229,0.0,0.0,3.5159191652514967,-0.1499617250607229,0.03420636434904119
33.57,0.0,0.0,0.0,0.05986474841700199,0.0,0.0,0.0,0.0,0.0,-0.15410361053333319,0.0,0.0,3.42999742590669,-0.15410361053333319,0.034196777422234786
33.58,0.0,0.0,0.0,0.058323712311668656,0.0,0.0,0.0,0.0,0.0,-0.15813495146066664,0.0,0.0,3.341702560993812,-0.15813495146066664,0.034185054619719046
33.59,0.0,0.0,0.0,0.05674236279706199,0.0,0.0,0.0,0.0,0.0,-0.16205292145752423,0.0,0.0,3.251097907871789,-0.16205292145752423,0.03417117530323405
33.6,0.0,0.0,0.0,0.05512183358248675,0.0,0.0,0.0,0.0,0.0,-0.16585478064953044,0.0,0.0,3.1582484232989776,-0.16585478064953044,0.03415512571379248
33.61,0.0,0.0,0.0,0.053463285775991444,0.0,0.0,0.0,0.0,0.0,-0.16953787760413622,0.0,0.0,3.0632206338661163,-0.16953787760413622,0.03413689913821576
33.62,0.0,0.0,0.0,0.051767906999950083,0.0,0.0,0.0,0.0,0.0,-0.17309965118093254,0.0,0.0,2.966082585322891,-0.17309965118093254,0.03411649604434333
33.63,0.0,0.0,0.0,0.05003691048814076,0.0,0.0,0.0,0.0,0.0,-0.17653763229986388,0.0,0.0,2.8669037908443493,-0.17653763229986388,0.03409392418394391
33.64,0.0,0.0,0.0,0.04827153416514212,0.0,0.0,0.0,0.0,0.0,-0.17984944562603514,0.0,0.0,2.7657551782842034,-0.17984944562603514,0.03406919866255869
33.65,0.0,0.0,0.0,0.046473039708881766,0.0,0.0,0.0,0.0,0.0,-0.1830328111699113,0.0,0.0,2.662709036462809,-0.1830328111699113,0.03404234197566647
33.660000000000004,0.0,0.0,0.0,0.04464271159718265,0.0,0.0,0.0,0.0,0.0,-0.18608554580181708,0.0,0.0,2.5578389605383003,-0.18608554580181708,0.03401338401075017
33.67,0.0,0.0,0.0,0.04278185613916448,0.0,0.0,0.0,0.0,0.0,-0.1890055646797526,0.0,0.0,2.4512197965099753,-0.1890055646797526,0.033982362015049616
33.68,0.0,0.0,0.0,0.04089180049236695,0.0,0.0,0.0,0.0,0.0,-0.1917908825896531,0.0,0.0,2.342927584903608,-0.1917908825896531,0.03394932052895135
33.69,0.0,0.0,0.0,0.03897389166647042,0.0,0.0,0.0,0.0,0.0,-0.19443961519733172,0.0,0.0,2.2330395036888455,-0.19443961519733172,0.0339143112851608
33.7,0.0,0.0,0.0,0.0370294955144971,0.0,0.0,0.0,0.0,0.0,-0.19694998021145893,0.0,0.0,2.1216338104792967,-0.19694998021145893,0.0338773930740252
33.71,0.0,0.0,0.0,0.03505999571238251,0.0,0.0,0.0,0.0,0.0,-0.1993202984570454,0.0,0.0,2.00878978406628,-0.1993202984570454,0.0338386315754991
33.72,0.0,0.0,0.0,0.03306679272781206,0.0,0.0,0.0,0.0,0.0,-0.2015489948590104,0.0,0.0,1.8945876653375138,-0.2015489948590104,0.033798099158501925
33.730000000000004,0.0,0.0,0.0,0.031051302779221954,0.0,0.0,0.0,0.0,0.0,-0.20363459933553257,0.0,0.0,1.7791085976322614,-0.20363459933553257,0.03375587464853119
33.74,0.0,0.0,0.0,0.029014956785866627,0.0,0.0,0.0,0.0,0.0,-0.20557574760099592,0.0,0.0,1.662434566584626,-0.20557574760099592,0.03371204306462444
33.75,0.0,0.0,0.0,0.026959199309856668,0.0,0.0,0.0,0.0,0.0,-0.20737118187845793,0.0,0.0,1.5446483395067887,-0.20737118187845793,0.03366669532688926
33.76,0.0,0.0,0.0,0.024885487491072087,0.0,0.0,0.0,0.0,0.0,-0.2090197515216824,0.0,0.0,1.4258334043640346,-0.2090197515216824,0.033619927936008445
33.77,0.0,0.0,0.0,0.022795289975855264,0.0,0.0,0.0,0.0,0.0,-0.21052041354689294,0.0,0.0,1.306073908393379,-0.21052041354689294,0.03357184262626487
33.78,0.0,0.0,0.0,0.020690085840386334,0.0,0.0,0.0,0.0,0.0,-0.21187223307451664,0.0,0.0,1.185454596417522,-0.21187223307451664,0.03352254599378976
33.79,0.0,0.0,0.0,0.018571363509641167,0.0,0.0,0.0,0.0,0.0,-0.21307438368129902,0.0,0.0,1.064060748905703,-0.21307438368129902,0.03347214910185096
33.8,0.0,0.0,0.0,0.016440619672828175,0.0,0.0,0.0,0.0,0.0,-0.21412614766328178,0.0,0.0,0.9419781198328068,-0.21412614766328178,0.033420767065139516
33.81,0.0,0.0,0.0,0.014299358196195357,0.0,0.0,0.0,0.0,0.0,-0.2150269162102435,0.0,0.0,0.8192928743877957,-0.2150269162102435,0.033368518615107916
33.82,0.0,0.0,0.0,0.012149089034092921,0.0,0.0,0.0,0.0,0.0,-0.21577618949231014,0.0,0.0,0.6960915265821943,-0.21577618949231014,0.03331552564852328
33.83,0.0,0.0,0.0,0.00999132713916982,0.0,0.0,0.0,0.0,0.0,-0.21637357665954596,0.0,0.0,0.5724608768089495,-0.21637357665954596,0.033261912761486156
33.84,0.0,0.0,0.0,0.007827591372574359,0.0,0.0,0.0,0.0,0.0,-0.2168187957554378,0.0,0.0,0.44848794940152586,-0.2168187957554378,0.03320780677122154
33.85,0.0,0.0,0.0,0.0056594034150199805,0.0,0.0,0.0,0.0,0.0,-0.21711167354528393,0.0,0.0,0.32425993024256994,-0.21711167354528393,0.03315333622803246
33.86,0.0,0.0,0.0,0.003488286679567141,0.0,0.0,0.0,0.0,0.0,-0.21725214526059458,0.0,0.0,0.19986410447090097,-0.21725214526059458,0.03309863091982894
33.87,0.0,0.0,0.0,0.001315765226961195,0.0,0.0,0.0,0.0,0.0,-0.21724025426070365,0.0,0.0,0.07538779433494935,-0.21724025426070365,0.03304382137169281
33.88,0.0,0.0,0.0,-0.0008566373156458414,0.0,0.0,0.0,0.0,0.0,-0.21707615161287988,0.0,0.0,-0.04908170275992284,-0.21707615161287988,0.03298903834296176
33.89,0.0,0.0,0.0,-0.00302739883177464,0.0,0.0,0.0,0.0,0.0,-0.21676009559231066,0.0,0.0,-0.17345717596352278,-0.21676009559231066,0.03293441232427959
33.9,0.0,0.0,0.0,-0.005194999787697747,0.0,0.0,0.0,0.0,0.0,-0.2162924511034127,0.0,0.0,-0.2976515624064396,-0.2162924511034127,0.03288007303711725
33.910000000000004,0.0,0.0,0.0,-0.007357924298731874,0.0,0.0,0.0,0.0,0.0,-0.21567368902400033,0.0,0.0,-0.42157800829409237,-0.21567368902400033,0.032826148938176924
33.92,0.0,0.0,0.0,-0.009514661188971877,0.0,0.0,0.0,0.0,0.0,-0.21490438547391497,0.0,0.0,-0.5451499296250144,-0.21490438547391497,0.03277276673109878
33.93,0.0,0.0,0.0,-0.011663705043711028,0.0,0.0,0.0,0.0,0.0,-0.21398522100978604,0.0,0.0,-0.6682810724900933,-0.21398522100978604,0.03272005088782304
33.94,0.0,0.0,0.0,-0.013803557253808888,0.0,0.0,0.0,0.0,0.0,-0.21291697974765803,0.0,0.0,-0.7908855729104421,-0.21291697974765803,0.03266812318188603
33.95,0.0,0.0,0.0,-0.01593272705128547,0.0,0.0,0.0,0.0,0.0,-0.21170054841527502,0.0,0.0,-0.9128780161725746,-0.21170054841527502,0.032617102235884245
33.96,0.0,0.0,0.0,-0.01804973253543822,0.0,0.0,0.0,0.0,0.0,-0.21033691533586796,0.0,0.0,-1.0341734956205766,-0.21033691533586796,0.03256710308521899
33.97,0.0,0.0,0.0,-0.0201531016887969,0.0,0.0,0.0,0.0,0.0,-0.20882716934533765,0.0,0.0,-1.1546876708660343,-0.20882716934533765,0.03251823676014647
33.980000000000004,0.0,0.0,0.0,-0.02224137338225028,0.0,0.0,0.0,0.0,0.0,-0.20717249864476928,0.0,0.0,-1.27433682537755,-0.20717249864476928,0.03247060988806207
33.99,0.0,0.0,0.0,-0.02431309836869797,0.0,0.0,0.0,0.0,0.0,-0.20537418959025133,0.0,0.0,-1.3930379234128003,-0.20537418959025133,0.03242432431781961
34.0,0.0,0.0,0.0,-0.026366840264600483,0.0,0.0,0.0,0.0,0.0,-0.20343362542200474,0.0,0.0,-1.5107086662572105,-0.20343362542200474,0.03237947676773306
34.01,0.0,0.0,0.0,-0.028401176518820532,0.0,0.0,0.0,0.0,0.0,-0.20135228493485377,0.0,0.0,-1.6272675477344722,-0.20135228493485377,0.032336158498834734
34.02,0.0,0.0,0.0,-0.030414699368169068,0.0,0.0,0.0,0.0,0.0,-0.1991317410920927,0.0,0.0,-1.7426339089552991,-0.1991317410920927,0.0322944550147392
34.03,0.0,0.0,0.0,-0.03240601677909,0.0,0.0,0.0,0.0,0.0,-0.19677365958481757,0.0,0.0,-1.8567279922719866,-0.19677365958481757,0.03225444578938746
34.04,0.0,0.0,0.0,-0.03437375337493817,0.0,0.0,0.0,0.0,0.0,-0.19427979733880368,0.0,0.0,-1.9694709944075268,-0.19427979733880368,0.032216204023739224
34.05,0.0,0.0,0.0,-0.03631655134832621,0.0,0.0,0.0,0.0,0.0,-0.1916520009710143,0.0,0.0,-2.080785118729231,-0.1916520009710143,0.03217979643234319
34.06,0.0,0.0,0.0,-0.03823307135803635,0.0,0.0,0.0,0.0,0.0,-0.18889220519782707,0.0,0.0,-2.1905936266379937,-0.18889220519782707,0.03214528306055843
34.07,0.0,0.0,0.0,-0.04012199341001462,0.0,0.0,0.0,0.0,0.0,-0.18600243119705917,0.0,0.0,-2.29882088804554,-0.18600243119705917,0.03211271713300266
34.08,0.0,0.0,0.0,-0.04198201772198521,0.0,0.0,0.0,0.0,0.0,-0.18298478492586312,0.0,0.0,-2.4053924309131793,-0.18298478492586312,0.032082144933678385
34.09,0.0,0.0,0.0,-0.04381186557124384,0.0,0.0,0.0,0.0,0.0,-0.17984145539654958,0.0,0.0,-2.5102349898267895,-0.17984145539654958,0.0320536057180275
34.1,0.0,0.0,0.0,-0.04561028012520934,0.0,0.0,0.0,0.0,0.0,-0.17657471291237498,0.0,0.0,-2.613276553583915,-0.17657471291237498,0.032027131657010405
34.11,0.0,0.0,0.0,-0.04737602725433309,0.0,0.0,0.0,0.0,0.0,-0.17318690726530714,0.0,0.0,-2.7144464117700475,-0.17318690726530714,0.032002747813124226
34.12,0.0,0.0,0.0,-0.04910789632698616,0.0,0.0,0.0,0.0,0.0,-0.1696804658977543,0.0,0.0,-2.813675200302304,-0.1696804658977543,0.031980472148153416
34.13,0.0,0.0,0.0,-0.0508047009859637,0.0,0.0,0.0,0.0,0.0,-0.16605789203020987,0.0,0.0,-2.910894945919852,-0.16605789203020987,0.031960315562208366
34.14,0.0,0.0,0.0,-0.0524652799062658,0.0,0.0,0.0,0.0,0.0,-0.16232176275672938,0.0,0.0,-3.006039109601554,-0.16232176275672938,0.03194228196353895
34.15,0.0,0.0,0.0,-0.054088497533833095,0.0,0.0,0.0,0.0,0.0,-0.1584747271101151,0.0,0.0,-3.099042628892398,-0.1584747271101151,0.03192636836838135
34.160000000000004,0.0,0.0,0.0,-0.05567324480493425,0.0,0.0,0.0,0.0,0.0,-0.15451950409864082,0.0,0.0,-3.1898419591213685,-0.15451950409864082,0.03191256502999626
34.17,0.0,0.0,0.0,-0.057218439845920656,0.0,0.0,0.0,0.0,0.0,-0.15045888071610183,0.0,0.0,-3.278375113494434,-0.15045888071610183,0.03190085559589454
34.18,0.0,0.0,0.0,-0.058723028653081676,0.0,0.0,0.0,0.0,0.0,-0.14629570992692523,0.0,0.0,-3.364581702047383,-0.14629570992692523,0.03189121729212549
34.19,0.0,0.0,0.0,-0.06018598575235093,0.0,0.0,0.0,0.0,0.0,-0.14203290862802315,0.0,0.0,-3.448402969444213,-0.14203290862802315,0.031883621133352726
34.2,0.0,0.0,0.0,-0.06160631483863116,0.0,0.0,0.0,0.0,0.0,-0.13767345558901609,0.0,0.0,-3.5297818316077425,-0.13767345558901609,0.03187803215736179
34.21,0.0,0.0,0.0,-0.06298304939452132,0.0,0.0,0.0,0.0,0.0,-0.1332203893723964,0.0,0.0,-3.6086629111700663,-0.1332203893723964,0.03187440968249412
34.22,0.0,0.0,0.0,-0.06431525328824528,0.0,0.0,0.0,0.0,0.0,-0.128676806235143,0.0,0.0,-3.6849925717313443,-0.128676806235143,0.03187270758643165
34.230000000000004,0.0,0.0,0.0,-0.0656020213505967,0.0,0.0,0.0,0.0,0.0,-0.12404585801323674,0.0,0.0,-3.7587189509163075,-0.12404585801323674,0.03187287460465324
34.24,0.0,0.0,0.0,-0.06684247993072907,0.0,0.0,0.0,0.0,0.0,-0.11933074999046556,0.0,0.0,-3.8297919922186834,-0.11933074999046556,0.031874854646804784
34.25,0.0,0.0,0.0,-0.06803578743063372,0.0,0.0,0.0,0.0,0.0,-0.11453473875284353,0.0,0.0,-3.8981634756245276,-0.11453473875284353,0.031878587129146985
34.26,0.0,0.0,0.0,-0.06918113481816215,0.0,0.0,0.0,0.0,0.0,-0.10966113002990607,0.0,0.0,-3.9637870470062415,-0.10966113002990607,0.031884007321217656
34.27,0.0,0.0,0.0,-0.07027774611846122,0.0,0.0,0.0,0.0,0.0,-0.10471327652407847,0.0,0.0,-4.026618246279731,-0.10471327652407847,0.03189104670474145
34.28,0.0,0.0,0.0,-0.071324878883702,0.0,0.0,0.0,0.0,0.0,-0.0996945757292514,0.0,0.0,-4.08661453431789,-0.0996945757292514,0.031899633342842654
34.29,0.0,0.0,0.0,-0.07232182464099451,0.0,0.0,0.0,0.0,0.0,-0.09460846773963329,0.0,0.0,-4.143735318614226,-0.09460846773963329,0.031909692257543344
34.300000000000004,0.0,0.0,0.0,-0.07326790931839085,0.0,0.0,0.0,0.0,0.0,-0.0894584330498859,0.0,0.0,-4.197941977691031,-0.0894584330498859,0.03192114581354043
34.31,0.0,0.0,0.0,-0.0741624936488897,0.0,0.0,0.0,0.0,0.0,-0.08424799034748766,0.0,0.0,-4.2491978842471525,-0.08424799034748766,0.03193391410624234
34.32,0.0,0.0,0.0,-0.07500497355236457,0.0,0.0,0.0,0.0,0.0,-0.07898069429820723,0.0,0.0,-4.297468427040852,-0.07898069429820723,0.031947915352045594
34.33,0.0,0.0,0.0,-0.07579478049534664,0.0,0.0,0.0,0.0,0.0,-0.07366013332551101,0.0,0.0,-4.342721031503854,-0.07366013332551101,0.03196306627887099
34.34,0.0,0.0,0.0,-0.07653138182860175,0.0,0.0,0.0,0.0,0.0,-0.06828992738466914,0.0,0.0,-4.384925179083081,-0.06828992738466914,0.03197928251497208
34.35,0.0,0.0,0.0,-0.07721428110244845,0.0,0.0,0.0,0.0,0.0,-0.06287372573226892,0.0,0.0,-4.424052425307045,-0.06287372573226892,0.031996478974100274
34.36,0.0,0.0,0.0,-0.07784301835977114,0.0,0.0,0.0,0.0,0.0,-0.05741520469179042,0.0,0.0,-4.460076416574267,-0.05741520469179042,0.03201457023514146
34.37,0.0,0.0,0.0,-0.07841717040668905,0.0,0.0,0.0,0.0,0.0,-0.05191806541584749,0.0,0.0,-4.49297290566146,-0.05191806541584749,0.0320334709143952
34.38,0.0,0.0,0.0,-0.07893635106084752,0.0,0.0,0.0,0.0,0.0,-0.04638603164564817,0.0,0.0,-4.5227197659495815,-0.04638603164564817,0.032053096028744475
34.39,0.0,0.0,0.0,-0.079400211377304,0.0,0.0,0.0,0.0,0.0,-0.04082284746818299,0.0,0.0,-4.5492970043661405,-0.04082284746818299,0.03207336134802959
34.4,0.0,0.0,0.0,-0.07980843985198584,0.0,0.0,0.0,0.0,0.0,-0.03523227507160607,0.0,0.0,-4.572686773042473,-0.03523227507160607,0.032094183735025615
34.410000000000004,0.0,0.0,0.0,-0.0801607626027019,0.0,0.0,0.0,0.0,0.0,-0.029618092499234677,0.0,0.0,-4.592873379684943,-0.029618092499234677,0.03211548147152738
34.42,0.0,0.0,0.0,-0.08045694352769425,0.0,0.0,0.0,0.0,0.0,-0.023984091402556314,0.0,0.0,-4.609843296659286,-0.023984091402556314,0.03213717456910874
34.43,0.0,0.0,0.0,-0.08069678444171982,0.0,0.0,0.0,0.0,0.0,-0.018334074793599893,0.0,0.0,-4.6235851687875105,-0.018334074793599893,0.03215918506327615
34.44,0.0,0.0,0.0,-0.08088012518965582,0.0,0.0,0.0,0.0,0.0,-0.012671854796998509,0.0,0.0,-4.6340898198570155,-0.012671854796998509,0.032181437289807054
34.45,0.0,0.0,0.0,-0.0810068437376258,0.0,0.0,0.0,0.0,0.0,-0.007001250402046251,0.0,0.0,-4.641350257841721,-0.007001250402046251,0.03220385814219829
34.46,0.0,0.0,0.0,-0.08107685624164626,0.0,0.0,0.0,0.0,0.0,-0.001326085215030322,0.0,0.0,-4.645361678835236,-0.001326085215030322,0.03222637730926774
34.47,0.0,0.0,0.0,-0.08109011709379657,0.0,0.0,0.0,0.0,0.0,0.004349814787897289,0.0,0.0,-4.6461214696961965,0.004349814787897289,0.032248927492072664
34.480000000000004,0.0,0.0,0.0,-0.0810466189459176,0.0,0.0,0.0,0.0,0.0,0.010022542417534433,0.0,0.0,-4.643629209406095,0.010022542417534433,0.032271443461619316
34.49,0.0,0.0,0.0,-0.08094639352174225,0.0,0.0,0.0,0.0,0.0,0.015688005423649315,0.0,0.0,-4.637886715600939,0.015688005423649315,0.03229385732947111
34.5,0.0,0.0,0.0,-0.08078951346750576,0.0,0.0,0.0,0.0,0.0,0.02134210962280223,0.0,0.0,-4.628898150603405,0.02134210962280223,0.032316098182784726
34.51,0.0,0.0,0.0,-0.08057609237127775,0.0,0.0,0.0,0.0,0.0,0.026980769636879634,0.0,0.0,-4.616670022530484,0.026980769636879634,0.03233809236307076
34.52,0.0,0.0,0.0,-0.08030628467490895,0.0,0.0,0.0,0.0,0.0,0.03259991208691585,0.0,0.0,-4.601211180248406,0.03259991208691585,0.03235976372094463
34.53,0.0,0.0,0.0,-0.0799802855540398,0.0,0.0,0.0,0.0,0.0,0.03819547877569387,0.0,0.0,-4.582532806497627,0.03819547877569387,0.032381033891701966
34.54,0.0,0.0,0.0,-0.07959833076628287,0.0,0.0,0.0,0.0,0.0,0.04376342985611551,0.0,0.0,-4.56064840919434,0.04376342985611551,0.03240182259057209
34.550000000000004,0.0,0.0,0.0,-0.07916069646772171,0.0,0.0,0.0,0.0,0.0,0.049299746982347764,0.0,0.0,-4.535573810916618,0.049299746982347764,0.03242204792632496
34.56,0.0,0.0,0.0,-0.07866769899789823,0.0,0.0,0.0,0.0,0.0,0.05480043644077142,0.0,0.0,-4.507327136585104,0.05480043644077142,0.03244162673179286
34.57,0.0,0.0,0.0,-0.07811969463349051,0.0,0.0,0.0,0.0,0.0,0.06026153225778132,0.0,0.0,-4.475928799349793,0.06026153225778132,0.032460474909740376
34.58,0.0,0.0,0.0,-0.0775170793109127,0.0,0.0,0.0,0.0,0.0,0.06567909928151337,0.0,0.0,-4.441401484696169,0.06567909928151337,0.03247850779239014
34.59,0.0,0.0,0.0,-0.07686028831809756,0.0,0.0,0.0,0.0,0.0,0.0710492362346033,0.0,0.0,-4.403770132785655,0.0710492362346033,0.03249564051282028
34.6,0.0,0.0,0.0,-0.07614979595575153,0.0,0.0,0.0,0.0,0.0,0.07636807873511448,0.0,0.0,-4.363061919046947,0.07636807873511448,0.032511788386337566
34.61,0.0,0.0,0.0,-0.07538611516840038,0.0,0.0,0.0,0.0,0.0,0.08163180228280877,0.0,0.0,-4.319306233036499,0.08163180228280877,0.03252686729985653
34.62,0.0,0.0,0.0,-0.0745697971455723,0.0,0.0,0.0,0.0,0.0,0.08683662520797303,0.0,0.0,-4.272534655587986,0.08683662520797303,0.032540794107229806
34.63,0.0,0.0,0.0,-0.07370143089349257,0.0,0.0,0.0,0.0,0.0,0.09197881158005713,0.0,0.0,-4.222780934272224,0.09197881158005713,0.03255348702843983
34.64,0.0,0.0,0.0,-0.072781642777692,0.0,0.0,0.0,0.0,0.0,0.09705467407342508,0.0,0.0,-4.170080957190561,0.09705467407342508,0.03256486605046357
34.65,0.0,0.0,0.0,-0.07181109603695775,0.0,0.0,0.0,0.0,0.0,0.10206057678756986,0.0,0.0,-4.114472725126311,0.10206057678756986,0.03257485332764703
34.660000000000004,0.0,0.0,0.0,-0.07079049026908205,0.0,0.0,0.0,0.0,0.0,0.10699293801919559,0.0,0.0,-4.055996322080325,0.10699293801919559,0.032583373579351795
34.67,0.0,0.0,0.0,-0.06972056088889009,0.0,0.0,0.0,0.0,0.0,0.11184823298362584,0.0,0.0,-3.9946938842182775,0.11184823298362584,0.03259035448266884
34.68,0.0,0.0,0.0,-0.06860207855905383,0.0,0.0,0.0,0.0,0.0,0.11662299648305641,0.0,0.0,-3.9306095672587005,0.11662299648305641,0.032595727057965325
34.69,0.0,0.0,0.0,-0.06743584859422326,0.0,0.0,0.0,0.0,0.0,0.12131382551923266,0.0,0.0,-3.8637895123322186,0.12131382551923266,0.03259942604507748
34.7,0.0,0.0,0.0,-0.06622271033903093,0.0,0.0,0.0,0.0,0.0,0.1259173818481975,0.0,0.0,-3.7942818103438336,0.1259173818481975,0.032601390267976954
34.71,0.0,0.0,0.0,-0.06496353652054895,0.0,0.0,0.0,0.0,0.0,0.13043039447482419,0.0,0.0,-3.722136464871444,0.13043039447482419,0.03260156298579148
34.72,0.0,0.0,0.0,-0.06365923257580071,0.0,0.0,0.0,0.0,0.0,0.13484966208491986,0.0,0.0,-3.647405353635105,0.13484966208491986,0.03259989222812454
34.730000000000004,0.0,0.0,0.0,-0.06231073595495151,0.0,0.0,0.0,0.0,0.0,0.13917205541276118,0.0,0.0,-3.570142188572793,0.13917205541276118,0.03259633111268294
34.74,0.0,0.0,0.0,-0.0609190154008239,0.0,0.0,0.0,0.0,0.0,0.1433945195420002,0.0,0.0,-3.4904024745596725,0.1433945195420002,0.032590838143304324
34.75,0.0,0.0,0.0,-0.0594850702054039,0.0,0.0,0.0,0.0,0.0,0.14751407613796017,0.0,0.0,-3.4082434668090444,0.14751407613796017,0.03258337748659609
34.76,0.0,0.0,0.0,-0.0580099294440243,0.0,0.0,0.0,0.0,0.0,0.1515278256094243,0.0,0.0,-3.3237241269942785,0.1515278256094243,0.03257391922546937
34.77,0.0,0.0,0.0,-0.05649465118793005,0.0,0.0,0.0,0.0,0.0,0.1554329491981066,0.0,0.0,-3.2369050781321347,0.1554329491981066,0.03256243958800257
34.78,0.0,0.0,0.0,-0.054940321695948986,0.0,0.0,0.0,0.0,0.0,0.15922671099408367,0.0,0.0,-3.147848558268906,0.15922671099408367,0.03254892115018915
34.79,0.0,0.0,0.0,-0.05334805458600815,0.0,0.0,0.0,0.0,0.0,0.16290645987555738,0.0,0.0,-3.056618373011803,0.16290645987555738,0.03253335301124169
34.800000000000004,0.0,0.0,0.0,-0.05171898998725258,0.0,0.0,0.0,0.0,0.0,0.16646963137141269,0.0,0.0,-2.963279846948936,0.16646963137141269,0.03251573094031343
34.81,0.0,0.0,0.0,-0.050054293673538454,0.0,0.0,0.0,0.0,0.0,0.1699137494451316,0.0,0.0,-2.867899774002131,0.1699137494451316,0.03249605749361224
34.82,0.0,0.0,0.0,-0.04835515617908714,0.0,0.0,0.0,0.0,0.0,0.17323642819872243,0.0,0.0,-2.770546366757637,0.17323642819872243,0.03247434210105904
34.83,0.0,0.0,0.0,-0.04662279189709991,0.0,0.0,0.0,0.0,0.0,0.17643537349542462,0.0,0.0,-2.6712892048205577,0.17643537349542462,0.03245060112181993
34.84,0.0,0.0,0.0,-0.044858438162145665,0.0,0.0,0.0,0.0,0.0,0.17950838450005213,0.0,0.0,-2.570199182239536,0.17950838450005213,0.03242485786818743
34.85,0.0,0.0,0.0,-0.04306335431714514,0.0,0.0,0.0,0.0,0.0,0.18245335513594205,0.0,0.0,-2.46734845404889,0.18245335513594205,0.03239714259747879
34.86,0.0,0.0,0.0,-0.04123882076578572,0.0,0.0,0.0,0.0,0.0,0.1852682754575817,0.0,0.0,-2.3628103819759794,0.1852682754575817,0.032367492471792506
34.87,0.0,0.0,0.0,-0.0393861380112099,0.0,0.0,0.0,0.0,0.0,0.18795123293809454,0.0,0.0,-2.256659479362113,0.18795123293809454,0.03233595148563091
34.88,0.0,0.0,0.0,-0.037506625681828956,0.0,0.0,0.0,0.0,0.0,0.19050041367087303,0.0,0.0,-2.148971355345783,0.19050041367087303,0.032302570361587415
34.89,0.0,0.0,0.0,-0.03560162154512023,0.0,0.0,0.0,0.0,0.0,0.19291410348475657,0.0,0.0,-2.0398226583574095,0.19291410348475657,0.03226740641446396
34.9,0.0,0.0,0.0,-0.03367248051027266,0.0,0.0,0.0,0.0,0.0,0.19519068897226238,0.0,0.0,-1.9292910189751442,0.19519068897226238,0.03223052338436862
34.910000000000004,0.0,0.0,0.0,-0.03172057362055004,0.0,0.0,0.0,0.0,0.0,0.19732865843048752,0.0,0.0,-1.8174549921915304,0.19732865843048752,0.03219199123949112
34.92,0.0,0.0,0.0,-0.02974728703624516,0.0,0.0,0.0,0.0,0.0,0.19932660271441122,0.0,0.0,-1.7043939991410748,0.19932660271441122,0.03215188594946154
34.93,0.0,0.0,0.0,-0.02775402100910105,0.0,0.0,0.0,0.0,0.0,0.2011832160024372,0.0,0.0,-1.5901882683389084,0.2011832160024372,0.032110289230309084
34.94,0.0,0.0,0.0,-0.025742188849076676,0.0,0.0,0.0,0.0,0.0,0.20289729647412666,0.0,0.0,-1.4749187764808236,0.20289729647412666,0.03206728826223838
34.95,0.0,0.0,0.0,-0.02371321588433541,0.0,0.0,0.0,0.0,0.0,0.204467746900182,0.0,0.0,-1.358667188855003,0.204467746900182,0.03202297538155756
34.96,0.0,0.0,0.0,-0.021668538415333588,0.0,0.0,0.0,0.0,0.0,0.20589357514485082,0.0,0.0,-1.2415157994157076,0.20589357514485082,0.03197744774824944
34.97,0.0,0.0,0.0,-0.01960960266388508,0.0,0.0,0.0,0.0,0.0,0.20717389458102878,0.0,0.0,-1.1235474705691113,0.20717389458102878,0.03193080699080002
34.980000000000004,0.0,0.0,0.0,-0.01753786371807479,0.0,0.0,0.0,0.0,0.0,0.20830792441844534,0.0,0.0,-1.0048455727212995,0.20830792441844534,0.031883158830028124
34.99,0.0,0.0,0.0,-0.015454784473890338,0.0,0.0,0.0,0.0,0.0,0.20929498994542356,0.0,0.0,-0.8854939236382288,0.20929498994542356,0.031834612683757105
35.0,0.0,0.0,0.0,-0.013361834574436102,0.0,0.0,0.0,0.0,0.0,0.2101345226848077,0.0,0.0,-0.7655767276671711,0.2101345226848077,0.03178528125429628
35.01,0.0,0.0,0.0,-0.011260489347588026,0.0,0.0,0.0,0.0,0.0,0.21082606046475458,0.0,0.0,-0.6451785148688157,0.21082606046475458,0.031735280100754416
35.02,0.0,0.0,0.0,-0.00915222874294048,0.0,0.0,0.0,0.0,0.0,0.21136924740518392,0.0,0.0,-0.5243840801088123,0.21136924740518392,0.03168472719831752
35.03,0.0,0.0,0.0,-0.00703853626888864,0.0,0.0,0.0,0.0,0.0,0.2117638338207795,0.0,0.0,-0.40327842215707665,0.2117638338207795,0.03163374248666046
35.04,0.0,0.0,0.0,-0.004920897930680845,0.0,0.0,0.0,0.0,0.0,0.21200967604152743,0.0,0.0,-0.28194668284267277,0.21200967604152743,0.031582447409740026
35.050000000000004,0.0,0.0,0.0,-0.002800801170265571,0.0,0.0,0.0,0.0,0.0,0.2121067361518684,0.0,0.0,-0.1604740863115191,0.2121067361518684,0.031530964449238696
35.06,0.0,0.0,0.0,-0.0006797338087468872,0.0,0.0,0.0,0.0,0.0,0.21205508164962908,0.0,0.0,-0.03894587843354932,0.21205508164962908,0.031479416653953186
35.07,0.0,0.0,0.0,0.0014408170077494036,0.0,0.0,0.0,0.0,0.0,0.21185488502598138,0.0,0.0,0.08255273359470885,0.21185488502598138,0.03142792716745066
35.08,0.0,0.0,0.0,0.0035593658580092176,0.0,0.0,0.0,0.0,0.0,0.2115064232677597,0.0,0.0,0.20393664140688922,0.2115064232677597,0.031376618756309385
35.09,0.0,0.0,0.0,0.005674430090686815,0.0,0.0,0.0,0.0,0.0,0.2110100772835425,0.0,0.0,0.3251208953383915,0.2110100772835425,0.03132561334122876
35.1,0.0,0.0,0.0,0.00778453086352224,0.0,0.0,0.0,0.0,0.0,0.21036633125497725,0.0,0.0,0.44602076396915463,0.21036633125497725,0.03127503153330729
35.11,0.0,0.0,0.0,0.009888194176072012,0.0,0.0,0.0,0.0,0.0,0.20957577191489635,0.0,0.0,0.5665517932947668,0.20957577191489635,0.031224992177712144
35.12,0.0,0.0,0.0,0.011983951895220977,0.0,0.0,0.0,0.0,0.0,0.2086390877538357,0.0,0.0,0.6866298654839661,0.2086390877538357,0.03117561190692358
35.13,0.0,0.0,0.0,0.014070342772759334,0.0,0.0,0.0,0.0,0.0,0.20755706815662656,0.0,0.0,0.8061712571815102,0.20755706815662656,0.031127004705702357
35.14,0.0,0.0,0.0,0.0161459134543256,0.0,0.0,0.0,0.0,0.0,0.20633060247078686,0.0,0.0,0.9250926973163489,0.20633060247078686,0.031079281489798903
35.15,0.0,0.0,0.0,0.018209219479033468,0.0,0.0,0.0,0.0,0.0,0.20496067900848744,0.0,0.0,1.0433114243760253,0.20496067900848744,0.03103254970040793
35.160000000000004,0.0,0.0,0.0,0.020258826269118343,0.0,0.0,0.0,0.0,0.0,0.20344838398391416,0.0,0.0,1.1607452431092447,0.20344838398391416,0.030986912916214013
35.17,0.0,0.0,0.0,0.022293310108957486,0.0,0.0,0.0,0.0,0.0,0.201794900387887,0.0,0.0,1.2773125806195973,0.201794900387887,0.030942470484803263
35.18,0.0,0.0,0.0,0.024311259112836357,0.0,0.0,0.0,0.0,0.0,0.20000150680163223,0.0,0.0,1.3929325418144853,0.20000150680163223,0.03089931717510969
35.19,0.0,0.0,0.0,0.02631127418085268,0.0,0.0,0.0,0.0,0.0,0.1980695761516337,0.0,0.0,1.5075249641743909,0.1980695761516337,0.03085754285241251
35.2,0.0,0.0,0.0,0.028291969942369016,0.0,0.0,0.0,0.0,0.0,0.19600057440751492,0.0,0.0,1.6210104718087275,0.19600057440751492,0.030817232177297614
35.21,0.0,0.0,0.0,0.030251975686444166,0.0,0.0,0.0,0.0,0.0,0.1937960592249225,0.0,0.0,1.733310528765632,0.1937960592249225,0.03077846432986238
35.22,0.0,0.0,0.0,0.03218993627869339,0.0,0.0,0.0,0.0,0.0,0.1914576785353973,0.0,0.0,1.8443474915641862,0.1914576785353973,0.030741312760266027
35.230000000000004,0.0,0.0,0.0,0.03410451306404736,0.0,0.0,0.0,0.0,0.0,0.18898716908522908,0.0,0.0,1.9540446609186932,0.18898716908522908,0.030705844966641107
35.24,0.0,0.0,0.0,0.035994384754899654,0.0,0.0,0.0,0.0,0.0,0.1863863549252949,0.0,0.0,2.062326332625782,0.1863863549252949,0.030672122301171563
35.25,0.0,0.0,0.0,0.0378582483041526,0.0,0.0,0.0,0.0,0.0,0.18365714585388224,0.0,0.0,2.1691178475862505,0.18365714585388224,0.030640199805033973
35.26,0.0,0.0,0.0,0.03969481976269142,0.0,0.0,0.0,0.0,0.0,0.1808015358144923,0.0,0.0,2.2743456409347105,0.1808015358144923,0.030610126072712632
35.27,0.0,0.0,0.0,0.04150283512083634,0.0,0.0,0.0,0.0,0.0,0.17782160125060945,0.0,0.0,2.3779372902512486,0.17782160125060945,0.03058194314606775
35.28,0.0,0.0,0.0,0.043281051133342435,0.0,0.0,0.0,0.0,0.0,0.1747194994194089,0.0,0.0,2.47982156283043,0.1747194994194089,0.030555686438356842
35.29,0.0,0.0,0.0,0.045028246127536524,0.0,0.0,0.0,0.0,0.0,0.1714974666663558,0.0,0.0,2.5799284619841356,0.1714974666663558,0.030531384688265054
35.300000000000004,0.0,0.0,0.0,0.04674322079420008,0.0,0.0,0.0,0.0,0.0,0.16815781666262597,0.0,0.0,2.6781892723558127,0.16815781666262597,0.030509059943843193
35.31,0.0,0.0,0.0,0.04842479896082634,0.0,0.0,0.0,0.0,0.0,0.16470293860725205,0.0,0.0,2.774536604224844,0.16470293860725205,0.030488727576100383
35.32,0.0,0.0,0.0,0.05007182834689886,0.0,0.0,0.0,0.0,0.0,0.16113529539586705,0.0,0.0,2.8689044367808227,0.16113529539586705,0.03047039632183706
35.33,0.0,0.0,0.0,0.051683181300857535,0.0,0.0,0.0,0.0,0.0,0.15745742175788352,0.0,0.0,2.9612281603485924,0.15745742175788352,0.030454068355173437
35.34,0.0,0.0,0.0,0.05325775551843637,0.0,0.0,0.0,0.0,0.0,0.15367192236390798,0.0,0.0,3.0514446175459735,0.15367192236390798,0.03043973938707802
35.35,0.0,0.0,0.0,0.054794474742075445,0.0,0.0,0.0,0.0,0.0,0.14978146990514882,0.0,0.0,3.139492143357113,0.14978146990514882,0.03042739879205876
35.36,0.0,0.0,0.0,0.056292289441126936,0.0,0.0,0.0,0.0,0.0,0.1457888031465317,0.0,0.0,3.225310604105421,0.1457888031465317,0.030417029761065625
35.37,0.0,0.0,0.0,0.05775017747259225,0.0,0.0,0.0,0.0,0.0,0.14169672495518926,0.0,0.0,3.3088414353110194,0.14169672495518926,0.03040860947951684
35.38,0.0,0.0,0.0,0.05916714472214414,0.0,0.0,0.0,0.0,0.0,0.13750810030594202,0.0,0.0,3.390027678418603,0.13750810030594202,0.030402109329236256
35.39,0.0,0.0,0.0,0.06054222572520356,0.0,0.0,0.0,0.0,0.0,0.1332258542653355,0.0,0.0,3.468814016382524,0.1332258542653355,0.030397495113006028
35.4,0.0,0.0,0.0,0.06187448426785692,0.0,0.0,0.0,0.0,0.0,0.12885296995574486,0.0,0.0,3.5451468080968107,0.12885296995574486,0.030394727300318523
35.410000000000004,0.0,0.0,0.0,0.06316301396741436,0.0,0.0,0.0,0.0,0.0,0.12439248650100194,0.0,0.0,3.618974121658712,0.12439248650100194,0.03039376129281802
35.42,0.0,0.0,0.0,0.06440693883242438,0.0,0.0,0.0,0.0,0.0,0.11984749695494393,0.0,0.0,3.690245766455167,0.11984749695494393,0.0303945477078533
35.43,0.0,0.0,0.0,0.06560541380197382,0.0,0.0,0.0,0.0,0.0,0.1152211462142227,0.0,0.0,3.75891332406242,0.1152211462142227,0.030397032678485633
35.44,0.0,0.0,0.0,0.06675762526411605,0.0,0.0,0.0,0.0,0.0,0.11051662891665667,0.0,0.0,3.824930177949767,0.11051662891665667,0.030401158168220317
35.45,0.0,0.0,0.0,0.06786279155328262,0.0,0.0,0.0,0.0,0.0,0.10573718732634606,0.0,0.0,3.8882515419791464,0.10573718732634606,0.030406862298691925
35.46,0.0,0.0,0.0,0.06892016342654608,0.0,0.0,0.0,0.0,0.0,0.10088610920671322,0.0,0.0,3.948834487692985,0.10088610920671322,0.030414079688483357
35.47,0.0,0.0,0.0,0.06992902451861321,0.0,0.0,0.0,0.0,0.0,0.09596672568256952,0.0,0.0,4.00663797038339,0.09596672568256952,0.030422741801235633
35.480000000000004,0.0,0.0,0.0,0.07088869177543891,0.0,0.0,0.0,0.0,0.0,0.09098240909225064,0.0,0.0,4.0616228539364005,0.09098240909225064,0.030432777301154183
35.49,0.0,0.0,0.0,0.07179851586636142,0.0,0.0,0.0,0.0,0.0,0.08593657083080322,0.0,0.0,4.113751934445586,0.08593657083080322,0.030444112414046695
35.5,0.0,0.0,0.0,0.07265788157466946,0.0,0.0,0.0,0.0,0.0,0.08083265918514752,0.0,0.0,4.162989962589908,0.08083265918514752,0.03045667129199041
35.51,0.0,0.0,0.0,0.07346620816652093,0.0,0.0,0.0,0.0,0.0,0.07567415716208366,0.0,0.0,4.209303664771191,0.07567415716208366,0.030470376379749968
35.52,0.0,0.0,0.0,0.07422294973814177,0.0,0.0,0.0,0.0,0.0,0.07046458030995323,0.0,0.0,4.252661763007162,0.07046458030995323,0.03048514878109771
35.53,0.0,0.0,0.0,0.0749275955412413,0.0,0.0,0.0,0.0,0.0,0.06520747453471423,0.0,0.0,4.293034993576372,0.06520747453471423,0.030500908623172146
35.54,0.0,0.0,0.0,0.07557967028658845,0.0,0.0,0.0,0.0,0.0,0.059906413911134826,0.0,0.0,4.330396124411831,0.059906413911134826,0.030517575417114074
35.550000000000004,0.0,0.0,0.0,0.07617873442569979,0.0,0.0,0.0,0.0,0.0,0.05456499848976136,0.0,0.0,4.364719971240549,0.05456499848976136,0.03053506841320147
35.56,0.0,0.0,0.0,0.07672438441059741,0.0,0.0,0.0,0.0,0.0,0.04918685210026849,0.0,0.0,4.39598341246656,0.04918685210026849,0.03055330694880246
35.57,0.0,0.0,0.0,0.07721625293160009,0.0,0.0,0.0,0.0,0.0,0.04377562015175385,0.0,0.0,4.424165402795355,0.04377562015175385,0.03057221078751262
35.58,0.0,0.0,0.0,0.07765400913311762,0.0,0.0,0.0,0.0,0.0,0.03833496743049733,0.0,0.0,4.449246985597989,0.03833496743049733,0.03059170044792
35.59,0.0,0.0,0.0,0.0780373588074226,0.0,0.0,0.0,0.0,0.0,0.0328685758956655,0.0,0.0,4.471211304013378,0.0328685758956655,0.030611697520510007
35.6,0.0,0.0,0.0,0.07836604456637926,0.0,0.0,0.0,0.0,0.0,0.02738014247340516,0.0,0.0,4.490043610787649,0.02738014247340516,0.030632124971336713
35.61,0.0,0.0,0.0,0.07863984599111332,0.0,0.0,0.0,0.0,0.0,0.02187337684973706,0.0,0.0,4.50573127684958,0.02187337684973706,0.030652907431136557
35.62,0.0,0.0,0.0,0.07885857975961069,0.0,0.0,0.0,0.0,0.0,0.016351999262630812,0.0,0.0,4.51826379862147,0.016351999262630812,0.03067397146870932
35.63,0.0,0.0,0.0,0.079022099752237,0.0,0.0,0.0,0.0,0.0,0.010819738293616012,0.0,0.0,4.527632804064968,0.010819738293616012,0.030695245847452094
35.64,0.0,0.0,0.0,0.07913029713517315,0.0,0.0,0.0,0.0,0.0,0.005280328659261878,0.0,0.0,4.533832057461571,0.005280328659261878,0.030716661764070032
35.65,0.0,0.0,0.0,0.07918310042176577,0.0,0.0,0.0,0.0,0.0,-0.00026249099716105315,0.0,0.0,4.536857462927747,-0.00026249099716105315,0.030738153068587477
35.660000000000004,0.0,0.0,0.0,0.07918047551179416,0.0,0.0,0.0,0.0,0.0,-0.005804980018246352,0.0,0.0,4.536707066664772,-0.005804980018246352,0.030759656462505926
35.67,0.0,0.0,0.0,0.0791224257116117,0.0,0.0,0.0,0.0,0.0,-0.011343254701800995,0.0,0.0,4.53338105811274,-0.011343254701800995,0.030781109395403346
35.68,0.0,0.0,0.0,0.07900899316459369,0.0,0.0,0.0,0.0,0.0,-0.016873315066906536,0.0,0.0,4.526881851909188,-0.016873315066906536,0.030802446359827852
35.69,0.0,0.0,0.0,0.07884026001392462,0.0,0.0,0.0,0.0,0.0,-0.022391167469540084,0.0,0.0,4.5172141545119056,-0.022391167469540084,0.030823599140338463
35.7,0.0,0.0,0.0,0.07861634833922922,0.0,0.0,0.0,0.0,0.0,-0.027892827719441977,0.0,0.0,4.504384960568153,-0.027892827719441977,0.030844497040188063
35.71,0.0,0.0,0.0,0.0783374200620348,0.0,0.0,0.0,0.0,0.0,-0.03337432418819955,0.0,0.0,4.4884035474980575,-0.03337432418819955,0.030865067128072195
35.72,0.0,0.0,0.0,0.0780036768201528,0.0,0.0,0.0,0.0,0.0,-0.038831700905615246,0.0,0.0,4.469281468297205,-0.038831700905615246,0.030885234503931748
35.730000000000004,0.0,0.0,0.0,0.07761535981109664,0.0,0.0,0.0,0.0,0.0,-0.044261020641440954,0.0,0.0,4.447032542565144,-0.044261020641440954,0.03090492258268757
35.74,0.0,0.0,0.0,0.07717274960468223,0.0,0.0,0.0,0.0,0.0,-0.04965836796957717,0.0,0.0,4.421672845768184,-0.04965836796957717,0.03092405339462711
35.75,0.0,0.0,0.0,0.07667616592498647,0.0,0.0,0.0,0.0,0.0,-0.05501985231185561,0.0,0.0,4.393220696746541,-0.05501985231185561,0.030942547901059807
35.76,0.0,0.0,0.0,0.07612596740186792,0.0,0.0,0.0,0.0,0.0,-0.060341610958547065,0.0,0.0,4.361696643477517,-0.060341610958547065,0.030960326323745496
35.77,0.0,0.0,0.0,0.07552255129228244,0.0,0.0,0.0,0.0,0.0,-0.06561981206276286,0.0,0.0,4.3271234471080655,-0.06561981206276286,0.030977308486476438
35.78,0.0,0.0,0.0,0.07486635317165481,0.0,0.0,0.0,0.0,0.0,-0.07085065760594775,0.0,0.0,4.289526064271685,-0.07085065760594775,0.030993414167128256
35.79,0.0,0.0,0.0,0.07415784659559534,0.0,0.0,0.0,0.0,0.0,-0.07603038633169505,0.0,0.0,4.248931627706213,-0.07603038633169505,0.031008563458360713
35.800000000000004,0.0,0.0,0.0,0.07339754273227839,0.0,0.0,0.0,0.0,0.0,-0.08115527664515094,0.0,0.0,4.205369425190661,-0.08115527664515094,0.03102267713513681
35.81,0.0,0.0,0.0,0.07258598996582688,0.0,0.0,0.0,0.0,0.0,-0.08622164947531395,0.0,0.0,4.1588708768208225,-0.08622164947531395,0.031035677027097995
35.82,0.0,0.0,0.0,0.07172377347107374,0.0,0.0,0.0,0.0,0.0,-0.09122587109757833,0.0,0.0,4.109469510644904,-0.09122587109757833,0.031047486393826117
35.83,0.0,0.0,0.0,0.07081151476009796,0.0,0.0,0.0,0.0,0.0,-0.0961643559139156,0.0,0.0,4.057200936681947,-0.0961643559139156,0.03105803030096968
35.84,0.0,0.0,0.0,0.06984987120095881,0.0,0.0,0.0,0.0,0.0,-0.10103356918813734,0.0,0.0,4.002102819347335,-0.10103356918813734,0.031067235995161403
35.85,0.0,0.0,0.0,0.06883953550907744,0.0,0.0,0.0,0.0,0.0,-0.10583002973373444,0.0,0.0,3.9442148483111024,-0.10583002973373444,0.031075033275679394
35.86,0.0,0.0,0.0,0.06778123521174009,0.0,0.0,0.0,0.0,0.0,-0.11055031255184314,0.0,0.0,3.8835787078162323,-0.11055031255184314,0.03108135486075054
35.87,0.0,0.0,0.0,0.06667573208622166,0.0,0.0,0.0,0.0,0.0,-0.11519105141694645,0.0,0.0,3.8202380444855044,-0.11519105141694645,0.031086136746448514
35.88,0.0,0.0,0.0,0.0655238215720522,0.0,0.0,0.0,0.0,0.0,-0.11974894140798106,0.0,0.0,3.7542384336468495,-0.11974894140798106,0.031089318556139327
35.89,0.0,0.0,0.0,0.06432633215797239,0.0,0.0,0.0,0.0,0.0,-0.12422074138258409,0.0,0.0,3.685627344208483,-0.12422074138258409,0.03109084387844938
35.9,0.0,0.0,0.0,0.06308412474414654,0.0,0.0,0.0,0.0,0.0,-0.12860327639228178,0.0,0.0,3.614454102116401,-0.12860327639228178,0.03109066059181515
35.910000000000004,0.0,0.0,0.0,0.06179809198022372,0.0,0.0,0.0,0.0,0.0,-0.13289344003649267,0.0,0.0,3.5407698524280793,-0.13289344003649267,0.031088721173683775
35.92,0.0,0.0,0.0,0.060469157579858795,0.0,0.0,0.0,0.0,0.0,-0.13708819675329076,0.0,0.0,3.4646275200374204,-0.13708819675329076,0.031084982992562543
35.93,0.0,0.0,0.0,0.05909827561232589,0.0,0.0,0.0,0.0,0.0,-0.14118458404495135,0.0,0.0,3.3860817690871943,-0.14118458404495135,0.031079408581142696
35.94,0.0,0.0,0.0,0.05768642977187638,0.0,0.0,0.0,0.0,0.0,-0.14517971463638024,0.0,0.0,3.305188961106337,-0.14517971463638024,0.031071965888847794
35.95,0.0,0.0,0.0,0.05623463262551258,0.0,0.0,0.0,0.0,0.0,-0.1490707785646095,0.0,0.0,3.2220071119105542,-0.1490707785646095,0.031062628512265232
35.96,0.0,0.0,0.0,0.05474392483986648,0.0,0.0,0.0,0.0,0.0,-0.15285504519762735,0.0,0.0,3.1365958473057405,-0.15285504519762735,0.031051375902004963
35.97,0.0,0.0,0.0,0.05321537438789021,0.0,0.0,0.0,0.0,0.0,-0.15652986518089604,0.0,0.0,3.0490163576346854,-0.15652986518089604,0.031038193544694354
35.980000000000004,0.0,0.0,0.0,0.05165007573608125,0.0,0.0,0.0,0.0,0.0,-0.16009267231000196,0.0,0.0,2.9593313512085144,-0.16009267231000196,0.031023073118894663
35.99,0.0,0.0,0.0,0.05004914901298123,0.0,0.0,0.0,0.0,0.0,-0.16354098532797295,0.0,0.0,2.8676050066651744,-0.16354098532797295,0.031006012623931455
36.0,0.0,0.0,0.0,0.0484137391597015,0.0,0.0,0.0,0.0,0.0,-0.16687240964589217,0.0,0.0,2.7739029242981363,-0.16687240964589217,0.030987016480704406
36.01,0.0,0.0,0.0,0.04674501506324258,0.0,0.0,0.0,0.0,0.0,-0.1700846389855336,0.0,0.0,2.678292076399259,-0.1700846389855336,0.03096609560376089
36.02,0.0,0.0,0.0,0.045044168673387244,0.0,0.0,0.0,0.0,0.0,-0.17317545694284228,0.0,0.0,2.5808407566604856,-0.17317545694284228,0.030943267444021892
36.03,0.0,0.0,0.0,0.04331241410395882,0.0,0.0,0.0,0.0,0.0,-0.17614273847118114,0.0,0.0,2.481618528679742,-0.17614273847118114,0.030918556001733686
36.04,0.0,0.0,0.0,0.04155098671924701,0.0,0.0,0.0,0.0,0.0,-0.17898445128336857,0.0,0.0,2.3806961736169883,-0.17898445128336857,0.030891991809389136
36.050000000000004,0.0,0.0,0.0,0.03976114220641332,0.0,0.0,0.0,0.0,0.0,-0.1816986571716322,0.0,0.0,2.2781456370469693,-0.1816986571716322,0.030863611884497006
36.06,0.0,0.0,0.0,0.037944155634697004,0.0,0.0,0.0,0.0,0.0,-0.18428351324470874,0.0,0.0,2.17403997505568,-0.18428351324470874,0.03083345965227762
36.07,0.0,0.0,0.0,0.036101320502249915,0.0,0.0,0.0,0.0,0.0,-0.18673727308142415,0.0,0.0,2.0684532996280294,-0.18673727308142415,0.030801584838505324
36.08,0.0,0.0,0.0,0.03423394777143567,0.0,0.0,0.0,0.0,0.0,-0.18905828780019382,0.0,0.0,1.9614607233745542,-0.18905828780019382,0.030768043332892916
36.09,0.0,0.0,0.0,0.032343364893433736,0.0,0.0,0.0,0.0,0.0,-0.19124500704398872,0.0,0.0,1.8531383036453466,-0.19124500704398872,0.030732897023565877
36.1,0.0,0.0,0.0,0.03043091482299385,0.0,0.0,0.0,0.0,0.0,-0.19329597988041994,0.0,0.0,1.7435629860796442,-0.19329597988041994,0.030696213603349565
36.11,0.0,0.0,0.0,0.028497955024189652,0.0,0.0,0.0,0.0,0.0,-0.19520985561670004,0.0,0.0,1.6328125476397068,-0.19520985561670004,0.030658066348727506
36.12,0.0,0.0,0.0,0.02654585646802265,0.0,0.0,0.0,0.0,0.0,-0.1969853845293473,0.0,0.0,1.5209655391777561,-0.1969853845293473,0.030618533872490136
36.13,0.0,0.0,0.0,0.02457600262272918,0.0,0.0,0.0,0.0,0.0,-0.19862141850860376,0.0,0.0,1.408101227584824,-0.19862141850860376,0.030577699851238652
36.14,0.0,0.0,0.0,0.022589788437643143,0.0,0.0,0.0,0.0,0.0,-0.20011691161764458,0.0,0.0,1.2942995375703779,-0.20011691161764458,0.0305356527290287
36.15,0.0,0.0,0.0,0.020588619321466696,0.0,0.0,0.0,0.0,0.0,-0.2014709205667608,0.0,0.0,1.1796409931215424,-0.2014709205667608,0.030492485398595177
36.160000000000004,0.0,0.0,0.0,0.018573910115799088,0.0,0.0,0.0,0.0,0.0,-0.20268260510280087,0.0,0.0,1.0642066586906338,-0.20268260510280087,0.030448294861688256
36.17,0.0,0.0,0.0,0.01654708406477108,0.0,0.0,0.0,0.0,0.0,-0.2037512283142596,0.0,0.0,0.9480780801595619,-0.2037512283142596,0.030403181870188353
36.18,0.0,0.0,0.0,0.014509571781628485,0.0,0.0,0.0,0.0,0.0,-0.20467615685250345,0.0,0.0,0.8313372256294267,-0.20467615685250345,0.030357250549756794
36.19,0.0,0.0,0.0,0.01246281021310345,0.0,0.0,0.0,0.0,0.0,-0.20545686106972047,0.0,0.0,0.7140664260833658,-0.20545686106972047,0.03031060800786051
36.2,0.0,0.0,0.0,0.010408241602406245,0.0,0.0,0.0,0.0,0.0,-0.20609291507428018,0.0,0.0,0.5963483159703589,-0.20609291507428018,0.0302633639281263
36.21,0.0,0.0,0.0,0.008347312451663444,0.0,0.0,0.0,0.0,0.0,-0.206583996704284,0.0,0.0,0.4782657737573153,-0.206583996704284,0.030215630152993826
36.22,0.0,0.0,0.0,0.006281472484620604,0.0,0.0,0.0,0.0,0.0,-0.20692988742017845,0.0,0.0,0.3599018624963155,-0.20692988742017845,0.030167520256749947
36.230000000000004,0.0,0.0,0.0,0.004212173610418819,0.0,0.0,0.0,0.0,0.0,-0.20713047211739327,0.0,0.0,0.2413397704533806,-0.20713047211739327,0.030119149111032348
36.24,0.0,0.0,0.0,0.0021408688892448867,0.0,0.0,0.0,0.0,0.0,-0.20718573886005368,0.0,0.0,0.1226627518445925,-0.20718573886005368,0.030070632444946458
36.25,0.0,0.0,0.0,6.90115006443501e-05,0.0,0.0,0.0,0.0,0.0,-0.20709577853689873,0.0,0.0,0.003954067724785622,-0.20709577853689873,0.03002208640195322
36.26,0.0,0.0,0.0,-0.002001946284724637,0.0,0.0,0.0,0.0,0.0,-0.2068607844406184,0.0,0.0,-0.11470307292661713,-0.2068607844406184,0.029973627095693022
36.27,0.0,0.0,0.0,-0.004070554129130821,0.0,0.0,0.0,0.0,0.0,-0.20648105177189835,0.0,0.0,-0.23322557187874635,-0.20648105177189835,0.029925370166913812
36.28,0.0,0.0,0.0,-0.0061353646468498045,0.0,0.0,0.0,0.0,0.0,-0.20595697706953425,0.0,0.0,-0.3515305000382666,-0.20595697706953425,0.02987743034365854
36.29,0.0,0.0,0.0,-0.008194934417545147,0.0,0.0,0.0,0.0,0.0,-0.2052890575680461,0.0,0.0,-0.46953515551183644,-0.2052890575680461,0.029829921006821362
36.300000000000004,0.0,0.0,0.0,-0.010247824993225609,0.0,0.0,0.0,0.0,0.0,-0.2044778904842884,0.0,0.0,-0.5871571213005088,-0.2044778904842884,0.029782953763177508
36.31,0.0,0.0,0.0,-0.012292603898068494,0.0,0.0,0.0,0.0,0.0,-0.2035241722346118,0.0,0.0,-0.7043143225853887,-0.2035241722346118,0.02973663802790399
36.32,0.0,0.0,0.0,-0.01432784562041461,0.0,0.0,0.0,0.0,0.0,-0.20242869758418874,0.0,0.0,-0.8209250835647578,-0.20242869758418874,0.02969108061858291
36.33,0.0,0.0,0.0,-0.016352132596256497,0.0,0.0,0.0,0.0,0.0,-0.2011923587301669,0.0,0.0,-0.9369081838037987,-0.2011923587301669,0.02964638536257435
36.34,0.0,0.0,0.0,-0.018364056183558165,0.0,0.0,0.0,0.0,0.0,-0.19981614432036165,0.0,0.0,-1.0521829140590047,-0.19981614432036165,0.02960265271959728
36.35,0.0,0.0,0.0,-0.020362217626761783,0.0,0.0,0.0,0.0,0.0,-0.19830113840924127,0.0,0.0,-1.1666691315403415,-0.19830113840924127,0.02955997942123935
36.36,0.0,0.0,0.0,-0.022345229010854197,0.0,0.0,0.0,0.0,0.0,-0.19664851935299574,0.0,0.0,-1.2802873145752327,-0.19664851935299574,0.029518458129030003
36.37,0.0,0.0,0.0,-0.024311714204384154,0.0,0.0,0.0,0.0,0.0,-0.19485955864551419,0.0,0.0,-1.392958616639466,-0.19485955864551419,0.029478177112609652
36.38,0.0,0.0,0.0,-0.026260309790839296,0.0,0.0,0.0,0.0,0.0,-0.19293561969712306,0.0,0.0,-1.5046049197211653,-0.19293561969712306,0.029439219949389955
36.39,0.0,0.0,0.0,-0.028189665987810527,0.0,0.0,0.0,0.0,0.0,-0.19087815655796098,0.0,0.0,-1.615148886985028,-0.19087815655796098,0.029401665247005264
36.4,0.0,0.0,0.0,-0.030098447553390136,0.0,0.0,0.0,0.0,0.0,-0.18868871258788478,0.0,0.0,-1.7245140147051132,-0.18868871258788478,0.02936558638970883
36.410000000000004,0.0,0.0,0.0,-0.031985334679268985,0.0,0.0,0.0,0.0,0.0,-0.18636891907481473,0.0,0.0,-1.8326246834355415,-0.18636891907481473,0.02933105130973668
36.42,0.0,0.0,0.0,-0.033849023870017134,0.0,0.0,0.0,0.0,0.0,-0.183920493803436,0.0,0.0,-1.9394062083895622,-0.183920493803436,0.0292981222845404
36.43,0.0,0.0,0.0,-0.035688228808051496,0.0,0.0,0.0,0.0,0.0,-0.18134523957617793,0.0,0.0,-2.044784888998551,-0.18134523957617793,0.029266855760615704
36.44,0.0,0.0,0.0,-0.037501681203813274,0.0,0.0,0.0,0.0,0.0,-0.17864504268839163,0.0,0.0,-2.148688057623589,-0.17864504268839163,0.029237302204555952
36.45,0.0,0.0,0.0,-0.03928813163069719,0.0,0.0,0.0,0.0,0.0,-0.17582187135964214,0.0,0.0,-2.251044127393382,-0.17582187135964214,0.02920950598175893
36.46,0.0,0.0,0.0,-0.04104635034429362,0.0,0.0,0.0,0.0,0.0,-0.17287777412302194,0.0,0.0,-2.351782639143378,-0.17287777412302194,0.029183505263127078
36.47,0.0,0.0,0.0,-0.042775128085523834,0.0,0.0,0.0,0.0,0.0,-0.16981487817437815,0.0,0.0,-2.4508343074320287,-0.16981487817437815,0.02915933195989886
36.480000000000004,0.0,0.0,0.0,-0.04447327686726762,0.0,0.0,0.0,0.0,0.0,-0.16663538768332928,0.0,0.0,-2.54813106561123,-0.16663538768332928,0.02913701168664954
36.49,0.0,0.0,0.0,-0.046139630744100914,0.0,0.0,0.0,0.0,0.0,-0.16334158206792385,0.0,0.0,-2.64360610992904,-0.16334158206792385,0.02911656375231561
36.5,0.0,0.0,0.0,-0.04777304656478015,0.0,0.0,0.0,0.0,0.0,-0.1599358142347691,0.0,0.0,-2.7371939426438585,-0.1599358142347691,0.02909800117898246
36.51,0.0,0.0,0.0,-0.049372404707127844,0.0,0.0,0.0,0.0,0.0,-0.1564205087864272,0.0,0.0,-2.8288304141302647,-0.1564205087864272,0.02908133074802642
36.52,0.0,0.0,0.0,-0.050936609794992115,0.0,0.0,0.0,0.0,0.0,-0.15279816019784448,0.0,0.0,-2.9184527639577778,-0.15279816019784448,0.0290665530730568
36.53,0.0,0.0,0.0,-0.05246459139697056,0.0,0.0,0.0,0.0,0.0,-0.14907133096354258,0.0,0.0,-3.0059996609247808,-0.14907133096354258,0.029053662698972048
36.54,0.0,0.0,0.0,-0.053955304706605985,0.0,0.0,0.0,0.0,0.0,-0.1452426497172611,0.0,0.0,-3.0914112420308695,-0.1452426497172611,0.029042648226354828
36.550000000000004,0.0,0.0,0.0,-0.05540773120377859,0.0,0.0,0.0,0.0,0.0,-0.1413148093256999,0.0,0.0,-3.1746291503718296,-0.1413148093256999,0.029033492460238897
36.56,0.0,0.0,0.0,-0.056820879297035595,0.0,0.0,0.0,0.0,0.0,-0.1372905649579637,0.0,0.0,-3.2555965719424154,-0.1372905649579637,0.02902617258223871
36.57,0.0,0.0,0.0,-0.05819378494661523,0.0,0.0,0.0,0.0,0.0,-0.13317273213226594,0.0,0.0,-3.3342582713329953,-0.13317273213226594,0.02902066034487611
36.58,0.0,0.0,0.0,-0.05952551226793789,0.0,0.0,0.0,0.0,0.0,-0.1289641847413981,0.0,0.0,-3.410560626307046,-0.1289641847413981,0.02901692228686402
36.59,0.0,0.0,0.0,-0.06081515411535187,0.0,0.0,0.0,0.0,0.0,-0.12466785305842172,0.0,0.0,-3.4844516612473218,-0.12466785305842172,0.02901491996799857
36.6,0.0,0.0,0.0,-0.06206183264593609,0.0,0.0,0.0,0.0,0.0,-0.12028672172398652,0.0,0.0,-3.5558810794593687,-0.12028672172398652,0.029014610222241024
36.61,0.0,0.0,0.0,-0.06326469986317595,0.0,0.0,0.0,0.0,0.0,-0.11582382771662486,0.0,0.0,-3.624800294321859,-0.11582382771662486,0.029015945427477527
36.62,0.0,0.0,0.0,-0.06442293814034221,0.0,0.0,0.0,0.0,0.0,-0.11128225830731822,0.0,0.0,-3.691162459273989,-0.11128225830731822,0.029018873790407736
36.63,0.0,0.0,0.0,-0.0655357607234154,0.0,0.0,0.0,0.0,0.0,-0.10666514899957541,0.0,0.0,-3.754922496630929,-0.10666514899957541,0.02902333964491787
36.64,0.0,0.0,0.0,-0.06660241221341115,0.0,0.0,0.0,0.0,0.0,-0.10197568145620667,0.0,0.0,-3.8160371252190264,-0.10197568145620667,0.029029283762274566
36.65,0.0,0.0,0.0,-0.06762216902797322,0.0,0.0,0.0,0.0,0.0,-0.0972170814139214,0.0,0.0,-3.8744648868231377,-0.0972170814139214,0.029036643671430083
36.660000000000004,0.0,0.0,0.0,-0.06859433984211243,0.0,0.0,0.0,0.0,0.0,-0.0923926165868212,0.0,0.0,-3.9301661714391116,-0.0923926165868212,0.02904535398769092
36.67,0.0,0.0,0.0,-0.06951826600798064,0.0,0.0,0.0,0.0,0.0,-0.08750559455980417,0.0,0.0,-3.983103241325064,-0.08750559455980417,0.029055346747999276
36.68,0.0,0.0,0.0,-0.07039332195357868,0.0,0.0,0.0,0.0,0.0,-0.08255936067284102,0.0,0.0,-4.033240253845662,-0.08255936067284102,0.02906655175105006
36.69,0.0,0.0,0.0,-0.0712189155603071,0.0,0.0,0.0,0.0,0.0,-0.0775572958970295,0.0,0.0,-4.080543283104183,-0.0775572958970295,0.029078896900482258
36.7,0.0,0.0,0.0,-0.0719944885192774,0.0,0.0,0.0,0.0,0.0,-0.07250281470328009,0.0,0.0,-4.124980340357654,-0.07250281470328009,0.02909230854938042
36.71,0.0,0.0,0.0,-0.0727195166663102,0.0,0.0,0.0,0.0,0.0,-0.06739936292443409,0.0,0.0,-4.166521393210824,-0.06739936292443409,0.029106711844350524
36.72,0.0,0.0,0.0,-0.07339351029555453,0.0,0.0,0.0,0.0,0.0,-0.06225041561156511,0.0,0.0,-4.20513838358523,-0.06225041561156511,0.029122031067446468
36.730000000000004,0.0,0.0,0.0,-0.07401601445167019,0.0,0.0,0.0,0.0,0.0,-0.05705947488516604,0.0,0.0,-4.24080524446001,-0.05705947488516604,0.029138189974295597
36.74,0.0,0.0,0.0,-0.07458660920052185,0.0,0.0,0.0,0.0,0.0,-0.05183006778187754,0.0,0.0,-4.273497915381538,-0.05183006778187754,0.02915511212676777
36.75,0.0,0.0,0.0,-0.07510490987834062,0.0,0.0,0.0,0.0,0.0,-0.04656574409736955,0.0,0.0,-4.303194356739323,-0.04656574409736955,0.029172721218627153
36.76,0.0,0.0,0.0,-0.07557056731931432,0.0,0.0,0.0,0.0,0.0,-0.04127007422594557,0.0,0.0,-4.329874562805978,-0.04127007422594557,0.029190941392650754
36.77,0.0,0.0,0.0,-0.07598326806157377,0.0,0.0,0.0,0.0,0.0,-0.03594664699740048,0.0,0.0,-4.3535205735393605,-0.03594664699740048,0.029209697547766988
36.78,0.0,0.0,0.0,-0.07634273453154777,0.0,0.0,0.0,0.0,0.0,-0.030599067511625954,0.0,0.0,-4.374116485145337,-0.030599067511625954,0.029228915634840525
36.79,0.0,0.0,0.0,-0.07664872520666403,0.0,0.0,0.0,0.0,0.0,-0.025230954971424444,0.0,0.0,-4.391648459399858,-0.025230954971424444,0.029248522939827902
36.800000000000004,0.0,0.0,0.0,-0.07690103475637827,0.0,0.0,0.0,0.0,0.0,-0.01984594051396213,0.0,0.0,-4.40610473172933,-0.01984594051396213,0.02926844835309723
36.81,0.0,0.0,0.0,-0.0770994941615179,0.0,0.0,0.0,0.0,0.0,-0.014447665041264327,0.0,0.0,-4.417475618048507,-0.014447665041264327,0.029288622623807135
36.82,0.0,0.0,0.0,-0.07724397081193055,0.0,0.0,0.0,0.0,0.0,-0.009039777050133063,0.0,0.0,-4.425753520355339,-0.009039777050133063,0.02930897859834446
36.83,0.0,0.0,0.0,-0.07733436858243188,0.0,0.0,0.0,0.0,0.0,-0.0036259304618462473,0.0,0.0,-4.430932931082458,-0.0036259304618462473,0.029329451441922373
36.84,0.0,0.0,0.0,-0.07737062788705035,0.0,0.0,0.0,0.0,0.0,0.0017902175480188041,0.0,0.0,-4.433010436205175,0.0017902175480188041,0.029349978842527366
36.85,0.0,0.0,0.0,-0.07735272571157016,0.0,0.0,0.0,0.0,0.0,0.0072049949841126995,0.0,0.0,-4.431984717106058,0.0072049949841126995,0.0293705010580049
36.86,0.0,0.0,0.0,-0.07728067576172903,0.0,0.0,0.0,0.0,0.0,0.012614549670632226,0.0,0.0,-4.427856559066032,0.012614549670632226,0.029390957708030012
36.87,0.0,0.0,0.0,-0.07715453026502271,0.0,0.0,0.0,0.0,0.0,0.018014977082923975,0.0,0.0,-4.420628954500178,0.018014977082923975,0.029411285609612457
36.88,0.0,0.0,0.0,-0.07697438049419347,0.0,0.0,0.0,0.0,0.0,0.023402379735490416,0.0,0.0,-4.410307132951414,0.023402379735490416,0.029431419119384166
36.89,0.0,0.0,0.0,-0.07674035669683857,0.0,0.0,0.0,0.0,0.0,0.028772870217625666,0.0,0.0,-4.396898557057353,0.028772870217625666,0.029451290354160775
36.9,0.0,0.0,0.0,-0.0764526279946623,0.0,0.0,0.0,0.0,0.0,0.0341225742197108,0.0,0.0,-4.3804129167778765,0.0341225742197108,0.02947082942990928
36.910000000000004,0.0,0.0,0.0,-0.0761114022524652,0.0,0.0,0.0,0.0,0.0,0.03944763354732367,0.0,0.0,-4.360862121888763,0.03944763354732367,0.02948996471816048
36.92,0.0,0.0,0.0,-0.07571692591699196,0.0,0.0,0.0,0.0,0.0,0.04474420912033222,0.0,0.0,-4.33826029274836,0.04474420912033222,0.02950862311875198
36.93,0.0,0.0,0.0,-0.07526948382578863,0.0,0.0,0.0,0.0,0.0,0.050008483954157634,0.0,0.0,-4.312623749345901,0.050008483954157634,0.029526730347685794
36.94,0.0,0.0,0.0,-0.07476939898624706,0.0,0.0,0.0,0.0,0.0,0.05523666612041384,0.0,0.0,-4.283970998641692,0.05523666612041384,0.02954421123876103
36.95,0.0,0.0,0.0,-0.07421703232504293,0.0,0.0,0.0,0.0,0.0,0.06042499168415373,0.0,0.0,-4.252322720210963,0.06042499168415373,0.029560990057543386
36.96,0.0,0.0,0.0,-0.07361278240820139,0.0,0.0,0.0,0.0,0.0,0.06556972761497881,0.0,0.0,-4.217701750204812,0.06556972761497881,0.0295769908261483
36.97,0.0,0.0,0.0,-0.0729570851320516,0.0,0.0,0.0,0.0,0.0,0.07066717466929905,0.0,0.0,-4.180133063643205,0.07066717466929905,0.029592137657199594
36.980000000000004,0.0,0.0,0.0,-0.0722504133853586,0.0,0.0,0.0,0.0,0.0,0.07571367024106246,0.0,0.0,-4.139643755056558,0.07571367024106246,0.02960635509527963
36.99,0.0,0.0,0.0,-0.07149327668294798,0.0,0.0,0.0,0.0,0.0,0.0807055911783102,0.0,0.0,-4.096263017493977,0.0807055911783102,0.029619568464102075
37.0,0.0,0.0,0.0,-0.07068622077116488,0.0,0.0,0.0,0.0,0.0,0.08563935656295185,0.0,0.0,-4.050022119917723,0.08563935656295185,0.029631704217572025
37.01,0.0,0.0,0.0,-0.06982982720553536,0.0,0.0,0.0,0.0,0.0,0.09051143045119829,0.0,0.0,-4.000954383004991,0.09051143045119829,0.029642690292885437
37.02,0.0,0.0,0.0,-0.06892471290102338,0.0,0.0,0.0,0.0,0.0,0.09531832457213438,0.0,0.0,-3.9490951533795364,0.09531832457213438,0.029652456463740928
37.03,0.0,0.0,0.0,-0.06797152965530204,0.0,0.0,0.0,0.0,0.0,0.10005660098196267,0.0,0.0,-3.894481776297122,0.10005660098196267,0.029660934691751226
37.04,0.0,0.0,0.0,-0.06697096364548241,0.0,0.0,0.0,0.0,0.0,0.10472287467150058,0.0,0.0,-3.8371535668102124,0.10472287467150058,0.029668059474106577
37.050000000000004,0.0,0.0,0.0,-0.0659237348987674,0.0,0.0,0.0,0.0,0.0,0.10931381612456806,0.0,0.0,-3.7771517794386678,0.10931381612456806,0.02967376818555477
37.06,0.0,0.0,0.0,-0.06483059673752173,0.0,0.0,0.0,0.0,0.0,0.11382615382496039,0.0,0.0,-3.7145195763745993,0.11382615382496039,0.029678001412765553
37.07,0.0,0.0,0.0,-0.06369233519927213,0.0,0.0,0.0,0.0,0.0,0.1182566767097615,0.0,0.0,-3.6493019942508282,0.1182566767097615,0.029680703279177285
37.08,0.0,0.0,0.0,-0.06250976843217451,0.0,0.0,0.0,0.0,0.0,0.12260223656681632,0.0,0.0,-3.5815459095037046,0.12260223656681632,0.029681821758463938
37.09,0.0,0.0,0.0,-0.06128374606650635,0.0,0.0,0.0,0.0,0.0,0.12685975037424732,0.0,0.0,-3.511300002362274,0.12685975037424732,0.029681308974794686
37.1,0.0,0.0,0.0,-0.060015148562763874,0.0,0.0,0.0,0.0,0.0,0.1310262025799698,0.0,0.0,-3.4386147194969983,0.1310262025799698,0.029679121488123537
37.11,0.0,0.0,0.0,-0.05870488653696418,0.0,0.0,0.0,0.0,0.0,0.13509864731923213,0.0,0.0,-3.3635422353624147,0.13509864731923213,0.02967522056283245
37.12,0.0,0.0,0.0,-0.057353900063771855,0.0,0.0,0.0,0.0,0.0,0.13907421056828226,0.0,0.0,-3.2861364122692303,0.13907421056828226,0.029669572418091403
37.13,0.0,0.0,0.0,-0.05596315795808903,0.0,0.0,0.0,0.0,0.0,0.14295009223233918,0.0,0.0,-3.2064527592224676,0.14295009223233918,0.029662148458442505
37.14,0.0,0.0,0.0,-0.05453365703576564,0.0,0.0,0.0,0.0,0.0,0.14672356816612778,0.0,0.0,-3.1245483895632784,0.14672356816612778,0.029652925483167624
37.15,0.0,0.0,0.0,-0.05306642135410436,0.0,0.0,0.0,0.0,0.0,0.1503919921253186,0.0,0.0,-3.0404819774530867,0.1503919921253186,0.029641885873139998
37.160000000000004,0.0,0.0,0.0,-0.051562501432851175,0.0,0.0,0.0,0.0,0.0,0.15395279764729788,0.0,0.0,-2.954313713239632,0.15395279764729788,0.029629017753961522
37.17,0.0,0.0,0.0,-0.0500229734563782,0.0,0.0,0.0,0.0,0.0,0.15740349985978186,0.0,0.0,-2.866105257745415,0.15740349985978186,0.02961431513432047
37.18,0.0,0.0,0.0,-0.04844893845778038,0.0,0.0,0.0,0.0,0.0,0.16074169721587675,0.0,0.0,-2.7759196955198795,0.16074169721587675,0.029597778018623004
37.19,0.0,0.0,0.0,-0.04684152148562161,0.0,0.0,0.0,0.0,0.0,0.16396507315427922,0.0,0.0,-2.683821487097484,0.16396507315427922,0.02957941249311838
37.2,0.0,0.0,0.0,-0.04520187075407882,0.0,0.0,0.0,0.0,0.0,0.16707139768340348,0.0,0.0,-2.5898764203045443,0.16707139768340348,0.029559230784849518
37.21,0.0,0.0,0.0,-0.043531156777244784,0.0,0.0,0.0,0.0,0.0,0.17005852888831743,0.0,0.0,-2.4941515606584366,0.17005852888831743,0.029537251292913125
37.22,0.0,0.0,0.0,-0.04183057148836161,0.0,0.0,0.0,0.0,0.0,0.1729244143594662,0.0,0.0,-2.3967152009033947,0.1729244143594662,0.02951349859169259
37.230000000000004,0.0,0.0,0.0,-0.04010132734476695,0.0,0.0,0.0,0.0,0.0,0.17566709254225968,0.0,0.0,-2.297636809727706,0.17566709254225968,0.029488003405839396
37.24,0.0,0.0,0.0,-0.038344656419344356,0.0,0.0,0.0,0.0,0.0,0.17828469400669947,0.0,0.0,-2.196986979707651,0.17828469400669947,0.029460802556961062
37.25,0.0,0.0,0.0,-0.03656180947927736,0.0,0.0,0.0,0.0,0.0,0.18077544263632178,0.0,0.0,-2.094837374523999,0.18077544263632178,0.02943193888211903
37.26,0.0,0.0,0.0,-0.034754055052914144,0.0,0.0,0.0,0.0,0.0,0.18313765673583288,0.0,0.0,-1.9912606754972935,0.18313765673583288,0.02940146112439598
37.27,0.0,0.0,0.0,-0.032922678485555815,0.0,0.0,0.0,0.0,0.0,0.1853697500569167,0.0,0.0,-1.886330527488505,0.1853697500569167,0.029369423795937006
37.28,0.0,0.0,0.0,-0.031068980984986647,0.0,0.0,0.0,0.0,0.0,0.18747023274179575,0.0,0.0,-1.7801214842119422,0.18747023274179575,0.029335887014032582
37.29,0.0,0.0,0.0,-0.02919427865756869,0.0,0.0,0.0,0.0,0.0,0.1894377121842294,0.0,0.0,-1.6727089530075407,0.1894377121842294,0.02930091631096346
37.300000000000004,0.0,0.0,0.0,-0.0272999015357264,0.0,0.0,0.0,0.0,0.0,0.19127089380773615,0.0,0.0,-1.5641691391198373,0.19127089380773615,0.029264582418434378
37.31,0.0,0.0,0.0,-0.025387192597649037,0.0,0.0,0.0,0.0,0.0,0.1929685817609295,0.0,0.0,-1.4545789895310548,0.1929685817609295,0.02922696102760821
37.32,0.0,0.0,0.0,-0.023457506780039744,0.0,0.0,0.0,0.0,0.0,0.19452967952995784,0.0,0.0,-1.3440161363957908,0.19452967952995784,0.02918813252586834
37.33,0.0,0.0,0.0,-0.021512209984740165,0.0,0.0,0.0,0.0,0.0,0.19595319046814227,0.0,0.0,-1.2325588401248007,0.19595319046814227,0.029148181711534216
37.34,0.0,0.0,0.0,-0.01955267808005874,0.0,0.0,0.0,0.0,0.0,0.1972382182430046,0.0,0.0,-1.1202859321653234,0.1972382182430046,0.029107197487922166
37.35,0.0,0.0,0.0,-0.017580295897628696,0.0,0.0,0.0,0.0,0.0,0.1983839672009792,0.0,0.0,-1.0072767575252795,0.1983839672009792,0.02906527253822084
37.36,0.0,0.0,0.0,-0.015596456225618904,0.0,0.0,0.0,0.0,0.0,0.19938974265019932,0.0,0.0,-0.8936111170885008,0.19938974265019932,0.029022502982760313
37.37,0.0,0.0,0.0,-0.01360255879911691,0.0,0.0,0.0,0.0,0.0,0.20025495106184593,0.0,0.0,-0.7793692097679403,0.20025495106184593,0.028978988020346062
37.38,0.0,0.0,0.0,-0.011600009288498452,0.0,0.0,0.0,0.0,0.0,0.20097910019064147,0.0,0.0,-0.6646315745435143,0.20097910019064147,0.028934829555423366
37.39,0.0,0.0,0.0,-0.009590218286592038,0.0,0.0,0.0,0.0,0.0,0.201561799115164,0.0,0.0,-0.5494790324309076,0.201561799115164,0.028890131812891413
37.4,0.0,0.0,0.0,-0.007574600295440398,0.0,0.0,0.0,0.0,0.0,0.20200275819874777,0.0,0.0,-0.43399262842728126,0.20200275819874777,0.02884500094245645
37.410000000000004,0.0,0.0,0.0,-0.00555457271345292,0.0,0.0,0.0,0.0,0.0,0.2023017889718245,0.0,0.0,-0.3182535734793819,0.2023017889718245,0.028799544614474266
37.42,0.0,0.0,0.0,-0.0035315548237346748,0.0,0.0,0.0,0.0,0.0,0.20245880393664473,0.0,0.0,-0.20234318651906424,0.20245880393664473,0.028753871609254484
37.43,0.0,0.0,0.0,-0.0015069667843682273,0.0,0.0,0.0,0.0,0.0,0.20247381629540187,0.0,0.0,-0.08634283661070062,0.20247381629540187,0.028708091401850766
37.44,0.0,0.0,0.0,0.0005177713785857914,0.0,0.0,0.0,0.0,0.0,0.20234693960286027,0.0,0.0,0.029666114745636178,0.20234693960286027,0.02866231374433925
37.45,0.0,0.0,0.0,0.002541240774614394,0.0,0.0,0.0,0.0,0.0,0.2020783873446656,0.0,0.0,0.14560237111196087,0.2020783873446656,0.02861664824765623
37.46,0.0,0.0,0.0,0.004562024648061051,0.0,0.0,0.0,0.0,0.0,0.20166847244258806,0.0,0.0,0.26138475836855296,0.20166847244258806,0.028571203964984616
37.47,0.0,0.0,0.0,0.006578709372486931,0.0,0.0,0.0,0.0,0.0,0.20111760668801848,0.0,0.0,0.3769322816866594,0.20111760668801848,0.028526088978732163
37.480000000000004,0.0,0.0,0.0,0.008589885439367116,0.0,0.0,0.0,0.0,0.0,0.20042630010510237,0.0,0.0,0.49216418217661456,0.20042630010510237,0.028481409993064814
37.49,0.0,0.0,0.0,0.01059414844041814,0.0,0.0,0.0,0.0,0.0,0.19959516024495885,0.0,0.0,0.6069999931710628,0.19959516024495885,0.028437271933954077
37.5,0.0,0.0,0.0,0.01259010004286773,0.0,0.0,0.0,0.0,0.0,0.19862489141248832,0.0,0.0,0.7213595961037977,0.19862489141248832,0.028393777558627948
37.51,0.0,0.0,0.0,0.014576348956992613,0.0,0.0,0.0,0.0,0.0,0.19751629382732627,0.0,0.0,0.8351632759455963,0.19751629382732627,0.028351027076264232
37.52,0.0,0.0,0.0,0.016551511895265877,0.0,0.0,0.0,0.0,0.0,0.19627026272054945,0.0,0.0,0.948331776159313,0.19627026272054945,0.02830911778169247
37.53,0.0,0.0,0.0,0.018514214522471373,0.0,0.0,0.0,0.0,0.0,0.1948877873687848,0.0,0.0,1.0607863531374264,0.1948877873687848,0.02826814370380015
37.54,0.0,0.0,0.0,0.020463092396159222,0.0,0.0,0.0,0.0,0.0,0.19336995006741223,0.0,0.0,1.1724488300861702,0.19336995006741223,0.02822819527023631
37.550000000000004,0.0,0.0,0.0,0.022396791896833343,0.0,0.0,0.0,0.0,0.0,0.19171792504458757,0.0,0.0,1.283241650321352,0.19171792504458757,0.02818935898993541
37.56,0.0,0.0,0.0,0.02431397114727922,0.0,0.0,0.0,0.0,0.0,0.18993297731784253,0.0,0.0,1.3930879299419554,0.18993297731784253,0.028151717154847093
37.57,0.0,0.0,0.0,0.026213300920457646,0.0,0.0,0.0,0.0,0.0,0.1880164614950462,0.0,0.0,1.501911509848619,0.1880164614950462,0.02811534756218626
37.58,0.0,0.0,0.0,0.028093465535408108,0.0,0.0,0.0,0.0,0.0,0.18596982052153294,0.0,0.0,1.6096370070751203,0.18596982052153294,0.02808032325836788
37.59,0.0,0.0,0.0,0.02995316374062344,0.0,0.0,0.0,0.0,0.0,0.18379458437521998,0.0,0.0,1.7161898654020127,0.18379458437521998,0.02804671230569754
37.6,0.0,0.0,0.0,0.031791109584375636,0.0,0.0,0.0,0.0,0.0,0.18149236871154997,0.0,0.0,1.8214964052226246,0.18149236871154997,0.02801457757274577
37.61,0.0,0.0,0.0,0.033606033271491136,0.0,0.0,0.0,0.0,0.0,0.17906487346010233,0.0,0.0,1.9254838726326646,0.17906487346010233,0.02798397654920503
37.62,0.0,0.0,0.0,0.03539668200609216,0.0,0.0,0.0,0.0,0.0,0.1765138813747208,0.0,0.0,2.028080487715745,0.1765138813747208,0.027954961185904036
37.63,0.0,0.0,0.0,0.03716182081983937,0.0,0.0,0.0,0.0,0.0,0.1738412565390038,0.0,0.0,2.1292154919981887,0.1738412565390038,0.027927577760519486
37.64,0.0,0.0,0.0,0.0389002333852294,0.0,0.0,0.0,0.0,0.0,0.17104894282899968,0.0,0.0,2.228819195047548,0.17104894282899968,0.027901866769371376
37.65,0.0,0.0,0.0,0.0406107228135194,0.0,0.0,0.0,0.0,0.0,0.16813896233493894,0.0,0.0,2.3268230201903095,0.16813896233493894,0.027877862845570728
37.660000000000004,0.0,0.0,0.0,0.04229211243686879,0.0,0.0,0.0,0.0,0.0,0.1651134137438236,0.0,0.0,2.423159549325321,0.1651134137438236,0.027855594703635522
37.67,0.0,0.0,0.0,0.043943246574307024,0.0,0.0,0.0,0.0,0.0,0.1619744706846752,0.0,0.0,2.5177625668105055,0.1619744706846752,0.02783508511056839
37.68,0.0,0.0,0.0,0.04556299128115378,0.0,0.0,0.0,0.0,0.0,0.1587243800382232,0.0,0.0,2.610567102401479,0.1587243800382232,0.027816350883239967
37.69,0.0,0.0,0.0,0.04715023508153601,0.0,0.0,0.0,0.0,0.0,0.15536546021279043,0.0,0.0,2.7015094732216864,0.15536546021279043,0.02779940291178659
37.7,0.0,0.0,0.0,0.04870388968366392,0.0,0.0,0.0,0.0,0.0,0.15190009938810425,0.0,0.0,2.7905273247446925,0.15190009938810425,0.027784246208628578
37.71,0.0,0.0,0.0,0.05022289067754496,0.0,0.0,0.0,0.0,0.0,0.14833075372873095,0.0,0.0,2.8775596707702533,0.14833075372873095,0.02777087998254381
37.72,0.0,0.0,0.0,0.051706198214832265,0.0,0.0,0.0,0.0,0.0,0.14465994556879658,0.0,0.0,2.9625469323767604,0.14465994556879658,0.0277592977371499
37.730000000000004,0.0,0.0,0.0,0.05315279767052023,0.0,0.0,0.0,0.0,0.0,0.14089026156962026,0.0,0.0,3.045430975833603,0.14089026156962026,0.027749487393007484
37.74,0.0,0.0,0.0,0.05456170028621644,0.0,0.0,0.0,0.0,0.0,0.13702435085184606,0.0,0.0,3.126155149457938,0.13702435085184606,0.027741431432445982
37.75,0.0,0.0,0.0,0.0559319437947349,0.0,0.0,0.0,0.0,0.0,0.13306492310361745,0.0,0.0,3.204664319401244,0.13306492310361745,0.02773510706612726
37.76,0.0,0.0,0.0,0.05726259302577107,0.0,0.0,0.0,0.0,0.0,0.12901474666629423,0.0,0.0,3.280904904351945,0.12901474666629423,0.027730486420224482
37.77,0.0,0.0,0.0,0.058552740492434016,0.0,0.0,0.0,0.0,0.0,0.12487664659916498,0.0,0.0,3.3548249091412266,0.12487664659916498,0.027727536743054934
37.78,0.0,0.0,0.0,0.05980150695842566,0.0,0.0,0.0,0.0,0.0,0.12065350272456045,0.0,0.0,3.426373957240015,0.12065350272456045,0.02772622062985534
37.79,0.0,0.0,0.0,0.061008041985671266,0.0,0.0,0.0,0.0,0.0,0.11634824765472415,0.0,0.0,3.4955033221358898,0.11634824765472415,0.027726496264378814
37.800000000000004,0.0,0.0,0.0,0.062171524462218505,0.0,0.0,0.0,0.0,0.0,0.11196386480174514,0.0,0.0,3.5621659575794755,0.11196386480174514,0.027728317675868155
37.81,0.0,0.0,0.0,0.06329116311023596,0.0,0.0,0.0,0.0,0.0,0.10750338637180717,0.0,0.0,3.626316526690609,0.10750338637180717,0.02773163500993192
37.82,0.0,0.0,0.0,0.06436619697395403,0.0,0.0,0.0,0.0,0.0,0.10296989134495585,0.0,0.0,3.687911429915297,0.10296989134495585,0.02773639481178108
37.83,0.0,0.0,0.0,0.06539589588740359,0.0,0.0,0.0,0.0,0.0,0.09836650344153283,0.0,0.0,3.7469088318251633,0.09836650344153283,0.027742540320260654
37.84,0.0,0.0,0.0,0.06637956092181892,0.0,0.0,0.0,0.0,0.0,0.0936963890763737,0.0,0.0,3.8032686867517524,0.0936963890763737,0.027750011771048466
37.85,0.0,0.0,0.0,0.06731652481258266,0.0,0.0,0.0,0.0,0.0,0.08896275530181316,0.0,0.0,3.856952763248671,0.08896275530181316,0.027758746707392052
37.86,0.0,0.0,0.0,0.06820615236560079,0.0,0.0,0.0,0.0,0.0,0.08416884774048913,0.0,0.0,3.9079246673751613,0.08416884774048913,0.027768680296727168
37.87,0.0,0.0,0.0,0.06904784084300568,0.0,0.0,0.0,0.0,0.0,0.07931794850888567,0.0,0.0,3.9561498647952535,0.07931794850888567,0.027779745651523562
37.88,0.0,0.0,0.0,0.06984102032809454,0.0,0.0,0.0,0.0,0.0,0.07441337413250386,0.0,0.0,4.001595701687205,0.07441337413250386,0.027791874152685303
37.89,0.0,0.0,0.0,0.07058515406941958,0.0,0.0,0.0,0.0,0.0,0.0694584734534999,0.0,0.0,4.04423142445841,0.0694584734534999,0.027804995773874644
37.9,0.0,0.0,0.0,0.07127973880395458,0.0,0.0,0.0,0.0,0.0,0.06445662553158144,0.0,0.0,4.08402819826148,0.06445662553158144,0.027819039405123296
37.910000000000004,0.0,0.0,0.0,0.07192430505927039,0.0,0.0,0.0,0.0,0.0,0.05941123753890632,0.0,0.0,4.120959124307627,0.05941123753890632,0.027833933174126836
37.92,0.0,0.0,0.0,0.07251841743465945,0.0,0.0,0.0,0.0,0.0,0.054325742649682596,0.0,0.0,4.154999255973912,0.054325742649682596,0.027849604763669288
37.93,0.0,0.0,0.0,0.07306167486115628,0.0,0.0,0.0,0.0,0.0,0.049203597925125686,0.0,0.0,4.18612561370132,0.049203597925125686,0.027865981723651685
37.94,0.0,0.0,0.0,0.07355371084040753,0.0,0.0,0.0,0.0,0.0,0.04404828219438764,0.0,0.0,4.214317198681003,0.04404828219438764,0.027882991776260958
37.95,0.0,0.0,0.0,0.07399419366235141,0.0,0.0,0.0,0.0,0.0,0.038863293932034505,0.0,0.0,4.2395550053264,0.038863293932034505,0.027900563112872905
37.96,0.0,0.0,0.0,0.07438282660167175,0.0,0.0,0.0,0.0,0.0,0.03365214913261195,0.0,0.0,4.261822032529219,0.03365214913261195,0.027918624681337417
37.97,0.0,0.0,0.0,0.07471934809299788,0.0,0.0,0.0,0.0,0.0,0.02841837918280566,0.0,0.0,4.2811032936976545,0.02841837918280566,0.02793710646239517
37.980000000000004,0.0,0.0,0.0,0.07500353188482593,0.0,0.0,0.0,0.0,0.0,0.023165528731672446,0.0,0.0,4.297385825575426,0.023165528731672446,0.027955939734024965
37.99,0.0,0.0,0.0,0.07523518717214266,0.0,0.0,0.0,0.0,0.0,0.01789715355939021,0.0,0.0,4.310658695840565,0.01789715355939021,0.027975057322607688
38.0,0.0,0.0,0.0,0.07541415870773656,0.0,0.0,0.0,0.0,0.0,0.012616818444950441,0.0,0.0,4.320913009483071,0.012616818444950441,0.02799439383991719
38.01,0.0,0.0,0.0,0.07554032689218607,0.0,0.0,0.0,0.0,0.0,0.007328095033195326,0.0,0.0,4.328141913960856,0.007328095033195326,0.028013885904977512
38.02,0.0,0.0,0.0,0.07561360784251801,0.0,0.0,0.0,0.0,0.0,0.0020345597015835474,0.0,0.0,4.332340603133584,0.0020345597015835474,0.028033472350000994
38.03,0.0,0.0,0.0,0.07563395343953384,0.0,0.0,0.0,0.0,0.0,-0.003260208572946068,0.0,0.0,4.333506319974266,-0.003260208572946068,0.028053094409647806
38.04,0.0,0.0,0.0,0.07560135135380439,0.0,0.0,0.0,0.0,0.0,-0.008552584793969727,0.0,0.0,4.331638358058644,-0.008552584793969727,0.028072695347580282
38.050000000000004,0.0,0.0,0.0,0.07551582550586469,0.0,0.0,0.0,0.0,0.0,-0.01383876883317775,0.0,0.0,4.326738087932422,-0.01383876883317775,0.028092216719333714
38.06,0.0,0.0,0.0,0.07537743781753291,0.0,0.0,0.0,0.0,0.0,-0.01911494756835724,0.0,0.0,4.318809057454438,-0.01911494756835724,0.028111597569404095
38.07,0.0,0.0,0.0,0.07518628834184933,0.0,0.0,0.0,0.0,0.0,-0.024377315589086394,0.0,0.0,4.307856999241631,-0.024377315589086394,0.028130774708933957
38.08,0.0,0.0,0.0,0.07494251518595847,0.0,0.0,0.0,0.0,0.0,-0.029622078154783692,0.0,0.0,4.2938898262505,-0.029622078154783692,0.028149682930207448
38.09,0.0,0.0,0.0,0.07464629440441063,0.0,0.0,0.0,0.0,0.0,-0.03484545414288761,0.0,0.0,4.276917625663742,-0.03484545414288761,0.028168255238079382
38.1,0.0,0.0,0.0,0.07429783986298176,0.0,0.0,0.0,0.0,0.0,-0.04004367898440444,0.0,0.0,4.256952651087701,-0.04004367898440444,0.028186423097345967
38.11,0.0,0.0,0.0,0.07389740307313772,0.0,0.0,0.0,0.0,0.0,-0.04521300758407644,0.0,0.0,4.234009313067871,-0.04521300758407644,0.02820411669500789
38.12,0.0,0.0,0.0,0.07344527299729696,0.0,0.0,0.0,0.0,0.0,-0.05034971722244026,0.0,0.0,4.208104167931266,-0.05034971722244026,0.02822126521622898
38.13,0.0,0.0,0.0,0.07294177582507255,0.0,0.0,0.0,0.0,0.0,-0.05545011043706627,0.0,0.0,4.179255904966036,-0.05545011043706627,0.02823779713272663
38.14,0.0,0.0,0.0,0.07238727472070189,0.0,0.0,0.0,0.0,0.0,-0.06051051788029327,0.0,0.0,4.147485331950254,-0.06051051788029327,0.028253640502192815
38.15,0.0,0.0,0.0,0.07178216954189895,0.0,0.0,0.0,0.0,0.0,-0.06552730115080005,0.0,0.0,4.112815359043336,-0.06552730115080005,0.028268723277303582
38.160000000000004,0.0,0.0,0.0,0.07112689653039095,0.0,0.0,0.0,0.0,0.0,-0.07049685559638508,0.0,0.0,4.0752709810551,-0.07049685559638508,0.028282973622757016
38.17,0.0,0.0,0.0,0.0704219279744271,0.0,0.0,0.0,0.0,0.0,-0.0754156130853586,0.0,0.0,4.03487925810894,-0.0754156130853586,0.028296320238736062
38.18,0.0,0.0,0.0,0.06966777184357352,0.0,0.0,0.0,0.0,0.0,-0.08028004474398764,0.0,0.0,3.9916692947171133,-0.08028004474398764,0.02830869268912887
38.19,0.0,0.0,0.0,0.06886497139613364,0.0,0.0,0.0,0.0,0.0,-0.08508666365747317,0.0,0.0,3.9456722172875938,-0.08508666365747317,0.028320021732762005
38.2,0.0,0.0,0.0,0.06801410475955891,0.0,0.0,0.0,0.0,0.0,-0.08983202753198108,0.0,0.0,3.89692115008337,-0.08983202753198108,0.02833023965591654
38.21,0.0,0.0,0.0,0.06711578448423909,0.0,0.0,0.0,0.0,0.0,-0.09451274131529355,0.0,0.0,3.8454511896565147,-0.09451274131529355,0.028339280604296194
38.22,0.0,0.0,0.0,0.06617065707108616,0.0,0.0,0.0,0.0,0.0,-0.09912545977369532,0.0,0.0,3.7912993777807342,-0.09912545977369532,0.02834708091267595
38.230000000000004,0.0,0.0,0.0,0.0651794024733492,0.0,0.0,0.0,0.0,0.0,-0.1036668900227606,0.0,0.0,3.7345046729074687,-0.1036668900227606,0.028353579430380395
38.24,0.0,0.0,0.0,0.0641427335731216,0.0,0.0,0.0,0.0,0.0,-0.10813379400976042,0.0,0.0,3.6751079201719583,-0.10813379400976042,0.028358717840798808
38.25,0.0,0.0,0.0,0.063061395633024,0.0,0.0,0.0,0.0,0.0,-0.1125229909454666,0.0,0.0,3.6131518199769954,-0.1125229909454666,0.02836244097312906
38.26,0.0,0.0,0.0,0.06193616572356934,0.0,0.0,0.0,0.0,0.0,-0.11683135968318872,0.0,0.0,3.5486808951833555,-0.11683135968318872,0.028364697104570784
38.27,0.0,0.0,0.0,0.06076785212673745,0.0,0.0,0.0,0.0,0.0,-0.12105584104294297,0.0,0.0,3.4817414569371397,-0.12105584104294297,0.028365438251245996
38.28,0.0,0.0,0.0,0.059557293716308024,0.0,0.0,0.0,0.0,0.0,-0.1251934400787166,0.0,0.0,3.412381569165468,-0.1251934400787166,0.028364620446148417
38.29,0.0,0.0,0.0,0.05830535931552086,0.0,0.0,0.0,0.0,0.0,-0.12924122828686072,0.0,0.0,3.3406510117731236,-0.12924122828686072,0.028362204002485743
38.300000000000004,0.0,0.0,0.0,0.05701294703265225,0.0,0.0,0.0,0.0,0.0,-0.13319634575371353,0.0,0.0,3.2666012425738846,-0.13319634575371353,0.02835815376086694
38.31,0.0,0.0,0.0,0.05568098357511511,0.0,0.0,0.0,0.0,0.0,-0.1370560032406311,0.0,0.0,3.1902853579913537,-0.1370560032406311,0.02835243931883978
38.32,0.0,0.0,0.0,0.0543104235427088,0.0,0.0,0.0,0.0,0.0,-0.1408174842046769,0.0,0.0,3.1117580525651585,-0.1408174842046769,0.02834503524138387
38.33,0.0,0.0,0.0,0.05290224870066203,0.0,0.0,0.0,0.0,0.0,-0.14447814675330095,0.0,0.0,3.031075577299377,-0.14447814675330095,0.02833592125106854
38.34,0.0,0.0,0.0,0.051457467233129016,0.0,0.0,0.0,0.0,0.0,-0.14803542553141918,0.0,0.0,2.9482956968910186,-0.14803542553141918,0.028325082396656664
38.35,0.0,0.0,0.0,0.049977112977814826,0.0,0.0,0.0,0.0,0.0,-0.15148683353938713,0.0,0.0,2.8634776458772833,-0.15148683353938713,0.028312509199109583
38.36,0.0,0.0,0.0,0.04846224464242095,0.0,0.0,0.0,0.0,0.0,-0.15482996388044637,0.0,0.0,2.776682083741206,-0.15482996388044637,0.028298197773981362
38.37,0.0,0.0,0.0,0.04691394500361649,0.0,0.0,0.0,0.0,0.0,-0.15806249143630982,0.0,0.0,2.68797104901608,-0.15806249143630982,0.028282149929410933
38.38,0.0,0.0,0.0,0.04533332008925339,0.0,0.0,0.0,0.0,0.0,-0.16118217446964042,0.0,0.0,2.5974079124298477,-0.16118217446964042,0.028264373238964323
38.39,0.0,0.0,0.0,0.04372149834455699,0.0,0.0,0.0,0.0,0.0,-0.16418685615226875,0.0,0.0,2.5050573291313314,-0.16418685615226875,0.028244881088778588
38.4,0.0,0.0,0.0,0.042079629783034304,0.0,0.0,0.0,0.0,0.0,-0.16707446601808704,0.0,0.0,2.410985190040866,-0.16707446601808704,0.028223692698560884
38.410000000000004,0.0,0.0,0.0,0.040408885122853434,0.0,0.0,0.0,0.0,0.0,-0.1698430213396511,0.0,0.0,2.315258572368483,-0.1698430213396511,0.028200833116158237
38.42,0.0,0.0,0.0,0.038710454909456925,0.0,0.0,0.0,0.0,0.0,-0.17249062842761634,0.0,0.0,2.217945689343359,-0.17249062842761634,0.02817633318553473
38.43,0.0,0.0,0.0,0.03698554862518076,0.0,0.0,0.0,0.0,0.0,-0.17501548385223079,0.0,0.0,2.119115839198742,-0.17501548385223079,0.028150229488169358
38.44,0.0,0.0,0.0,0.03523539378665845,0.0,0.0,0.0,0.0,0.0,-0.1774158755862044,0.0,0.0,2.0188393534570133,-0.1774158755862044,0.028122564258001092
38.45,0.0,0.0,0.0,0.033461235030796406,0.0,0.0,0.0,0.0,0.0,-0.17969018406837223,0.0,0.0,1.9171875445599373,-0.17969018406837223,0.028093385270213732
38.46,0.0,0.0,0.0,0.031664333190112685,0.0,0.0,0.0,0.0,0.0,-0.1818368831876677,0.0,0.0,1.814232652889471,-0.1818368831876677,0.028062745704283517
38.47,0.0,0.0,0.0,0.02984596435823601,0.0,0.0,0.0,0.0,0.0,-0.18385454118702022,0.0,0.0,1.710047793224804,-0.18385454118702022,0.028030703981864878
38.480000000000004,0.0,0.0,0.0,0.028007418946365808,0.0,0.0,0.0,0.0,0.0,-0.1857418214868914,0.0,0.0,1.6047069006814998,-0.1857418214868914,0.027997323580203938
38.49,0.0,0.0,0.0,0.026150000731496894,0.0,0.0,0.0,0.0,0.0,-0.18749748342826209,0.0,0.0,1.4982846761787876,-0.18749748342826209,0.027962672821939268
38.5,0.0,0.0,0.0,0.024275025897214274,0.0,0.0,0.0,0.0,0.0,-0.18912038293498218,0.0,0.0,1.3908565314811525,-0.18912038293498218,0.027926824642241402
38.51,0.0,0.0,0.0,0.02238382206786445,0.0,0.0,0.0,0.0,0.0,-0.19060947309549217,0.0,0.0,1.282498533860428,-0.19060947309549217,0.027889856334381662
38.52,0.0,0.0,0.0,0.02047772733690953,0.0,0.0,0.0,0.0,0.0,-0.19196380466402424,0.0,0.0,1.1732873504245869,-0.19196380466402424,0.027851849274938494
38.53,0.0,0.0,0.0,0.018558089290269288,0.0,0.0,0.0,0.0,0.0,-0.19318252648148646,0.0,0.0,1.0633001921593634,-0.19318252648148646,0.027812888629956522
38.54,0.0,0.0,0.0,0.01662626402545442,0.0,0.0,0.0,0.0,0.0,-0.19426488581632945,0.0,0.0,0.9526147577287291,-0.19426488581632945,0.027773063043466252
38.550000000000004,0.0,0.0,0.0,0.014683615167291128,0.0,0.0,0.0,0.0,0.0,-0.19521022862578932,0.0,0.0,0.8413091770800638,-0.19521022862578932,0.027732464309887683
38.56,0.0,0.0,0.0,0.012731512881033235,0.0,0.0,0.0,0.0,0.0,-0.19601799973799283,0.0,0.0,0.7294619548996477,-0.19601799973799283,0.02769118703188806
38.57,0.0,0.0,0.0,0.010771332883653307,0.0,0.0,0.0,0.0,0.0,-0.19668774295550193,0.0,0.0,0.6171519139638131,-0.19668774295550193,0.027649328265386314
38.58,0.0,0.0,0.0,0.008804455454098288,0.0,0.0,0.0,0.0,0.0,-0.19721910108096374,0.0,0.0,0.5044581384307706,-0.19721910108096374,0.027606987153423204
38.59,0.0,0.0,0.0,0.00683226444328865,0.0,0.0,0.0,0.0,0.0,-0.1976118158656182,0.0,0.0,0.39145991711773864,-0.1976118158656182,0.02756426455068704
38.6,0.0,0.0,0.0,0.004856146284632467,0.0,0.0,0.0,0.0,0.0,-0.19786572788150036,0.0,0.0,0.27823668680757574,-0.19786572788150036,0.02752126264053897
38.61,0.0,0.0,0.0,0.0028774890058174637,0.0,0.0,0.0,0.0,0.0,-0.1979807763182554,0.0,0.0,0.16486797562863587,-0.1979807763182554,0.02747808454639202
38.62,0.0,0.0,0.0,0.0008976812426349096,0.0,0.0,0.0,0.0,0.0,-0.19795699870556385,0.0,0.0,0.05143334655103953,-0.19795699870556385,0.027434833939358385
38.63,0.0,0.0,0.0,-0.001081888744420729,0.0,0.0,0.0,0.0,0.0,-0.19779453056224966,0.0,0.0,-0.061987658958015564,-0.19779453056224966,0.027391614644045482
38.64,0.0,0.0,0.0,-0.0030598340500432256,0.0,0.0,0.0,0.0,0.0,-0.19749360497321652,0.0,0.0,-0.17531557707789835,-0.19749360497321652,0.027348530244441123
38.65,0.0,0.0,0.0,-0.005034770099775391,0.0,0.0,0.0,0.0,0.0,-0.19705455209542755,0.0,0.0,-0.2884710775357903,-0.19705455209542755,0.027305683691763546
38.660000000000004,0.0,0.0,0.0,-0.007005315620729667,0.0,0.0,0.0,0.0,0.0,-0.19647779859420855,0.0,0.0,-0.40137501922487845,-0.19647779859420855,0.0272631769161776
38.67,0.0,0.0,0.0,-0.008970093606671753,0.0,0.0,0.0,0.0,0.0,-0.19576386701121762,0.0,0.0,-0.5139485054995742,-0.19576386701121762,0.027221110444224213
38.68,0.0,0.0,0.0,-0.010927732276783928,0.0,0.0,0.0,0.0,0.0,-0.19491337506548193,0.0,0.0,-0.626112939108605,-0.19491337506548193,0.027179583023788447
38.69,0.0,0.0,0.0,-0.012876866027438748,0.0,0.0,0.0,0.0,0.0,-0.1939270348889573,0.0,0.0,-0.7377900767276308,-0.1939270348889573,0.02713869125836176
38.7,0.0,0.0,0.0,-0.014816136376328322,0.0,0.0,0.0,0.0,0.0,-0.19280565219811588,0.0,0.0,-0.848902083053866,-0.19280565219811588,0.02709852925231731
38.71,0.0,0.0,0.0,-0.01674419289830948,0.0,0.0,0.0,0.0,0.0,-0.19155012540311436,0.0,0.0,-0.9593715844260589,-0.19155012540311436,0.02705918826885134
38.72,0.0,0.0,0.0,-0.018659694152340624,0.0,0.0,0.0,0.0,0.0,-0.1901614446561367,0.0,0.0,-1.0691217219340599,-0.1901614446561367,0.02702075640213599
38.730000000000004,0.0,0.0,0.0,-0.02056130859890199,0.0,0.0,0.0,0.0,0.0,-0.18864069084054325,0.0,0.0,-1.178076203983132,-0.18864069084054325,0.026983318265189096
38.74,0.0,0.0,0.0,-0.022447715507307422,0.0,0.0,0.0,0.0,0.0,-0.18698903450249166,0.0,0.0,-1.286159358279085,-0.18698903450249166,0.026946954694844
38.75,0.0,0.0,0.0,-0.02431760585233234,0.0,0.0,0.0,0.0,0.0,-0.18520773472672472,0.0,0.0,-1.393296183201274,-0.18520773472672472,0.026911742475118204
38.76,0.0,0.0,0.0,-0.026169683199599586,0.0,0.0,0.0,0.0,0.0,-0.18329813795824382,0.0,0.0,-1.4994123985314727,-0.18329813795824382,0.02687775408017432
38.77,0.0,0.0,0.0,-0.028002664579182025,0.0,0.0,0.0,0.0,0.0,-0.18126167677160854,0.0,0.0,-1.6044344955076135,-0.18126167677160854,0.026845057437953127
38.78,0.0,0.0,0.0,-0.02981528134689811,0.0,0.0,0.0,0.0,0.0,-0.179099868589618,0.0,0.0,-1.7082897861723902,-0.179099868589618,0.026813715715446964
38.79,0.0,0.0,0.0,-0.03160628003279429,0.0,0.0,0.0,0.0,0.0,-0.17681431435314193,0.0,0.0,-1.8109064519877178,-0.17681431435314193,0.02678378712645512
38.800000000000004,0.0,0.0,0.0,-0.03337442317632571,0.0,0.0,0.0,0.0,0.0,-0.17440669714387647,0.0,0.0,-1.9122135916870626,-0.17440669714387647,0.026755324762559707
38.81,0.0,0.0,0.0,-0.035118490147764476,0.0,0.0,0.0,0.0,0.0,-0.17187878076180313,0.0,0.0,-2.0121412683386675,-0.17187878076180313,0.026728376447914745
38.82,0.0,0.0,0.0,-0.03683727795538251,0.0,0.0,0.0,0.0,0.0,-0.1692324082591287,0.0,0.0,-2.1106205555937243,-0.1692324082591287,0.026702984618312893
38.83,0.0,0.0,0.0,-0.0385296020379738,0.0,0.0,0.0,0.0,0.0,-0.16646950043247816,0.0,0.0,-2.207583583094554,-0.16646950043247816,0.026679186224892685
38.84,0.0,0.0,0.0,-0.040194297042298585,0.0,0.0,0.0,0.0,0.0,-0.1635920542751047,0.0,0.0,-2.3029635810188767,-0.1635920542751047,0.026657012662682104
38.85,0.0,0.0,0.0,-0.04183021758504963,0.0,0.0,0.0,0.0,0.0,-0.16060214139086743,0.0,0.0,-2.3966949237372623,-0.16060214139086743,0.02663648972407158
38.86,0.0,0.0,0.0,-0.04343623899895831,0.0,0.0,0.0,0.0,0.0,-0.15750190637171105,0.0,0.0,-2.4887131725618628,-0.15750190637171105,0.02661763757717942
38.87,0.0,0.0,0.0,-0.04501125806267542,0.0,0.0,0.0,0.0,0.0,-0.154293565140362,0.0,0.0,-2.5789551175654997,-0.154293565140362,0.026600470768927582
38.88,0.0,0.0,0.0,-0.04655419371407904,0.0,0.0,0.0,0.0,0.0,-0.15097940325993175,0.0,0.0,-2.667358818451196,-0.15097940325993175,0.026584998252536043
38.89,0.0,0.0,0.0,-0.04806398774667836,0.0,0.0,0.0,0.0,0.0,-0.14756177421209166,0.0,0.0,-2.753863644453174,-0.14756177421209166,0.026571223439022625
38.9,0.0,0.0,0.0,-0.04953960548879928,0.0,0.0,0.0,0.0,0.0,-0.1440430976454533,0.0,0.0,-2.8384103132513263,-0.1440430976454533,0.026559144272175088
38.910000000000004,0.0,0.0,0.0,-0.050980036465253814,0.0,0.0,0.0,0.0,0.0,-0.1404258575957569,0.0,0.0,-2.920940928882079,-0.1404258575957569,0.026548753326340657
38.92,0.0,0.0,0.0,-0.052384295041211386,0.0,0.0,0.0,0.0,0.0,-0.13671260067943353,0.0,0.0,-3.0013990186294994,-0.13671260067943353,0.026540037926268183
38.93,0.0,0.0,0.0,-0.05375142104800572,0.0,0.0,0.0,0.0,0.0,-0.13290593426207073,0.0,0.0,-3.079729568881388,-0.13290593426207073,0.026532980288165912
38.94,0.0,0.0,0.0,-0.05508048039062643,0.0,0.0,0.0,0.0,0.0,-0.12900852460326992,0.0,0.0,-3.1558790599359865,-0.12900852460326992,0.026527557680980234
38.95,0.0,0.0,0.0,-0.056370565636659126,0.0,0.0,0.0,0.0,0.0,-0.12502309497934272,0.0,0.0,-3.2297954997457565,-0.12502309497934272,0.026523742606867948
38.96,0.0,0.0,0.0,-0.057620796586452555,0.0,0.0,0.0,0.0,0.0,-0.12095242378524936,0.0,0.0,-3.301428456585552,-0.12095242378524936,0.026521502999714515
38.97,0.0,0.0,0.0,-0.058830320824305046,0.0,0.0,0.0,0.0,0.0,-0.11679934261713709,0.0,0.0,-3.3707290906332776,-0.11679934261713709,0.026520802440481772
38.980000000000004,0.0,0.0,0.0,-0.059998314250476414,0.0,0.0,0.0,0.0,0.0,-0.11256673433678988,0.0,0.0,-3.437650184451922,-0.11256673433678988,0.026521600388098546
38.99,0.0,0.0,0.0,-0.061123981593844315,0.0,0.0,0.0,0.0,0.0,-0.10825753111925288,0.0,0.0,-3.502146172362606,-0.10825753111925288,0.026523852424539123
39.0,0.0,0.0,0.0,-0.06220655690503684,0.0,0.0,0.0,0.0,0.0,-0.10387471248484705,0.0,0.0,-3.5641731686989995,-0.10387471248484705,0.026527510512702357
39.01,0.0,0.0,0.0,-0.0632453040298853,0.0,0.0,0.0,0.0,0.0,-0.09942130331673965,0.0,0.0,-3.6236889949341653,-0.09942130331673965,0.026532523265610012
39.02,0.0,0.0,0.0,-0.0642395170630527,0.0,0.0,0.0,0.0,0.0,-0.09490037186518752,0.0,0.0,-3.680653205671557,-0.09490037186518752,0.02653883622545837
39.03,0.0,0.0,0.0,-0.06518852078170458,0.0,0.0,0.0,0.0,0.0,-0.09031502773951995,0.0,0.0,-3.73502711349253,-0.09031502773951995,0.026546392150989185
39.04,0.0,0.0,0.0,-0.06609167105909977,0.0,0.0,0.0,0.0,0.0,-0.08566841988887924,0.0,0.0,-3.7867738126533443,-0.08566841988887924,0.0265551313116418
39.050000000000004,0.0,0.0,0.0,-0.06694835525798856,0.0,0.0,0.0,0.0,0.0,-0.08096373457268731,0.0,0.0,-3.8358582016252183,-0.08096373457268731,0.026564991786925948
39.06,0.0,0.0,0.0,-0.06775799260371544,0.0,0.0,0.0,0.0,0.0,-0.07620419332175901,0.0,0.0,-3.8822470044715427,-0.07620419332175901,0.026575909769459907
39.07,0.0,0.0,0.0,-0.06852003453693303,0.0,0.0,0.0,0.0,0.0,-0.07139305089093502,0.0,0.0,-3.925908791056901,-0.07139305089093502,0.026587819870111395
39.08,0.0,0.0,0.0,-0.06923396504584238,0.0,0.0,0.0,0.0,0.0,-0.0665335932040605,0.0,0.0,-3.9668139960830335,-0.0665335932040605,0.02660065542370585
39.09,0.0,0.0,0.0,-0.06989930097788298,0.0,0.0,0.0,0.0,0.0,-0.06162913529209107,0.0,0.0,-4.004934936947363,-0.06162913529209107,0.02661434879376111
39.1,0.0,0.0,0.0,-0.07051559233080389,0.0,0.0,0.0,0.0,0.0,-0.05668301922506342,0.0,0.0,-4.0402458304201385,-0.05668301922506342,0.026628831674774627
39.11,0.0,0.0,0.0,-0.07108242252305452,0.0,0.0,0.0,0.0,0.0,-0.05169861203862649,0.0,0.0,-4.072722808136689,-0.05169861203862649,0.02664403539057498
39.12,0.0,0.0,0.0,-0.07159940864344079,0.0,0.0,0.0,0.0,0.0,-0.04667930365578844,0.0,0.0,-4.1023439309016645,-0.04667930365578844,0.026659891187351233
39.13,0.0,0.0,0.0,-0.07206620167999868,0.0,0.0,0.0,0.0,0.0,-0.04162850480449722,0.0,0.0,-4.129089201802527,-0.04162850480449722,0.026676330519966113
39.14,0.0,0.0,0.0,-0.07248248672804365,0.0,0.0,0.0,0.0,0.0,-0.03654964493163631,0.0,0.0,-4.152940578129905,-0.03654964493163631,0.026693285330260365
39.15,0.0,0.0,0.0,-0.07284798317736002,0.0,0.0,0.0,0.0,0.0,-0.031446170113984206,0.0,0.0,-4.17388198210275,-0.031446170113984206,0.026710688316094893
39.160000000000004,0.0,0.0,0.0,-0.07316244487849986,0.0,0.0,0.0,0.0,0.0,-0.026321540966655194,0.0,0.0,-4.191899310396567,-0.026321540966655194,0.02672847318996106
39.17,0.0,0.0,0.0,-0.07342566028816641,0.0,0.0,0.0,0.0,0.0,-0.021179230549510895,0.0,0.0,-4.2069804424732675,-0.021179230549510895,0.0267465749260419
39.18,0.0,0.0,0.0,-0.07363745259366151,0.0,0.0,0.0,0.0,0.0,-0.016022722272006847,0.0,0.0,-4.219115247711482,-0.016022722272006847,0.026764929994726218
39.19,0.0,0.0,0.0,-0.07379767981638158,0.0,0.0,0.0,0.0,0.0,-0.010855507796915926,0.0,0.0,-4.228295591336445,-0.010855507796915926,0.026783476583621686
39.2,0.0,0.0,0.0,-0.07390623489435073,0.0,0.0,0.0,0.0,0.0,-0.005681084943351128,0.0,0.0,-4.234515339148791,-0.005681084943351128,0.026802154804219838
39.21,0.0,0.0,0.0,-0.07396304574378425,0.0,0.0,0.0,0.0,0.0,-0.0005029555894939964,0.0,0.0,-4.237770361051884,-0.0005029555894939964,0.026820906883466545
39.22,0.0,0.0,0.0,-0.07396807529967919,0.0,0.0,0.0,0.0,0.0,0.004675376424578109,0.0,0.0,-4.238058533377489,0.004675376424578109,0.026839677339574576
39.230000000000004,0.0,0.0,0.0,-0.07392132153543342,0.0,0.0,0.0,0.0,0.0,0.009850313711533658,0.0,0.0,-4.235379740009857,0.009850313711533658,0.02685841184958215
39.24,0.0,0.0,0.0,-0.07382281839831809,0.0,0.0,0.0,0.0,0.0,0.015018126386573218,0.0,0.0,-4.22973592598435,0.015018126386573218,0.026877053817814467
39.25,0.0,0.0,0.0,-0.07367263713445235,0.0,0.0,0.0,0.0,0.0,0.02017508894560957,0.0,0.0,-4.221131173402903,0.02017508894560957,0.02689554442441086
39.26,0.0,0.0,0.0,-0.07347088624499626,0.0,0.0,0.0,0.0,0.0,0.02531748424094992,0.0,0.0,-4.209571698924059,0.02531748424094992,0.026913822824601207
39.27,0.0,0.0,0.0,-0.07321771140258676,0.0,0.0,0.0,0.0,0.0,0.03044160636515372,0.0,0.0,-4.195065848975105,0.03044160636515372,0.026931826357262517
39.28,0.0,0.0,0.0,-0.07291329533893523,0.0,0.0,0.0,0.0,0.0,0.035543763524517887,0.0,0.0,-4.177624093311886,0.035543763524517887,0.026949490768998947
39.29,0.0,0.0,0.0,-0.07255785770369005,0.0,0.0,0.0,0.0,0.0,0.04062028089950605,0.0,0.0,-4.157259016932227,0.04062028089950605,0.026966750452832085
39.300000000000004,0.0,0.0,0.0,-0.072151654894695,0.0,0.0,0.0,0.0,0.0,0.04566750348945348,0.0,0.0,-4.133985310350451,0.04566750348945348,0.026983538700447923
39.31,0.0,0.0,0.0,-0.07169497985980046,0.0,0.0,0.0,0.0,0.0,0.05068179893889757,0.0,0.0,-4.107819758242005,0.05068179893889757,0.02699978796686471
39.32,0.0,0.0,0.0,-0.07118816187041148,0.0,0.0,0.0,0.0,0.0,0.05565956034290469,0.0,0.0,-4.07878122646871,0.05565956034290469,0.027015430146279936
39.33,0.0,0.0,0.0,-0.07063156626698243,0.0,0.0,0.0,0.0,0.0,0.06059720902878851,0.0,0.0,-4.046890647496689,0.06059720902878851,0.02703039685778872
39.34,0.0,0.0,0.0,-0.07002559417669454,0.0,0.0,0.0,0.0,0.0,0.0654911973116419,0.0,0.0,-4.012171004220472,0.0654911973116419,0.027044619739563514
39.35,0.0,0.0,0.0,-0.06937068220357813,0.0,0.0,0.0,0.0,0.0,0.07033801122113444,0.0,0.0,-3.974647312208316,0.07033801122113444,0.027058030750034053
39.36,0.0,0.0,0.0,-0.06866730209136679,0.0,0.0,0.0,0.0,0.0,0.075134173197061,0.0,0.0,-3.9343466003851684,0.075134173197061,0.027070562474527146
39.37,0.0,0.0,0.0,-0.06791596035939618,0.0,0.0,0.0,0.0,0.0,0.07987624475116234,0.0,0.0,-3.8912978901712028,0.07987624475116234,0.027082148435787066
39.38,0.0,0.0,0.0,-0.06711719791188456,0.0,0.0,0.0,0.0,0.0,0.0845608290927779,0.0,0.0,-3.845532173095247,0.0845608290927779,0.027092723406745137
39.39,0.0,0.0,0.0,-0.06627158962095678,0.0,0.0,0.0,0.0,0.0,0.08918457371593295,0.0,0.0,-3.7970823869038144,0.08918457371593295,0.027102223723876544
39.4,0.0,0.0,0.0,-0.06537974388379744,0.0,0.0,0.0,0.0,0.0,0.09374417294550665,0.0,0.0,-3.7459833901878508,0.09374417294550665,0.027110587599453048
39.410000000000004,0.0,0.0,0.0,-0.06444230215434238,0.0,0.0,0.0,0.0,0.0,0.0982363704401754,0.0,0.0,-3.692271935550631,0.0982363704401754,0.027117755430990265
39.42,0.0,0.0,0.0,-0.06345993844994062,0.0,0.0,0.0,0.0,0.0,0.10265796164987664,0.0,0.0,-3.635986641341573,0.10265796164987664,0.02712367010619018
39.43,0.0,0.0,0.0,-0.06243335883344185,0.0,0.0,0.0,0.0,0.0,0.10700579622559113,0.0,0.0,-3.577167961982035,0.10700579622559113,0.02712827730167073
39.44,0.0,0.0,0.0,-0.06136330087118594,0.0,0.0,0.0,0.0,0.0,0.11127678037929813,0.0,0.0,-3.515858156910402,0.11127678037929813,0.02713152577381149
39.45,0.0,0.0,0.0,-0.060250533067392954,0.0,0.0,0.0,0.0,0.0,0.115467879192017,0.0,0.0,-3.452101258175022,0.115467879192017,0.02713336764004883
39.46,0.0,0.0,0.0,-0.05909585427547279,0.0,0.0,0.0,0.0,0.0,0.11957611886790984,0.0,0.0,-3.3859430367047323,0.11957611886790984,0.027133758649016675
39.47,0.0,0.0,0.0,-0.05790009308679369,0.0,0.0,0.0,0.0,0.0,0.1235985889324846,0.0,0.0,-3.3174309672878732,0.1235985889324846,0.027132658437959103
39.480000000000004,0.0,0.0,0.0,-0.056664107197468845,0.0,0.0,0.0,0.0,0.0,0.1275324443730046,0.0,0.0,-3.246614192291836,0.1275324443730046,0.02713003077589984
39.49,0.0,0.0,0.0,-0.0553887827537388,0.0,0.0,0.0,0.0,0.0,0.13137490771927998,0.0,0.0,-3.173543484156235,0.13137490771927998,0.02712584379113687
39.5,0.0,0.0,0.0,-0.054075033676546,0.0,0.0,0.0,0.0,0.0,0.1351232710630886,0.0,0.0,-3.098271206693881,0.1351232710630886,0.027120070181679147
39.51,0.0,0.0,0.0,-0.05272380096591511,0.0,0.0,0.0,0.0,0.0,0.13877489801454787,0.0,0.0,-3.020851275234709,0.13877489801454787,0.027112687407355278
39.52,0.0,0.0,0.0,-0.05133605198576963,0.0,0.0,0.0,0.0,0.0,0.14232722559383587,0.0,0.0,-2.941339115648789,0.14232722559383587,0.02710367786239986
39.53,0.0,0.0,0.0,-0.049912779729831276,0.0,0.0,0.0,0.0,0.0,0.145777766056739,0.0,0.0,-2.8597916222854574,0.145777766056739,0.02709302902742107
39.54,0.0,0.0,0.0,-0.04845500206926388,0.0,0.0,0.0,0.0,0.0,0.14912410865258394,0.0,0.0,-2.7762671148664912,0.14912410865258394,0.027080733599779166
39.550000000000004,0.0,0.0,0.0,-0.046963760982738044,0.0,0.0,0.0,0.0,0.0,0.15236392131319504,0.0,0.0,-2.690825294372057,0.15236392131319504,0.027066789601493897
39.56,0.0,0.0,0.0,-0.045440121769606094,0.0,0.0,0.0,0.0,0.0,0.15549495227160287,0.0,0.0,-2.6035271979589627,0.15549495227160287,0.027051200463938666
39.57,0.0,0.0,0.0,-0.043885172246890064,0.0,0.0,0.0,0.0,0.0,0.15851503160931615,0.0,0.0,-2.5144351529514526,0.15851503160931615,0.027033975088691015
39.58,0.0,0.0,0.0,-0.042300021930796905,0.0,0.0,0.0,0.0,0.0,0.1614220727310579,0.0,0.0,-2.423612729945486,0.1614220727310579,0.02701512788403936
39.59,0.0,0.0,0.0,-0.040685801203486326,0.0,0.0,0.0,0.0,0.0,0.16421407376595565,0.0,0.0,-2.331124695068052,0.16421407376595565,0.026994678776783645
39.6,0.0,0.0,0.0,-0.03904366046582677,0.0,0.0,0.0,0.0,0.0,0.1668891188942672,0.0,0.0,-2.2370369614336596,0.1668891188942672,0.026972653199084297
39.61,0.0,0.0,0.0,-0.037374769276884094,0.0,0.0,0.0,0.0,0.0,0.16944537959881553,0.0,0.0,-2.1414165398406744,0.16944537959881553,0.026949082050273795
39.62,0.0,0.0,0.0,-0.03568031548089594,0.0,0.0,0.0,0.0,0.0,0.1718811158403991,0.0,0.0,-2.0443314887506316,0.1718811158403991,0.02692400163365643
39.63,0.0,0.0,0.0,-0.033961504322491946,0.0,0.0,0.0,0.0,0.0,0.17419467715653858,0.0,0.0,-1.9458508635940908,0.17419467715653858,0.02689745356847481
39.64,0.0,0.0,0.0,-0.03221955755092656,0.0,0.0,0.0,0.0,0.0,0.17638450368301523,0.0,0.0,-1.8460446654469547,0.17638450368301523,0.02686948467734667
39.65,0.0,0.0,0.0,-0.030455712514096404,0.0,0.0,0.0,0.0,0.0,0.17844912709775165,0.0,0.0,-1.7449837891214897,0.17844912709775165,0.02684014684961708
39.660000000000004,0.0,0.0,0.0,-0.028671221243118886,0.0,0.0,0.0,0.0,0.0,0.1803871714866809,0.0,0.0,-1.6427399707165418,0.1803871714866809,0.0268094968811898
39.67,0.0,0.0,0.0,-0.026867349528252076,0.0,0.0,0.0,0.0,0.0,0.18219735413134544,0.0,0.0,-1.5393857346716473,0.18219735413134544,0.026777596291554625
39.68,0.0,0.0,0.0,-0.025045375986938623,0.0,0.0,0.0,0.0,0.0,0.18387848621806316,0.0,0.0,-1.434994340369882,0.18387848621806316,0.026744511118806616
39.69,0.0,0.0,0.0,-0.02320659112475799,0.0,0.0,0.0,0.0,0.0,0.18542947346859254,0.0,0.0,-1.329639728334387,0.18542947346859254,0.026710311693629932
39.7,0.0,0.0,0.0,-0.021352296390072065,0.0,0.0,0.0,0.0,0.0,0.18684931669232363,0.0,0.0,-1.2233964660635526,0.18684931669232363,0.026675072393273797
39.71,0.0,0.0,0.0,-0.019483803223148827,0.0,0.0,0.0,0.0,0.0,0.18813711226011567,0.0,0.0,-1.1163396935498178,0.18813711226011567,0.02663887137670234
39.72,0.0,0.0,0.0,-0.01760243210054767,0.0,0.0,0.0,0.0,0.0,0.18929205249999473,0.0,0.0,-1.0085450685269817,0.18929205249999473,0.026601790302173228
39.730000000000004,0.0,0.0,0.0,-0.015709511575547723,0.0,0.0,0.0,0.0,0.0,0.19031342601501677,0.0,0.0,-0.9000887114907968,0.19031342601501677,0.026563914028601525
39.74,0.0,0.0,0.0,-0.013806377315397555,0.0,0.0,0.0,0.0,0.0,0.19120061792369197,0.0,0.0,-0.7910471505374398,0.19120061792369197,0.026525330302148025
39.75,0.0,0.0,0.0,-0.011894371136160636,0.0,0.0,0.0,0.0,0.0,0.19195311002345478,0.0,0.0,-0.6814972660642302,0.19195311002345478,0.026486129429561096
39.76,0.0,0.0,0.0,-0.009974840035926087,0.0,0.0,0.0,0.0,0.0,0.19257048087775142,0.0,0.0,-0.5715162353766873,0.19257048087775142,0.02644640393984328
39.77,0.0,0.0,0.0,-0.008049135227148573,0.0,0.0,0.0,0.0,0.0,0.1930524058274016,0.0,0.0,-0.4611814772456885,0.1930524058274016,0.026406248235898416
39.78,0.0,0.0,0.0,-0.006118611168874557,0.0,0.0,0.0,0.0,0.0,0.1933986569269742,0.0,0.0,-0.35057059645811955,0.1933986569269742,0.026365758237852387
39.79,0.0,0.0,0.0,-0.004184624599604815,0.0,0.0,0.0,0.0,0.0,0.19360910280699697,0.0,0.0,-0.23976132840397787,0.19360910280699697,0.02632503101978244
39.800000000000004,0.0,0.0,0.0,-0.002248533571534845,0.0,0.0,0.0,0.0,0.0,0.19368370846289848,0.0,0.0,-0.128831483742424,0.19368370846289848,0.02628416444161613
39.81,0.0,0.0,0.0,-0.00031169648690586023,0.0,0.0,0.0,0.0,0.0,0.19362253497165569,0.0,0.0,-0.01785889318876052,0.19362253497165569,0.02624325677799447
39.82,0.0,0.0,0.0,0.0016245288628106967,0.0,0.0,0.0,0.0,0.0,0.19342573913719294,0.0,0.0,0.09307864753624004,0.19342573913719294,0.026202406345890123
39.83,0.0,0.0,0.0,0.003558786254182626,0.0,0.0,0.0,0.0,0.0,0.19309357306564712,0.0,0.0,0.2039034325538359,0.19309357306564712,0.02616171113276942
39.84,0.0,0.0,0.0,0.005489721984839097,0.0,0.0,0.0,0.0,0.0,0.19262638367168006,0.0,0.0,0.31453790043146157,0.19262638367168006,0.026121268427101565
39.85,0.0,0.0,0.0,0.007415985821555898,0.0,0.0,0.0,0.0,0.0,0.19202461211708136,0.0,0.0,0.4249046885040114,0.19202461211708136,0.02608117445296199
39.86,0.0,0.0,0.0,0.009336231942726711,0.0,0.0,0.0,0.0,0.0,0.19128879318296463,0.0,0.0,0.5349266868734659,0.19128879318296463,0.026041524010481702
39.87,0.0,0.0,0.0,0.011249119874556358,0.0,0.0,0.0,0.0,0.0,0.1904195545769146,0.0,0.0,0.6445270920488134,0.1904195545769146,0.026002410123835987
39.88,0.0,0.0,0.0,0.013153315420325504,0.0,0.0,0.0,0.0,0.0,0.189417616176495,0.0,0.0,0.7536294601889958,0.189417616176495,0.025963923698419933
39.89,0.0,0.0,0.0,0.015047491582090454,0.0,0.0,0.0,0.0,0.0,0.18828378921057468,0.0,0.0,0.8621577599124169,0.18828378921057468,0.025926153188811227
39.9,0.0,0.0,0.0,0.0169303294741962,0.0,0.0,0.0,0.0,0.0,0.1870189753799728,0.0,0.0,0.9700364246373845,0.1870189753799728,0.025889184279044
39.910000000000004,0.0,0.0,0.0,0.01880051922799593,0.0,0.0,0.0,0.0,0.0,0.1856241659189647,0.0,0.0,1.0771904044187195,0.1856241659189647,0.025853099576660137
39.92,0.0,0.0,0.0,0.020656760887185575,0.0,0.0,0.0,0.0,0.0,0.18410044059922473,0.0,0.0,1.1835452172466474,0.18410044059922473,0.025817978321895623
39.93,0.0,0.0,0.0,0.02249776529317782,0.0,0.0,0.0,0.0,0.0,0.18244896667781513,0.0,0.0,1.2890269997749924,0.18244896667781513,0.025783896113317984
39.94,0.0,0.0,0.0,0.024322254959955974,0.0,0.0,0.0,0.0,0.0,0.18067099779085607,0.0,0.0,1.3935625574466104,0.18067099779085607,0.025750924651082863
39.95,0.0,0.0,0.0,0.026128964937864534,0.0,0.0,0.0,0.0,0.0,0.17876787279453696,0.0,0.0,1.497079413984945,0.17876787279453696,0.025719131498926486
39.96,0.0,0.0,0.0,0.0279166436658099,0.0,0.0,0.0,0.0,0.0,0.1767410145551468,0.0,0.0,1.5995058602215304,0.1767410145551468,0.025688579865880003
39.97,0.0,0.0,0.0,0.02968405381136137,0.0,0.0,0.0,0.0,0.0,0.1745919286898173,0.0,0.0,1.700771002230232,0.1745919286898173,0.02565932840858266
39.980000000000004,0.0,0.0,0.0,0.03142997309825954,0.0,0.0,0.0,0.0,0.0,0.17232220225968306,0.0,0.0,1.8008048087399875,0.17232220225968306,0.02563143105497734
39.99,0.0,0.0,0.0,0.03315319512085637,0.0,0.0,0.0,0.0,0.0,0.16993350241716973,0.0,0.0,1.8995381577987833,0.16993350241716973,0.025604936850029653
40.0,0.0,0.0,0.0,0.034852530145028066,0.0,0.0,0.0,0.0,0.0,0.16742757500912434,0.0,0.0,1.9969028826625832,0.16742757500912434,0.025579889824019545
